1,1,371.74,408.31,79.69,239.70,0.7909,-1,-1,-1
1,2,104.37,546.39,73.24,245.39,0.7262,-1,-1,-1
1,3,1095.30,980.86,73.73,99.14,0.6925,-1,-1,-1
1,4,1732.45,452.88,73.77,221.08,0.6222,-1,-1,-1
1,5,1355.87,569.75,82.12,221.11,0.5500,-1,-1,-1
1,6,0.22,880.56,41.50,199.44,0.5313,-1,-1,-1
1,7,1103.63,210.08,56.23,179.67,0.5278,-1,-1,-1
1,8,546.15,146.38,57.90,183.38,0.5193,-1,-1,-1
1,9,225.78,399.56,64.29,198.93,0.5124,-1,-1,-1
1,10,789.23,145.31,64.27,178.76,0.4617,-1,-1,-1
1,11,1047.11,133.09,62.95,182.87,0.4451,-1,-1,-1
1,12,273.14,379.10,52.49,212.34,0.3725,-1,-1,-1
1,13,504.23,134.76,51.32,176.83,0.3704,-1,-1,-1
2,1,372.18,408.13,80.16,239.83,0.7973,-1,-1,-1
2,2,104.29,546.49,73.00,245.61,0.7254,-1,-1,-1
2,3,1100.27,981.14,71.70,98.83,0.6896,-1,-1,-1
2,4,1730.74,454.78,75.06,216.10,0.6078,-1,-1,-1
2,5,1355.88,570.06,81.77,217.87,0.5683,-1,-1,-1
2,6,0.21,878.28,40.06,201.22,0.3835,-1,-1,-1
2,7,1098.84,211.60,58.05,178.47,0.4733,-1,-1,-1
2,8,545.66,146.76,57.59,183.96,0.5065,-1,-1,-1
2,9,225.23,398.29,65.14,199.30,0.4909,-1,-1,-1
2,10,789.59,145.28,64.40,178.90,0.4610,-1,-1,-1
2,11,1046.23,132.97,63.82,182.09,0.4653,-1,-1,-1
2,12,268.49,379.22,54.78,210.69,0.4320,-1,-1,-1
2,13,503.58,134.39,51.12,176.79,0.3704,-1,-1,-1
3,1,373.23,407.84,79.11,241.10,0.7820,-1,-1,-1
3,2,104.57,546.17,73.33,246.62,0.7317,-1,-1,-1
3,3,1104.59,980.95,71.74,99.05,0.6965,-1,-1,-1
3,4,1730.89,453.31,74.20,219.14,0.6002,-1,-1,-1
3,5,1356.33,570.03,81.29,216.88,0.5670,-1,-1,-1
3,6,0.22,877.58,39.70,201.53,0.3533,-1,-1,-1
3,7,1093.39,213.38,61.17,177.40,0.5650,-1,-1,-1
3,8,544.98,147.39,58.10,183.68,0.4871,-1,-1,-1
3,9,223.48,396.89,67.23,201.68,0.4724,-1,-1,-1
3,10,788.96,145.18,64.87,178.66,0.4541,-1,-1,-1
3,11,1045.48,132.80,64.38,179.91,0.4986,-1,-1,-1
3,12,261.46,368.52,63.60,223.70,0.3916,-1,-1,-1
3,13,503.94,133.85,50.00,170.60,0.3939,-1,-1,-1
4,1,372.85,407.37,79.79,241.14,0.7960,-1,-1,-1
4,2,104.25,545.84,73.23,247.16,0.7230,-1,-1,-1
4,3,1108.05,979.25,72.11,100.74,0.6950,-1,-1,-1
4,4,1729.70,452.69,74.00,217.35,0.6206,-1,-1,-1
4,5,1356.21,570.19,82.48,217.07,0.5753,-1,-1,-1
4,6,0.30,876.37,42.70,203.02,0.5372,-1,-1,-1
4,7,1087.96,211.65,63.69,179.64,0.5534,-1,-1,-1
4,8,546.02,145.76,56.44,183.71,0.4670,-1,-1,-1
4,9,221.81,396.71,69.44,202.43,0.4804,-1,-1,-1
4,10,789.36,144.75,64.28,178.24,0.4700,-1,-1,-1
4,11,1045.31,133.46,63.44,179.54,0.4600,-1,-1,-1
4,12,263.25,379.32,59.95,214.39,0.4008,-1,-1,-1
4,13,501.20,135.18,52.52,172.87,0.4399,-1,-1,-1
5,1,374.27,406.85,79.05,241.28,0.7978,-1,-1,-1
5,2,104.15,545.84,72.64,247.12,0.7241,-1,-1,-1
5,3,1112.23,976.62,72.20,103.39,0.6964,-1,-1,-1
5,4,1728.73,452.22,74.08,218.25,0.6547,-1,-1,-1
5,5,1355.90,570.12,82.45,214.50,0.6076,-1,-1,-1
5,6,0.29,874.50,44.78,204.64,0.5592,-1,-1,-1
5,7,1075.68,210.74,75.18,178.93,0.5401,-1,-1,-1
5,8,545.88,145.15,56.28,185.93,0.5044,-1,-1,-1
5,9,220.89,396.74,71.74,201.00,0.3741,-1,-1,-1
5,10,789.09,145.58,64.88,176.99,0.4966,-1,-1,-1
5,11,1044.26,134.03,64.89,165.63,0.3774,-1,-1,-1
5,12,266.11,380.34,53.74,210.13,0.3869,-1,-1,-1
5,13,501.15,135.46,51.43,168.88,0.4853,-1,-1,-1
6,1,374.94,406.07,79.22,240.40,0.7853,-1,-1,-1
6,2,104.31,545.98,72.59,246.86,0.7307,-1,-1,-1
6,3,1114.66,975.72,72.71,104.28,0.6917,-1,-1,-1
6,4,1727.15,454.13,74.81,216.40,0.6519,-1,-1,-1
6,5,1356.61,570.13,81.70,213.44,0.6189,-1,-1,-1
6,6,0.36,872.25,46.07,207.03,0.6049,-1,-1,-1
6,7,1065.28,209.40,85.64,179.56,0.5804,-1,-1,-1
6,8,545.42,147.13,55.56,186.23,0.5161,-1,-1,-1
6,9,219.25,393.46,74.76,203.36,0.3011,-1,-1,-1
6,10,788.15,145.35,65.08,177.76,0.5060,-1,-1,-1
6,11,1043.67,134.98,64.63,155.93,0.3074,-1,-1,-1
6,12,267.29,380.06,49.55,208.74,0.3929,-1,-1,-1
6,13,501.88,136.60,49.88,167.22,0.5137,-1,-1,-1
7,1,375.71,404.92,80.10,240.12,0.7800,-1,-1,-1
7,2,104.22,545.93,72.59,246.21,0.7309,-1,-1,-1
7,3,1116.90,974.10,71.49,105.85,0.7063,-1,-1,-1
7,4,1726.42,454.29,74.65,213.43,0.6321,-1,-1,-1
7,5,1356.44,570.26,82.04,212.75,0.6337,-1,-1,-1
7,6,0.40,870.89,47.13,208.44,0.5965,-1,-1,-1
7,7,1055.91,208.26,95.97,180.87,0.5518,-1,-1,-1
7,8,544.57,148.27,54.43,186.90,0.5402,-1,-1,-1
7,9,217.90,395.82,68.84,200.46,0.2912,-1,-1,-1
7,10,788.30,145.38,65.49,177.83,0.5153,-1,-1,-1
7,11,1042.89,136.45,64.24,154.84,0.2918,-1,-1,-1
7,12,266.49,380.44,48.71,200.42,0.3573,-1,-1,-1
7,13,501.79,138.66,49.05,165.57,0.4799,-1,-1,-1
8,1,376.56,402.88,80.09,239.20,0.7698,-1,-1,-1
8,2,104.67,546.21,72.82,246.56,0.7360,-1,-1,-1
8,3,1119.29,973.32,70.59,106.70,0.7073,-1,-1,-1
8,4,1724.51,454.67,75.51,209.77,0.6460,-1,-1,-1
8,5,1356.53,570.05,81.69,213.92,0.6132,-1,-1,-1
8,6,0.33,871.23,47.04,207.70,0.5820,-1,-1,-1
8,7,1051.59,210.59,101.18,178.38,0.5419,-1,-1,-1
8,8,544.53,147.31,53.27,188.46,0.5508,-1,-1,-1
8,9,215.29,389.37,66.46,204.38,0.1976,-1,-1,-1
8,10,787.97,145.92,65.63,177.03,0.5038,-1,-1,-1
8,11,1040.68,137.19,65.09,159.83,0.1708,-1,-1,-1
8,12,264.94,381.28,48.96,191.08,0.3173,-1,-1,-1
8,13,499.94,141.04,51.63,171.50,0.4577,-1,-1,-1
9,1,376.99,401.82,81.02,237.73,0.7678,-1,-1,-1
9,2,104.69,546.08,73.42,246.82,0.7444,-1,-1,-1
9,3,1123.82,973.25,68.38,106.76,0.6686,-1,-1,-1
9,4,1723.68,454.51,75.48,209.88,0.6354,-1,-1,-1
9,5,1356.69,570.36,81.31,213.97,0.6149,-1,-1,-1
9,6,0.30,869.76,46.98,209.23,0.5590,-1,-1,-1
9,7,1047.81,210.66,106.03,176.11,0.5089,-1,-1,-1
9,8,544.68,147.70,52.02,189.49,0.4976,-1,-1,-1
9,10,787.91,145.80,65.51,176.00,0.4780,-1,-1,-1
9,11,1038.93,137.20,70.58,163.87,0.2151,-1,-1,-1
9,12,265.04,380.86,47.00,181.93,0.2720,-1,-1,-1
9,13,500.31,141.88,50.32,173.11,0.4447,-1,-1,-1
10,1,377.43,400.47,81.28,236.49,0.7580,-1,-1,-1
10,2,104.81,545.89,73.82,246.73,0.7399,-1,-1,-1
10,3,1127.59,973.03,67.28,107.00,0.6882,-1,-1,-1
10,4,1723.79,454.72,74.76,209.65,0.6111,-1,-1,-1
10,5,1356.35,569.73,82.06,215.45,0.6150,-1,-1,-1
10,6,0.27,865.72,47.23,212.90,0.5659,-1,-1,-1
10,7,1044.47,211.36,109.13,173.66,0.4668,-1,-1,-1
10,8,543.79,148.50,51.81,191.48,0.4779,-1,-1,-1
10,10,788.01,145.83,65.31,176.79,0.4863,-1,-1,-1
10,11,1039.60,138.05,68.96,162.31,0.2766,-1,-1,-1
10,12,264.99,383.48,45.80,173.42,0.3150,-1,-1,-1
10,13,498.85,142.40,51.53,174.36,0.4332,-1,-1,-1
11,1,378.42,398.37,80.96,234.53,0.7551,-1,-1,-1
11,2,104.61,545.99,74.00,246.79,0.7416,-1,-1,-1
11,3,1130.43,973.39,67.39,106.61,0.6692,-1,-1,-1
11,4,1723.52,458.14,74.93,206.49,0.6071,-1,-1,-1
11,5,1356.32,569.71,82.27,215.76,0.6411,-1,-1,-1
11,6,0.20,862.63,46.71,215.69,0.5583,-1,-1,-1
11,7,1042.47,210.18,106.93,174.04,0.4527,-1,-1,-1
11,8,542.54,148.65,52.09,192.78,0.4817,-1,-1,-1
11,10,787.98,145.70,65.48,177.13,0.4866,-1,-1,-1
11,11,1037.30,138.52,72.55,168.23,0.2860,-1,-1,-1
11,12,262.18,384.75,47.99,186.61,0.3792,-1,-1,-1
11,13,498.48,142.83,51.26,175.45,0.4250,-1,-1,-1
11,14,1801.91,217.14,62.91,179.31,0.3486,-1,-1,-1
12,1,378.44,396.71,81.46,233.91,0.7531,-1,-1,-1
12,2,104.35,545.92,74.75,247.05,0.7370,-1,-1,-1
12,3,1133.73,973.17,67.14,106.81,0.6725,-1,-1,-1
12,4,1723.33,459.38,75.06,205.39,0.6366,-1,-1,-1
12,5,1356.79,569.61,81.01,215.40,0.6334,-1,-1,-1
12,6,0.35,856.99,47.04,220.52,0.5760,-1,-1,-1
12,7,1042.78,208.19,101.10,175.81,0.3606,-1,-1,-1
12,8,541.96,149.04,52.62,192.26,0.5004,-1,-1,-1
12,10,788.04,145.73,65.34,177.56,0.4828,-1,-1,-1
12,11,1035.76,139.49,70.34,171.85,0.1823,-1,-1,-1
12,12,260.75,386.18,48.28,186.27,0.2879,-1,-1,-1
12,13,497.41,143.90,52.35,174.76,0.4127,-1,-1,-1
12,14,1802.17,219.21,63.94,176.00,0.3371,-1,-1,-1
13,1,378.66,395.35,81.81,232.41,0.7612,-1,-1,-1
13,2,104.36,545.86,75.46,247.65,0.7420,-1,-1,-1
13,3,1136.21,972.78,66.40,107.15,0.6343,-1,-1,-1
13,4,1723.82,458.49,74.19,206.51,0.6627,-1,-1,-1
13,5,1356.70,569.93,81.09,213.97,0.6361,-1,-1,-1
13,6,0.38,852.05,46.57,225.11,0.5897,-1,-1,-1
13,7,1042.72,202.72,89.67,182.18,0.2683,-1,-1,-1
13,8,540.32,149.50,54.55,192.25,0.5202,-1,-1,-1
13,10,788.22,146.19,65.27,177.45,0.5106,-1,-1,-1
13,11,1034.18,140.60,69.09,174.93,0.2424,-1,-1,-1
13,12,260.95,383.83,47.17,185.97,0.2277,-1,-1,-1
13,13,496.80,144.86,52.75,174.95,0.3768,-1,-1,-1
13,14,1802.08,221.37,67.25,177.21,0.3711,-1,-1,-1
13,9,211.23,393.17,63.81,181.96,0.3495,-1,-1,-1
14,1,379.21,394.56,81.45,231.37,0.7606,-1,-1,-1
14,2,104.15,545.84,75.88,248.29,0.7472,-1,-1,-1
14,3,1139.19,972.54,64.76,107.43,0.6311,-1,-1,-1
14,4,1723.07,459.45,75.64,206.34,0.6577,-1,-1,-1
14,5,1357.12,569.91,80.64,214.26,0.6137,-1,-1,-1
14,6,0.28,849.27,46.91,228.19,0.6077,-1,-1,-1
14,7,1041.69,211.01,80.59,171.97,0.1830,-1,-1,-1
14,8,538.84,150.63,55.35,191.85,0.5044,-1,-1,-1
14,10,788.51,146.14,64.52,177.49,0.5247,-1,-1,-1
14,11,1032.74,141.68,66.77,176.47,0.2078,-1,-1,-1
14,12,260.05,384.04,46.61,185.47,0.2430,-1,-1,-1
14,13,495.00,144.45,54.01,176.07,0.4110,-1,-1,-1
14,14,1802.72,222.54,67.26,177.02,0.3744,-1,-1,-1
14,15,880.80,129.99,86.87,178.08,0.4145,-1,-1,-1
14,9,209.76,395.90,63.96,178.64,0.3802,-1,-1,-1
15,1,379.81,393.44,81.34,231.34,0.7609,-1,-1,-1
15,2,104.28,545.84,75.81,248.20,0.7551,-1,-1,-1
15,3,1141.05,972.88,64.26,106.72,0.6000,-1,-1,-1
15,4,1723.72,456.49,74.76,209.67,0.6511,-1,-1,-1
15,5,1356.90,570.38,80.50,213.19,0.6058,-1,-1,-1
15,6,0.20,848.30,47.34,229.85,0.5864,-1,-1,-1
15,7,1044.56,205.91,69.49,175.14,0.2946,-1,-1,-1
15,8,537.52,151.66,55.57,191.75,0.5036,-1,-1,-1
15,10,788.10,146.70,65.14,176.16,0.5364,-1,-1,-1
15,11,1031.99,142.84,64.88,176.05,0.2593,-1,-1,-1
15,12,259.60,383.33,45.79,185.12,0.2249,-1,-1,-1
15,13,494.18,143.90,54.03,177.39,0.3870,-1,-1,-1
15,14,1803.84,223.54,67.48,183.06,0.3940,-1,-1,-1
15,15,879.96,130.43,86.56,177.75,0.3803,-1,-1,-1
15,9,208.74,392.09,63.11,181.83,0.3151,-1,-1,-1
16,1,380.25,392.81,80.96,231.88,0.7659,-1,-1,-1
16,2,104.43,546.18,75.53,247.33,0.7502,-1,-1,-1
16,3,1144.70,972.78,63.09,106.36,0.5672,-1,-1,-1
16,4,1724.53,455.58,73.55,210.16,0.6561,-1,-1,-1
16,5,1356.81,570.27,80.28,213.49,0.6199,-1,-1,-1
16,6,0.20,848.31,48.38,230.11,0.5055,-1,-1,-1
16,7,1042.70,201.00,61.01,180.30,0.2303,-1,-1,-1
16,8,535.00,153.32,56.76,189.48,0.5244,-1,-1,-1
16,10,788.65,146.95,64.52,175.66,0.5044,-1,-1,-1
16,11,1032.35,144.19,63.15,174.46,0.2975,-1,-1,-1
16,12,252.64,385.39,52.14,183.98,0.3563,-1,-1,-1
16,13,493.41,143.61,54.51,178.31,0.3329,-1,-1,-1
16,14,1804.48,224.44,69.01,187.50,0.3865,-1,-1,-1
16,15,879.93,131.57,86.18,178.88,0.3344,-1,-1,-1
16,9,207.96,385.51,60.13,189.27,0.3680,-1,-1,-1
17,1,380.67,391.69,81.29,233.65,0.7516,-1,-1,-1
17,2,104.16,546.71,76.46,246.33,0.7452,-1,-1,-1
17,3,1148.47,972.90,60.57,106.80,0.5347,-1,-1,-1
17,4,1723.39,457.62,75.41,209.15,0.6399,-1,-1,-1
17,5,1356.67,570.07,81.28,214.50,0.6047,-1,-1,-1
17,6,0.23,847.76,50.19,231.71,0.5552,-1,-1,-1
17,7,1039.28,196.19,58.64,184.96,0.1956,-1,-1,-1
17,8,533.43,155.58,57.95,188.11,0.6085,-1,-1,-1
17,10,788.67,147.13,64.43,174.86,0.4927,-1,-1,-1
17,11,1034.53,144.94,59.34,176.39,0.2804,-1,-1,-1
17,12,248.66,383.04,55.70,187.27,0.3625,-1,-1,-1
17,13,493.11,144.74,54.39,177.63,0.3620,-1,-1,-1
17,14,1805.91,225.69,67.80,190.80,0.3617,-1,-1,-1
17,15,880.54,132.24,85.09,177.77,0.3205,-1,-1,-1
17,9,207.20,381.51,58.91,194.42,0.3353,-1,-1,-1
18,1,380.80,390.10,81.71,236.14,0.7521,-1,-1,-1
18,2,104.19,546.62,76.49,246.00,0.7481,-1,-1,-1
18,3,1151.85,973.05,58.18,106.85,0.5307,-1,-1,-1
18,4,1723.27,457.96,75.93,208.60,0.6458,-1,-1,-1
18,5,1356.69,569.95,80.95,214.50,0.6185,-1,-1,-1
18,6,0.25,847.20,51.71,232.61,0.5064,-1,-1,-1
18,7,1037.03,190.57,55.65,190.50,0.2261,-1,-1,-1
18,8,531.88,156.16,57.86,187.12,0.6042,-1,-1,-1
18,10,789.02,147.26,64.09,174.46,0.5331,-1,-1,-1
18,11,1032.41,144.62,59.78,181.21,0.3231,-1,-1,-1
18,12,246.78,383.53,56.60,187.16,0.4090,-1,-1,-1
18,13,492.92,143.94,53.99,178.74,0.3682,-1,-1,-1
18,14,1806.42,226.53,68.90,191.88,0.3822,-1,-1,-1
18,15,880.49,132.80,84.68,178.10,0.3426,-1,-1,-1
18,9,207.17,381.99,56.72,193.36,0.3622,-1,-1,-1
19,1,380.98,388.56,82.43,237.89,0.7552,-1,-1,-1
19,2,104.37,546.48,76.27,246.12,0.7460,-1,-1,-1
19,3,1154.30,972.71,57.48,107.22,0.5203,-1,-1,-1
19,4,1723.47,456.00,75.32,210.39,0.6474,-1,-1,-1
19,5,1356.93,569.94,80.39,214.80,0.6409,-1,-1,-1
19,6,0.27,845.52,52.45,234.21,0.5324,-1,-1,-1
19,7,1031.53,159.45,58.85,187.78,0.4157,-1,-1,-1
19,8,530.38,158.57,58.06,184.27,0.5464,-1,-1,-1
19,10,789.12,146.96,63.83,174.43,0.4814,-1,-1,-1
19,11,1030.90,144.29,60.42,184.35,0.4157,-1,-1,-1
19,12,245.89,381.14,56.13,189.87,0.4175,-1,-1,-1
19,13,493.09,145.00,53.51,177.77,0.2956,-1,-1,-1
19,14,1808.25,227.28,69.27,191.56,0.3601,-1,-1,-1
19,15,881.54,133.97,82.09,175.56,0.2555,-1,-1,-1
19,9,206.43,381.51,56.47,195.00,0.4008,-1,-1,-1
20,1,380.89,387.21,82.75,239.54,0.7480,-1,-1,-1
20,2,104.33,546.58,76.07,245.97,0.7458,-1,-1,-1
20,3,1157.22,972.76,55.91,107.22,0.5112,-1,-1,-1
20,4,1723.50,457.91,75.69,208.09,0.6294,-1,-1,-1
20,5,1357.03,570.40,80.16,214.27,0.6499,-1,-1,-1
20,6,0.26,845.24,52.70,234.72,0.4768,-1,-1,-1
20,7,1027.62,147.90,61.56,218.76,0.4031,-1,-1,-1
20,8,530.07,158.92,56.29,183.96,0.5435,-1,-1,-1
20,10,789.13,147.59,64.02,174.03,0.4959,-1,-1,-1
20,11,1028.28,144.64,62.28,217.31,0.4031,-1,-1,-1
20,12,244.78,377.26,55.11,192.21,0.3147,-1,-1,-1
20,13,492.52,147.03,52.94,175.58,0.2660,-1,-1,-1
20,14,1809.56,227.70,69.96,190.68,0.3428,-1,-1,-1
20,15,882.69,135.28,78.67,176.22,0.1727,-1,-1,-1
20,9,204.98,386.49,57.29,188.70,0.4154,-1,-1,-1
21,1,380.71,386.25,83.22,240.17,0.7591,-1,-1,-1
21,2,104.30,546.52,76.02,246.30,0.7435,-1,-1,-1
21,3,1158.38,973.20,56.46,106.79,0.5021,-1,-1,-1
21,4,1723.42,458.09,75.80,208.16,0.6346,-1,-1,-1
21,5,1357.50,570.39,79.51,215.58,0.6145,-1,-1,-1
21,6,0.32,840.61,53.55,237.93,0.5225,-1,-1,-1
21,7,1023.58,144.63,64.46,229.02,0.2657,-1,-1,-1
21,8,530.15,159.15,54.93,183.69,0.5891,-1,-1,-1
21,10,788.78,147.67,64.55,174.21,0.4872,-1,-1,-1
21,11,1029.11,145.10,60.77,193.56,0.2862,-1,-1,-1
21,12,244.52,376.11,52.91,190.32,0.3459,-1,-1,-1
21,13,491.14,148.25,53.59,175.03,0.2712,-1,-1,-1
21,14,1812.11,225.59,73.60,191.31,0.2928,-1,-1,-1
21,15,883.10,137.87,80.27,172.12,0.1782,-1,-1,-1
21,9,203.71,379.62,57.49,194.64,0.4012,-1,-1,-1
22,1,380.87,386.08,83.19,239.78,0.7580,-1,-1,-1
22,2,104.16,546.91,76.18,245.73,0.7386,-1,-1,-1
22,3,1157.94,974.22,57.82,105.79,0.5596,-1,-1,-1
22,4,1723.79,458.38,75.00,207.57,0.6687,-1,-1,-1
22,5,1357.45,570.21,79.50,215.18,0.6389,-1,-1,-1
22,6,0.31,841.19,53.71,238.42,0.5427,-1,-1,-1
22,7,1008.28,142.77,80.24,234.44,0.3489,-1,-1,-1
22,8,528.96,157.09,54.55,186.20,0.5034,-1,-1,-1
22,10,789.07,147.84,64.45,174.86,0.4623,-1,-1,-1
22,11,1027.59,145.87,61.93,181.67,0.2416,-1,-1,-1
22,12,244.35,375.93,48.72,191.06,0.2694,-1,-1,-1
22,13,489.33,147.28,55.00,176.62,0.2734,-1,-1,-1
22,14,1815.53,225.10,73.65,189.99,0.2845,-1,-1,-1
22,15,882.93,140.20,74.90,171.67,0.1565,-1,-1,-1
22,9,203.45,373.58,60.17,199.92,0.3311,-1,-1,-1
23,1,381.57,385.36,82.26,238.93,0.7569,-1,-1,-1
23,2,104.25,546.67,76.06,245.62,0.7396,-1,-1,-1
23,3,1159.05,973.94,59.89,106.06,0.5508,-1,-1,-1
23,4,1724.21,457.78,74.39,207.61,0.6397,-1,-1,-1
23,5,1357.03,570.01,80.28,215.21,0.6144,-1,-1,-1
23,6,0.32,841.80,53.69,237.28,0.5678,-1,-1,-1
23,7,1016.50,143.09,71.46,201.38,0.3875,-1,-1,-1
23,8,527.90,157.60,52.77,186.71,0.4702,-1,-1,-1
23,10,789.99,148.43,62.32,174.34,0.4306,-1,-1,-1
23,11,1025.60,146.27,63.65,180.72,0.3875,-1,-1,-1
23,12,243.44,375.44,47.22,190.86,0.1936,-1,-1,-1
23,13,490.55,149.28,53.13,176.08,0.2550,-1,-1,-1
23,14,1817.51,227.60,71.59,190.18,0.2937,-1,-1,-1
23,15,883.25,141.57,56.75,172.31,0.1643,-1,-1,-1
23,9,203.88,371.38,57.77,198.07,0.2678,-1,-1,-1
24,1,381.68,384.88,81.83,238.06,0.7573,-1,-1,-1
24,2,104.28,546.59,76.24,245.66,0.7384,-1,-1,-1
24,3,1159.92,974.59,60.82,105.41,0.5500,-1,-1,-1
24,4,1724.01,456.07,74.33,209.98,0.6439,-1,-1,-1
24,5,1356.75,569.80,80.73,216.94,0.5896,-1,-1,-1
24,6,0.30,839.92,54.42,236.89,0.5360,-1,-1,-1
24,8,525.39,157.46,54.31,187.46,0.4249,-1,-1,-1
24,10,789.66,148.40,63.76,173.81,0.4293,-1,-1,-1
24,11,1023.44,147.21,65.42,179.51,0.3216,-1,-1,-1
24,13,491.68,150.58,51.98,177.96,0.1665,-1,-1,-1
24,14,1820.37,229.81,69.63,189.98,0.3504,-1,-1,-1
24,15,882.42,142.46,51.33,174.28,0.1683,-1,-1,-1
24,9,202.62,359.29,63.55,211.48,0.3060,-1,-1,-1
25,1,381.75,384.10,81.05,237.29,0.7570,-1,-1,-1
25,2,104.03,546.82,76.59,245.87,0.7382,-1,-1,-1
25,3,1160.57,974.76,61.59,105.26,0.5635,-1,-1,-1
25,4,1722.87,457.46,75.53,209.22,0.6546,-1,-1,-1
25,5,1357.00,570.18,79.66,214.15,0.6128,-1,-1,-1
25,6,0.32,836.39,54.99,238.58,0.5027,-1,-1,-1
25,8,524.61,158.83,54.35,185.42,0.4360,-1,-1,-1
25,10,789.39,147.80,64.46,174.77,0.4320,-1,-1,-1
25,11,1020.08,148.01,67.53,185.40,0.2731,-1,-1,-1
25,14,1822.25,232.47,68.87,192.66,0.3872,-1,-1,-1
25,15,879.67,141.28,50.38,176.31,0.1777,-1,-1,-1
25,9,201.68,352.17,67.00,218.12,0.2663,-1,-1,-1
26,1,382.22,383.15,80.15,237.24,0.7683,-1,-1,-1
26,2,103.60,546.54,77.20,246.93,0.7373,-1,-1,-1
26,3,1161.70,975.06,61.81,104.98,0.5969,-1,-1,-1
26,4,1722.99,454.69,74.52,212.65,0.6369,-1,-1,-1
26,5,1356.83,570.50,80.27,213.44,0.6090,-1,-1,-1
26,6,0.34,834.19,55.76,234.25,0.5683,-1,-1,-1
26,8,524.88,160.57,53.25,183.94,0.4214,-1,-1,-1
26,10,788.87,148.02,65.67,175.12,0.4474,-1,-1,-1
26,11,1012.50,148.20,74.51,208.40,0.2416,-1,-1,-1
26,14,1825.44,235.53,67.18,192.83,0.3703,-1,-1,-1
26,15,880.03,142.46,47.61,175.05,0.2538,-1,-1,-1
26,9,200.57,349.81,68.44,221.12,0.2898,-1,-1,-1
27,1,381.89,381.49,80.71,237.39,0.7791,-1,-1,-1
27,2,103.43,546.21,77.03,247.15,0.7380,-1,-1,-1
27,3,1163.14,975.05,62.30,104.94,0.6074,-1,-1,-1
27,4,1723.00,455.44,74.09,212.37,0.6524,-1,-1,-1
27,5,1356.63,570.16,80.35,214.31,0.5874,-1,-1,-1
27,6,0.35,830.75,56.62,234.96,0.6080,-1,-1,-1
27,8,525.41,160.92,52.33,184.84,0.3651,-1,-1,-1
27,10,789.36,147.95,65.19,174.89,0.4484,-1,-1,-1
27,11,990.15,185.02,94.01,185.95,0.4314,-1,-1,-1
27,14,1827.69,237.72,65.96,192.06,0.3466,-1,-1,-1
27,15,878.15,142.36,49.75,175.68,0.2290,-1,-1,-1
27,9,199.23,347.65,71.49,223.18,0.3701,-1,-1,-1
28,1,381.89,379.64,81.78,237.88,0.7726,-1,-1,-1
28,2,103.10,546.61,77.20,246.37,0.7391,-1,-1,-1
28,3,1164.62,975.61,62.92,104.40,0.6167,-1,-1,-1
28,4,1723.10,455.38,73.82,211.96,0.6406,-1,-1,-1
28,5,1356.70,569.65,80.68,215.72,0.5883,-1,-1,-1
28,6,0.12,828.01,58.31,233.56,0.6342,-1,-1,-1
28,8,524.23,161.04,53.44,186.70,0.2953,-1,-1,-1
28,10,790.26,148.50,61.83,173.92,0.4496,-1,-1,-1
28,11,982.23,197.20,93.97,180.61,0.2175,-1,-1,-1
28,14,1829.03,238.92,66.34,193.26,0.2815,-1,-1,-1
28,15,876.88,142.38,50.35,176.31,0.2117,-1,-1,-1
28,9,197.99,349.15,72.08,223.71,0.3999,-1,-1,-1
29,1,382.55,378.04,81.88,238.05,0.7811,-1,-1,-1
29,2,102.85,546.48,77.51,246.47,0.7456,-1,-1,-1
29,3,1165.59,975.85,64.53,104.19,0.6354,-1,-1,-1
29,4,1723.07,456.75,74.10,209.72,0.6506,-1,-1,-1
29,5,1356.65,569.77,81.15,215.42,0.6249,-1,-1,-1
29,6,0.17,826.23,59.43,230.06,0.6983,-1,-1,-1
29,8,521.97,161.73,55.11,188.44,0.2801,-1,-1,-1
29,10,790.83,148.65,60.14,174.16,0.4572,-1,-1,-1
29,11,980.42,199.71,84.22,180.65,0.1508,-1,-1,-1
29,14,1829.95,241.01,66.90,193.99,0.2556,-1,-1,-1
29,15,876.29,142.50,50.95,177.14,0.2447,-1,-1,-1
29,9,197.20,351.76,71.41,220.27,0.3254,-1,-1,-1
30,1,382.93,376.53,83.16,237.22,0.7847,-1,-1,-1
30,2,102.98,547.02,77.51,245.69,0.7384,-1,-1,-1
30,3,1167.19,976.70,65.03,103.29,0.6210,-1,-1,-1
30,4,1723.04,457.30,74.78,208.87,0.6632,-1,-1,-1
30,5,1356.78,569.85,80.30,215.68,0.6175,-1,-1,-1
30,6,0.06,823.39,60.14,228.84,0.6771,-1,-1,-1
30,8,522.53,163.24,54.05,187.75,0.3045,-1,-1,-1
30,10,790.76,148.48,59.58,174.24,0.4581,-1,-1,-1
30,14,1831.97,241.63,69.83,194.17,0.2147,-1,-1,-1
30,15,875.00,142.32,51.18,177.90,0.2605,-1,-1,-1
30,9,196.22,354.35,70.07,216.14,0.3171,-1,-1,-1
31,1,383.59,374.90,85.87,234.37,0.7520,-1,-1,-1
31,2,103.04,546.87,77.08,246.16,0.7405,-1,-1,-1
31,3,1168.46,977.18,65.77,102.78,0.6158,-1,-1,-1
31,4,1723.14,455.79,73.87,211.18,0.6548,-1,-1,-1
31,5,1356.69,569.73,80.35,214.46,0.5921,-1,-1,-1
31,6,0.25,818.51,60.08,235.47,0.6492,-1,-1,-1
31,8,518.09,163.79,56.99,188.98,0.2599,-1,-1,-1
31,10,790.60,148.23,59.86,175.12,0.4283,-1,-1,-1
31,14,1833.65,242.94,70.60,194.42,0.2150,-1,-1,-1
31,15,874.19,143.25,50.99,177.51,0.2451,-1,-1,-1
31,9,194.97,355.97,69.30,212.12,0.3469,-1,-1,-1
32,1,383.75,373.33,89.56,232.83,0.7459,-1,-1,-1
32,2,103.03,546.75,76.65,246.40,0.7473,-1,-1,-1
32,3,1169.43,977.94,66.50,102.03,0.6751,-1,-1,-1
32,4,1722.79,456.85,74.81,209.80,0.6534,-1,-1,-1
32,5,1356.53,569.75,80.17,214.36,0.6043,-1,-1,-1
32,6,0.34,815.51,60.16,241.13,0.6164,-1,-1,-1
32,8,514.77,164.67,58.77,190.61,0.2661,-1,-1,-1
32,10,791.34,148.67,59.13,174.90,0.4568,-1,-1,-1
32,14,1835.08,247.35,73.93,192.05,0.2274,-1,-1,-1
32,15,872.50,143.54,51.35,177.89,0.2427,-1,-1,-1
32,9,193.22,350.73,70.08,214.44,0.3982,-1,-1,-1
33,1,384.15,371.09,92.07,232.71,0.7503,-1,-1,-1
33,2,102.81,546.62,77.60,246.53,0.7488,-1,-1,-1
33,3,1170.89,978.86,66.90,101.14,0.6785,-1,-1,-1
33,4,1722.51,457.24,75.00,210.12,0.6577,-1,-1,-1
33,5,1356.26,569.47,80.93,216.62,0.6028,-1,-1,-1
33,6,0.33,813.21,60.81,246.62,0.6216,-1,-1,-1
33,8,500.13,161.38,75.38,194.65,0.3927,-1,-1,-1
33,10,791.05,148.93,59.31,174.33,0.4375,-1,-1,-1
33,14,1835.56,249.83,72.66,191.65,0.3131,-1,-1,-1
33,15,871.10,142.67,53.03,178.01,0.2429,-1,-1,-1
33,9,190.82,348.67,70.62,216.69,0.4241,-1,-1,-1
33,13,492.71,159.43,83.02,195.85,0.3927,-1,-1,-1
34,1,384.81,370.22,92.58,231.83,0.7516,-1,-1,-1
34,2,102.73,546.77,77.73,246.57,0.7391,-1,-1,-1
34,3,1173.40,980.58,66.73,99.43,0.6762,-1,-1,-1
34,4,1722.64,457.98,74.43,208.62,0.6501,-1,-1,-1
34,5,1356.67,569.35,80.95,216.69,0.5996,-1,-1,-1
34,6,0.41,811.30,61.29,248.90,0.6136,-1,-1,-1
34,8,494.80,160.99,80.09,195.19,0.3903,-1,-1,-1
34,10,790.72,148.74,59.13,174.97,0.4321,-1,-1,-1
34,14,1836.31,250.92,70.03,190.68,0.3186,-1,-1,-1
34,15,870.00,142.79,53.40,178.75,0.2096,-1,-1,-1
34,9,189.03,351.31,69.91,211.73,0.4164,-1,-1,-1
34,18,1021.16,155.38,62.63,186.99,0.4156,-1,-1,-1
34,13,492.89,160.55,83.34,195.75,0.3903,-1,-1,-1
35,1,384.90,369.31,93.27,232.45,0.7409,-1,-1,-1
35,2,102.53,546.87,78.32,246.92,0.7348,-1,-1,-1
35,3,1176.84,982.07,65.10,97.94,0.6625,-1,-1,-1
35,4,1722.51,457.69,74.10,208.59,0.6608,-1,-1,-1
35,5,1356.11,569.39,81.55,216.03,0.6012,-1,-1,-1
35,6,0.43,810.32,62.84,252.39,0.5748,-1,-1,-1
35,8,493.26,160.93,80.83,195.14,0.3997,-1,-1,-1
35,10,791.00,148.64,58.96,175.09,0.4426,-1,-1,-1
35,14,1837.50,251.66,69.02,188.70,0.3252,-1,-1,-1
35,15,868.77,142.94,54.14,178.77,0.2916,-1,-1,-1
35,9,187.13,346.09,66.77,212.57,0.4552,-1,-1,-1
35,18,1021.91,156.01,61.00,184.89,0.4620,-1,-1,-1
35,13,493.64,161.05,82.02,195.47,0.3997,-1,-1,-1
36,1,385.20,368.66,92.75,232.84,0.7010,-1,-1,-1
36,2,102.70,547.02,77.72,246.58,0.7386,-1,-1,-1
36,3,1179.44,983.81,64.61,96.20,0.6414,-1,-1,-1
36,4,1722.75,458.48,74.13,207.94,0.6162,-1,-1,-1
36,5,1355.97,569.40,82.04,216.57,0.5770,-1,-1,-1
36,6,0.46,809.53,63.30,250.41,0.5425,-1,-1,-1
36,8,493.23,160.89,79.24,194.49,0.4175,-1,-1,-1
36,10,791.00,149.02,58.90,174.32,0.4404,-1,-1,-1
36,14,1839.57,250.68,67.62,188.92,0.3537,-1,-1,-1
36,15,867.78,143.66,55.39,179.73,0.2685,-1,-1,-1
36,9,187.79,359.43,63.11,199.06,0.4002,-1,-1,-1
36,18,1021.96,156.70,61.43,182.15,0.5120,-1,-1,-1
36,13,494.43,161.19,79.60,194.73,0.4175,-1,-1,-1
36,19,384.61,995.37,90.22,84.61,0.4539,-1,-1,-1
37,1,385.94,367.64,90.50,233.55,0.6906,-1,-1,-1
37,2,102.90,547.11,77.00,245.94,0.7347,-1,-1,-1
37,3,1182.11,984.48,64.74,95.50,0.6853,-1,-1,-1
37,4,1722.94,457.78,74.00,208.97,0.6398,-1,-1,-1
37,5,1356.13,569.14,82.13,218.42,0.5676,-1,-1,-1
37,6,0.52,808.45,64.96,249.53,0.6284,-1,-1,-1
37,8,493.44,161.85,77.65,193.51,0.4235,-1,-1,-1
37,10,790.57,148.82,59.49,174.72,0.4360,-1,-1,-1
37,14,1840.35,252.31,64.74,185.65,0.3777,-1,-1,-1
37,15,867.69,144.23,55.87,180.63,0.2160,-1,-1,-1
37,9,187.06,361.13,62.42,195.89,0.4085,-1,-1,-1
37,18,1021.93,157.87,61.56,182.90,0.5345,-1,-1,-1
37,13,494.83,162.19,77.70,193.70,0.4235,-1,-1,-1
37,19,384.32,994.19,91.81,85.74,0.5155,-1,-1,-1
37,11,946.61,202.39,70.02,173.77,0.4387,-1,-1,-1
38,1,387.08,366.57,87.15,234.75,0.6939,-1,-1,-1
38,2,102.81,546.96,76.62,245.57,0.7330,-1,-1,-1
38,3,1184.17,984.57,66.22,95.43,0.6925,-1,-1,-1
38,4,1722.74,458.26,74.38,207.85,0.6429,-1,-1,-1
38,5,1355.96,569.33,81.91,215.39,0.6057,-1,-1,-1
38,6,0.55,808.04,65.98,247.12,0.6403,-1,-1,-1
38,8,493.15,162.50,77.00,193.08,0.4188,-1,-1,-1
38,10,790.94,149.04,59.05,175.03,0.4249,-1,-1,-1
38,14,1840.96,252.83,63.45,185.35,0.3218,-1,-1,-1
38,15,867.64,146.00,55.52,178.28,0.1951,-1,-1,-1
38,9,185.90,363.77,61.67,192.32,0.4326,-1,-1,-1
38,18,1023.29,158.60,60.62,183.68,0.5451,-1,-1,-1
38,13,494.52,162.83,76.96,193.24,0.4188,-1,-1,-1
38,19,384.40,992.99,93.24,87.00,0.5471,-1,-1,-1
38,11,937.53,202.74,74.08,172.89,0.3847,-1,-1,-1
39,1,387.51,365.37,85.35,236.33,0.6895,-1,-1,-1
39,2,102.47,547.16,77.25,245.08,0.7307,-1,-1,-1
39,3,1186.64,984.09,67.93,95.93,0.6790,-1,-1,-1
39,4,1722.60,457.29,73.79,209.23,0.6233,-1,-1,-1
39,5,1356.68,568.35,81.38,217.00,0.5820,-1,-1,-1
39,6,0.50,807.10,66.21,245.58,0.6525,-1,-1,-1
39,8,493.31,163.17,75.95,192.10,0.4240,-1,-1,-1
39,10,790.91,148.90,58.89,175.10,0.4150,-1,-1,-1
39,14,1841.01,253.24,63.87,184.82,0.3542,-1,-1,-1
39,15,867.39,147.48,56.02,176.57,0.1942,-1,-1,-1
39,9,183.72,362.60,62.80,193.84,0.4942,-1,-1,-1
39,18,1022.54,158.98,61.58,182.92,0.5212,-1,-1,-1
39,13,494.58,163.47,75.87,192.24,0.4240,-1,-1,-1
39,19,384.50,991.73,93.19,88.29,0.5281,-1,-1,-1
39,11,926.89,202.16,82.34,172.57,0.5016,-1,-1,-1
40,1,387.93,365.98,86.11,235.51,0.6970,-1,-1,-1
40,2,102.25,546.93,77.42,244.92,0.7336,-1,-1,-1
40,3,1190.02,983.96,68.95,96.04,0.6547,-1,-1,-1
40,4,1722.67,456.59,73.57,210.48,0.6281,-1,-1,-1
40,5,1357.28,569.21,80.47,213.80,0.6156,-1,-1,-1
40,6,0.58,805.98,66.08,243.34,0.6073,-1,-1,-1
40,8,493.28,166.10,74.35,191.77,0.4410,-1,-1,-1
40,10,791.10,148.90,58.29,175.83,0.4045,-1,-1,-1
40,14,1839.36,253.32,66.51,186.53,0.3343,-1,-1,-1
40,15,867.29,149.97,55.34,174.72,0.2465,-1,-1,-1
40,9,181.53,363.14,62.66,192.55,0.4316,-1,-1,-1
40,18,1022.07,159.21,62.21,182.38,0.5090,-1,-1,-1
40,13,494.43,166.37,74.26,191.89,0.4410,-1,-1,-1
40,19,384.94,990.05,93.12,89.89,0.5283,-1,-1,-1
40,11,917.34,199.22,91.62,175.07,0.5111,-1,-1,-1
41,1,389.16,365.75,85.51,235.44,0.6913,-1,-1,-1
41,2,102.28,546.73,77.60,245.43,0.7316,-1,-1,-1
41,3,1192.85,984.81,68.16,95.19,0.6801,-1,-1,-1
41,4,1722.53,456.08,73.73,210.93,0.6396,-1,-1,-1
41,5,1356.98,568.82,80.85,215.17,0.6079,-1,-1,-1
41,6,0.53,805.01,66.58,243.22,0.5999,-1,-1,-1
41,8,494.37,166.00,75.23,191.21,0.3634,-1,-1,-1
41,10,791.35,149.11,57.52,175.26,0.4078,-1,-1,-1
41,14,1838.51,254.27,67.02,191.03,0.2880,-1,-1,-1
41,15,866.95,151.19,55.37,175.78,0.2467,-1,-1,-1
41,9,179.77,361.55,62.37,194.13,0.3637,-1,-1,-1
41,18,1021.64,159.31,62.54,181.12,0.4772,-1,-1,-1
41,13,495.40,166.24,75.15,191.33,0.3634,-1,-1,-1
41,19,385.17,989.14,93.48,90.83,0.4930,-1,-1,-1
41,11,911.69,202.29,97.42,171.53,0.5442,-1,-1,-1
42,1,390.19,364.65,85.07,235.50,0.7104,-1,-1,-1
42,2,102.25,546.71,78.16,245.62,0.7404,-1,-1,-1
42,3,1195.46,984.94,68.89,95.04,0.6920,-1,-1,-1
42,4,1722.10,455.24,73.95,211.39,0.6465,-1,-1,-1
42,5,1356.94,569.16,80.50,214.56,0.6149,-1,-1,-1
42,6,0.40,802.90,66.89,243.06,0.6309,-1,-1,-1
42,8,494.52,167.01,75.52,191.87,0.3720,-1,-1,-1
42,10,791.20,148.89,57.38,176.66,0.4199,-1,-1,-1
42,14,1838.27,256.56,67.53,189.60,0.2993,-1,-1,-1
42,15,866.51,150.93,54.47,180.04,0.2553,-1,-1,-1
42,9,179.36,367.77,60.21,189.04,0.3299,-1,-1,-1
42,18,1021.27,159.58,62.75,181.63,0.4728,-1,-1,-1
42,13,495.44,167.22,75.45,191.97,0.3720,-1,-1,-1
42,19,384.57,987.84,94.41,92.15,0.5334,-1,-1,-1
42,11,907.49,201.17,101.60,172.75,0.5457,-1,-1,-1
43,1,391.10,364.69,85.05,233.95,0.7377,-1,-1,-1
43,2,101.94,546.83,78.38,245.80,0.7338,-1,-1,-1
43,3,1198.21,985.17,70.24,94.81,0.6621,-1,-1,-1
43,4,1722.23,454.77,73.69,212.03,0.6169,-1,-1,-1
43,5,1356.82,569.13,80.51,214.50,0.6094,-1,-1,-1
43,6,0.27,799.11,67.13,235.65,0.6610,-1,-1,-1
43,8,493.63,167.84,76.81,194.09,0.3847,-1,-1,-1
43,10,790.67,149.24,58.33,176.24,0.4039,-1,-1,-1
43,14,1836.84,255.08,70.83,191.45,0.2838,-1,-1,-1
43,15,866.40,152.16,53.28,174.70,0.2136,-1,-1,-1
43,9,177.08,370.32,59.54,186.16,0.2798,-1,-1,-1
43,18,1021.35,159.87,62.41,182.79,0.4669,-1,-1,-1
43,13,494.45,168.03,76.75,194.18,0.3847,-1,-1,-1
43,19,383.67,987.47,95.19,92.56,0.5401,-1,-1,-1
43,11,903.41,197.91,104.60,175.58,0.4988,-1,-1,-1
44,1,391.59,364.58,85.64,232.23,0.7342,-1,-1,-1
44,2,101.93,547.26,78.09,245.45,0.7333,-1,-1,-1
44,3,1199.58,985.51,71.38,94.53,0.6687,-1,-1,-1
44,4,1721.40,456.66,74.73,210.05,0.6475,-1,-1,-1
44,5,1356.83,568.97,80.97,216.11,0.6240,-1,-1,-1
44,6,0.23,795.70,67.49,231.09,0.6724,-1,-1,-1
44,8,493.55,169.02,76.79,195.36,0.3770,-1,-1,-1
44,10,790.83,149.25,58.13,176.17,0.4000,-1,-1,-1
44,14,1839.45,255.40,76.03,194.16,0.3259,-1,-1,-1
44,15,865.80,152.64,54.72,178.11,0.2698,-1,-1,-1
44,9,175.31,366.89,58.61,189.15,0.3530,-1,-1,-1
44,18,1021.43,160.30,61.76,183.93,0.4384,-1,-1,-1
44,13,494.28,169.19,76.73,195.43,0.3770,-1,-1,-1
44,19,382.91,985.80,96.02,94.36,0.5968,-1,-1,-1
44,11,900.95,194.90,103.10,178.77,0.3173,-1,-1,-1
45,1,392.81,362.50,85.25,232.22,0.7372,-1,-1,-1
45,2,101.76,546.97,77.73,245.72,0.7424,-1,-1,-1
45,3,1200.77,985.82,72.34,94.23,0.6706,-1,-1,-1
45,4,1721.52,458.13,74.49,208.37,0.6319,-1,-1,-1
45,5,1356.51,568.87,81.01,216.27,0.6345,-1,-1,-1
45,6,0.25,793.00,67.66,229.38,0.6679,-1,-1,-1
45,8,490.46,171.89,56.84,187.08,0.1721,-1,-1,-1
45,10,790.60,149.26,58.55,175.80,0.4248,-1,-1,-1
45,14,1841.37,256.58,74.53,196.64,0.3495,-1,-1,-1
45,15,866.18,154.85,54.21,180.50,0.2494,-1,-1,-1
45,9,173.69,360.85,56.57,193.93,0.3645,-1,-1,-1
45,18,1020.09,161.53,64.30,182.70,0.3995,-1,-1,-1
45,13,495.13,172.10,75.20,194.35,0.3115,-1,-1,-1
45,19,381.68,984.86,95.98,95.26,0.5958,-1,-1,-1
45,11,899.29,188.43,100.17,185.79,0.2926,-1,-1,-1
46,1,394.65,360.94,83.48,231.91,0.7423,-1,-1,-1
46,2,101.71,546.54,77.83,246.11,0.7446,-1,-1,-1
46,3,1201.40,986.21,72.16,93.79,0.6853,-1,-1,-1
46,4,1721.00,458.90,74.87,207.05,0.6158,-1,-1,-1
46,5,1356.28,569.19,82.00,216.78,0.6043,-1,-1,-1
46,6,0.42,790.60,68.21,229.21,0.6714,-1,-1,-1
46,8,489.77,174.70,43.88,183.21,0.1635,-1,-1,-1
46,10,790.68,149.31,58.30,175.26,0.3894,-1,-1,-1
46,14,1842.82,257.13,74.71,200.25,0.3306,-1,-1,-1
46,15,866.43,154.61,53.63,182.67,0.1889,-1,-1,-1
46,9,172.25,355.16,55.26,198.97,0.3625,-1,-1,-1
46,18,1019.42,161.99,65.25,182.28,0.4094,-1,-1,-1
46,13,493.04,173.78,77.49,193.99,0.3316,-1,-1,-1
46,19,380.30,979.94,96.92,100.09,0.6036,-1,-1,-1
46,11,899.18,181.58,92.30,192.24,0.2949,-1,-1,-1
47,1,395.46,358.96,83.41,232.04,0.7465,-1,-1,-1
47,2,101.48,546.50,78.00,246.18,0.7292,-1,-1,-1
47,3,1202.13,986.37,72.97,93.65,0.6672,-1,-1,-1
47,4,1721.17,458.91,74.86,207.74,0.6310,-1,-1,-1
47,5,1356.50,569.43,81.66,216.06,0.5940,-1,-1,-1
47,6,0.60,789.14,68.92,231.05,0.6178,-1,-1,-1
47,10,790.15,149.45,59.63,174.92,0.4295,-1,-1,-1
47,14,1844.20,258.72,74.22,202.02,0.3465,-1,-1,-1
47,15,864.62,154.89,54.13,181.83,0.2644,-1,-1,-1
47,9,169.94,347.17,57.71,206.79,0.3912,-1,-1,-1
47,18,1018.98,162.76,64.44,183.33,0.3960,-1,-1,-1
47,13,491.88,176.91,78.62,191.17,0.2619,-1,-1,-1
47,19,379.78,974.30,97.70,105.82,0.5914,-1,-1,-1
47,11,900.69,174.72,81.48,198.93,0.3148,-1,-1,-1
48,1,396.33,357.28,83.47,230.37,0.7650,-1,-1,-1
48,2,101.58,546.24,77.92,246.75,0.7352,-1,-1,-1
48,3,1203.45,985.20,75.64,94.77,0.6327,-1,-1,-1
48,4,1721.36,459.47,74.50,206.46,0.6353,-1,-1,-1
48,5,1356.48,569.15,82.59,216.74,0.6137,-1,-1,-1
48,6,0.86,788.31,70.11,233.27,0.5851,-1,-1,-1
48,10,790.42,149.52,59.77,175.46,0.4547,-1,-1,-1
48,14,1846.93,262.15,69.43,200.95,0.3702,-1,-1,-1
48,15,863.71,154.23,55.09,180.55,0.2695,-1,-1,-1
48,9,168.78,345.00,57.27,210.23,0.3359,-1,-1,-1
48,18,1018.68,163.20,63.66,182.97,0.3318,-1,-1,-1
48,13,490.91,178.54,79.32,190.18,0.2612,-1,-1,-1
48,19,378.84,967.47,99.11,112.61,0.6090,-1,-1,-1
48,11,900.28,174.31,72.94,197.66,0.2561,-1,-1,-1
49,1,396.57,356.33,84.08,227.65,0.7610,-1,-1,-1
49,2,101.55,546.09,77.88,246.92,0.7392,-1,-1,-1
49,3,1204.03,984.06,77.24,95.93,0.6519,-1,-1,-1
49,4,1721.00,459.03,74.70,207.07,0.6576,-1,-1,-1
49,5,1356.48,569.40,82.62,217.73,0.6020,-1,-1,-1
49,6,0.83,785.44,71.97,242.70,0.6180,-1,-1,-1
49,10,790.41,149.31,60.22,175.91,0.4317,-1,-1,-1
49,14,1849.08,264.15,66.09,201.00,0.3340,-1,-1,-1
49,15,862.98,153.66,54.98,176.51,0.3172,-1,-1,-1
49,9,167.33,350.70,57.69,204.82,0.3559,-1,-1,-1
49,18,1017.10,164.48,64.83,182.90,0.3719,-1,-1,-1
49,13,491.37,179.38,77.70,190.11,0.3707,-1,-1,-1
49,19,378.39,964.18,99.75,115.83,0.5892,-1,-1,-1
49,11,899.61,176.79,62.36,194.75,0.2451,-1,-1,-1
50,1,396.34,355.02,85.17,226.32,0.7547,-1,-1,-1
50,2,101.56,546.04,77.88,246.65,0.7481,-1,-1,-1
50,3,1204.29,983.17,78.34,96.83,0.6282,-1,-1,-1
50,4,1721.03,459.17,74.45,206.70,0.6390,-1,-1,-1
50,5,1356.93,569.73,81.83,216.18,0.6127,-1,-1,-1
50,6,0.97,784.53,73.58,247.20,0.6056,-1,-1,-1
50,10,790.39,149.04,59.91,176.83,0.4070,-1,-1,-1
50,14,1851.88,265.99,65.89,200.43,0.3919,-1,-1,-1
50,15,863.14,154.34,52.57,168.82,0.2736,-1,-1,-1
50,18,1017.02,164.94,62.61,178.00,0.3847,-1,-1,-1
50,13,491.68,179.42,77.52,191.48,0.3778,-1,-1,-1
50,19,379.85,961.48,98.56,117.70,0.5871,-1,-1,-1
51,1,396.26,354.35,86.17,223.94,0.7543,-1,-1,-1
51,2,101.73,545.82,77.73,247.14,0.7503,-1,-1,-1
51,3,1204.89,982.07,79.03,97.94,0.6114,-1,-1,-1
51,4,1720.67,459.90,74.60,205.50,0.6230,-1,-1,-1
51,5,1357.05,569.40,81.51,215.20,0.6198,-1,-1,-1
51,6,1.20,783.28,74.01,247.48,0.6416,-1,-1,-1
51,10,790.41,148.85,59.85,177.51,0.4133,-1,-1,-1
51,14,1853.96,267.20,63.48,197.24,0.3629,-1,-1,-1
51,15,862.61,154.55,50.74,169.97,0.2819,-1,-1,-1
51,18,1016.69,166.53,61.98,175.07,0.4441,-1,-1,-1
51,13,492.69,180.39,76.79,191.59,0.3682,-1,-1,-1
51,19,380.52,957.56,98.41,122.19,0.5508,-1,-1,-1
52,1,396.91,353.14,86.50,223.82,0.7679,-1,-1,-1
52,2,102.05,545.51,77.14,247.12,0.7523,-1,-1,-1
52,3,1204.70,981.76,79.44,98.22,0.6305,-1,-1,-1
52,4,1721.58,457.19,73.71,209.04,0.6271,-1,-1,-1
52,5,1356.93,569.22,81.39,215.38,0.6236,-1,-1,-1
52,6,1.93,782.06,74.69,245.87,0.6112,-1,-1,-1
52,10,789.92,149.07,60.47,178.01,0.3950,-1,-1,-1
52,14,1857.11,264.81,61.74,199.53,0.2992,-1,-1,-1
52,15,860.59,154.69,49.21,175.74,0.1893,-1,-1,-1
52,18,1016.10,167.86,62.96,178.43,0.4712,-1,-1,-1
52,13,490.51,180.41,79.67,191.32,0.3822,-1,-1,-1
52,19,381.42,953.29,98.74,126.59,0.5458,-1,-1,-1
53,1,398.18,351.55,85.64,225.13,0.7699,-1,-1,-1
53,2,102.39,545.18,76.12,247.44,0.7453,-1,-1,-1
53,3,1204.58,980.45,79.55,99.51,0.6526,-1,-1,-1
53,4,1721.98,456.35,73.47,209.26,0.6268,-1,-1,-1
53,5,1357.10,569.43,81.56,214.07,0.6404,-1,-1,-1
53,6,3.04,780.81,73.51,243.25,0.6511,-1,-1,-1
53,10,789.43,148.58,61.17,177.88,0.4120,-1,-1,-1
53,14,1859.60,265.03,59.97,198.62,0.3208,-1,-1,-1
53,18,1015.81,168.81,62.84,180.81,0.4509,-1,-1,-1
53,13,489.19,180.65,82.01,190.90,0.4040,-1,-1,-1
53,19,381.78,950.10,100.56,129.52,0.6933,-1,-1,-1
54,1,398.58,350.64,85.62,225.99,0.7712,-1,-1,-1
54,2,102.46,544.80,75.78,248.00,0.7481,-1,-1,-1
54,3,1203.82,979.87,80.41,100.09,0.6574,-1,-1,-1
54,4,1722.01,456.06,73.44,209.78,0.6248,-1,-1,-1
54,5,1356.98,569.17,81.96,214.07,0.6412,-1,-1,-1
54,6,5.41,778.52,71.51,239.07,0.6451,-1,-1,-1
54,10,789.52,148.70,61.46,177.15,0.3980,-1,-1,-1
54,14,1861.62,263.24,58.20,203.20,0.3117,-1,-1,-1
54,18,1014.39,170.73,62.43,181.46,0.4281,-1,-1,-1
54,13,488.45,180.57,83.76,190.73,0.3873,-1,-1,-1
54,19,382.53,948.23,102.62,130.37,0.7183,-1,-1,-1
55,1,399.47,349.55,85.03,227.65,0.7788,-1,-1,-1
55,2,102.55,544.90,75.70,248.47,0.7365,-1,-1,-1
55,3,1203.70,979.13,80.83,100.82,0.6655,-1,-1,-1
55,4,1722.12,456.58,73.90,210.50,0.6380,-1,-1,-1
55,5,1357.38,569.01,81.30,215.05,0.6086,-1,-1,-1
55,6,7.52,774.96,70.24,237.98,0.6804,-1,-1,-1
55,10,789.88,148.91,61.17,176.87,0.4253,-1,-1,-1
55,14,1864.06,262.46,55.85,206.78,0.3414,-1,-1,-1
55,18,1012.82,172.96,62.74,181.52,0.4566,-1,-1,-1
55,13,488.37,180.29,84.24,191.26,0.4240,-1,-1,-1
55,19,382.92,946.48,105.39,132.13,0.6926,-1,-1,-1
56,1,400.07,349.05,84.50,229.04,0.7880,-1,-1,-1
56,2,102.54,544.51,75.83,249.13,0.7379,-1,-1,-1
56,3,1203.41,977.77,81.15,102.21,0.6746,-1,-1,-1
56,4,1721.99,456.03,73.60,210.64,0.6455,-1,-1,-1
56,5,1357.16,569.11,80.94,215.98,0.6103,-1,-1,-1
56,6,8.13,772.34,70.26,235.93,0.6943,-1,-1,-1
56,10,789.96,148.78,61.45,177.63,0.4097,-1,-1,-1
56,14,1866.13,262.11,53.76,207.12,0.2823,-1,-1,-1
56,18,1013.47,174.78,60.95,180.50,0.4681,-1,-1,-1
56,13,488.42,180.32,82.90,191.37,0.4787,-1,-1,-1
56,19,383.65,945.72,106.12,133.53,0.6983,-1,-1,-1
57,1,400.23,348.04,83.97,230.25,0.7943,-1,-1,-1
57,2,102.41,544.69,75.95,249.45,0.7331,-1,-1,-1
57,3,1202.76,976.52,81.76,103.46,0.6854,-1,-1,-1
57,4,1721.87,457.85,73.40,208.18,0.6505,-1,-1,-1
57,5,1357.00,569.16,81.31,214.12,0.6174,-1,-1,-1
57,6,6.66,770.81,71.41,232.14,0.7195,-1,-1,-1
57,10,789.85,148.66,61.98,178.55,0.4011,-1,-1,-1
57,14,1867.59,256.42,52.22,213.22,0.1869,-1,-1,-1
57,18,1011.87,176.30,60.96,179.91,0.4638,-1,-1,-1
57,13,488.01,180.93,82.08,190.97,0.4593,-1,-1,-1
57,19,385.06,944.98,106.00,134.27,0.7178,-1,-1,-1
58,1,400.14,347.07,84.30,231.16,0.7872,-1,-1,-1
58,2,102.68,544.99,75.53,249.30,0.7289,-1,-1,-1
58,3,1201.94,976.17,82.88,103.83,0.6692,-1,-1,-1
58,4,1722.06,456.32,73.02,209.36,0.6405,-1,-1,-1
58,5,1357.07,569.34,81.20,214.71,0.6249,-1,-1,-1
58,6,7.13,767.74,73.28,229.81,0.7116,-1,-1,-1
58,10,790.14,148.89,61.72,178.55,0.3950,-1,-1,-1
58,18,1011.21,178.81,60.10,179.24,0.4569,-1,-1,-1
58,13,488.19,181.47,80.92,191.06,0.4486,-1,-1,-1
58,19,386.72,944.01,104.96,135.61,0.6724,-1,-1,-1
59,1,401.11,345.74,83.75,232.63,0.7852,-1,-1,-1
59,2,102.73,545.04,75.33,249.47,0.7328,-1,-1,-1
59,3,1200.39,975.67,84.64,104.31,0.6720,-1,-1,-1
59,4,1722.66,456.02,72.97,210.48,0.6384,-1,-1,-1
59,5,1357.04,568.91,81.33,213.55,0.6420,-1,-1,-1
59,6,6.85,765.41,75.10,226.16,0.7215,-1,-1,-1
59,10,789.74,148.87,61.14,178.57,0.3891,-1,-1,-1
59,18,1010.14,180.30,60.42,178.50,0.3750,-1,-1,-1
59,13,488.23,181.96,81.48,191.43,0.4382,-1,-1,-1
59,19,387.89,942.94,103.93,136.66,0.7142,-1,-1,-1
60,1,401.89,345.65,82.66,231.98,0.7927,-1,-1,-1
60,2,102.32,545.19,75.65,250.28,0.7258,-1,-1,-1
60,3,1199.55,974.90,85.30,105.13,0.6702,-1,-1,-1
60,4,1722.26,457.91,73.31,208.30,0.6272,-1,-1,-1
60,5,1356.86,568.93,81.36,214.80,0.6266,-1,-1,-1
60,6,8.52,761.35,72.17,225.14,0.7344,-1,-1,-1
60,10,789.54,148.60,61.64,183.10,0.4233,-1,-1,-1
60,18,1007.58,181.42,62.25,178.05,0.3414,-1,-1,-1
60,13,488.52,183.08,80.74,191.20,0.4537,-1,-1,-1
60,19,387.89,940.60,105.12,138.71,0.7105,-1,-1,-1
61,1,401.91,344.44,82.45,231.36,0.7978,-1,-1,-1
61,2,102.76,545.97,74.56,248.58,0.7279,-1,-1,-1
61,3,1197.52,972.80,86.20,107.22,0.6307,-1,-1,-1
61,4,1722.57,457.74,72.47,207.82,0.6115,-1,-1,-1
61,5,1357.16,569.17,81.00,214.29,0.6301,-1,-1,-1
61,6,9.56,758.34,70.10,225.25,0.7307,-1,-1,-1
61,10,788.92,148.43,62.68,186.63,0.3662,-1,-1,-1
61,18,1007.01,182.16,61.94,176.94,0.3035,-1,-1,-1
61,13,491.79,188.11,75.04,187.94,0.4809,-1,-1,-1
61,19,387.36,938.79,107.05,140.64,0.6160,-1,-1,-1
62,1,402.20,343.16,81.88,231.13,0.7907,-1,-1,-1
62,2,102.92,546.54,74.26,247.90,0.7288,-1,-1,-1
62,3,1196.37,972.36,86.64,107.70,0.6221,-1,-1,-1
62,4,1722.56,456.87,73.00,208.88,0.6004,-1,-1,-1
62,5,1357.52,569.22,80.64,214.62,0.6175,-1,-1,-1
62,6,10.68,756.23,69.28,225.35,0.7307,-1,-1,-1
62,10,789.80,148.25,61.53,186.84,0.3199,-1,-1,-1
62,18,1007.58,183.92,61.03,175.36,0.3041,-1,-1,-1
62,13,492.54,189.81,73.54,188.72,0.4966,-1,-1,-1
62,19,386.27,936.69,108.22,142.21,0.5701,-1,-1,-1
63,1,402.24,341.39,82.04,231.87,0.7966,-1,-1,-1
63,2,103.11,546.68,73.94,247.55,0.7298,-1,-1,-1
63,3,1194.85,971.84,87.46,108.17,0.6579,-1,-1,-1
63,4,1721.88,458.09,73.82,207.82,0.5908,-1,-1,-1
63,5,1357.14,569.01,80.95,213.84,0.6023,-1,-1,-1
63,6,10.65,754.86,70.68,228.08,0.7188,-1,-1,-1
63,10,790.01,148.18,60.52,186.85,0.3001,-1,-1,-1
63,18,1006.01,185.12,61.35,172.50,0.2526,-1,-1,-1
63,13,491.61,189.03,74.27,193.89,0.5333,-1,-1,-1
63,19,386.03,934.62,107.63,144.28,0.6612,-1,-1,-1
64,1,402.42,339.06,82.21,232.12,0.7909,-1,-1,-1
64,2,102.67,546.52,74.44,248.34,0.7195,-1,-1,-1
64,3,1193.45,972.64,87.32,107.33,0.6857,-1,-1,-1
64,4,1721.88,456.86,73.84,209.10,0.6061,-1,-1,-1
64,5,1356.40,569.24,81.45,215.34,0.5982,-1,-1,-1
64,6,11.07,753.33,70.84,229.07,0.7204,-1,-1,-1
64,10,790.49,148.35,59.26,184.73,0.2944,-1,-1,-1
64,18,1004.30,186.45,61.95,171.20,0.3631,-1,-1,-1
64,13,492.78,191.22,72.89,194.04,0.4906,-1,-1,-1
64,19,385.39,931.19,108.77,148.01,0.6722,-1,-1,-1
65,1,402.24,337.23,82.54,232.23,0.7936,-1,-1,-1
65,2,102.72,547.06,74.48,247.32,0.7279,-1,-1,-1
65,3,1192.52,973.03,86.09,106.99,0.6849,-1,-1,-1
65,4,1720.95,458.80,74.85,207.32,0.6136,-1,-1,-1
65,5,1356.14,569.23,82.47,214.55,0.6290,-1,-1,-1
65,6,10.91,752.30,71.04,231.73,0.7136,-1,-1,-1
65,10,791.95,148.73,56.52,175.89,0.2353,-1,-1,-1
65,18,1003.44,187.33,62.36,171.38,0.3140,-1,-1,-1
65,13,493.65,192.00,72.19,194.74,0.5081,-1,-1,-1
65,19,385.30,925.26,108.45,154.41,0.5638,-1,-1,-1
66,1,402.36,335.20,82.95,232.11,0.7931,-1,-1,-1
66,2,102.77,546.53,75.22,247.77,0.7210,-1,-1,-1
66,3,1190.67,971.94,85.45,108.03,0.7066,-1,-1,-1
66,4,1720.11,459.17,75.57,207.64,0.6259,-1,-1,-1
66,5,1355.87,568.70,83.17,215.82,0.6055,-1,-1,-1
66,6,10.83,750.89,71.27,233.50,0.7136,-1,-1,-1
66,10,790.46,149.57,60.48,157.21,0.1650,-1,-1,-1
66,18,1003.59,187.95,61.02,173.78,0.3629,-1,-1,-1
66,13,495.51,191.40,69.79,195.79,0.5285,-1,-1,-1
66,19,386.46,918.99,106.02,160.84,0.5616,-1,-1,-1
67,1,402.29,333.90,84.07,230.01,0.7947,-1,-1,-1
67,2,102.78,546.69,75.59,247.59,0.7252,-1,-1,-1
67,3,1189.06,971.67,86.23,108.31,0.6941,-1,-1,-1
67,4,1720.39,459.10,75.16,206.98,0.5970,-1,-1,-1
67,5,1356.54,569.01,82.09,214.68,0.5990,-1,-1,-1
67,6,10.37,748.99,71.63,236.16,0.7030,-1,-1,-1
67,18,1002.59,187.96,60.00,174.85,0.4075,-1,-1,-1
67,13,495.52,191.29,69.69,198.73,0.5665,-1,-1,-1
67,19,385.91,914.36,105.84,164.49,0.6559,-1,-1,-1
68,1,402.86,333.23,84.17,227.77,0.7903,-1,-1,-1
68,2,102.69,546.62,75.82,247.78,0.7294,-1,-1,-1
68,3,1186.21,970.23,86.31,109.76,0.6963,-1,-1,-1
68,4,1721.11,459.38,74.51,206.95,0.6084,-1,-1,-1
68,5,1356.52,568.33,82.25,215.79,0.5959,-1,-1,-1
68,6,10.28,746.72,71.94,239.71,0.7080,-1,-1,-1
68,18,1001.27,188.31,60.89,176.17,0.4881,-1,-1,-1
68,13,495.50,192.37,69.04,197.80,0.5750,-1,-1,-1
68,19,385.25,911.71,106.34,166.51,0.7056,-1,-1,-1
69,1,402.76,332.20,85.11,226.27,0.7836,-1,-1,-1
69,2,102.74,546.66,75.43,248.14,0.7310,-1,-1,-1
69,3,1184.26,969.67,86.27,110.30,0.6799,-1,-1,-1
69,4,1722.05,457.71,74.64,210.86,0.5955,-1,-1,-1
69,5,1356.66,568.54,82.01,216.89,0.5969,-1,-1,-1
69,6,10.39,744.82,72.03,241.41,0.7102,-1,-1,-1
69,18,1000.58,188.25,61.69,176.91,0.5347,-1,-1,-1
69,13,493.47,193.39,72.76,196.35,0.5871,-1,-1,-1
69,19,384.78,909.91,106.83,168.63,0.6856,-1,-1,-1
70,1,402.81,331.29,85.80,224.55,0.7906,-1,-1,-1
70,2,103.05,546.40,74.93,248.33,0.7323,-1,-1,-1
70,3,1182.64,969.15,86.02,110.82,0.6650,-1,-1,-1
70,4,1722.68,456.11,74.43,212.03,0.6162,-1,-1,-1
70,5,1356.39,568.39,82.81,217.54,0.6091,-1,-1,-1
70,6,10.83,743.14,71.90,239.06,0.7152,-1,-1,-1
70,18,1000.17,188.10,61.51,177.75,0.5587,-1,-1,-1
70,13,491.52,195.07,76.21,194.46,0.5920,-1,-1,-1
70,19,384.29,907.21,107.22,171.98,0.6795,-1,-1,-1
71,1,403.08,329.97,85.65,223.80,0.7910,-1,-1,-1
71,2,102.52,545.48,75.69,249.85,0.7294,-1,-1,-1
71,3,1181.36,968.32,86.10,111.67,0.6681,-1,-1,-1
71,4,1722.50,456.41,74.70,211.43,0.6233,-1,-1,-1
71,5,1356.81,568.67,82.36,218.46,0.5630,-1,-1,-1
71,6,11.39,741.45,72.16,233.62,0.7211,-1,-1,-1
71,18,998.83,188.33,60.60,178.11,0.5618,-1,-1,-1
71,13,491.98,194.03,77.27,195.59,0.6134,-1,-1,-1
71,19,381.75,904.84,109.90,174.85,0.7095,-1,-1,-1
71,11,786.59,150.90,76.62,219.29,0.3597,-1,-1,-1
72,1,403.37,328.51,85.68,224.89,0.7887,-1,-1,-1
72,2,102.27,544.83,75.92,250.50,0.7259,-1,-1,-1
72,3,1180.15,966.44,85.61,113.57,0.5941,-1,-1,-1
72,4,1722.46,456.86,74.53,210.72,0.6194,-1,-1,-1
72,5,1357.09,569.01,82.29,218.34,0.6065,-1,-1,-1
72,6,11.03,738.32,73.17,230.04,0.7274,-1,-1,-1
72,18,998.16,188.65,59.04,178.75,0.5732,-1,-1,-1
72,13,488.90,193.81,81.92,196.18,0.5975,-1,-1,-1
72,19,380.40,903.16,110.94,176.77,0.7220,-1,-1,-1
72,11,780.54,147.89,82.28,222.13,0.3818,-1,-1,-1
72,15,843.83,169.45,52.90,176.18,0.3497,-1,-1,-1
73,1,404.20,327.63,85.18,226.33,0.7873,-1,-1,-1
73,2,102.00,545.02,76.20,250.26,0.7319,-1,-1,-1
73,3,1179.17,965.29,86.05,114.69,0.6101,-1,-1,-1
73,4,1722.72,456.27,74.58,212.53,0.6138,-1,-1,-1
73,5,1356.95,569.34,82.83,216.76,0.6164,-1,-1,-1
73,6,10.86,734.94,73.98,229.35,0.7478,-1,-1,-1
73,18,997.02,189.49,57.79,178.92,0.5499,-1,-1,-1
73,13,486.30,193.49,86.05,196.71,0.5930,-1,-1,-1
73,19,379.04,902.03,112.10,177.96,0.7153,-1,-1,-1
73,11,775.78,148.21,86.51,220.91,0.3053,-1,-1,-1
73,15,844.53,170.43,52.12,177.48,0.3478,-1,-1,-1
74,1,405.03,327.34,84.46,226.27,0.7842,-1,-1,-1
74,2,102.20,545.39,75.64,249.21,0.7223,-1,-1,-1
74,3,1178.09,964.88,86.98,115.12,0.6246,-1,-1,-1
74,4,1722.20,458.92,74.35,208.65,0.5964,-1,-1,-1
74,5,1356.62,569.53,82.89,215.57,0.6199,-1,-1,-1
74,6,10.88,732.38,74.64,226.53,0.7512,-1,-1,-1
74,18,997.45,190.08,55.56,180.57,0.5588,-1,-1,-1
74,13,485.08,194.72,88.18,195.50,0.5599,-1,-1,-1
74,19,378.72,900.31,112.15,179.72,0.6893,-1,-1,-1
74,11,771.67,147.55,91.02,222.31,0.2804,-1,-1,-1
74,15,844.48,171.29,53.04,179.07,0.3062,-1,-1,-1
75,1,405.21,326.70,84.37,226.70,0.7789,-1,-1,-1
75,2,101.92,545.18,75.51,249.48,0.7284,-1,-1,-1
75,3,1176.96,964.44,88.11,115.58,0.6371,-1,-1,-1
75,4,1722.19,457.65,74.41,211.08,0.6195,-1,-1,-1
75,5,1356.76,569.92,82.59,212.96,0.6556,-1,-1,-1
75,6,10.71,730.86,74.77,227.03,0.7488,-1,-1,-1
75,18,995.21,189.57,56.89,183.10,0.6143,-1,-1,-1
75,13,483.43,196.22,89.43,194.22,0.5708,-1,-1,-1
75,19,379.03,898.15,111.49,181.90,0.6787,-1,-1,-1
75,15,843.24,171.98,54.44,183.81,0.3016,-1,-1,-1
76,1,406.36,326.27,83.45,227.30,0.7725,-1,-1,-1
76,2,102.00,544.40,75.04,250.23,0.7222,-1,-1,-1
76,3,1176.45,963.85,88.58,116.13,0.6895,-1,-1,-1
76,4,1721.47,459.05,74.56,207.91,0.6307,-1,-1,-1
76,5,1356.34,570.38,83.03,212.57,0.6480,-1,-1,-1
76,6,10.85,729.10,74.45,229.57,0.7471,-1,-1,-1
76,18,994.17,189.39,57.26,182.52,0.5753,-1,-1,-1
76,13,485.17,199.22,87.94,192.02,0.5547,-1,-1,-1
76,19,380.20,895.28,109.49,184.70,0.6912,-1,-1,-1
76,15,842.12,172.64,54.69,184.91,0.2416,-1,-1,-1
77,1,406.97,325.19,83.38,228.80,0.7667,-1,-1,-1
77,2,102.12,544.21,74.22,250.37,0.7223,-1,-1,-1
77,3,1176.25,963.64,88.45,116.31,0.6976,-1,-1,-1
77,4,1721.22,458.91,74.65,206.71,0.6227,-1,-1,-1
77,5,1355.94,569.99,84.30,214.19,0.6329,-1,-1,-1
77,6,11.00,727.62,74.29,230.61,0.7512,-1,-1,-1
77,18,993.32,190.06,57.88,181.24,0.5924,-1,-1,-1
77,13,491.04,201.26,81.42,189.48,0.5690,-1,-1,-1
77,19,381.79,893.01,107.30,186.94,0.7468,-1,-1,-1
77,15,842.10,173.67,54.84,184.35,0.2417,-1,-1,-1
78,1,407.01,324.61,83.43,229.29,0.7697,-1,-1,-1
78,2,101.89,544.20,73.86,250.11,0.7235,-1,-1,-1
78,3,1175.99,963.06,88.47,116.93,0.7209,-1,-1,-1
78,4,1720.95,459.61,75.14,205.89,0.6373,-1,-1,-1
78,5,1355.55,571.07,85.04,214.37,0.6385,-1,-1,-1
78,6,10.88,726.51,75.48,232.87,0.7458,-1,-1,-1
78,18,993.69,189.39,56.86,181.31,0.5651,-1,-1,-1
78,13,490.80,204.34,79.42,187.09,0.6007,-1,-1,-1
78,19,382.52,890.73,105.69,189.28,0.7541,-1,-1,-1
79,1,407.89,324.27,82.61,230.13,0.7798,-1,-1,-1
79,2,102.04,544.91,73.49,248.92,0.7260,-1,-1,-1
79,3,1175.87,962.91,88.27,117.06,0.7245,-1,-1,-1
79,4,1720.86,458.92,74.92,206.45,0.6471,-1,-1,-1
79,5,1355.29,572.09,85.27,213.72,0.6077,-1,-1,-1
79,6,11.60,725.98,75.79,232.97,0.7472,-1,-1,-1
79,18,992.42,190.32,57.72,179.39,0.5760,-1,-1,-1
79,13,489.98,203.40,80.56,190.73,0.5846,-1,-1,-1
79,19,384.81,887.49,102.95,192.50,0.7681,-1,-1,-1
80,1,409.26,324.02,81.34,229.69,0.7782,-1,-1,-1
80,2,102.20,545.31,73.07,248.43,0.7274,-1,-1,-1
80,3,1175.24,962.35,88.37,117.60,0.7372,-1,-1,-1
80,4,1720.97,459.67,75.05,206.06,0.6342,-1,-1,-1
80,5,1355.98,572.20,85.71,215.97,0.5759,-1,-1,-1
80,6,12.36,724.94,76.60,233.74,0.7279,-1,-1,-1
80,18,991.10,190.50,58.22,182.78,0.6078,-1,-1,-1
80,13,491.06,203.71,79.89,193.27,0.5726,-1,-1,-1
80,19,386.43,882.93,101.01,197.01,0.7887,-1,-1,-1
81,1,410.02,323.65,80.58,228.16,0.7616,-1,-1,-1
81,2,102.54,545.03,72.35,248.50,0.7277,-1,-1,-1
81,3,1175.98,961.91,87.10,118.12,0.7441,-1,-1,-1
81,4,1721.35,459.43,74.90,206.28,0.6198,-1,-1,-1
81,5,1355.70,571.96,86.01,217.25,0.5517,-1,-1,-1
81,6,12.96,724.42,75.87,233.74,0.7207,-1,-1,-1
81,18,989.98,191.20,58.29,182.87,0.6103,-1,-1,-1
81,13,491.81,204.37,79.04,195.68,0.5473,-1,-1,-1
81,19,387.58,879.42,99.91,200.62,0.7856,-1,-1,-1
82,1,411.90,323.38,79.85,226.95,0.7531,-1,-1,-1
82,2,102.44,545.64,72.19,247.29,0.7279,-1,-1,-1
82,3,1175.92,961.40,86.00,118.62,0.7318,-1,-1,-1
82,4,1721.41,459.43,74.64,206.52,0.6203,-1,-1,-1
82,5,1355.77,572.01,85.94,217.58,0.5458,-1,-1,-1
82,6,13.50,722.13,76.91,235.72,0.7267,-1,-1,-1
82,18,988.80,191.19,57.81,183.23,0.6100,-1,-1,-1
82,13,493.84,206.64,77.29,195.13,0.5548,-1,-1,-1
82,19,387.24,875.82,100.96,204.20,0.7834,-1,-1,-1
83,1,412.23,322.06,80.82,226.37,0.7642,-1,-1,-1
83,2,102.38,546.16,72.11,246.57,0.7279,-1,-1,-1
83,3,1175.47,961.50,85.06,118.46,0.7061,-1,-1,-1
83,4,1721.88,459.67,73.96,205.28,0.6162,-1,-1,-1
83,5,1356.04,571.52,85.86,218.70,0.5509,-1,-1,-1
83,6,14.71,720.38,76.16,237.27,0.7181,-1,-1,-1
83,18,987.35,191.57,57.69,182.74,0.5993,-1,-1,-1
83,13,494.33,207.27,78.16,195.07,0.5794,-1,-1,-1
83,19,387.99,873.17,101.20,206.76,0.7798,-1,-1,-1
84,1,413.43,320.42,80.13,226.01,0.7628,-1,-1,-1
84,2,102.29,546.03,72.27,247.09,0.7184,-1,-1,-1
84,3,1174.86,961.32,84.62,118.63,0.7229,-1,-1,-1
84,4,1721.69,459.58,74.33,205.66,0.5941,-1,-1,-1
84,5,1356.23,571.91,85.53,217.31,0.5448,-1,-1,-1
84,6,14.68,718.64,75.73,239.12,0.7204,-1,-1,-1
84,18,986.10,191.89,57.51,182.44,0.6088,-1,-1,-1
84,13,495.63,208.30,77.44,196.25,0.5986,-1,-1,-1
84,19,388.34,870.81,101.94,209.13,0.7704,-1,-1,-1
84,10,794.00,149.06,55.44,170.74,0.3685,-1,-1,-1
85,1,413.74,318.82,81.22,224.88,0.7578,-1,-1,-1
85,2,101.98,545.31,72.79,248.55,0.7189,-1,-1,-1
85,3,1174.54,961.30,84.05,118.66,0.7156,-1,-1,-1
85,4,1721.25,460.27,74.89,205.66,0.5997,-1,-1,-1
85,5,1356.54,572.59,85.99,220.62,0.4914,-1,-1,-1
85,6,15.93,717.56,76.37,240.13,0.7213,-1,-1,-1
85,18,983.73,191.04,58.91,184.36,0.5499,-1,-1,-1
85,13,496.11,209.29,77.37,195.45,0.5916,-1,-1,-1
85,19,388.81,868.82,102.38,211.14,0.7790,-1,-1,-1
85,10,793.59,149.21,55.01,171.11,0.3155,-1,-1,-1
86,1,414.51,317.57,81.40,222.37,0.7632,-1,-1,-1
86,2,102.02,545.87,73.15,247.70,0.7210,-1,-1,-1
86,3,1173.04,961.05,84.92,118.92,0.7083,-1,-1,-1
86,4,1721.75,458.29,75.04,208.57,0.6083,-1,-1,-1
86,5,1357.15,573.59,85.32,215.92,0.5345,-1,-1,-1
86,6,17.17,716.06,76.00,236.84,0.7462,-1,-1,-1
86,18,981.24,191.37,60.14,184.93,0.4836,-1,-1,-1
86,13,496.31,209.38,78.04,197.23,0.6103,-1,-1,-1
86,19,389.43,866.40,102.59,213.61,0.7884,-1,-1,-1
86,10,793.18,149.31,55.81,172.56,0.3062,-1,-1,-1
87,1,414.41,316.64,83.20,220.80,0.7752,-1,-1,-1
87,2,102.03,545.71,73.42,247.31,0.7339,-1,-1,-1
87,3,1173.06,960.65,83.81,119.31,0.7060,-1,-1,-1
87,4,1721.36,459.67,74.68,207.18,0.6337,-1,-1,-1
87,5,1357.10,573.71,84.52,215.43,0.5175,-1,-1,-1
87,6,18.70,713.95,74.75,228.94,0.7605,-1,-1,-1
87,18,979.14,191.80,61.61,182.24,0.4584,-1,-1,-1
87,13,496.11,210.03,79.60,196.29,0.6208,-1,-1,-1
87,19,389.83,864.36,103.42,215.62,0.7886,-1,-1,-1
87,10,792.39,149.12,56.74,173.63,0.3229,-1,-1,-1
87,11,746.73,185.93,52.97,179.05,0.4067,-1,-1,-1
87,15,835.23,179.63,61.17,189.06,0.3396,-1,-1,-1
88,1,414.20,315.48,84.47,220.09,0.7856,-1,-1,-1
88,2,102.03,546.09,73.52,246.59,0.7176,-1,-1,-1
88,3,1171.41,960.23,84.02,119.72,0.7425,-1,-1,-1
88,4,1720.89,460.03,74.83,206.57,0.6469,-1,-1,-1
88,5,1357.24,573.10,84.28,215.94,0.5503,-1,-1,-1
88,6,18.68,710.80,74.98,226.77,0.7290,-1,-1,-1
88,18,976.98,191.30,63.00,185.47,0.4217,-1,-1,-1
88,13,496.98,209.81,80.83,197.52,0.6171,-1,-1,-1
88,19,390.24,862.06,104.89,217.89,0.8055,-1,-1,-1
88,10,792.07,149.99,56.69,171.56,0.3239,-1,-1,-1
88,11,742.86,187.41,55.13,176.77,0.3604,-1,-1,-1
88,15,834.88,179.72,61.98,189.05,0.2770,-1,-1,-1
89,1,414.25,313.98,84.69,219.92,0.7766,-1,-1,-1
89,2,101.97,546.25,73.53,245.84,0.7235,-1,-1,-1
89,3,1171.09,959.79,82.16,120.13,0.7521,-1,-1,-1
89,4,1720.33,459.34,74.93,207.17,0.6363,-1,-1,-1
89,5,1357.18,573.60,84.46,217.47,0.5401,-1,-1,-1
89,6,18.33,706.52,76.27,227.25,0.7360,-1,-1,-1
89,18,975.56,192.91,63.80,185.19,0.4936,-1,-1,-1
89,13,497.46,208.85,82.46,199.03,0.6149,-1,-1,-1
89,19,391.30,860.92,104.18,219.04,0.8134,-1,-1,-1
89,10,791.39,150.15,55.98,172.76,0.2969,-1,-1,-1
89,11,738.14,189.08,58.65,175.44,0.2848,-1,-1,-1
89,15,834.22,174.71,58.17,190.22,0.2420,-1,-1,-1
90,1,414.85,312.59,84.46,220.15,0.7465,-1,-1,-1
90,2,101.74,546.57,73.73,245.34,0.7132,-1,-1,-1
90,3,1170.56,958.83,81.20,121.17,0.7642,-1,-1,-1
90,4,1720.37,459.42,74.60,206.82,0.6229,-1,-1,-1
90,5,1356.96,573.30,83.46,216.80,0.5379,-1,-1,-1
90,6,19.84,704.11,75.00,227.52,0.7341,-1,-1,-1
90,18,974.18,194.73,64.71,184.89,0.4130,-1,-1,-1
90,13,498.64,207.97,83.72,199.10,0.5996,-1,-1,-1
90,19,392.30,859.65,103.26,220.37,0.8173,-1,-1,-1
90,10,791.02,150.39,56.11,174.80,0.2611,-1,-1,-1
90,11,731.68,190.48,65.94,173.60,0.2119,-1,-1,-1
90,15,833.13,174.19,55.77,189.44,0.2755,-1,-1,-1
91,1,416.00,311.18,82.97,222.02,0.7446,-1,-1,-1
91,2,102.01,546.86,73.65,244.82,0.7045,-1,-1,-1
91,3,1169.53,957.64,80.79,122.36,0.7737,-1,-1,-1
91,4,1720.19,460.01,74.64,206.66,0.6295,-1,-1,-1
91,5,1356.84,572.39,83.71,219.13,0.5267,-1,-1,-1
91,6,21.02,701.17,74.22,226.96,0.7232,-1,-1,-1
91,18,973.62,193.94,63.75,184.27,0.3703,-1,-1,-1
91,13,500.99,208.50,80.60,199.29,0.5642,-1,-1,-1
91,19,392.25,857.65,103.95,222.37,0.8025,-1,-1,-1
91,10,791.28,149.82,55.65,185.58,0.2683,-1,-1,-1
91,11,732.68,191.68,62.07,172.77,0.1599,-1,-1,-1
91,15,832.47,173.96,56.59,190.01,0.2234,-1,-1,-1
92,1,416.67,310.65,82.68,223.25,0.7396,-1,-1,-1
92,2,102.14,546.78,73.47,244.92,0.7008,-1,-1,-1
92,3,1169.02,956.99,79.45,123.01,0.7608,-1,-1,-1
92,4,1720.56,460.01,74.55,206.78,0.6313,-1,-1,-1
92,5,1357.14,572.35,83.14,217.03,0.5334,-1,-1,-1
92,6,22.15,697.44,72.79,228.59,0.7175,-1,-1,-1
92,18,972.36,195.38,63.38,183.39,0.3989,-1,-1,-1
92,13,500.65,211.26,79.95,196.65,0.5916,-1,-1,-1
92,19,392.75,854.60,103.03,225.42,0.7956,-1,-1,-1
92,10,791.88,148.18,54.52,192.88,0.2662,-1,-1,-1
92,11,730.82,192.12,58.49,173.10,0.1623,-1,-1,-1
92,15,831.09,175.96,57.40,188.67,0.1698,-1,-1,-1
93,1,417.16,309.72,82.52,224.43,0.7307,-1,-1,-1
93,2,102.18,546.98,73.08,244.76,0.6920,-1,-1,-1
93,3,1168.20,956.62,78.55,123.38,0.7794,-1,-1,-1
93,4,1720.65,460.05,74.67,206.48,0.6211,-1,-1,-1
93,5,1356.99,572.05,82.86,216.70,0.5193,-1,-1,-1
93,6,23.34,697.24,71.61,226.30,0.7097,-1,-1,-1
93,18,972.33,195.46,62.51,185.62,0.3529,-1,-1,-1
93,13,501.48,209.98,79.26,198.08,0.5533,-1,-1,-1
93,19,393.63,851.38,102.82,228.64,0.8025,-1,-1,-1
93,10,792.11,147.87,53.75,193.79,0.2303,-1,-1,-1
93,11,730.28,192.25,54.20,172.93,0.1724,-1,-1,-1
94,1,417.24,309.09,82.49,224.84,0.7309,-1,-1,-1
94,2,102.11,547.23,73.46,244.58,0.6883,-1,-1,-1
94,3,1167.40,955.73,77.16,124.30,0.7913,-1,-1,-1
94,4,1721.29,460.12,74.50,206.87,0.6237,-1,-1,-1
94,5,1356.93,572.29,83.32,217.19,0.4743,-1,-1,-1
94,6,23.70,696.74,70.98,225.05,0.7146,-1,-1,-1
94,18,971.64,196.77,62.20,186.05,0.3338,-1,-1,-1
94,13,501.52,210.92,78.17,198.87,0.5257,-1,-1,-1
94,19,394.22,849.09,102.73,231.03,0.7917,-1,-1,-1
94,10,791.47,148.38,54.28,192.32,0.2224,-1,-1,-1
95,1,416.85,308.00,82.77,226.27,0.7426,-1,-1,-1
95,2,101.98,547.20,73.67,244.36,0.6856,-1,-1,-1
95,3,1165.90,954.15,77.30,125.85,0.7874,-1,-1,-1
95,4,1721.59,460.06,73.70,206.90,0.6121,-1,-1,-1
95,5,1356.84,573.27,83.35,216.56,0.4462,-1,-1,-1
95,6,25.13,695.84,69.50,225.73,0.7153,-1,-1,-1
95,18,970.84,197.32,61.86,187.86,0.3209,-1,-1,-1
95,13,503.06,212.70,76.75,199.24,0.4971,-1,-1,-1
95,19,395.08,844.66,101.56,235.38,0.7978,-1,-1,-1
95,10,790.04,149.49,56.72,199.78,0.1733,-1,-1,-1
96,1,417.57,307.21,83.61,226.89,0.7600,-1,-1,-1
96,2,101.84,547.05,73.63,244.00,0.6780,-1,-1,-1
96,3,1164.94,953.29,76.17,126.71,0.7956,-1,-1,-1
96,4,1721.57,459.36,73.67,206.99,0.6217,-1,-1,-1
96,5,1356.85,573.36,84.24,219.98,0.4982,-1,-1,-1
96,6,26.06,694.04,68.57,228.17,0.7191,-1,-1,-1
96,18,968.87,199.12,61.39,189.59,0.4078,-1,-1,-1
96,13,506.45,212.28,77.92,202.79,0.5511,-1,-1,-1
96,19,395.37,841.62,100.83,238.41,0.8078,-1,-1,-1
96,10,790.23,150.38,57.07,207.06,0.1549,-1,-1,-1
97,1,417.65,306.63,83.40,227.33,0.7583,-1,-1,-1
97,2,101.88,547.08,73.52,244.62,0.6834,-1,-1,-1
97,3,1163.58,951.87,75.13,128.15,0.7830,-1,-1,-1
97,4,1721.74,459.40,73.96,207.54,0.6385,-1,-1,-1
97,5,1356.64,572.75,83.98,221.16,0.5217,-1,-1,-1
97,6,25.85,692.95,68.79,228.57,0.7186,-1,-1,-1
97,18,966.80,199.50,61.24,190.70,0.3789,-1,-1,-1
97,13,509.09,213.29,75.82,204.13,0.5290,-1,-1,-1
97,19,395.60,840.54,99.00,239.53,0.8022,-1,-1,-1
98,1,418.20,305.30,82.93,228.72,0.7630,-1,-1,-1
98,2,101.73,546.89,73.52,244.67,0.6729,-1,-1,-1
98,3,1161.53,949.88,75.66,130.13,0.7766,-1,-1,-1
98,4,1721.92,456.83,73.92,210.40,0.6373,-1,-1,-1
98,5,1357.00,573.05,82.47,219.22,0.5191,-1,-1,-1
98,6,26.03,692.29,68.79,229.06,0.7198,-1,-1,-1
98,18,964.82,199.85,61.86,190.56,0.4792,-1,-1,-1
98,13,510.80,214.17,73.94,204.68,0.5616,-1,-1,-1
98,19,395.39,838.73,97.62,241.32,0.8024,-1,-1,-1
99,1,418.61,304.84,83.20,228.88,0.7623,-1,-1,-1
99,2,101.68,546.59,73.55,245.04,0.6742,-1,-1,-1
99,3,1159.89,947.25,76.23,132.76,0.7663,-1,-1,-1
99,4,1722.12,458.48,73.66,209.00,0.6250,-1,-1,-1
99,5,1357.06,573.45,82.04,215.07,0.5442,-1,-1,-1
99,6,26.59,691.63,68.89,228.99,0.7222,-1,-1,-1
99,18,962.95,200.44,61.72,190.08,0.4281,-1,-1,-1
99,13,512.52,214.60,71.64,204.76,0.5248,-1,-1,-1
99,19,395.06,834.77,97.09,245.26,0.8039,-1,-1,-1
100,1,419.54,303.46,83.06,229.33,0.7519,-1,-1,-1
100,2,101.85,545.60,73.17,247.48,0.6636,-1,-1,-1
100,3,1158.87,946.18,75.11,133.85,0.7547,-1,-1,-1
100,4,1721.96,459.16,73.71,208.28,0.6092,-1,-1,-1
100,5,1356.93,573.99,82.15,214.52,0.5228,-1,-1,-1
100,6,26.82,690.09,69.75,229.66,0.7321,-1,-1,-1
100,18,961.50,201.42,60.89,188.94,0.4507,-1,-1,-1
100,13,512.08,214.22,70.71,206.52,0.4419,-1,-1,-1
100,19,394.18,831.98,96.96,248.06,0.7950,-1,-1,-1
101,1,419.92,302.33,83.37,229.58,0.7663,-1,-1,-1
101,2,102.01,545.19,73.16,248.30,0.6692,-1,-1,-1
101,3,1157.35,945.39,74.67,134.15,0.7601,-1,-1,-1
101,4,1721.79,459.54,74.03,208.00,0.6193,-1,-1,-1
101,5,1356.86,574.36,82.30,214.55,0.5139,-1,-1,-1
101,6,28.00,688.02,69.63,227.33,0.7361,-1,-1,-1
101,18,960.20,202.06,60.41,185.28,0.4397,-1,-1,-1
101,13,512.22,216.23,71.23,207.39,0.5114,-1,-1,-1
101,19,392.57,830.05,97.50,249.98,0.7904,-1,-1,-1
101,21,1167.55,162.94,85.00,160.56,0.3464,-1,-1,-1
102,1,420.62,300.37,82.79,229.83,0.7647,-1,-1,-1
102,2,102.28,544.74,73.22,248.68,0.6749,-1,-1,-1
102,3,1156.15,944.12,73.38,134.82,0.7412,-1,-1,-1
102,4,1721.93,459.95,73.57,207.35,0.6225,-1,-1,-1
102,5,1356.88,574.36,82.47,216.46,0.5031,-1,-1,-1
102,6,28.35,685.47,69.91,224.82,0.7534,-1,-1,-1
102,18,957.78,203.22,60.61,183.97,0.4928,-1,-1,-1
102,13,512.53,217.23,71.77,207.61,0.5151,-1,-1,-1
102,19,391.00,827.22,98.60,252.76,0.7982,-1,-1,-1
102,21,1167.89,157.50,79.30,166.47,0.2633,-1,-1,-1
103,1,420.61,299.17,82.70,228.55,0.7478,-1,-1,-1
103,2,102.34,544.72,73.12,249.18,0.6723,-1,-1,-1
103,3,1154.68,941.72,72.36,137.01,0.7409,-1,-1,-1
103,4,1721.34,459.93,74.20,206.80,0.6104,-1,-1,-1
103,5,1357.21,574.02,82.80,217.84,0.4886,-1,-1,-1
103,6,30.24,684.18,69.22,220.95,0.7641,-1,-1,-1
103,18,954.88,201.56,60.96,184.72,0.4968,-1,-1,-1
103,13,511.87,217.01,73.41,209.65,0.5134,-1,-1,-1
103,19,389.18,825.39,100.21,254.64,0.7943,-1,-1,-1
103,21,1168.26,154.85,73.48,168.52,0.2511,-1,-1,-1
104,1,421.11,298.90,81.75,225.65,0.7410,-1,-1,-1
104,2,102.62,544.11,73.00,249.99,0.6569,-1,-1,-1
104,3,1152.47,941.27,71.21,137.43,0.7274,-1,-1,-1
104,4,1721.55,459.40,73.43,206.80,0.6166,-1,-1,-1
104,5,1357.27,574.26,83.06,218.77,0.4488,-1,-1,-1
104,6,32.11,682.15,68.42,220.04,0.7644,-1,-1,-1
104,18,952.86,201.65,60.90,184.84,0.4644,-1,-1,-1
104,13,512.58,216.84,75.64,210.00,0.5279,-1,-1,-1
104,19,387.54,822.77,101.50,257.22,0.8051,-1,-1,-1
104,21,1167.81,153.68,67.98,167.89,0.2357,-1,-1,-1
105,1,420.91,298.13,82.24,220.99,0.7367,-1,-1,-1
105,2,102.78,544.26,73.14,249.86,0.6828,-1,-1,-1
105,3,1151.03,940.47,69.85,137.77,0.7223,-1,-1,-1
105,4,1721.28,458.96,74.28,206.93,0.6146,-1,-1,-1
105,5,1357.13,574.24,84.74,224.09,0.4631,-1,-1,-1
105,6,34.66,680.90,67.98,221.28,0.7762,-1,-1,-1
105,18,950.83,201.26,60.67,186.53,0.4983,-1,-1,-1
105,13,514.13,220.26,74.23,206.37,0.5063,-1,-1,-1
105,19,386.83,821.02,101.99,258.97,0.8107,-1,-1,-1
105,21,1165.97,153.38,67.05,168.58,0.2129,-1,-1,-1
106,1,421.39,297.03,81.78,217.05,0.7388,-1,-1,-1
106,2,102.99,545.35,73.17,248.94,0.6621,-1,-1,-1
106,3,1149.84,939.69,68.89,138.83,0.7099,-1,-1,-1
106,4,1721.31,459.54,74.01,206.77,0.6220,-1,-1,-1
106,5,1357.17,574.38,83.09,220.67,0.4974,-1,-1,-1
106,6,35.83,679.66,69.96,222.20,0.7827,-1,-1,-1
106,18,949.10,201.45,60.01,186.34,0.5162,-1,-1,-1
106,13,514.27,220.14,73.76,205.93,0.4994,-1,-1,-1
106,19,385.77,819.04,102.41,260.96,0.8044,-1,-1,-1
106,21,1165.55,152.51,63.95,169.34,0.2383,-1,-1,-1
107,1,421.15,295.75,81.71,215.80,0.7488,-1,-1,-1
107,2,103.18,545.92,73.24,249.02,0.6635,-1,-1,-1
107,3,1147.82,938.35,69.87,140.29,0.7252,-1,-1,-1
107,4,1721.02,459.56,74.30,206.77,0.6312,-1,-1,-1
107,5,1356.93,574.34,84.43,222.87,0.4671,-1,-1,-1
107,6,36.33,678.76,74.46,222.27,0.7875,-1,-1,-1
107,18,948.73,203.74,58.91,186.51,0.5249,-1,-1,-1
107,13,514.39,222.98,72.75,202.97,0.5126,-1,-1,-1
107,19,385.48,817.57,101.55,262.39,0.8080,-1,-1,-1
107,21,1164.90,152.94,59.81,167.51,0.2944,-1,-1,-1
108,1,421.04,294.38,81.88,216.05,0.7385,-1,-1,-1
108,2,103.16,545.86,73.68,250.18,0.6420,-1,-1,-1
108,3,1145.87,937.73,70.50,140.59,0.7299,-1,-1,-1
108,4,1720.87,459.18,74.35,207.03,0.6398,-1,-1,-1
108,5,1356.88,574.90,85.10,222.05,0.4999,-1,-1,-1
108,6,37.18,676.94,78.98,224.12,0.8083,-1,-1,-1
108,18,946.44,205.10,59.93,188.61,0.5480,-1,-1,-1
108,13,515.39,223.85,69.24,202.31,0.4525,-1,-1,-1
108,19,385.57,815.94,100.81,263.97,0.8066,-1,-1,-1
108,21,1163.09,152.67,56.74,169.11,0.3967,-1,-1,-1
109,1,420.05,293.78,83.23,216.05,0.7416,-1,-1,-1
109,2,103.11,545.58,73.51,251.35,0.6548,-1,-1,-1
109,3,1143.87,936.94,70.91,141.95,0.7533,-1,-1,-1
109,4,1721.53,458.82,73.32,206.49,0.6155,-1,-1,-1
109,5,1356.65,575.43,83.63,218.21,0.5248,-1,-1,-1
109,6,38.21,675.97,79.07,225.07,0.8148,-1,-1,-1
109,18,945.31,204.97,59.36,188.38,0.6070,-1,-1,-1
109,13,515.86,225.15,67.74,201.16,0.4470,-1,-1,-1
109,19,385.55,811.92,100.05,268.02,0.8130,-1,-1,-1
109,21,1161.32,152.72,55.82,168.15,0.3701,-1,-1,-1
110,1,419.63,291.78,84.26,217.83,0.7468,-1,-1,-1
110,2,103.08,545.05,73.58,253.89,0.6551,-1,-1,-1
110,3,1141.16,936.54,72.00,142.89,0.7564,-1,-1,-1
110,4,1721.47,459.25,73.58,207.45,0.6223,-1,-1,-1
110,5,1356.68,576.03,84.14,218.18,0.5029,-1,-1,-1
110,6,39.08,673.76,85.82,225.99,0.7995,-1,-1,-1
110,18,944.49,205.84,58.03,187.25,0.6177,-1,-1,-1
110,13,514.82,227.12,65.15,198.90,0.4356,-1,-1,-1
110,19,385.99,806.81,98.75,273.13,0.8169,-1,-1,-1
110,21,1158.78,150.44,56.76,172.37,0.3679,-1,-1,-1
111,1,419.87,289.40,84.78,220.85,0.7345,-1,-1,-1
111,2,102.85,544.78,73.47,255.08,0.6588,-1,-1,-1
111,3,1138.70,935.86,72.78,143.93,0.7608,-1,-1,-1
111,4,1721.79,457.10,73.49,209.67,0.5941,-1,-1,-1
111,5,1356.78,575.94,82.46,214.52,0.5085,-1,-1,-1
111,6,40.91,671.66,89.42,226.17,0.7704,-1,-1,-1
111,18,942.75,206.80,58.79,187.12,0.6485,-1,-1,-1
111,13,516.01,227.75,70.70,199.09,0.5176,-1,-1,-1
111,19,387.15,802.29,97.67,277.66,0.8209,-1,-1,-1
111,21,1155.17,149.63,55.71,171.15,0.3398,-1,-1,-1
112,1,419.48,288.01,84.97,222.33,0.7353,-1,-1,-1
112,2,103.11,544.80,72.92,255.17,0.6417,-1,-1,-1
112,3,1137.80,934.82,72.49,145.15,0.7561,-1,-1,-1
112,4,1721.95,456.62,73.68,210.45,0.6132,-1,-1,-1
112,5,1357.19,575.38,81.54,212.49,0.5610,-1,-1,-1
112,6,43.23,670.34,90.28,226.07,0.7180,-1,-1,-1
112,18,940.91,208.95,59.20,185.75,0.6370,-1,-1,-1
112,13,517.22,230.50,72.75,198.22,0.5551,-1,-1,-1
112,19,388.19,799.78,96.46,277.51,0.8146,-1,-1,-1
112,21,1151.96,149.39,57.66,169.71,0.4274,-1,-1,-1
113,1,419.99,287.04,85.16,223.57,0.7439,-1,-1,-1
113,2,103.57,545.36,72.26,253.00,0.6697,-1,-1,-1
113,3,1135.40,934.27,73.39,145.77,0.7562,-1,-1,-1
113,4,1721.83,459.05,73.77,207.12,0.6323,-1,-1,-1
113,5,1356.86,575.43,82.94,215.30,0.5359,-1,-1,-1
113,6,45.50,669.85,84.01,225.38,0.6617,-1,-1,-1
113,18,940.04,210.02,58.34,185.37,0.6525,-1,-1,-1
113,13,518.00,232.90,73.23,198.14,0.5485,-1,-1,-1
113,19,388.38,797.46,95.93,274.40,0.8058,-1,-1,-1
113,21,1147.59,149.92,61.12,167.92,0.4297,-1,-1,-1
114,1,419.80,286.03,86.61,223.38,0.7350,-1,-1,-1
114,2,103.68,545.38,72.09,251.94,0.6596,-1,-1,-1
114,3,1133.31,933.41,73.33,146.60,0.7548,-1,-1,-1
114,4,1721.78,457.18,73.71,209.59,0.6200,-1,-1,-1
114,5,1356.92,575.35,82.29,215.25,0.5372,-1,-1,-1
114,6,47.90,668.09,82.98,225.94,0.6571,-1,-1,-1
114,18,937.56,209.90,58.49,185.56,0.6028,-1,-1,-1
114,13,519.30,234.91,74.02,200.17,0.5678,-1,-1,-1
114,19,388.90,794.27,95.71,272.51,0.8081,-1,-1,-1
114,21,1137.16,149.61,70.39,167.63,0.3077,-1,-1,-1
115,1,420.10,286.18,86.93,222.78,0.7589,-1,-1,-1
115,2,103.94,545.35,71.55,252.87,0.6312,-1,-1,-1
115,3,1129.83,933.46,74.96,146.55,0.7634,-1,-1,-1
115,4,1721.62,456.87,74.24,210.50,0.6522,-1,-1,-1
115,5,1356.99,575.05,82.66,214.36,0.5499,-1,-1,-1
115,6,52.18,666.07,82.20,226.93,0.6847,-1,-1,-1
115,18,936.89,210.56,57.50,184.35,0.6125,-1,-1,-1
115,13,521.09,236.40,74.73,201.03,0.6075,-1,-1,-1
115,19,389.21,790.91,97.18,271.09,0.8049,-1,-1,-1
115,21,1125.69,148.64,79.58,169.32,0.2877,-1,-1,-1
116,1,419.71,285.48,87.21,223.42,0.7554,-1,-1,-1
116,2,103.64,546.10,70.98,249.10,0.5928,-1,-1,-1
116,3,1127.07,933.80,75.17,146.18,0.7662,-1,-1,-1
116,4,1721.65,459.37,73.94,207.80,0.6301,-1,-1,-1
116,5,1356.62,574.98,83.51,216.93,0.5447,-1,-1,-1
116,6,57.67,664.70,78.32,222.87,0.6927,-1,-1,-1
116,18,935.12,211.14,58.14,182.94,0.5613,-1,-1,-1
116,13,520.69,236.11,74.71,202.45,0.5903,-1,-1,-1
116,19,390.25,788.21,98.15,272.45,0.8108,-1,-1,-1
116,21,1118.65,149.22,83.95,169.39,0.3419,-1,-1,-1
116,23,475.20,153.60,60.44,177.53,0.3681,-1,-1,-1
117,1,419.80,285.01,87.08,223.79,0.7546,-1,-1,-1
117,2,103.42,545.99,70.80,246.13,0.5551,-1,-1,-1
117,3,1124.53,933.90,75.78,145.67,0.7593,-1,-1,-1
117,4,1721.39,459.57,74.15,207.02,0.6431,-1,-1,-1
117,5,1356.20,575.66,84.45,220.13,0.5572,-1,-1,-1
117,6,65.23,664.29,75.06,218.38,0.7184,-1,-1,-1
117,18,934.14,211.15,56.82,181.16,0.5330,-1,-1,-1
117,13,520.67,236.48,74.40,203.30,0.5523,-1,-1,-1
117,19,390.29,786.54,99.41,272.68,0.8088,-1,-1,-1
117,21,1110.80,147.29,88.81,172.42,0.3499,-1,-1,-1
117,23,475.76,155.65,59.97,176.78,0.2548,-1,-1,-1
118,1,420.50,284.64,86.10,223.84,0.7448,-1,-1,-1
118,2,100.35,545.37,73.76,246.43,0.5337,-1,-1,-1
118,3,1121.50,933.87,77.21,145.84,0.7777,-1,-1,-1
118,4,1721.45,459.80,73.98,206.61,0.6526,-1,-1,-1
118,5,1356.44,575.96,83.92,216.06,0.5157,-1,-1,-1
118,6,70.87,665.48,72.01,213.30,0.6108,-1,-1,-1
118,18,930.87,211.44,58.43,182.74,0.5605,-1,-1,-1
118,13,520.37,235.95,74.57,206.20,0.5833,-1,-1,-1
118,19,390.29,784.81,100.89,275.32,0.7998,-1,-1,-1
118,21,1107.22,146.71,89.76,173.23,0.3872,-1,-1,-1
118,23,477.11,161.82,57.94,168.25,0.1743,-1,-1,-1
119,1,420.62,284.39,85.64,223.78,0.7467,-1,-1,-1
119,2,99.36,546.07,74.92,252.82,0.5141,-1,-1,-1
119,3,1118.29,933.98,78.06,145.97,0.7949,-1,-1,-1
119,4,1720.92,459.67,74.80,206.78,0.6544,-1,-1,-1
119,5,1356.72,575.84,83.55,217.28,0.4834,-1,-1,-1
119,6,76.07,667.90,71.96,209.59,0.5398,-1,-1,-1
119,18,930.28,210.97,56.80,184.98,0.5362,-1,-1,-1
119,13,520.34,237.15,73.28,207.11,0.6034,-1,-1,-1
119,19,391.76,783.53,100.63,275.24,0.8011,-1,-1,-1
119,21,1103.93,145.86,91.46,174.76,0.4334,-1,-1,-1
119,23,478.32,161.76,56.28,169.35,0.3116,-1,-1,-1
120,1,420.89,283.81,85.16,224.37,0.7471,-1,-1,-1
120,2,99.12,545.60,75.12,255.91,0.5083,-1,-1,-1
120,3,1114.76,933.53,78.71,146.46,0.7977,-1,-1,-1
120,4,1720.86,459.86,75.04,206.86,0.6283,-1,-1,-1
120,5,1356.50,576.96,83.28,213.63,0.4823,-1,-1,-1
120,6,81.03,666.54,69.76,207.77,0.5921,-1,-1,-1
120,18,929.08,211.21,56.74,186.09,0.5363,-1,-1,-1
120,13,520.97,239.86,71.87,203.98,0.5784,-1,-1,-1
120,19,392.46,782.26,100.66,275.39,0.8034,-1,-1,-1
120,21,1101.65,145.84,92.71,174.63,0.4385,-1,-1,-1
120,23,478.21,162.63,55.54,163.15,0.2519,-1,-1,-1
121,1,421.10,282.21,84.35,225.05,0.7513,-1,-1,-1
121,2,99.79,544.91,74.60,248.96,0.4920,-1,-1,-1
121,3,1110.98,932.86,79.73,147.16,0.7763,-1,-1,-1
121,4,1721.48,457.08,74.31,209.93,0.6361,-1,-1,-1
121,5,1356.50,576.30,82.89,213.07,0.5528,-1,-1,-1
121,6,82.04,664.47,71.68,210.10,0.6927,-1,-1,-1
121,18,927.05,211.42,57.32,186.70,0.4907,-1,-1,-1
121,13,521.80,242.33,68.87,200.85,0.5766,-1,-1,-1
121,19,392.82,780.18,100.99,276.64,0.8024,-1,-1,-1
121,21,1101.99,145.61,88.89,174.04,0.4005,-1,-1,-1
121,23,479.02,165.56,54.43,162.37,0.3190,-1,-1,-1
122,1,421.32,281.17,84.14,223.98,0.7522,-1,-1,-1
122,2,101.46,545.97,72.05,221.55,0.4591,-1,-1,-1
122,3,1107.05,932.38,80.45,147.63,0.7838,-1,-1,-1
122,4,1720.67,458.82,75.24,207.98,0.6483,-1,-1,-1
122,5,1356.61,576.16,83.78,215.66,0.4783,-1,-1,-1
122,6,84.29,661.76,74.83,212.54,0.6642,-1,-1,-1
122,18,925.93,211.40,56.27,187.05,0.4256,-1,-1,-1
122,13,521.41,242.71,67.08,199.93,0.5997,-1,-1,-1
122,19,392.66,779.19,101.74,277.09,0.7996,-1,-1,-1
122,21,1103.11,145.20,85.09,173.36,0.3584,-1,-1,-1
122,23,478.43,165.99,54.76,160.77,0.2965,-1,-1,-1
122,24,625.73,750.96,57.32,168.87,0.3511,-1,-1,-1
123,1,422.04,280.19,83.21,221.73,0.7334,-1,-1,-1
123,2,102.30,546.10,70.91,210.58,0.4808,-1,-1,-1
123,3,1104.52,931.60,79.97,148.08,0.7825,-1,-1,-1
123,4,1720.81,458.90,75.48,207.91,0.6473,-1,-1,-1
123,5,1356.54,576.38,83.94,213.55,0.5550,-1,-1,-1
123,6,85.39,659.40,76.26,213.96,0.6612,-1,-1,-1
123,18,925.28,210.26,56.01,188.51,0.4612,-1,-1,-1
123,13,521.68,244.36,66.39,197.50,0.5735,-1,-1,-1
123,19,392.46,777.91,102.06,277.25,0.7934,-1,-1,-1
123,21,1104.76,144.67,79.01,173.07,0.3435,-1,-1,-1
123,23,477.71,164.71,55.37,163.25,0.2988,-1,-1,-1
123,24,625.53,751.97,57.09,167.76,0.3277,-1,-1,-1
124,1,422.31,279.07,82.66,218.74,0.7284,-1,-1,-1
124,2,102.18,545.30,71.02,212.30,0.3544,-1,-1,-1
124,3,1101.31,930.23,79.83,149.23,0.7833,-1,-1,-1
124,4,1720.73,459.37,75.43,207.11,0.6141,-1,-1,-1
124,5,1356.72,576.34,83.69,214.24,0.5150,-1,-1,-1
124,6,90.84,657.11,72.70,216.15,0.5097,-1,-1,-1
124,18,923.06,210.14,56.68,188.64,0.4643,-1,-1,-1
124,13,522.48,244.96,68.16,197.54,0.5243,-1,-1,-1
124,19,393.16,777.34,102.62,275.11,0.7935,-1,-1,-1
124,21,1104.27,143.49,74.48,172.42,0.3048,-1,-1,-1
124,23,477.72,165.72,55.17,164.00,0.2212,-1,-1,-1
124,24,625.51,752.64,57.44,167.07,0.2630,-1,-1,-1
125,1,422.76,278.28,81.92,214.96,0.7081,-1,-1,-1
125,2,102.37,545.21,70.68,209.96,0.3379,-1,-1,-1
125,3,1097.70,929.69,80.20,150.01,0.7886,-1,-1,-1
125,4,1720.82,458.46,74.98,208.27,0.6331,-1,-1,-1
125,5,1356.96,575.98,83.25,214.77,0.4874,-1,-1,-1
125,6,96.27,654.03,67.39,219.34,0.4097,-1,-1,-1
125,18,921.19,210.45,56.26,188.81,0.4719,-1,-1,-1
125,13,522.85,247.11,67.46,192.66,0.5244,-1,-1,-1
125,19,393.37,775.13,102.19,276.12,0.7895,-1,-1,-1
125,21,1104.66,141.93,70.50,173.35,0.3247,-1,-1,-1
125,24,625.68,752.58,57.32,167.52,0.2412,-1,-1,-1
126,1,422.10,277.38,82.19,213.81,0.7062,-1,-1,-1
126,2,102.43,544.32,70.58,227.36,0.2324,-1,-1,-1
126,3,1094.13,929.14,80.83,150.51,0.8039,-1,-1,-1
126,4,1720.54,458.53,75.00,208.67,0.6344,-1,-1,-1
126,5,1357.40,575.98,82.44,213.20,0.5265,-1,-1,-1
126,6,99.50,653.52,65.50,218.95,0.2817,-1,-1,-1
126,18,919.81,210.92,54.37,189.15,0.4832,-1,-1,-1
126,13,523.15,248.56,67.59,191.97,0.5495,-1,-1,-1
126,19,393.44,771.11,100.07,278.34,0.8009,-1,-1,-1
126,21,1104.19,140.94,64.85,172.71,0.3629,-1,-1,-1
126,24,626.00,751.85,57.00,167.46,0.2786,-1,-1,-1
127,1,422.59,276.87,81.02,213.35,0.6883,-1,-1,-1
127,2,102.73,543.96,70.46,180.83,0.2614,-1,-1,-1
127,3,1090.80,928.96,82.11,150.97,0.8079,-1,-1,-1
127,4,1720.84,458.91,74.88,207.90,0.6579,-1,-1,-1
127,5,1357.55,576.50,82.56,213.52,0.5205,-1,-1,-1
127,6,106.47,652.91,66.65,220.38,0.1956,-1,-1,-1
127,18,918.51,210.98,53.70,189.22,0.4227,-1,-1,-1
127,13,523.81,251.35,67.15,189.36,0.5623,-1,-1,-1
127,19,394.06,766.71,97.50,277.39,0.7940,-1,-1,-1
127,21,1104.47,140.79,58.98,172.81,0.3625,-1,-1,-1
127,24,625.25,751.99,58.02,167.12,0.2337,-1,-1,-1
128,1,422.56,276.32,80.28,212.97,0.6687,-1,-1,-1
128,2,102.68,543.69,70.50,160.76,0.3949,-1,-1,-1
128,3,1087.77,928.21,81.74,151.53,0.7923,-1,-1,-1
128,4,1720.86,459.13,75.23,207.30,0.6280,-1,-1,-1
128,5,1357.31,576.65,82.86,214.48,0.5056,-1,-1,-1
128,6,109.44,658.94,67.24,215.16,0.2228,-1,-1,-1
128,18,915.24,212.01,54.65,189.62,0.4349,-1,-1,-1
128,13,524.60,253.94,65.95,188.45,0.5365,-1,-1,-1
128,19,393.76,762.06,97.65,276.75,0.7920,-1,-1,-1
128,21,1101.28,140.55,58.61,172.48,0.3977,-1,-1,-1
128,24,625.21,751.40,57.20,166.95,0.2336,-1,-1,-1
129,1,420.25,275.64,80.72,215.25,0.6905,-1,-1,-1
129,2,102.81,544.10,70.10,152.49,0.3459,-1,-1,-1
129,3,1085.50,927.66,81.33,151.87,0.7887,-1,-1,-1
129,4,1720.81,458.61,75.06,206.70,0.6353,-1,-1,-1
129,5,1362.42,576.06,79.71,219.09,0.4778,-1,-1,-1
129,18,912.24,212.91,55.83,188.11,0.4730,-1,-1,-1
129,13,525.35,255.27,64.56,190.77,0.5923,-1,-1,-1
129,19,395.19,757.38,95.72,272.89,0.7938,-1,-1,-1
129,21,1097.71,138.83,59.03,171.95,0.2990,-1,-1,-1
129,24,625.43,752.06,56.67,166.91,0.2958,-1,-1,-1
130,1,419.27,274.19,80.95,217.36,0.7043,-1,-1,-1
130,2,102.83,544.06,71.04,215.89,0.5561,-1,-1,-1
130,3,1082.21,926.96,81.90,152.30,0.7805,-1,-1,-1
130,4,1721.20,458.43,74.67,207.45,0.6128,-1,-1,-1
130,5,1360.19,575.71,81.95,218.27,0.4889,-1,-1,-1
130,18,906.36,214.07,60.70,187.07,0.4834,-1,-1,-1
130,13,526.86,257.36,62.22,192.20,0.5549,-1,-1,-1
130,19,396.57,754.38,93.91,267.37,0.7506,-1,-1,-1
130,21,1094.74,138.22,59.16,173.82,0.2549,-1,-1,-1
130,24,625.04,752.07,57.04,166.14,0.3087,-1,-1,-1
131,1,419.94,273.01,80.07,218.50,0.6633,-1,-1,-1
131,2,103.00,543.64,71.41,234.48,0.6457,-1,-1,-1
131,3,1080.35,926.72,81.04,151.72,0.7588,-1,-1,-1
131,4,1721.27,458.87,74.37,207.16,0.6183,-1,-1,-1
131,5,1360.56,576.45,81.53,215.66,0.5049,-1,-1,-1
131,18,901.99,214.30,63.29,186.60,0.4995,-1,-1,-1
131,13,527.91,257.81,61.11,197.54,0.5054,-1,-1,-1
131,19,396.36,752.10,93.23,264.41,0.7424,-1,-1,-1
131,21,1091.18,137.89,59.33,174.12,0.2681,-1,-1,-1
131,24,625.23,753.61,56.85,164.44,0.2830,-1,-1,-1
132,1,419.45,272.76,80.64,219.08,0.6503,-1,-1,-1
132,2,102.77,544.12,72.81,243.83,0.5847,-1,-1,-1
132,3,1079.07,927.12,80.93,151.18,0.7712,-1,-1,-1
132,4,1721.31,459.17,74.29,207.04,0.6176,-1,-1,-1
132,5,1359.83,576.27,81.57,215.32,0.5142,-1,-1,-1
132,18,899.91,213.50,66.06,187.45,0.4838,-1,-1,-1
132,13,529.29,254.67,61.85,203.07,0.5013,-1,-1,-1
132,19,394.59,749.80,93.78,265.17,0.7531,-1,-1,-1
132,21,1089.68,138.99,58.03,171.02,0.3918,-1,-1,-1
132,24,624.58,752.90,58.29,166.07,0.2327,-1,-1,-1
133,1,418.81,271.96,81.12,219.59,0.6423,-1,-1,-1
133,2,102.50,544.50,74.00,247.17,0.5381,-1,-1,-1
133,3,1077.57,927.30,80.91,151.09,0.7793,-1,-1,-1
133,4,1720.99,458.86,74.54,206.73,0.6037,-1,-1,-1
133,5,1358.44,576.60,83.07,214.36,0.4931,-1,-1,-1
133,18,899.16,211.56,67.34,190.56,0.4773,-1,-1,-1
133,13,530.63,253.76,60.65,206.11,0.5164,-1,-1,-1
133,19,391.57,748.35,96.57,265.16,0.7546,-1,-1,-1
133,21,1084.12,139.52,58.83,170.00,0.3847,-1,-1,-1
133,24,624.18,752.74,58.69,167.34,0.2535,-1,-1,-1
134,1,418.30,272.35,81.25,218.90,0.6428,-1,-1,-1
134,2,102.36,544.99,75.49,240.77,0.5151,-1,-1,-1
134,3,1075.85,927.06,79.55,150.93,0.7848,-1,-1,-1
134,4,1721.07,459.39,74.24,206.85,0.5935,-1,-1,-1
134,5,1358.52,575.97,83.48,216.12,0.4821,-1,-1,-1
134,18,898.27,211.77,67.03,190.36,0.4619,-1,-1,-1
134,13,531.53,255.17,58.12,204.46,0.5156,-1,-1,-1
134,19,389.68,747.31,98.07,265.52,0.7701,-1,-1,-1
134,21,1076.48,139.32,65.01,171.19,0.4334,-1,-1,-1
134,24,624.26,753.05,58.61,167.39,0.2428,-1,-1,-1
135,1,416.51,271.36,82.81,219.19,0.6425,-1,-1,-1
135,2,101.69,543.50,77.18,243.14,0.6188,-1,-1,-1
135,3,1074.42,926.49,79.27,151.55,0.7818,-1,-1,-1
135,4,1720.48,458.72,74.88,207.43,0.5996,-1,-1,-1
135,5,1358.23,575.92,84.14,216.94,0.5089,-1,-1,-1
135,18,897.93,211.14,66.77,191.29,0.4357,-1,-1,-1
135,13,530.98,258.09,57.71,203.58,0.5560,-1,-1,-1
135,19,389.09,745.44,98.29,267.46,0.7791,-1,-1,-1
135,21,1063.05,139.95,76.42,172.14,0.4571,-1,-1,-1
135,24,624.68,753.32,58.01,166.61,0.2434,-1,-1,-1
135,26,575.78,246.87,54.20,184.71,0.4342,-1,-1,-1
136,1,416.89,270.74,81.93,218.77,0.6728,-1,-1,-1
136,2,101.69,543.84,76.04,241.79,0.6228,-1,-1,-1
136,3,1072.95,926.61,77.68,150.98,0.7888,-1,-1,-1
136,4,1720.93,458.77,74.57,207.94,0.6121,-1,-1,-1
136,5,1360.75,576.65,83.55,219.76,0.4844,-1,-1,-1
136,18,897.15,211.84,64.62,189.97,0.4134,-1,-1,-1
136,13,530.58,258.88,57.15,203.09,0.5586,-1,-1,-1
136,19,386.43,744.58,100.87,268.02,0.7918,-1,-1,-1
136,21,1050.58,140.34,86.39,171.16,0.5636,-1,-1,-1
136,24,624.33,753.63,58.36,167.37,0.1628,-1,-1,-1
136,26,576.09,249.37,53.28,185.41,0.5031,-1,-1,-1
137,1,416.13,269.24,82.28,219.08,0.6636,-1,-1,-1
137,2,101.42,544.70,72.94,239.66,0.5725,-1,-1,-1
137,3,1071.26,926.98,77.27,150.27,0.7949,-1,-1,-1
137,4,1721.09,457.80,74.77,208.69,0.6087,-1,-1,-1
137,5,1364.21,577.37,80.44,219.25,0.4577,-1,-1,-1
137,18,896.08,211.23,62.53,191.14,0.4162,-1,-1,-1
137,13,531.61,257.00,56.11,204.69,0.5880,-1,-1,-1
137,19,384.64,744.11,102.17,268.20,0.7900,-1,-1,-1
137,21,1044.09,139.28,90.64,171.42,0.5823,-1,-1,-1
137,24,624.61,754.29,58.56,166.43,0.1960,-1,-1,-1
137,26,574.99,250.62,54.68,185.52,0.4587,-1,-1,-1
137,6,132.94,638.48,74.47,210.43,0.4478,-1,-1,-1
138,1,416.00,267.91,82.04,219.35,0.6930,-1,-1,-1
138,2,101.63,545.14,69.12,238.79,0.5980,-1,-1,-1
138,3,1069.81,927.34,76.63,149.89,0.7897,-1,-1,-1
138,4,1721.08,457.72,74.88,209.01,0.6051,-1,-1,-1
138,5,1364.94,577.20,79.93,221.31,0.4479,-1,-1,-1
138,18,894.71,211.93,56.71,183.14,0.4601,-1,-1,-1
138,13,532.49,256.46,54.75,203.59,0.5921,-1,-1,-1
138,19,383.38,743.90,102.99,267.90,0.7895,-1,-1,-1
138,21,1039.48,140.05,93.83,170.39,0.6013,-1,-1,-1
138,24,624.38,753.57,58.55,168.29,0.1867,-1,-1,-1
138,26,574.60,251.15,55.42,184.86,0.4448,-1,-1,-1
138,6,134.94,637.74,79.99,209.22,0.4318,-1,-1,-1
139,1,415.68,266.28,81.53,220.47,0.6406,-1,-1,-1
139,2,101.66,545.31,67.61,239.50,0.6171,-1,-1,-1
139,3,1068.44,927.27,75.99,149.43,0.7877,-1,-1,-1
139,4,1720.80,457.71,75.21,209.16,0.6237,-1,-1,-1
139,5,1362.97,576.57,82.74,223.49,0.4690,-1,-1,-1
139,18,893.09,210.57,58.85,188.32,0.5245,-1,-1,-1
139,13,532.59,258.40,54.52,201.42,0.5747,-1,-1,-1
139,19,382.69,743.68,102.89,267.25,0.7959,-1,-1,-1
139,21,1038.46,140.35,93.62,170.78,0.5912,-1,-1,-1
139,24,623.93,752.93,59.33,168.35,0.2277,-1,-1,-1
139,26,574.24,251.17,56.11,184.06,0.4397,-1,-1,-1
139,6,138.94,636.10,85.94,208.14,0.4477,-1,-1,-1
140,1,416.82,266.86,80.03,218.12,0.6145,-1,-1,-1
140,2,101.98,545.32,66.07,240.36,0.6184,-1,-1,-1
140,3,1066.75,926.58,76.11,149.62,0.7918,-1,-1,-1
140,4,1720.79,458.12,75.21,208.86,0.6358,-1,-1,-1
140,5,1360.19,576.88,83.72,216.78,0.5494,-1,-1,-1
140,18,889.98,210.24,54.69,184.29,0.4710,-1,-1,-1
140,13,532.30,258.41,55.41,202.48,0.6027,-1,-1,-1
140,19,383.28,741.74,102.30,267.24,0.7962,-1,-1,-1
140,21,1037.64,140.61,92.97,171.05,0.5773,-1,-1,-1
140,24,624.34,752.20,58.81,167.96,0.2761,-1,-1,-1
140,26,576.94,251.94,54.67,181.12,0.4526,-1,-1,-1
140,6,143.09,633.94,88.69,206.83,0.4230,-1,-1,-1
141,1,416.66,265.40,79.80,217.25,0.6325,-1,-1,-1
141,2,102.39,545.71,65.94,241.36,0.6445,-1,-1,-1
141,3,1064.86,925.41,75.90,150.97,0.7871,-1,-1,-1
141,4,1720.97,458.22,75.08,208.25,0.6219,-1,-1,-1
141,5,1358.43,575.97,85.48,216.70,0.4990,-1,-1,-1
141,18,886.76,209.71,54.72,186.48,0.5445,-1,-1,-1
141,13,532.08,258.32,55.56,202.18,0.6030,-1,-1,-1
141,19,384.09,739.63,100.87,267.30,0.7965,-1,-1,-1
141,21,1038.96,140.40,89.08,170.46,0.5575,-1,-1,-1
141,24,624.62,752.21,58.05,167.97,0.2594,-1,-1,-1
141,26,579.07,250.23,52.52,183.17,0.4781,-1,-1,-1
141,6,145.46,630.11,89.25,207.42,0.5922,-1,-1,-1
142,1,416.85,264.34,78.87,216.76,0.6333,-1,-1,-1
142,2,103.18,545.91,66.13,242.44,0.6584,-1,-1,-1
142,3,1064.26,924.81,73.84,152.27,0.7777,-1,-1,-1
142,4,1721.28,458.88,75.00,207.31,0.6238,-1,-1,-1
142,5,1357.55,575.89,86.63,217.65,0.4810,-1,-1,-1
142,18,883.57,208.75,54.49,187.05,0.5162,-1,-1,-1
142,13,531.96,257.66,55.63,202.92,0.5990,-1,-1,-1
142,19,385.97,737.44,98.05,267.95,0.7916,-1,-1,-1
142,21,1038.18,140.52,87.90,169.42,0.5954,-1,-1,-1
142,24,624.19,752.07,58.64,168.41,0.3329,-1,-1,-1
142,26,580.62,250.17,52.33,182.57,0.4965,-1,-1,-1
142,6,148.72,628.71,86.17,205.50,0.5439,-1,-1,-1
143,1,415.57,260.40,78.75,220.18,0.6332,-1,-1,-1
143,2,103.62,545.59,66.61,242.32,0.6747,-1,-1,-1
143,3,1063.13,923.77,72.60,152.95,0.7622,-1,-1,-1
143,4,1721.30,459.06,74.92,207.06,0.6341,-1,-1,-1
143,5,1357.65,575.81,86.36,217.74,0.4816,-1,-1,-1
143,18,881.43,207.27,53.76,188.51,0.4784,-1,-1,-1
143,13,531.30,257.65,55.92,203.01,0.5943,-1,-1,-1
143,19,387.66,734.77,95.75,266.36,0.8026,-1,-1,-1
143,21,1039.39,138.61,84.38,171.00,0.5708,-1,-1,-1
143,24,624.61,752.40,58.80,168.47,0.2841,-1,-1,-1
143,26,581.39,248.28,53.14,185.72,0.4530,-1,-1,-1
143,6,150.05,628.63,86.57,207.23,0.6521,-1,-1,-1
144,1,414.89,259.30,79.56,218.35,0.6323,-1,-1,-1
144,2,103.57,545.66,67.48,242.09,0.6868,-1,-1,-1
144,3,1061.98,923.12,70.96,153.48,0.7573,-1,-1,-1
144,4,1721.52,459.57,74.69,207.00,0.6217,-1,-1,-1
144,5,1358.09,575.91,86.00,217.31,0.4983,-1,-1,-1
144,18,878.16,206.84,55.99,188.66,0.4740,-1,-1,-1
144,13,530.80,259.17,56.96,202.86,0.6051,-1,-1,-1
144,19,388.91,731.55,94.06,263.23,0.7950,-1,-1,-1
144,21,1039.69,137.13,80.81,171.65,0.4554,-1,-1,-1
144,24,624.60,753.21,58.89,168.62,0.2193,-1,-1,-1
144,26,582.08,251.23,54.91,183.91,0.4936,-1,-1,-1
144,6,153.25,629.41,83.67,207.10,0.6814,-1,-1,-1
145,1,415.89,259.25,78.27,213.18,0.6206,-1,-1,-1
145,2,103.79,545.73,68.48,243.11,0.7089,-1,-1,-1
145,3,1060.72,922.78,68.74,153.82,0.7583,-1,-1,-1
145,4,1721.58,459.40,74.35,206.70,0.6104,-1,-1,-1
145,5,1358.03,575.99,85.18,214.98,0.5404,-1,-1,-1
145,18,873.46,207.06,59.82,186.79,0.5440,-1,-1,-1
145,13,530.02,259.41,56.76,202.72,0.5953,-1,-1,-1
145,19,391.57,729.53,91.69,258.24,0.7984,-1,-1,-1
145,21,1039.86,136.48,73.24,171.81,0.4221,-1,-1,-1
145,24,624.42,754.08,58.54,167.77,0.2220,-1,-1,-1
145,26,583.07,252.18,55.04,183.98,0.5289,-1,-1,-1
145,6,157.18,627.57,79.17,210.45,0.7010,-1,-1,-1
146,1,414.98,254.56,77.22,216.98,0.6394,-1,-1,-1
146,2,103.76,545.88,69.20,243.23,0.7157,-1,-1,-1
146,3,1058.73,921.88,66.89,155.99,0.7413,-1,-1,-1
146,4,1721.80,459.53,74.23,207.27,0.6135,-1,-1,-1
146,5,1357.76,575.52,85.31,217.23,0.5127,-1,-1,-1
146,18,871.95,206.51,59.86,185.84,0.4905,-1,-1,-1
146,13,530.23,259.37,57.25,204.28,0.5936,-1,-1,-1
146,19,393.03,726.65,91.00,253.43,0.7772,-1,-1,-1
146,21,1040.04,136.25,66.59,171.33,0.4847,-1,-1,-1
146,24,624.00,754.17,59.02,168.11,0.2748,-1,-1,-1
146,26,584.58,253.66,53.85,186.11,0.5113,-1,-1,-1
146,6,159.31,624.88,77.30,213.16,0.7110,-1,-1,-1
147,1,414.47,253.13,77.40,218.55,0.6470,-1,-1,-1
147,2,103.90,546.15,69.50,242.24,0.7137,-1,-1,-1
147,3,1057.08,921.22,64.00,157.26,0.7264,-1,-1,-1
147,4,1721.62,459.07,74.69,207.31,0.6274,-1,-1,-1
147,5,1358.14,574.75,84.85,217.45,0.5410,-1,-1,-1
147,18,869.49,205.86,61.40,185.32,0.4783,-1,-1,-1
147,13,530.26,260.05,56.87,205.85,0.6093,-1,-1,-1
147,19,394.02,720.65,91.01,254.89,0.7797,-1,-1,-1
147,21,1039.63,135.41,62.21,171.22,0.4765,-1,-1,-1
147,24,624.27,753.55,58.81,167.54,0.2705,-1,-1,-1
147,26,584.96,254.68,54.21,187.81,0.5381,-1,-1,-1
147,6,161.12,621.09,75.99,215.40,0.6895,-1,-1,-1
148,1,414.00,252.44,77.91,219.04,0.6347,-1,-1,-1
148,2,103.80,545.74,70.19,242.36,0.7140,-1,-1,-1
148,3,1055.24,919.86,62.76,157.49,0.7274,-1,-1,-1
148,4,1721.53,458.59,74.82,208.33,0.6465,-1,-1,-1
148,5,1357.88,575.14,84.12,216.54,0.5588,-1,-1,-1
148,18,866.85,204.84,62.90,190.53,0.4448,-1,-1,-1
148,13,530.29,261.24,58.45,206.74,0.5945,-1,-1,-1
148,19,394.55,717.40,91.71,254.93,0.7781,-1,-1,-1
148,21,1038.27,134.86,57.46,171.30,0.4429,-1,-1,-1
148,24,624.45,753.32,58.00,166.83,0.2794,-1,-1,-1
148,26,585.67,255.47,54.24,188.69,0.4958,-1,-1,-1
148,6,163.86,617.48,75.59,215.50,0.7078,-1,-1,-1
149,1,415.41,255.27,77.23,215.08,0.6255,-1,-1,-1
149,2,103.88,545.75,70.30,242.05,0.7152,-1,-1,-1
149,3,1054.03,918.50,62.16,158.70,0.7263,-1,-1,-1
149,4,1721.24,458.83,74.53,207.74,0.6219,-1,-1,-1
149,5,1357.85,575.29,84.55,215.66,0.5460,-1,-1,-1
149,18,865.39,204.41,62.40,192.22,0.4433,-1,-1,-1
149,13,530.85,262.82,59.02,206.39,0.6300,-1,-1,-1
149,19,395.81,713.22,92.66,258.37,0.7882,-1,-1,-1
149,21,1036.87,135.29,54.25,169.63,0.3608,-1,-1,-1
149,24,624.31,752.08,58.74,167.03,0.3256,-1,-1,-1
149,26,586.36,256.17,54.65,189.76,0.4502,-1,-1,-1
149,6,167.83,614.93,73.38,215.03,0.6959,-1,-1,-1
150,1,416.08,256.02,76.95,213.76,0.6204,-1,-1,-1
150,2,103.64,545.65,70.63,243.02,0.7131,-1,-1,-1
150,3,1052.25,916.78,61.28,160.98,0.7368,-1,-1,-1
150,4,1721.22,458.62,74.60,208.07,0.6389,-1,-1,-1
150,5,1357.17,574.98,85.33,216.84,0.5399,-1,-1,-1
150,18,864.92,205.10,63.02,192.61,0.4056,-1,-1,-1
150,13,531.22,264.78,58.09,207.38,0.6158,-1,-1,-1
150,19,395.21,710.64,95.46,261.51,0.7858,-1,-1,-1
150,21,1033.93,134.48,55.11,171.53,0.4899,-1,-1,-1
150,24,625.19,751.79,57.41,166.95,0.3239,-1,-1,-1
150,26,586.99,256.89,55.18,190.57,0.4354,-1,-1,-1
150,6,174.24,613.52,67.73,214.05,0.6570,-1,-1,-1
151,1,416.72,255.61,75.79,214.18,0.6163,-1,-1,-1
151,2,103.37,546.37,71.18,243.55,0.7218,-1,-1,-1
151,3,1051.10,914.28,60.71,163.31,0.7377,-1,-1,-1
151,4,1721.81,458.45,73.53,207.66,0.6253,-1,-1,-1
151,5,1363.70,574.26,79.17,222.28,0.4860,-1,-1,-1
151,18,863.88,205.06,62.95,191.54,0.4595,-1,-1,-1
151,13,531.31,265.95,56.85,208.96,0.6119,-1,-1,-1
151,19,396.00,709.55,95.70,262.72,0.7814,-1,-1,-1
151,21,1030.66,132.77,55.91,173.05,0.4880,-1,-1,-1
151,24,625.28,751.32,57.22,167.11,0.3585,-1,-1,-1
151,26,587.83,259.26,55.15,190.83,0.4179,-1,-1,-1
151,6,179.90,611.63,68.17,214.88,0.6709,-1,-1,-1
152,1,417.19,255.06,75.44,214.90,0.6067,-1,-1,-1
152,2,102.86,546.84,72.11,243.29,0.7175,-1,-1,-1
152,3,1049.54,913.44,60.17,164.48,0.7421,-1,-1,-1
152,4,1721.86,458.17,73.62,208.26,0.6155,-1,-1,-1
152,5,1361.49,576.01,80.69,216.23,0.5302,-1,-1,-1
152,18,862.99,205.56,62.87,190.64,0.5191,-1,-1,-1
152,13,531.79,270.51,54.99,206.59,0.5925,-1,-1,-1
152,19,396.57,707.81,97.11,264.15,0.7670,-1,-1,-1
152,21,1025.98,130.74,58.21,172.64,0.4078,-1,-1,-1
152,24,624.88,751.62,56.76,166.57,0.4329,-1,-1,-1
152,26,588.55,260.62,55.45,191.20,0.4121,-1,-1,-1
152,6,182.91,610.13,67.36,216.05,0.6899,-1,-1,-1
153,1,417.38,254.25,74.63,215.43,0.5834,-1,-1,-1
153,2,103.35,547.68,71.61,244.91,0.7269,-1,-1,-1
153,3,1047.75,912.31,60.03,166.32,0.7306,-1,-1,-1
153,4,1721.67,457.67,73.81,208.83,0.6097,-1,-1,-1
153,5,1360.84,575.61,80.59,215.84,0.5167,-1,-1,-1
153,18,861.73,204.92,63.47,191.37,0.4961,-1,-1,-1
153,13,531.79,274.26,54.64,203.26,0.5870,-1,-1,-1
153,19,396.66,707.91,98.76,264.21,0.7592,-1,-1,-1
153,21,1021.63,130.14,60.33,172.39,0.4121,-1,-1,-1
153,24,625.59,751.32,55.23,166.76,0.4102,-1,-1,-1
153,26,590.93,266.11,53.83,185.20,0.3230,-1,-1,-1
153,6,185.30,609.89,68.51,215.63,0.7368,-1,-1,-1
154,1,415.82,253.23,75.21,216.41,0.6009,-1,-1,-1
154,2,103.74,547.40,71.39,245.96,0.7202,-1,-1,-1
154,3,1046.62,911.63,59.31,167.51,0.7147,-1,-1,-1
154,4,1721.64,459.20,73.66,207.05,0.5866,-1,-1,-1
154,5,1360.23,576.28,81.36,215.56,0.5214,-1,-1,-1
154,18,860.06,205.13,64.19,191.40,0.5086,-1,-1,-1
154,13,532.44,276.77,54.39,200.97,0.5632,-1,-1,-1
154,19,396.90,708.03,100.11,263.59,0.7637,-1,-1,-1
154,21,1015.57,130.01,63.61,173.64,0.3509,-1,-1,-1
154,24,625.10,751.74,56.95,167.26,0.3309,-1,-1,-1
154,26,592.40,269.94,54.89,183.67,0.2582,-1,-1,-1
154,6,188.05,610.09,68.52,214.36,0.7531,-1,-1,-1
155,1,415.83,251.89,74.54,217.93,0.6034,-1,-1,-1
155,2,103.15,546.25,71.57,247.49,0.6970,-1,-1,-1
155,3,1044.95,911.04,59.27,168.02,0.7283,-1,-1,-1
155,4,1722.34,459.18,72.99,206.79,0.5965,-1,-1,-1
155,5,1359.68,576.33,82.17,213.75,0.5694,-1,-1,-1
155,18,857.61,205.13,65.69,189.89,0.5122,-1,-1,-1
155,13,532.60,278.69,55.23,198.76,0.5152,-1,-1,-1
155,19,397.64,705.99,101.49,265.32,0.7632,-1,-1,-1
155,21,1004.13,131.76,72.05,173.22,0.3939,-1,-1,-1
155,24,625.61,751.52,55.95,166.74,0.3376,-1,-1,-1
155,26,593.59,271.30,54.61,183.80,0.2251,-1,-1,-1
155,6,192.30,610.16,67.34,213.56,0.7609,-1,-1,-1
156,1,416.45,251.43,74.56,215.59,0.6181,-1,-1,-1
156,2,102.70,545.71,71.97,247.67,0.6979,-1,-1,-1
156,3,1043.07,910.45,59.69,169.30,0.7076,-1,-1,-1
156,4,1722.37,459.56,73.06,206.01,0.5863,-1,-1,-1
156,5,1358.16,578.13,82.40,212.24,0.5206,-1,-1,-1
156,18,855.74,204.43,66.92,188.40,0.5457,-1,-1,-1
156,13,532.59,276.18,56.32,200.52,0.4659,-1,-1,-1
156,19,398.31,703.05,101.14,266.54,0.7609,-1,-1,-1
156,21,995.08,133.06,77.73,172.14,0.4379,-1,-1,-1
156,24,625.58,750.11,56.89,168.98,0.2770,-1,-1,-1
156,26,595.05,271.14,54.53,184.08,0.1834,-1,-1,-1
156,6,195.09,608.91,67.19,213.88,0.7527,-1,-1,-1
157,1,416.52,251.48,74.29,213.73,0.6188,-1,-1,-1
157,2,102.68,545.74,72.19,247.51,0.6958,-1,-1,-1
157,3,1041.71,909.93,59.49,169.71,0.7014,-1,-1,-1
157,4,1722.66,459.98,72.70,205.62,0.5930,-1,-1,-1
157,5,1357.25,578.64,82.98,210.94,0.5220,-1,-1,-1
157,18,855.21,203.43,67.00,185.74,0.5671,-1,-1,-1
157,13,532.53,275.07,56.90,199.54,0.4364,-1,-1,-1
157,19,399.29,703.70,100.56,264.98,0.7721,-1,-1,-1
157,21,988.69,133.57,81.38,171.71,0.4661,-1,-1,-1
157,24,625.18,748.40,56.94,170.48,0.3374,-1,-1,-1
157,26,595.57,269.21,55.34,187.12,0.1886,-1,-1,-1
157,6,197.69,608.13,66.56,214.44,0.7420,-1,-1,-1
158,1,416.85,249.78,75.51,214.92,0.6452,-1,-1,-1
158,2,102.53,546.15,72.26,246.85,0.6985,-1,-1,-1
158,3,1039.44,909.54,61.31,170.42,0.7161,-1,-1,-1
158,4,1722.30,459.98,73.32,206.26,0.6108,-1,-1,-1
158,5,1357.01,577.82,83.23,210.62,0.5370,-1,-1,-1
158,18,853.28,201.86,68.22,184.76,0.5557,-1,-1,-1
158,13,530.89,273.35,59.53,200.03,0.4536,-1,-1,-1
158,19,399.22,703.71,99.24,262.85,0.7848,-1,-1,-1
158,21,986.50,132.78,82.08,172.12,0.3916,-1,-1,-1
158,24,625.45,749.17,56.90,170.41,0.2828,-1,-1,-1
158,26,595.99,270.09,55.19,185.76,0.2017,-1,-1,-1
158,6,199.06,606.90,65.72,213.35,0.7154,-1,-1,-1
159,1,417.61,249.79,75.67,212.87,0.6110,-1,-1,-1
159,2,102.57,546.30,72.17,246.86,0.6953,-1,-1,-1
159,3,1037.67,908.76,61.45,170.81,0.6988,-1,-1,-1
159,4,1722.33,461.21,73.42,205.06,0.6006,-1,-1,-1
159,5,1356.59,578.36,84.23,211.91,0.5154,-1,-1,-1
159,18,851.29,200.64,69.56,187.87,0.5483,-1,-1,-1
159,13,528.33,278.50,62.62,195.77,0.4316,-1,-1,-1
159,19,401.55,702.91,93.92,260.99,0.7614,-1,-1,-1
159,21,983.85,133.07,82.92,171.55,0.4138,-1,-1,-1
159,24,626.07,749.85,55.03,167.68,0.2666,-1,-1,-1
159,26,596.67,271.40,58.40,183.65,0.2182,-1,-1,-1
159,6,200.41,604.81,65.56,212.91,0.6955,-1,-1,-1
160,1,418.32,248.17,74.81,213.81,0.6445,-1,-1,-1
160,2,102.48,546.78,71.96,246.61,0.6986,-1,-1,-1
160,3,1036.80,908.68,60.96,171.29,0.6803,-1,-1,-1
160,4,1721.73,461.39,73.62,204.77,0.5706,-1,-1,-1
160,5,1356.89,579.18,85.65,216.09,0.4783,-1,-1,-1
160,18,850.77,199.18,69.37,191.02,0.5137,-1,-1,-1
160,13,526.96,284.20,64.43,191.38,0.4712,-1,-1,-1
160,19,401.94,698.92,92.64,258.06,0.7658,-1,-1,-1
160,21,980.78,132.70,84.08,170.40,0.4731,-1,-1,-1
160,24,626.39,749.85,54.46,166.85,0.2949,-1,-1,-1
160,26,596.65,272.18,60.36,182.07,0.2076,-1,-1,-1
160,6,201.79,602.77,65.32,214.78,0.7004,-1,-1,-1
161,1,418.00,247.01,75.99,212.24,0.6237,-1,-1,-1
161,2,102.37,546.68,72.03,247.22,0.6866,-1,-1,-1
161,3,1034.15,908.12,62.27,171.92,0.6933,-1,-1,-1
161,4,1721.83,461.11,73.52,205.51,0.5780,-1,-1,-1
161,5,1357.04,579.71,85.22,216.41,0.5269,-1,-1,-1
161,18,849.97,197.02,69.77,191.17,0.4848,-1,-1,-1
161,13,526.02,286.86,67.41,190.67,0.4182,-1,-1,-1
161,19,402.50,693.59,91.40,254.26,0.7746,-1,-1,-1
161,21,980.26,132.53,83.27,170.37,0.4904,-1,-1,-1
161,24,626.87,747.96,54.72,169.66,0.2822,-1,-1,-1
161,26,599.08,274.31,58.35,179.66,0.2012,-1,-1,-1
161,6,206.16,599.62,61.93,213.76,0.6674,-1,-1,-1
162,1,418.59,246.19,75.96,210.72,0.6239,-1,-1,-1
162,2,102.10,546.42,71.85,247.83,0.6725,-1,-1,-1
162,3,1032.87,907.37,61.91,172.71,0.7120,-1,-1,-1
162,4,1721.91,461.62,73.41,205.53,0.5779,-1,-1,-1
162,5,1357.18,579.80,85.24,218.55,0.4901,-1,-1,-1
162,18,849.26,195.94,69.57,191.05,0.4875,-1,-1,-1
162,13,527.01,293.81,65.24,185.64,0.1529,-1,-1,-1
162,19,403.14,688.82,91.20,253.62,0.7654,-1,-1,-1
162,21,980.15,133.40,81.19,169.85,0.3942,-1,-1,-1
162,24,626.35,749.63,54.72,169.04,0.2600,-1,-1,-1
162,26,599.88,272.96,59.87,180.57,0.1801,-1,-1,-1
162,6,210.47,598.19,61.33,209.21,0.6744,-1,-1,-1
163,1,418.67,244.95,77.14,209.80,0.6179,-1,-1,-1
163,2,102.21,546.40,72.11,247.93,0.6633,-1,-1,-1
163,3,1031.36,906.46,62.34,173.62,0.6842,-1,-1,-1
163,4,1721.75,461.03,73.65,206.42,0.5795,-1,-1,-1
163,5,1356.97,579.94,87.70,223.09,0.5065,-1,-1,-1
163,18,849.49,194.61,69.03,188.88,0.4676,-1,-1,-1
163,13,522.09,291.78,69.53,191.57,0.3765,-1,-1,-1
163,19,403.51,684.62,90.55,254.86,0.7711,-1,-1,-1
163,21,980.84,131.03,77.73,172.56,0.3597,-1,-1,-1
163,24,625.09,749.88,57.09,170.27,0.1816,-1,-1,-1
163,26,599.05,273.01,62.76,180.52,0.3019,-1,-1,-1
163,6,212.97,595.87,61.83,207.98,0.6718,-1,-1,-1
164,1,418.24,244.25,78.20,208.59,0.6264,-1,-1,-1
164,2,102.07,546.50,71.93,247.32,0.6808,-1,-1,-1
164,3,1030.07,906.86,61.28,172.80,0.7314,-1,-1,-1
164,4,1721.62,460.76,73.87,206.64,0.5989,-1,-1,-1
164,5,1356.98,580.06,88.06,222.93,0.4795,-1,-1,-1
164,18,851.20,192.49,69.03,193.13,0.4601,-1,-1,-1
164,13,519.92,291.77,72.14,193.51,0.3090,-1,-1,-1
164,19,402.91,682.13,91.22,254.60,0.7738,-1,-1,-1
164,21,981.94,129.22,72.29,172.64,0.3059,-1,-1,-1
164,24,625.29,749.40,56.52,170.39,0.2123,-1,-1,-1
164,26,599.06,274.04,62.98,179.18,0.2903,-1,-1,-1
164,6,215.28,593.99,62.56,208.87,0.7062,-1,-1,-1
165,1,418.45,242.60,78.88,209.59,0.6172,-1,-1,-1
165,2,102.16,546.34,71.71,246.95,0.6768,-1,-1,-1
165,3,1028.55,907.37,61.01,172.15,0.7267,-1,-1,-1
165,4,1721.68,460.42,74.18,206.53,0.5944,-1,-1,-1
165,5,1357.41,580.78,86.82,219.86,0.5019,-1,-1,-1
165,18,852.50,191.49,68.66,194.20,0.4857,-1,-1,-1
165,13,510.56,239.89,83.60,248.31,0.1910,-1,-1,-1
165,19,401.46,680.13,93.01,255.92,0.7916,-1,-1,-1
165,21,982.43,127.46,67.23,171.48,0.2765,-1,-1,-1
165,24,625.29,747.46,55.99,171.02,0.2782,-1,-1,-1
165,26,599.01,274.84,63.18,178.89,0.2505,-1,-1,-1
165,6,214.56,592.10,64.36,209.31,0.7326,-1,-1,-1
166,1,418.80,241.57,77.17,210.18,0.5917,-1,-1,-1
166,2,102.04,546.19,71.56,246.94,0.6850,-1,-1,-1
166,3,1026.65,907.31,61.50,172.17,0.6859,-1,-1,-1
166,4,1721.99,460.68,73.54,206.92,0.6249,-1,-1,-1
166,5,1357.27,580.37,85.22,216.41,0.5040,-1,-1,-1
166,18,852.59,190.93,69.11,192.24,0.4912,-1,-1,-1
166,13,510.07,219.37,89.83,270.86,0.1660,-1,-1,-1
166,19,400.19,678.51,94.01,258.26,0.7916,-1,-1,-1
166,21,982.88,126.35,60.94,170.86,0.2764,-1,-1,-1
166,24,625.24,748.93,56.31,170.15,0.2773,-1,-1,-1
166,26,600.84,274.99,58.69,180.38,0.3014,-1,-1,-1
166,6,214.95,590.92,68.76,210.21,0.7026,-1,-1,-1
167,1,418.73,240.48,76.53,211.75,0.5758,-1,-1,-1
167,2,101.86,546.29,71.90,247.25,0.6872,-1,-1,-1
167,3,1024.01,906.68,63.47,172.95,0.6852,-1,-1,-1
167,4,1722.26,460.48,72.97,207.02,0.6086,-1,-1,-1
167,5,1356.87,579.74,85.03,217.58,0.4917,-1,-1,-1
167,18,852.87,190.59,69.44,189.46,0.4848,-1,-1,-1
167,19,400.03,675.62,93.61,260.27,0.7968,-1,-1,-1
167,21,982.20,124.78,55.79,170.60,0.2754,-1,-1,-1
167,24,625.05,751.11,57.95,168.80,0.1625,-1,-1,-1
167,26,602.15,276.42,57.56,179.41,0.3136,-1,-1,-1
167,6,215.55,589.50,72.92,213.05,0.7074,-1,-1,-1
168,1,418.02,239.48,76.87,213.03,0.5945,-1,-1,-1
168,2,101.81,546.51,72.17,247.06,0.6861,-1,-1,-1
168,3,1021.43,906.89,64.61,172.46,0.7040,-1,-1,-1
168,4,1721.87,459.25,73.46,208.75,0.6117,-1,-1,-1
168,5,1357.28,579.03,83.26,217.44,0.4982,-1,-1,-1
168,18,853.06,190.68,69.94,190.15,0.5111,-1,-1,-1
168,19,399.01,674.92,94.27,260.90,0.7840,-1,-1,-1
168,21,979.45,123.47,55.32,170.24,0.3003,-1,-1,-1
168,24,626.22,751.43,56.02,168.71,0.1540,-1,-1,-1
168,26,602.22,276.85,58.78,178.23,0.3068,-1,-1,-1
168,6,217.70,589.11,77.15,212.46,0.7158,-1,-1,-1
169,1,418.21,238.57,77.82,213.83,0.6117,-1,-1,-1
169,2,101.59,545.81,72.90,248.32,0.6517,-1,-1,-1
169,3,1020.17,907.81,64.91,171.29,0.7076,-1,-1,-1
169,4,1721.65,459.77,73.72,208.20,0.6105,-1,-1,-1
169,5,1357.21,578.88,84.81,217.96,0.4628,-1,-1,-1
169,18,852.68,190.46,70.84,189.16,0.5308,-1,-1,-1
169,19,399.11,673.98,94.53,260.91,0.7773,-1,-1,-1
169,21,976.26,121.37,56.32,169.93,0.1903,-1,-1,-1
169,24,626.51,751.18,54.73,167.93,0.2262,-1,-1,-1
169,26,602.24,277.36,60.06,177.35,0.3115,-1,-1,-1
169,6,220.36,588.56,77.89,213.20,0.6903,-1,-1,-1
170,1,418.05,237.77,78.32,215.00,0.6156,-1,-1,-1
170,2,101.45,546.32,73.52,247.13,0.6539,-1,-1,-1
170,3,1018.57,908.36,63.48,171.20,0.7219,-1,-1,-1
170,4,1721.20,460.42,74.24,207.63,0.6200,-1,-1,-1
170,5,1364.74,577.81,78.11,220.44,0.4461,-1,-1,-1
170,18,854.93,189.75,68.86,188.47,0.5096,-1,-1,-1
170,19,399.78,673.04,93.30,260.96,0.7751,-1,-1,-1
170,21,972.24,120.63,58.27,172.22,0.1796,-1,-1,-1
170,24,626.50,751.71,54.28,166.55,0.1954,-1,-1,-1
170,26,601.99,277.25,61.16,177.83,0.2394,-1,-1,-1
170,6,221.39,588.27,76.36,213.67,0.6629,-1,-1,-1
170,13,521.65,278.90,69.76,213.76,0.3571,-1,-1,-1
171,1,417.76,237.74,78.61,215.17,0.6224,-1,-1,-1
171,2,101.28,546.40,74.51,247.37,0.6601,-1,-1,-1
171,3,1017.58,908.92,62.06,170.94,0.7230,-1,-1,-1
171,4,1721.47,460.00,74.16,208.08,0.6030,-1,-1,-1
171,5,1365.78,577.25,76.79,221.92,0.4552,-1,-1,-1
171,18,858.52,191.54,64.14,184.45,0.4114,-1,-1,-1
171,19,400.02,672.19,92.70,260.30,0.7749,-1,-1,-1
171,24,626.26,751.42,54.71,167.45,0.1662,-1,-1,-1
171,26,603.88,271.99,59.61,180.99,0.1718,-1,-1,-1
171,6,220.77,588.12,76.57,213.15,0.6915,-1,-1,-1
171,13,525.29,292.64,63.34,200.43,0.4478,-1,-1,-1
172,1,417.66,237.54,78.52,216.44,0.6279,-1,-1,-1
172,2,100.67,546.63,74.46,246.44,0.6626,-1,-1,-1
172,3,1015.95,909.66,61.58,169.95,0.7437,-1,-1,-1
172,4,1721.71,460.27,73.95,207.57,0.5992,-1,-1,-1
172,5,1360.31,578.13,81.40,217.70,0.4751,-1,-1,-1
172,18,859.80,190.37,65.06,185.09,0.5030,-1,-1,-1
172,19,400.58,670.41,91.80,259.71,0.7813,-1,-1,-1
172,26,604.52,280.39,58.57,173.80,0.2057,-1,-1,-1
172,6,219.94,586.93,77.50,213.67,0.6431,-1,-1,-1
172,13,526.14,292.71,61.38,200.54,0.4285,-1,-1,-1
173,1,417.77,237.09,78.33,216.59,0.6151,-1,-1,-1
173,2,100.87,546.27,74.14,246.94,0.6573,-1,-1,-1
173,3,1013.16,909.98,62.29,169.60,0.7343,-1,-1,-1
173,4,1721.26,460.72,74.35,206.72,0.5929,-1,-1,-1
173,5,1358.42,578.53,82.49,215.32,0.5039,-1,-1,-1
173,18,860.55,189.02,65.76,186.45,0.4494,-1,-1,-1
173,19,402.46,668.56,89.33,259.24,0.7747,-1,-1,-1
173,26,604.76,277.55,60.68,177.76,0.1787,-1,-1,-1
173,6,219.97,584.14,77.01,215.15,0.6589,-1,-1,-1
173,13,522.87,296.01,64.25,197.60,0.3299,-1,-1,-1
174,1,417.61,236.51,77.71,217.20,0.6210,-1,-1,-1
174,2,100.47,546.66,74.19,246.68,0.6521,-1,-1,-1
174,3,1010.43,911.23,63.11,168.62,0.7396,-1,-1,-1
174,4,1721.19,459.85,74.36,207.66,0.5967,-1,-1,-1
174,5,1357.63,578.93,82.73,212.49,0.4991,-1,-1,-1
174,18,861.48,186.75,65.37,186.54,0.4386,-1,-1,-1
174,19,404.89,666.62,86.66,259.66,0.7820,-1,-1,-1
174,26,605.34,276.46,60.33,179.39,0.2254,-1,-1,-1
174,6,222.25,583.02,75.99,214.04,0.6753,-1,-1,-1
174,13,522.82,295.43,65.52,198.65,0.4239,-1,-1,-1
174,28,752.87,261.54,55.89,192.36,0.3572,-1,-1,-1
175,1,417.10,235.72,77.32,216.76,0.6516,-1,-1,-1
175,2,100.15,546.62,74.04,246.42,0.6571,-1,-1,-1
175,3,1007.30,912.70,63.75,167.23,0.7263,-1,-1,-1
175,4,1721.57,459.86,73.79,207.89,0.5930,-1,-1,-1
175,5,1357.45,578.83,83.19,209.66,0.5188,-1,-1,-1
175,18,862.81,185.88,65.61,183.61,0.4608,-1,-1,-1
175,19,406.11,663.84,85.63,260.87,0.8044,-1,-1,-1
175,26,606.14,276.59,58.70,178.88,0.2002,-1,-1,-1
175,6,225.05,579.75,72.30,214.38,0.6877,-1,-1,-1
175,13,522.17,294.80,66.10,198.93,0.3842,-1,-1,-1
175,28,752.61,261.13,56.82,194.81,0.4074,-1,-1,-1
176,1,417.07,233.45,76.20,217.76,0.6329,-1,-1,-1
176,2,100.14,546.82,73.45,246.49,0.6577,-1,-1,-1
176,3,1005.82,913.15,62.86,166.87,0.7291,-1,-1,-1
176,4,1721.47,459.62,73.55,208.23,0.5882,-1,-1,-1
176,5,1357.36,578.87,82.68,207.64,0.5157,-1,-1,-1
176,18,863.15,184.40,66.08,185.02,0.5035,-1,-1,-1
176,19,407.05,659.57,83.98,259.65,0.7914,-1,-1,-1
176,26,607.98,273.16,54.13,182.89,0.1746,-1,-1,-1
176,6,227.06,577.22,69.39,213.57,0.6689,-1,-1,-1
176,13,524.42,298.75,63.82,197.21,0.2209,-1,-1,-1
176,28,752.99,261.80,56.11,196.25,0.4108,-1,-1,-1
176,21,940.37,122.52,76.12,175.00,0.3970,-1,-1,-1
177,1,416.88,232.78,75.33,217.92,0.6375,-1,-1,-1
177,2,100.14,546.89,73.23,246.13,0.6564,-1,-1,-1
177,3,1004.56,913.18,63.08,165.32,0.7307,-1,-1,-1
177,4,1721.22,459.68,73.95,208.11,0.5822,-1,-1,-1
177,5,1357.18,578.92,83.06,209.29,0.4847,-1,-1,-1
177,18,864.01,182.29,66.59,185.07,0.5225,-1,-1,-1
177,19,408.10,654.75,82.66,255.19,0.7856,-1,-1,-1
177,26,607.58,274.17,57.70,179.26,0.2053,-1,-1,-1
177,6,227.70,575.26,68.34,211.92,0.6767,-1,-1,-1
177,13,519.81,267.05,69.57,227.68,0.3785,-1,-1,-1
177,28,752.57,261.39,56.54,198.59,0.3575,-1,-1,-1
177,21,936.64,123.47,77.96,173.46,0.3624,-1,-1,-1
178,1,416.47,231.11,74.73,215.91,0.6171,-1,-1,-1
178,2,100.14,547.03,72.24,245.10,0.6539,-1,-1,-1
178,3,1003.72,913.33,62.45,164.71,0.7209,-1,-1,-1
178,4,1721.32,460.09,73.83,207.73,0.5634,-1,-1,-1
178,5,1356.88,578.02,83.31,211.49,0.4805,-1,-1,-1
178,18,864.85,180.96,66.79,184.74,0.4979,-1,-1,-1
178,19,407.26,650.84,83.91,251.84,0.7860,-1,-1,-1
178,26,607.57,273.73,57.84,184.89,0.2616,-1,-1,-1
178,6,228.19,573.44,67.62,208.20,0.6073,-1,-1,-1
178,13,521.60,282.02,66.68,212.38,0.4449,-1,-1,-1
178,28,752.09,266.21,57.05,196.12,0.4088,-1,-1,-1
178,21,934.70,126.07,76.74,170.04,0.2856,-1,-1,-1
178,29,0.07,615.73,91.15,228.56,0.3785,-1,-1,-1
179,1,415.86,228.60,73.71,215.93,0.5939,-1,-1,-1
179,2,100.70,546.21,71.04,246.43,0.6508,-1,-1,-1
179,3,1002.66,913.57,60.79,164.67,0.7164,-1,-1,-1
179,4,1721.36,460.47,73.47,207.21,0.5472,-1,-1,-1
179,5,1357.02,577.59,83.81,216.97,0.5060,-1,-1,-1
179,18,865.87,180.34,67.00,184.02,0.4843,-1,-1,-1
179,19,407.60,648.61,84.62,250.00,0.7862,-1,-1,-1
179,26,607.25,276.87,58.13,189.79,0.3474,-1,-1,-1
179,6,227.90,571.50,68.17,207.50,0.6185,-1,-1,-1
179,13,522.45,292.21,64.69,201.49,0.4347,-1,-1,-1
179,28,751.09,270.29,58.35,194.37,0.4049,-1,-1,-1
179,21,934.49,125.96,74.85,169.11,0.3147,-1,-1,-1
179,29,-0.00,617.91,95.73,229.76,0.5220,-1,-1,-1
180,1,414.81,227.55,74.39,213.31,0.6234,-1,-1,-1
180,2,100.82,546.06,70.21,246.33,0.6560,-1,-1,-1
180,3,1000.97,913.38,60.05,165.18,0.7210,-1,-1,-1
180,4,1721.75,460.21,73.26,207.90,0.5274,-1,-1,-1
180,5,1357.43,577.16,82.38,212.84,0.5130,-1,-1,-1
180,18,866.96,180.81,67.53,184.29,0.5044,-1,-1,-1
180,19,408.89,647.71,85.49,248.79,0.7904,-1,-1,-1
180,26,607.27,277.99,57.82,193.10,0.3528,-1,-1,-1
180,6,229.01,570.07,68.02,207.09,0.5864,-1,-1,-1
180,13,524.94,294.49,61.83,201.54,0.5222,-1,-1,-1
180,28,750.53,272.88,59.17,193.05,0.4173,-1,-1,-1
180,21,938.34,124.21,67.98,169.68,0.2858,-1,-1,-1
180,29,0.58,618.15,85.24,223.28,0.5046,-1,-1,-1
181,1,414.68,227.10,74.06,210.71,0.5965,-1,-1,-1
181,2,100.85,545.49,69.86,247.80,0.6544,-1,-1,-1
181,3,998.74,914.30,59.74,164.71,0.7211,-1,-1,-1
181,4,1721.74,459.23,73.77,209.34,0.5127,-1,-1,-1
181,5,1357.36,577.36,83.46,214.99,0.4998,-1,-1,-1
181,18,868.51,179.19,67.29,184.07,0.5018,-1,-1,-1
181,19,409.61,646.29,87.18,248.92,0.7889,-1,-1,-1
181,26,607.11,278.78,58.50,200.05,0.3081,-1,-1,-1
181,6,229.84,569.01,68.45,205.86,0.5740,-1,-1,-1
181,13,526.95,299.47,59.51,199.28,0.5471,-1,-1,-1
181,28,750.90,273.96,57.99,192.84,0.4251,-1,-1,-1
181,21,937.16,123.45,68.36,171.77,0.2350,-1,-1,-1
181,29,0.86,617.73,79.89,223.88,0.4735,-1,-1,-1
182,1,414.89,226.58,74.06,208.60,0.5811,-1,-1,-1
182,2,101.03,545.69,69.53,247.33,0.6711,-1,-1,-1
182,3,996.94,915.69,58.53,163.08,0.7356,-1,-1,-1
182,4,1722.15,459.21,73.02,209.20,0.5289,-1,-1,-1
182,5,1357.37,576.64,84.09,222.47,0.4790,-1,-1,-1
182,18,867.79,177.72,71.14,185.73,0.5390,-1,-1,-1
182,19,409.06,645.08,89.55,250.01,0.7846,-1,-1,-1
182,26,606.94,279.11,60.43,204.39,0.3002,-1,-1,-1
182,6,231.35,567.58,65.60,203.95,0.5866,-1,-1,-1
182,13,526.33,297.79,60.24,199.80,0.4852,-1,-1,-1
182,28,751.14,275.28,57.74,193.42,0.3595,-1,-1,-1
182,21,940.66,122.63,65.04,174.94,0.2432,-1,-1,-1
182,29,1.32,618.68,98.35,235.01,0.6078,-1,-1,-1
183,1,416.13,228.02,72.90,206.53,0.5795,-1,-1,-1
183,2,101.16,545.89,69.28,247.79,0.6819,-1,-1,-1
183,3,995.66,916.21,58.20,162.22,0.7286,-1,-1,-1
183,4,1722.36,459.37,72.71,208.74,0.5244,-1,-1,-1
183,5,1357.38,576.85,84.62,223.32,0.4904,-1,-1,-1
183,18,868.05,176.78,72.34,186.90,0.5572,-1,-1,-1
183,19,408.57,643.60,92.13,251.41,0.7982,-1,-1,-1
183,26,607.14,279.98,59.57,209.77,0.3248,-1,-1,-1
183,6,231.15,566.21,66.05,204.88,0.5518,-1,-1,-1
183,13,524.12,296.17,63.63,204.94,0.4052,-1,-1,-1
183,28,749.93,276.71,60.12,194.15,0.3660,-1,-1,-1
183,21,939.88,121.89,64.54,176.86,0.1791,-1,-1,-1
183,29,3.04,621.33,102.12,237.50,0.6555,-1,-1,-1
184,1,416.71,227.63,73.14,206.79,0.5794,-1,-1,-1
184,2,100.85,545.88,68.93,248.07,0.6702,-1,-1,-1
184,3,994.66,917.68,57.83,161.51,0.7237,-1,-1,-1
184,4,1721.64,459.24,73.08,208.96,0.5334,-1,-1,-1
184,5,1357.52,576.54,84.81,224.65,0.4658,-1,-1,-1
184,18,868.14,176.58,72.71,187.24,0.5436,-1,-1,-1
184,19,408.95,642.24,93.28,252.49,0.7735,-1,-1,-1
184,26,607.54,279.52,60.48,212.37,0.3335,-1,-1,-1
184,6,231.99,565.35,65.42,208.07,0.5349,-1,-1,-1
184,13,526.12,299.47,60.83,204.89,0.3545,-1,-1,-1
184,28,750.08,278.66,60.50,192.92,0.3492,-1,-1,-1
184,21,934.85,120.18,63.11,175.75,0.1697,-1,-1,-1
184,29,6.44,622.41,99.18,235.32,0.6219,-1,-1,-1
185,1,416.03,227.20,73.78,207.09,0.5884,-1,-1,-1
185,2,100.31,546.11,68.66,247.35,0.6467,-1,-1,-1
185,3,993.20,918.32,58.29,160.06,0.7178,-1,-1,-1
185,4,1721.66,459.36,72.87,208.60,0.5026,-1,-1,-1
185,5,1357.72,575.95,84.18,221.13,0.4802,-1,-1,-1
185,18,867.92,177.36,74.41,188.36,0.5876,-1,-1,-1
185,19,408.63,642.30,94.80,252.43,0.7860,-1,-1,-1
185,26,607.41,285.74,59.78,208.48,0.3307,-1,-1,-1
185,6,232.19,564.98,65.93,209.42,0.5684,-1,-1,-1
185,13,523.08,295.67,63.96,210.00,0.4295,-1,-1,-1
185,28,750.42,280.35,62.02,191.92,0.3300,-1,-1,-1
185,29,12.12,622.15,94.96,234.30,0.6225,-1,-1,-1
186,1,415.74,226.68,74.13,207.25,0.5967,-1,-1,-1
186,2,99.78,546.47,68.98,246.55,0.6457,-1,-1,-1
186,3,992.02,918.48,57.88,160.20,0.7345,-1,-1,-1
186,4,1721.81,459.17,72.68,208.72,0.5038,-1,-1,-1
186,5,1357.39,574.83,84.24,224.18,0.4943,-1,-1,-1
186,18,867.83,176.17,74.51,190.41,0.5610,-1,-1,-1
186,19,408.81,640.91,94.76,254.25,0.7943,-1,-1,-1
186,26,607.75,285.15,59.52,208.09,0.3591,-1,-1,-1
186,6,230.93,564.76,66.60,208.47,0.5840,-1,-1,-1
186,13,523.84,300.97,61.53,203.05,0.4267,-1,-1,-1
186,28,753.00,281.68,61.04,191.54,0.2408,-1,-1,-1
186,29,15.75,620.18,94.52,235.82,0.6581,-1,-1,-1
187,1,415.90,225.35,74.25,209.05,0.6018,-1,-1,-1
187,2,98.36,546.56,70.37,244.18,0.6379,-1,-1,-1
187,3,989.80,918.95,59.50,159.55,0.7346,-1,-1,-1
187,4,1721.82,459.55,72.55,208.14,0.4959,-1,-1,-1
187,5,1357.54,573.72,84.12,224.87,0.5054,-1,-1,-1
187,18,867.58,176.19,75.02,191.28,0.5624,-1,-1,-1
187,19,408.74,639.18,94.80,255.66,0.7812,-1,-1,-1
187,26,607.49,287.00,59.96,203.82,0.3485,-1,-1,-1
187,6,229.80,563.96,67.16,209.27,0.6352,-1,-1,-1
187,13,525.31,301.97,59.90,204.40,0.5400,-1,-1,-1
187,28,752.71,281.22,63.66,192.29,0.2534,-1,-1,-1
187,29,21.22,620.12,96.61,239.05,0.6876,-1,-1,-1
188,1,415.98,225.66,74.47,207.73,0.5949,-1,-1,-1
188,2,97.19,546.28,71.27,242.32,0.5927,-1,-1,-1
188,3,988.66,919.26,60.15,159.23,0.7220,-1,-1,-1
188,4,1721.45,460.08,73.16,207.49,0.5078,-1,-1,-1
188,5,1357.71,572.71,84.04,226.01,0.4595,-1,-1,-1
188,18,868.17,177.00,74.84,187.11,0.4319,-1,-1,-1
188,19,410.08,637.44,93.24,256.19,0.7686,-1,-1,-1
188,26,606.67,288.75,59.85,201.54,0.3352,-1,-1,-1
188,6,228.70,562.02,68.13,210.90,0.6182,-1,-1,-1
188,13,524.32,301.19,61.48,206.35,0.5393,-1,-1,-1
188,28,752.51,281.36,62.83,192.04,0.3161,-1,-1,-1
188,29,23.30,619.10,102.35,240.54,0.7143,-1,-1,-1
189,1,416.01,224.61,74.30,207.66,0.5823,-1,-1,-1
189,2,95.58,546.48,70.85,239.05,0.5356,-1,-1,-1
189,3,987.43,919.78,59.81,158.86,0.7124,-1,-1,-1
189,4,1721.02,460.58,73.56,207.34,0.4810,-1,-1,-1
189,5,1357.87,572.63,82.48,220.88,0.4579,-1,-1,-1
189,18,867.37,177.05,77.83,186.44,0.4621,-1,-1,-1
189,19,409.92,634.35,92.68,258.12,0.7986,-1,-1,-1
189,26,605.83,297.12,59.55,193.82,0.3509,-1,-1,-1
189,6,229.29,558.43,65.91,209.76,0.5551,-1,-1,-1
189,13,523.54,303.98,62.47,206.27,0.5651,-1,-1,-1
189,28,753.10,281.53,63.47,190.59,0.2518,-1,-1,-1
189,29,24.49,619.54,108.01,241.96,0.6903,-1,-1,-1
190,1,416.74,224.24,73.80,207.48,0.5693,-1,-1,-1
190,2,94.13,546.44,71.30,233.06,0.4938,-1,-1,-1
190,3,986.34,920.67,59.48,157.65,0.7265,-1,-1,-1
190,4,1721.30,459.29,73.43,208.57,0.4639,-1,-1,-1
190,5,1357.80,572.27,81.83,219.05,0.4499,-1,-1,-1
190,18,867.40,178.31,80.90,185.00,0.5126,-1,-1,-1
190,19,411.44,633.43,89.41,256.74,0.7855,-1,-1,-1
190,26,605.35,297.29,59.97,194.95,0.3474,-1,-1,-1
190,6,229.63,555.46,64.76,207.94,0.5734,-1,-1,-1
190,13,522.63,303.56,64.40,208.69,0.5930,-1,-1,-1
190,28,753.25,281.52,61.77,190.58,0.2654,-1,-1,-1
190,29,27.18,621.11,111.93,244.94,0.6741,-1,-1,-1
191,1,417.43,223.12,73.72,207.58,0.5661,-1,-1,-1
191,2,95.33,545.81,69.17,199.69,0.5736,-1,-1,-1
191,3,985.28,921.71,59.29,155.84,0.7426,-1,-1,-1
191,4,1720.58,459.56,74.26,208.44,0.4921,-1,-1,-1
191,5,1357.89,571.62,85.31,227.82,0.4824,-1,-1,-1
191,18,869.37,175.67,79.52,185.42,0.4830,-1,-1,-1
191,19,411.99,630.73,87.19,255.75,0.7836,-1,-1,-1
191,26,604.73,302.59,60.26,190.66,0.3196,-1,-1,-1
191,6,229.65,552.17,63.59,206.32,0.5923,-1,-1,-1
191,13,522.27,303.57,65.76,210.04,0.5487,-1,-1,-1
191,28,753.26,282.41,59.78,190.59,0.2418,-1,-1,-1
191,29,29.61,622.18,118.63,248.93,0.6089,-1,-1,-1
192,1,418.29,222.78,73.65,207.70,0.5440,-1,-1,-1
192,2,95.42,545.17,68.87,186.31,0.5974,-1,-1,-1
192,3,984.48,922.54,58.61,154.74,0.7447,-1,-1,-1
192,4,1720.47,459.83,74.36,207.82,0.5382,-1,-1,-1
192,5,1357.54,571.00,85.59,225.24,0.4989,-1,-1,-1
192,18,871.42,173.37,78.07,185.71,0.5075,-1,-1,-1
192,19,412.38,626.21,85.50,253.08,0.7720,-1,-1,-1
192,26,603.88,305.59,60.23,187.61,0.3872,-1,-1,-1
192,6,228.61,550.30,64.80,204.97,0.6327,-1,-1,-1
192,13,522.38,304.89,66.22,208.97,0.5992,-1,-1,-1
192,28,753.30,283.02,59.14,191.25,0.2886,-1,-1,-1
192,29,32.63,624.79,121.06,251.26,0.5947,-1,-1,-1
193,1,418.02,221.29,74.35,208.37,0.5241,-1,-1,-1
193,2,94.88,545.06,68.70,180.09,0.5865,-1,-1,-1
193,3,983.91,922.36,57.69,155.23,0.7165,-1,-1,-1
193,4,1720.61,459.55,74.07,207.60,0.5206,-1,-1,-1
193,5,1357.53,570.68,85.70,228.38,0.4936,-1,-1,-1
193,18,874.19,172.83,75.57,184.94,0.4301,-1,-1,-1
193,19,412.59,622.56,84.06,249.58,0.7902,-1,-1,-1
193,26,602.83,307.76,60.66,186.14,0.3516,-1,-1,-1
193,6,228.53,547.28,64.76,206.35,0.6399,-1,-1,-1
193,13,521.51,307.78,67.31,206.14,0.5524,-1,-1,-1
193,28,752.88,284.44,60.19,194.70,0.2216,-1,-1,-1
193,29,36.78,628.32,116.73,247.95,0.5105,-1,-1,-1
194,1,418.58,221.55,74.61,207.58,0.5099,-1,-1,-1
194,2,93.63,544.78,69.88,175.60,0.6224,-1,-1,-1
194,3,982.04,921.99,59.31,156.02,0.7388,-1,-1,-1
194,4,1720.70,459.85,73.99,207.57,0.5020,-1,-1,-1
194,5,1357.03,570.46,85.60,230.39,0.4716,-1,-1,-1
194,18,875.48,172.77,74.81,182.70,0.3929,-1,-1,-1
194,19,413.41,619.13,80.87,248.26,0.7743,-1,-1,-1
194,26,602.06,308.53,60.37,186.32,0.3650,-1,-1,-1
194,6,228.37,545.63,64.69,205.76,0.6432,-1,-1,-1
194,13,520.27,308.91,68.36,205.45,0.5768,-1,-1,-1
194,28,752.83,288.77,58.77,192.21,0.2534,-1,-1,-1
194,29,40.61,631.14,113.73,243.74,0.5886,-1,-1,-1
195,1,418.77,219.59,74.93,209.79,0.5586,-1,-1,-1
195,2,93.17,544.57,70.00,174.43,0.6015,-1,-1,-1
195,3,981.84,922.24,58.84,155.78,0.7301,-1,-1,-1
195,4,1720.94,459.53,73.81,208.11,0.5215,-1,-1,-1
195,5,1356.92,570.16,84.62,222.56,0.5591,-1,-1,-1
195,18,877.65,170.54,73.02,179.51,0.3666,-1,-1,-1
195,19,413.20,617.29,80.39,247.30,0.7849,-1,-1,-1
195,26,601.32,309.46,60.63,184.90,0.4301,-1,-1,-1
195,6,228.45,544.31,63.66,207.26,0.6472,-1,-1,-1
195,13,517.87,308.99,70.94,206.61,0.6711,-1,-1,-1
195,28,752.59,289.84,60.94,192.24,0.2799,-1,-1,-1
195,29,42.88,633.38,111.81,237.35,0.6657,-1,-1,-1
196,1,419.63,217.99,73.82,209.83,0.5392,-1,-1,-1
196,2,93.17,544.30,69.24,174.79,0.5408,-1,-1,-1
196,3,980.29,921.91,60.60,156.50,0.7314,-1,-1,-1
196,4,1720.80,458.72,73.45,209.48,0.5045,-1,-1,-1
196,5,1356.60,571.26,84.44,220.35,0.5218,-1,-1,-1
196,18,880.64,169.37,69.36,176.99,0.4261,-1,-1,-1
196,19,410.04,614.25,83.21,248.19,0.7513,-1,-1,-1
196,26,601.30,311.17,60.93,182.88,0.4006,-1,-1,-1
196,6,227.32,543.85,63.67,207.23,0.6479,-1,-1,-1
196,13,517.72,310.60,71.43,206.89,0.6011,-1,-1,-1
196,28,752.72,291.29,62.17,191.24,0.3690,-1,-1,-1
196,29,46.14,635.84,109.04,241.86,0.6669,-1,-1,-1
197,1,419.41,216.54,75.57,209.44,0.5742,-1,-1,-1
197,2,93.85,544.05,67.57,171.07,0.5283,-1,-1,-1
197,3,977.91,922.04,62.72,156.51,0.7376,-1,-1,-1
197,4,1721.24,458.77,73.38,209.50,0.5012,-1,-1,-1
197,5,1356.52,571.40,84.17,218.72,0.5405,-1,-1,-1
197,18,882.24,168.32,67.06,176.36,0.4547,-1,-1,-1
197,19,406.22,611.18,86.22,249.37,0.7412,-1,-1,-1
197,26,601.00,311.83,61.02,182.47,0.4318,-1,-1,-1
197,6,226.50,543.24,63.96,208.79,0.6860,-1,-1,-1
197,13,515.73,308.45,73.64,210.68,0.6748,-1,-1,-1
197,28,753.18,293.27,61.36,189.02,0.3261,-1,-1,-1
197,29,50.57,638.89,108.72,246.75,0.6743,-1,-1,-1
198,1,420.36,215.34,75.69,208.74,0.5656,-1,-1,-1
198,2,95.39,543.85,65.30,169.71,0.5196,-1,-1,-1
198,3,976.42,921.47,62.31,157.28,0.7017,-1,-1,-1
198,4,1721.05,458.98,73.49,208.83,0.4961,-1,-1,-1
198,5,1356.51,571.68,84.71,219.01,0.5587,-1,-1,-1
198,18,885.05,161.41,64.48,182.77,0.4298,-1,-1,-1
198,19,402.29,610.44,89.19,250.77,0.7492,-1,-1,-1
198,26,600.84,312.73,60.77,182.24,0.4362,-1,-1,-1
198,6,226.11,542.33,64.52,209.66,0.6944,-1,-1,-1
198,13,515.48,311.56,73.44,210.53,0.6260,-1,-1,-1
198,28,754.10,294.63,62.71,189.53,0.3060,-1,-1,-1
198,29,54.60,641.60,107.95,247.53,0.6954,-1,-1,-1
199,1,419.56,214.30,76.79,206.42,0.5664,-1,-1,-1
199,2,95.63,544.26,64.59,169.72,0.5174,-1,-1,-1
199,3,974.01,921.39,63.91,157.47,0.7291,-1,-1,-1
199,4,1720.87,458.81,73.27,209.05,0.5292,-1,-1,-1
199,5,1355.45,571.11,85.70,221.62,0.5214,-1,-1,-1
199,18,885.74,157.99,65.50,186.10,0.3963,-1,-1,-1
199,19,399.29,609.89,91.89,252.54,0.7424,-1,-1,-1
199,26,601.18,313.82,60.15,180.23,0.4473,-1,-1,-1
199,6,226.24,542.50,64.43,209.20,0.7030,-1,-1,-1
199,13,515.90,314.43,72.54,210.14,0.6018,-1,-1,-1
199,28,752.22,295.69,63.35,192.64,0.2807,-1,-1,-1
199,29,57.27,644.00,107.44,248.00,0.7225,-1,-1,-1
200,1,419.18,212.57,77.45,205.69,0.5741,-1,-1,-1
200,2,95.66,543.87,64.27,166.49,0.5366,-1,-1,-1
200,3,972.53,920.60,63.86,157.69,0.7146,-1,-1,-1
200,4,1720.95,458.73,72.85,208.77,0.5338,-1,-1,-1
200,5,1355.82,571.26,83.31,218.34,0.5407,-1,-1,-1
200,18,885.35,158.69,67.54,186.85,0.4011,-1,-1,-1
200,19,397.79,609.36,92.32,252.29,0.7475,-1,-1,-1
200,26,601.47,315.25,59.98,178.71,0.4230,-1,-1,-1
200,6,226.01,541.94,63.64,208.71,0.7170,-1,-1,-1
200,13,517.27,317.81,69.66,209.46,0.5845,-1,-1,-1
200,28,751.75,296.12,63.53,194.39,0.3109,-1,-1,-1
200,29,60.26,648.04,104.16,245.03,0.7126,-1,-1,-1
201,1,419.34,211.43,78.66,206.00,0.5669,-1,-1,-1
201,2,94.91,543.91,64.43,165.65,0.4987,-1,-1,-1
201,3,971.67,920.06,63.28,158.03,0.7216,-1,-1,-1
201,4,1720.95,458.32,72.70,209.02,0.5540,-1,-1,-1
201,5,1355.73,571.06,82.23,219.29,0.5457,-1,-1,-1
201,18,886.21,158.30,69.38,187.19,0.4227,-1,-1,-1
201,19,395.91,608.89,93.28,252.25,0.7432,-1,-1,-1
201,26,601.84,318.15,58.72,173.83,0.4314,-1,-1,-1
201,6,226.11,541.16,62.98,209.04,0.7042,-1,-1,-1
201,13,516.44,318.89,70.38,212.04,0.5944,-1,-1,-1
201,28,752.31,296.81,63.85,195.36,0.2943,-1,-1,-1
201,29,64.44,653.14,99.41,240.59,0.7341,-1,-1,-1
202,1,419.50,210.26,79.62,205.53,0.5608,-1,-1,-1
202,2,96.42,543.12,62.85,156.83,0.4452,-1,-1,-1
202,3,970.92,919.53,62.45,158.72,0.7280,-1,-1,-1
202,4,1721.34,458.33,72.64,209.49,0.5817,-1,-1,-1
202,5,1355.33,571.05,81.48,216.71,0.5175,-1,-1,-1
202,18,887.87,157.69,70.33,186.01,0.4329,-1,-1,-1
202,19,395.93,608.32,92.70,250.87,0.7355,-1,-1,-1
202,26,601.93,321.98,57.82,168.98,0.4481,-1,-1,-1
202,6,225.44,539.96,63.57,210.33,0.7059,-1,-1,-1
202,13,516.15,318.51,71.76,214.75,0.6123,-1,-1,-1
202,28,754.69,298.21,60.40,196.19,0.2847,-1,-1,-1
202,29,67.00,656.01,96.35,237.74,0.7430,-1,-1,-1
203,1,420.80,208.98,78.83,206.42,0.4911,-1,-1,-1
203,2,97.07,543.00,61.35,152.19,0.3295,-1,-1,-1
203,3,970.27,919.00,62.94,159.02,0.7356,-1,-1,-1
203,4,1721.02,458.31,72.97,209.59,0.5912,-1,-1,-1
203,5,1356.13,571.93,81.24,212.47,0.5462,-1,-1,-1
203,18,887.77,156.59,70.80,186.32,0.4732,-1,-1,-1
203,19,394.99,606.98,92.25,249.19,0.7341,-1,-1,-1
203,26,602.01,322.85,57.45,167.38,0.4454,-1,-1,-1
203,6,223.80,537.81,64.87,211.63,0.7000,-1,-1,-1
203,13,515.87,318.52,72.25,215.95,0.5684,-1,-1,-1
203,28,755.49,299.12,59.38,195.33,0.2687,-1,-1,-1
203,29,69.15,657.70,95.18,235.39,0.6966,-1,-1,-1
203,35,1154.28,138.46,56.27,183.63,0.3753,-1,-1,-1
204,1,422.87,208.48,77.56,206.69,0.4486,-1,-1,-1
204,2,97.33,543.24,60.58,149.17,0.3507,-1,-1,-1
204,3,968.45,916.85,63.12,161.06,0.7307,-1,-1,-1
204,4,1721.03,458.81,73.14,209.22,0.5785,-1,-1,-1
204,5,1356.59,571.61,82.36,213.50,0.5605,-1,-1,-1
204,18,887.68,156.56,71.55,186.19,0.5040,-1,-1,-1
204,19,396.15,603.30,90.19,249.93,0.7217,-1,-1,-1
204,26,602.46,324.63,57.00,166.83,0.3987,-1,-1,-1
204,6,223.07,535.56,64.72,211.32,0.6731,-1,-1,-1
204,13,513.49,318.35,73.87,217.98,0.5875,-1,-1,-1
204,28,756.06,299.39,58.75,196.06,0.2732,-1,-1,-1
204,29,70.58,658.81,95.20,233.50,0.6858,-1,-1,-1
204,35,1153.47,140.60,54.56,180.15,0.3813,-1,-1,-1
205,1,423.95,208.19,77.49,206.95,0.4667,-1,-1,-1
205,2,97.31,542.79,60.17,146.23,0.3391,-1,-1,-1
205,3,967.20,915.71,62.58,162.38,0.7307,-1,-1,-1
205,4,1720.46,458.75,73.85,209.78,0.5665,-1,-1,-1
205,5,1356.34,571.60,82.58,214.32,0.5324,-1,-1,-1
205,18,888.75,155.37,69.85,187.20,0.4671,-1,-1,-1
205,19,394.64,600.24,90.83,251.17,0.7196,-1,-1,-1
205,26,603.52,325.04,56.19,167.04,0.3885,-1,-1,-1
205,6,220.93,531.91,65.85,210.43,0.6653,-1,-1,-1
205,13,514.05,318.44,73.93,218.35,0.5051,-1,-1,-1
205,28,756.35,299.80,59.17,195.98,0.3389,-1,-1,-1
205,29,71.53,657.85,97.51,234.36,0.7379,-1,-1,-1
205,35,1151.90,139.54,54.97,180.95,0.3939,-1,-1,-1
206,1,423.42,205.91,78.75,208.01,0.5123,-1,-1,-1
206,2,97.34,542.87,60.89,145.54,0.3884,-1,-1,-1
206,3,965.51,914.97,62.89,162.95,0.7456,-1,-1,-1
206,4,1720.34,458.94,74.38,209.64,0.5685,-1,-1,-1
206,5,1355.69,571.39,82.24,215.22,0.5386,-1,-1,-1
206,18,890.34,155.63,68.82,185.06,0.5190,-1,-1,-1
206,19,395.28,597.92,89.13,251.94,0.7337,-1,-1,-1
206,26,604.00,325.25,55.88,166.68,0.4113,-1,-1,-1
206,6,221.00,529.31,64.33,205.01,0.6694,-1,-1,-1
206,13,513.05,319.57,74.85,218.12,0.5083,-1,-1,-1
206,28,757.93,299.74,58.34,195.90,0.3777,-1,-1,-1
206,29,75.04,657.44,97.88,234.49,0.7628,-1,-1,-1
206,35,1150.18,138.30,55.19,182.07,0.4039,-1,-1,-1
206,37,0.50,601.01,76.75,237.95,0.4624,-1,-1,-1
207,1,423.30,205.14,79.47,207.39,0.4893,-1,-1,-1
207,2,97.95,543.22,60.83,146.20,0.4416,-1,-1,-1
207,3,964.25,913.60,62.56,164.43,0.7473,-1,-1,-1
207,4,1720.58,458.92,73.93,208.98,0.5742,-1,-1,-1
207,5,1356.88,570.89,80.69,213.89,0.4982,-1,-1,-1
207,18,890.95,154.48,70.72,188.65,0.5110,-1,-1,-1
207,19,395.88,596.33,87.66,248.38,0.7458,-1,-1,-1
207,26,604.09,325.57,55.97,167.18,0.4113,-1,-1,-1
207,6,221.50,526.93,63.11,202.54,0.6497,-1,-1,-1
207,13,511.51,319.92,75.51,217.43,0.5344,-1,-1,-1
207,28,758.90,299.10,58.16,195.55,0.3298,-1,-1,-1
207,29,79.78,659.07,102.14,235.46,0.7238,-1,-1,-1
207,35,1147.59,137.59,55.35,183.11,0.3710,-1,-1,-1
207,37,0.45,607.68,81.70,231.67,0.2654,-1,-1,-1
208,1,424.18,205.72,78.48,207.69,0.4773,-1,-1,-1
208,2,98.25,543.56,61.15,146.61,0.3910,-1,-1,-1
208,3,961.99,912.78,63.42,165.58,0.7410,-1,-1,-1
208,4,1721.18,458.78,73.43,209.56,0.5807,-1,-1,-1
208,5,1357.30,570.51,80.17,214.02,0.5157,-1,-1,-1
208,18,892.59,152.97,69.17,190.73,0.4738,-1,-1,-1
208,19,397.46,593.71,85.43,245.53,0.7485,-1,-1,-1
208,26,603.40,324.96,56.66,167.03,0.4063,-1,-1,-1
208,6,220.40,524.95,64.07,202.41,0.6132,-1,-1,-1
208,13,509.22,322.78,76.09,213.88,0.5138,-1,-1,-1
208,28,758.65,298.96,58.78,195.79,0.3511,-1,-1,-1
208,29,84.08,660.44,106.61,239.39,0.7352,-1,-1,-1
208,35,1144.92,136.96,55.96,183.77,0.3943,-1,-1,-1
208,37,0.84,606.91,85.33,233.30,0.3639,-1,-1,-1
209,1,425.16,205.82,77.62,208.64,0.4397,-1,-1,-1
209,2,98.78,544.90,61.33,148.25,0.3757,-1,-1,-1
209,3,960.95,912.42,62.24,166.15,0.7309,-1,-1,-1
209,4,1721.49,457.87,73.08,210.28,0.5552,-1,-1,-1
209,5,1357.39,570.68,78.26,214.95,0.4957,-1,-1,-1
209,18,893.71,151.69,68.69,190.08,0.4539,-1,-1,-1
209,19,398.65,591.21,83.00,241.76,0.7524,-1,-1,-1
209,26,602.32,324.52,57.07,167.98,0.3727,-1,-1,-1
209,6,220.31,523.24,63.70,202.30,0.6262,-1,-1,-1
209,13,508.55,323.58,75.28,213.07,0.5574,-1,-1,-1
209,28,758.81,300.91,59.22,195.23,0.3533,-1,-1,-1
209,29,86.64,664.35,112.34,239.79,0.7621,-1,-1,-1
209,35,1142.43,137.53,56.75,182.43,0.3426,-1,-1,-1
209,37,0.96,606.77,85.27,235.28,0.5766,-1,-1,-1
210,1,425.44,205.34,76.82,209.72,0.4220,-1,-1,-1
210,2,99.66,543.72,61.03,150.28,0.3839,-1,-1,-1
210,3,958.45,912.05,63.02,166.94,0.7295,-1,-1,-1
210,4,1721.29,458.07,73.22,210.40,0.5701,-1,-1,-1
210,5,1357.14,570.84,78.32,215.03,0.5197,-1,-1,-1
210,18,894.39,150.95,67.84,189.73,0.4771,-1,-1,-1
210,19,400.06,589.78,81.09,238.67,0.7553,-1,-1,-1
210,26,602.09,323.70,57.38,175.27,0.3337,-1,-1,-1
210,6,219.30,522.12,64.78,203.18,0.6210,-1,-1,-1
210,13,508.23,323.99,74.18,213.23,0.5972,-1,-1,-1
210,28,759.62,303.70,60.48,195.90,0.3199,-1,-1,-1
210,29,86.63,666.69,118.05,240.38,0.7543,-1,-1,-1
210,35,1141.02,137.60,56.50,181.83,0.3409,-1,-1,-1
210,37,1.37,607.36,86.50,234.19,0.5917,-1,-1,-1
211,1,426.59,204.87,76.30,209.72,0.4370,-1,-1,-1
211,2,100.03,543.61,62.29,151.92,0.3772,-1,-1,-1
211,3,956.04,912.08,64.01,166.66,0.7379,-1,-1,-1
211,4,1720.98,458.82,73.48,208.61,0.5500,-1,-1,-1
211,5,1356.49,570.38,78.26,218.26,0.5128,-1,-1,-1
211,18,895.02,150.26,68.67,186.96,0.4977,-1,-1,-1
211,19,400.72,587.21,79.91,238.18,0.7519,-1,-1,-1
211,26,601.16,324.91,58.99,179.19,0.2912,-1,-1,-1
211,6,217.95,520.75,65.46,204.40,0.5996,-1,-1,-1
211,13,508.06,324.19,73.27,211.99,0.6001,-1,-1,-1
211,28,758.98,305.43,63.32,197.55,0.3101,-1,-1,-1
211,29,91.13,668.75,115.87,241.15,0.7523,-1,-1,-1
211,35,1138.88,137.58,56.63,182.43,0.3333,-1,-1,-1
211,37,0.90,611.21,88.80,230.12,0.5875,-1,-1,-1
212,1,426.26,203.59,77.02,210.05,0.4029,-1,-1,-1
212,2,101.03,543.87,62.92,156.03,0.4589,-1,-1,-1
212,3,954.16,911.14,64.59,168.48,0.7332,-1,-1,-1
212,4,1720.70,459.23,73.99,209.40,0.5751,-1,-1,-1
212,5,1356.42,570.81,78.13,219.30,0.5019,-1,-1,-1
212,18,897.45,148.12,68.04,184.53,0.4893,-1,-1,-1
212,19,400.18,585.27,80.90,238.63,0.7140,-1,-1,-1
212,26,600.24,326.86,60.87,178.66,0.2732,-1,-1,-1
212,6,216.75,519.56,65.92,205.47,0.6213,-1,-1,-1
212,13,507.45,325.47,72.68,210.84,0.5919,-1,-1,-1
212,28,757.74,305.36,65.78,196.50,0.2973,-1,-1,-1
212,29,96.64,670.25,111.38,243.67,0.7424,-1,-1,-1
212,35,1137.31,137.66,57.07,182.41,0.2960,-1,-1,-1
212,37,12.12,610.65,85.62,232.96,0.5601,-1,-1,-1
213,1,426.04,202.13,77.23,210.18,0.4073,-1,-1,-1
213,2,101.57,543.94,63.51,167.43,0.4888,-1,-1,-1
213,3,951.97,910.12,65.03,169.79,0.7464,-1,-1,-1
213,4,1720.60,459.11,74.47,209.75,0.5666,-1,-1,-1
213,5,1356.03,570.59,78.45,220.84,0.5402,-1,-1,-1
213,18,899.03,145.54,67.42,183.93,0.5018,-1,-1,-1
213,19,400.16,582.84,81.62,241.05,0.7110,-1,-1,-1
213,26,600.40,327.73,60.61,184.47,0.3030,-1,-1,-1
213,6,215.92,518.83,65.77,204.69,0.6151,-1,-1,-1
213,13,507.45,326.06,71.48,211.22,0.6298,-1,-1,-1
213,28,758.12,309.16,67.03,194.97,0.2898,-1,-1,-1
213,29,100.31,669.97,108.30,248.10,0.7477,-1,-1,-1
213,35,1133.50,137.16,59.62,182.48,0.2765,-1,-1,-1
213,37,21.96,610.49,79.75,233.83,0.5295,-1,-1,-1
214,1,425.87,201.33,76.37,210.39,0.3947,-1,-1,-1
214,2,101.63,545.94,65.33,171.93,0.4911,-1,-1,-1
214,3,951.09,908.94,64.46,171.06,0.7357,-1,-1,-1
214,4,1721.23,459.41,73.86,207.96,0.5645,-1,-1,-1
214,5,1355.49,571.06,78.53,218.80,0.5274,-1,-1,-1
214,18,900.78,142.58,66.50,185.18,0.4662,-1,-1,-1
214,19,399.37,580.26,84.20,243.51,0.6941,-1,-1,-1
214,26,600.63,330.50,59.67,191.86,0.3602,-1,-1,-1
214,6,215.75,518.41,65.89,203.61,0.5915,-1,-1,-1
214,13,508.21,325.22,71.60,211.27,0.7046,-1,-1,-1
214,28,755.52,310.27,71.85,194.16,0.2896,-1,-1,-1
214,29,105.29,667.73,104.17,252.72,0.7560,-1,-1,-1
214,35,1131.17,136.20,59.11,181.49,0.2825,-1,-1,-1
214,37,32.54,613.06,70.86,232.86,0.5566,-1,-1,-1
215,1,426.79,200.59,75.29,209.67,0.3776,-1,-1,-1
215,2,101.88,547.48,67.49,171.66,0.4501,-1,-1,-1
215,3,949.79,908.85,63.59,171.21,0.7452,-1,-1,-1
215,4,1721.38,459.61,73.74,207.67,0.5779,-1,-1,-1
215,5,1356.04,571.48,78.37,216.14,0.5411,-1,-1,-1
215,18,901.74,141.82,66.30,185.52,0.4446,-1,-1,-1
215,19,398.70,578.67,86.44,244.93,0.7155,-1,-1,-1
215,26,600.64,332.51,60.98,197.61,0.3782,-1,-1,-1
215,6,215.78,517.56,65.46,203.70,0.5850,-1,-1,-1
215,13,508.68,325.41,71.06,213.22,0.6749,-1,-1,-1
215,28,757.80,312.15,71.35,192.46,0.3765,-1,-1,-1
215,29,110.43,666.03,98.77,256.31,0.7661,-1,-1,-1
215,35,1129.61,135.17,58.26,182.58,0.2959,-1,-1,-1
215,37,40.70,612.96,70.84,234.81,0.5214,-1,-1,-1
216,1,426.95,201.07,74.34,205.37,0.3518,-1,-1,-1
216,2,102.27,547.82,69.42,172.91,0.4647,-1,-1,-1
216,3,949.35,908.86,62.69,171.17,0.7380,-1,-1,-1
216,4,1721.62,459.08,73.20,208.57,0.5419,-1,-1,-1
216,5,1355.88,571.16,79.31,217.56,0.5404,-1,-1,-1
216,18,901.96,140.79,66.23,186.23,0.5106,-1,-1,-1
216,19,399.19,577.96,87.27,245.92,0.7189,-1,-1,-1
216,26,599.82,333.27,62.72,199.98,0.3832,-1,-1,-1
216,6,215.03,516.68,65.30,201.99,0.5841,-1,-1,-1
216,13,508.35,326.89,70.65,215.56,0.6230,-1,-1,-1
216,28,756.57,313.58,73.07,192.17,0.3830,-1,-1,-1
216,29,114.73,664.12,94.06,259.09,0.7808,-1,-1,-1
216,35,1128.40,133.34,57.38,184.31,0.3451,-1,-1,-1
216,37,45.26,611.75,70.89,238.89,0.6187,-1,-1,-1
217,1,427.00,199.66,73.30,203.68,0.3486,-1,-1,-1
217,2,102.19,548.84,68.62,172.10,0.3984,-1,-1,-1
217,3,949.17,908.69,61.45,171.37,0.7375,-1,-1,-1
217,4,1721.27,459.08,73.49,208.80,0.5316,-1,-1,-1
217,5,1355.21,571.53,81.13,218.24,0.5266,-1,-1,-1
217,18,901.71,140.57,67.17,185.48,0.4604,-1,-1,-1
217,19,398.95,576.77,88.68,246.58,0.7104,-1,-1,-1
217,26,600.56,336.17,60.13,200.64,0.3871,-1,-1,-1
217,6,217.27,515.76,62.00,203.46,0.5798,-1,-1,-1
217,13,508.74,328.98,69.90,217.24,0.5995,-1,-1,-1
217,28,756.41,315.24,75.04,190.62,0.3680,-1,-1,-1
217,29,115.51,663.44,93.76,259.90,0.7909,-1,-1,-1
217,35,1127.86,131.23,55.76,186.99,0.2889,-1,-1,-1
217,37,49.50,613.39,72.98,239.55,0.6282,-1,-1,-1
218,1,426.75,198.73,74.24,201.74,0.3754,-1,-1,-1
218,2,102.65,548.60,68.63,148.77,0.3210,-1,-1,-1
218,3,946.94,908.28,63.07,171.79,0.7344,-1,-1,-1
218,4,1721.46,459.25,73.22,209.35,0.5228,-1,-1,-1
218,5,1354.99,571.39,81.06,218.73,0.4944,-1,-1,-1
218,18,901.89,140.75,67.06,183.89,0.3777,-1,-1,-1
218,19,398.47,576.18,89.86,246.48,0.7195,-1,-1,-1
218,26,599.34,339.22,60.11,199.27,0.4311,-1,-1,-1
218,6,218.68,514.23,58.98,205.34,0.5484,-1,-1,-1
218,13,509.63,330.15,68.24,219.46,0.6181,-1,-1,-1
218,28,759.55,315.25,71.58,192.01,0.3129,-1,-1,-1
218,29,118.62,664.07,92.53,258.96,0.7803,-1,-1,-1
218,35,1126.01,129.67,56.30,188.04,0.2831,-1,-1,-1
218,37,53.38,616.84,80.21,237.80,0.4969,-1,-1,-1
219,1,427.72,197.08,73.53,199.51,0.3553,-1,-1,-1
219,2,101.32,548.96,71.06,137.08,0.3707,-1,-1,-1
219,3,943.67,907.39,65.50,172.53,0.7543,-1,-1,-1
219,4,1721.29,458.98,73.19,209.82,0.5487,-1,-1,-1
219,5,1354.90,571.75,81.30,217.44,0.5040,-1,-1,-1
219,18,900.86,140.35,69.01,186.46,0.4730,-1,-1,-1
219,19,399.31,574.96,88.80,245.76,0.6950,-1,-1,-1
219,26,598.34,341.26,59.78,199.60,0.4983,-1,-1,-1
219,6,217.39,511.87,58.46,203.49,0.5349,-1,-1,-1
219,13,510.46,331.57,66.92,220.03,0.6280,-1,-1,-1
219,28,758.90,315.76,72.59,190.98,0.2994,-1,-1,-1
219,29,121.93,663.06,90.98,258.56,0.7717,-1,-1,-1
219,35,1124.97,128.34,56.26,189.30,0.3213,-1,-1,-1
219,37,56.88,623.39,82.09,228.43,0.5832,-1,-1,-1
220,1,428.17,196.56,72.41,198.57,0.3736,-1,-1,-1
220,2,96.82,549.69,76.00,134.55,0.4000,-1,-1,-1
220,3,941.48,905.70,67.27,174.32,0.7484,-1,-1,-1
220,4,1721.31,459.00,73.42,209.38,0.5643,-1,-1,-1
220,5,1354.60,571.09,82.66,218.32,0.5136,-1,-1,-1
220,18,899.51,140.83,71.56,187.40,0.5142,-1,-1,-1
220,19,398.51,572.48,88.67,246.88,0.7161,-1,-1,-1
220,26,598.16,342.26,58.77,200.50,0.5149,-1,-1,-1
220,6,215.15,508.29,58.66,202.26,0.5503,-1,-1,-1
220,13,510.50,333.96,65.66,218.40,0.6370,-1,-1,-1
220,28,758.70,317.34,74.84,189.55,0.3112,-1,-1,-1
220,29,123.58,665.28,94.34,253.12,0.7423,-1,-1,-1
220,35,1123.78,126.99,56.24,189.02,0.2870,-1,-1,-1
220,37,59.02,629.32,85.56,223.09,0.6055,-1,-1,-1
221,1,428.85,195.33,71.77,199.06,0.3792,-1,-1,-1
221,2,92.04,550.60,81.96,136.08,0.4768,-1,-1,-1
221,3,938.48,904.90,68.79,175.14,0.7479,-1,-1,-1
221,4,1721.02,458.62,73.50,209.33,0.5861,-1,-1,-1
221,5,1354.49,571.39,82.89,218.15,0.5159,-1,-1,-1
221,18,900.72,141.09,70.60,187.99,0.5408,-1,-1,-1
221,19,399.27,569.67,86.73,248.01,0.6932,-1,-1,-1
221,26,597.78,344.05,58.21,200.63,0.5797,-1,-1,-1
221,6,213.24,504.94,59.83,201.55,0.5992,-1,-1,-1
221,13,510.48,336.19,66.40,218.63,0.6037,-1,-1,-1
221,28,760.91,315.61,72.54,191.40,0.3334,-1,-1,-1
221,29,126.70,667.13,96.62,252.23,0.7303,-1,-1,-1
221,35,1122.33,126.51,56.69,187.04,0.3120,-1,-1,-1
221,37,62.45,633.87,87.59,219.98,0.6308,-1,-1,-1
222,1,429.27,194.03,71.45,199.72,0.3580,-1,-1,-1
222,2,92.87,551.07,81.63,150.06,0.3800,-1,-1,-1
222,3,936.00,904.90,71.25,175.23,0.7535,-1,-1,-1
222,4,1721.36,458.51,73.63,208.97,0.5639,-1,-1,-1
222,5,1354.54,571.57,83.78,219.57,0.4865,-1,-1,-1
222,18,901.49,140.66,69.13,187.22,0.4974,-1,-1,-1
222,19,399.20,566.09,85.31,249.94,0.7097,-1,-1,-1
222,26,596.73,345.52,58.79,199.99,0.5698,-1,-1,-1
222,6,209.65,503.50,63.71,200.89,0.5618,-1,-1,-1
222,13,511.17,336.90,65.44,218.95,0.5869,-1,-1,-1
222,28,768.12,316.33,65.65,191.69,0.2696,-1,-1,-1
222,29,129.87,668.85,104.47,251.84,0.7158,-1,-1,-1
222,35,1121.62,127.96,53.74,180.13,0.2888,-1,-1,-1
222,37,65.75,632.71,92.30,224.03,0.5148,-1,-1,-1
223,1,431.00,193.76,70.23,201.21,0.3378,-1,-1,-1
223,2,93.88,552.11,81.18,143.59,0.4593,-1,-1,-1
223,3,934.76,904.66,72.20,175.46,0.7458,-1,-1,-1
223,4,1722.01,457.96,72.61,209.21,0.5427,-1,-1,-1
223,5,1354.64,571.67,84.55,220.93,0.4531,-1,-1,-1
223,18,900.79,140.59,69.00,185.92,0.4489,-1,-1,-1
223,19,399.08,564.23,84.25,246.83,0.7262,-1,-1,-1
223,26,595.71,346.56,59.14,199.18,0.5593,-1,-1,-1
223,6,208.66,502.46,64.89,200.33,0.5642,-1,-1,-1
223,13,511.17,337.55,66.13,218.68,0.5835,-1,-1,-1
223,28,770.30,315.97,66.06,193.60,0.3008,-1,-1,-1
223,29,132.01,670.55,110.78,255.95,0.6903,-1,-1,-1
223,35,1119.57,128.21,53.95,178.89,0.3352,-1,-1,-1
223,37,68.94,634.19,90.90,224.82,0.5790,-1,-1,-1
224,1,432.33,193.39,69.91,201.95,0.3575,-1,-1,-1
224,2,95.34,552.59,80.00,142.85,0.3629,-1,-1,-1
224,3,934.47,904.32,71.76,175.73,0.7161,-1,-1,-1
224,4,1721.67,458.69,73.14,208.97,0.5485,-1,-1,-1
224,5,1354.67,571.62,87.42,226.57,0.4362,-1,-1,-1
224,18,902.08,138.14,70.32,186.30,0.4205,-1,-1,-1
224,19,398.73,561.00,82.80,241.69,0.7174,-1,-1,-1
224,26,594.88,347.00,59.53,198.66,0.5603,-1,-1,-1
224,6,211.13,500.86,60.60,201.37,0.5531,-1,-1,-1
224,13,511.51,338.23,67.24,218.39,0.5864,-1,-1,-1
224,28,771.76,316.44,66.06,193.36,0.2949,-1,-1,-1
224,29,134.23,674.42,116.51,258.70,0.7253,-1,-1,-1
224,35,1117.98,127.88,53.71,178.96,0.3193,-1,-1,-1
224,37,72.95,635.37,86.49,222.99,0.5423,-1,-1,-1
225,1,431.21,192.12,71.24,203.74,0.3692,-1,-1,-1
225,2,96.77,553.15,78.45,147.26,0.3706,-1,-1,-1
225,3,934.21,903.42,71.68,176.56,0.7279,-1,-1,-1
225,4,1721.27,458.74,73.82,209.44,0.5845,-1,-1,-1
225,5,1354.84,572.09,89.05,230.54,0.4110,-1,-1,-1
225,18,903.36,137.27,71.26,185.70,0.3904,-1,-1,-1
225,19,397.95,558.01,81.21,238.04,0.7176,-1,-1,-1
225,26,594.20,348.11,59.40,196.88,0.5704,-1,-1,-1
225,6,211.62,499.49,59.63,200.92,0.6085,-1,-1,-1
225,13,511.84,338.81,68.71,217.81,0.5870,-1,-1,-1
225,28,772.46,316.86,69.93,194.93,0.3964,-1,-1,-1
225,29,136.42,677.71,117.62,262.80,0.7730,-1,-1,-1
225,35,1115.55,127.31,54.82,179.10,0.3690,-1,-1,-1
225,37,79.00,638.35,80.36,225.66,0.5941,-1,-1,-1
226,1,431.49,190.54,71.64,204.87,0.3917,-1,-1,-1
226,2,98.36,554.08,78.57,151.82,0.4253,-1,-1,-1
226,3,932.52,902.26,73.33,177.67,0.7230,-1,-1,-1
226,4,1721.22,458.31,74.18,210.25,0.5774,-1,-1,-1
226,5,1354.85,573.40,90.80,227.09,0.4495,-1,-1,-1
226,18,905.89,135.65,67.95,184.89,0.3655,-1,-1,-1
226,19,394.27,555.44,84.16,237.99,0.7255,-1,-1,-1
226,26,592.65,348.02,60.33,196.62,0.5811,-1,-1,-1
226,6,207.73,498.98,64.63,201.48,0.6062,-1,-1,-1
226,13,510.10,339.55,71.73,217.30,0.6157,-1,-1,-1
226,28,775.55,316.54,68.42,197.07,0.3802,-1,-1,-1
226,29,138.92,680.14,117.45,264.71,0.7542,-1,-1,-1
226,35,1113.65,126.82,55.25,176.50,0.3616,-1,-1,-1
226,37,84.30,640.11,78.51,226.84,0.6082,-1,-1,-1
227,1,432.12,188.73,71.93,207.14,0.4148,-1,-1,-1
227,2,99.82,554.42,78.94,155.30,0.4693,-1,-1,-1
227,3,932.07,901.87,73.16,178.07,0.7083,-1,-1,-1
227,4,1721.40,458.29,73.71,209.99,0.5963,-1,-1,-1
227,5,1354.89,573.87,90.40,226.32,0.4637,-1,-1,-1
227,18,908.60,133.95,64.57,186.59,0.3490,-1,-1,-1
227,19,391.91,553.02,85.24,238.79,0.7345,-1,-1,-1
227,26,590.56,347.89,62.15,197.38,0.5909,-1,-1,-1
227,6,207.40,497.91,65.65,203.23,0.6053,-1,-1,-1
227,13,509.54,342.31,72.98,213.90,0.6185,-1,-1,-1
227,28,777.08,317.62,73.79,200.02,0.3039,-1,-1,-1
227,29,142.94,682.49,115.37,268.16,0.7645,-1,-1,-1
227,35,1112.26,125.64,55.30,177.77,0.3727,-1,-1,-1
227,37,91.35,639.45,76.37,228.02,0.5928,-1,-1,-1
228,1,432.90,188.20,71.87,207.57,0.4365,-1,-1,-1
228,2,100.93,554.96,79.20,148.90,0.4598,-1,-1,-1
228,3,932.09,901.10,72.84,178.87,0.6958,-1,-1,-1
228,4,1721.48,459.17,73.76,208.64,0.5955,-1,-1,-1
228,5,1354.60,575.23,94.26,229.35,0.4482,-1,-1,-1
228,18,909.95,132.85,65.51,182.33,0.3554,-1,-1,-1
228,19,388.05,551.75,88.36,239.45,0.7358,-1,-1,-1
228,26,589.16,348.97,62.99,196.08,0.5727,-1,-1,-1
228,6,207.63,496.86,66.14,203.72,0.6214,-1,-1,-1
228,13,509.45,342.03,72.02,213.84,0.6386,-1,-1,-1
228,28,777.92,318.68,74.42,203.55,0.3933,-1,-1,-1
228,29,147.50,686.50,108.10,266.95,0.7350,-1,-1,-1
228,35,1109.33,125.25,56.76,179.16,0.3299,-1,-1,-1
228,37,96.10,640.07,77.34,230.59,0.6016,-1,-1,-1
229,1,433.82,187.79,70.80,208.57,0.4223,-1,-1,-1
229,2,101.93,555.94,80.03,143.05,0.4677,-1,-1,-1
229,3,931.51,900.36,73.14,179.66,0.7160,-1,-1,-1
229,4,1720.96,459.28,74.19,208.88,0.6030,-1,-1,-1
229,5,1354.41,575.95,93.12,223.81,0.4913,-1,-1,-1
229,18,912.36,131.97,65.68,178.54,0.3879,-1,-1,-1
229,19,384.89,549.60,91.12,241.75,0.7260,-1,-1,-1
229,26,588.38,349.75,63.23,195.12,0.5613,-1,-1,-1
229,6,206.80,495.82,66.85,204.93,0.5913,-1,-1,-1
229,13,509.17,343.64,72.67,212.49,0.6496,-1,-1,-1
229,28,777.30,318.28,72.71,208.61,0.3445,-1,-1,-1
229,29,149.35,689.71,103.31,265.92,0.7292,-1,-1,-1
229,35,1105.08,124.89,59.80,180.00,0.3415,-1,-1,-1
229,37,102.52,642.72,75.82,226.45,0.5914,-1,-1,-1
230,1,435.01,187.40,70.17,206.74,0.4568,-1,-1,-1
230,2,102.24,556.52,82.06,133.29,0.4544,-1,-1,-1
230,3,931.77,899.74,72.69,180.33,0.7129,-1,-1,-1
230,4,1720.94,459.51,74.21,208.50,0.5848,-1,-1,-1
230,5,1354.36,575.40,95.73,227.75,0.4601,-1,-1,-1
230,18,915.33,130.57,65.46,175.25,0.3403,-1,-1,-1
230,19,382.55,546.71,93.28,245.82,0.7325,-1,-1,-1
230,26,587.46,351.18,64.04,194.00,0.5273,-1,-1,-1
230,6,205.62,494.62,67.99,204.81,0.5889,-1,-1,-1
230,13,509.44,344.43,72.61,213.23,0.6394,-1,-1,-1
230,28,779.15,318.96,73.20,211.21,0.3203,-1,-1,-1
230,29,148.81,693.03,105.97,264.78,0.7492,-1,-1,-1
230,35,1097.23,125.55,66.87,179.37,0.3482,-1,-1,-1
230,37,107.90,645.07,73.92,218.77,0.5599,-1,-1,-1
231,1,435.94,186.86,70.48,204.84,0.4377,-1,-1,-1
231,2,102.36,556.79,82.68,128.88,0.4817,-1,-1,-1
231,3,931.29,899.29,73.19,180.69,0.7279,-1,-1,-1
231,4,1721.19,458.81,74.11,209.50,0.6107,-1,-1,-1
231,5,1354.68,577.27,96.01,224.67,0.4705,-1,-1,-1
231,18,917.41,129.53,66.79,177.20,0.3072,-1,-1,-1
231,19,380.43,545.13,94.93,247.75,0.7379,-1,-1,-1
231,26,586.41,350.63,65.61,193.68,0.5487,-1,-1,-1
231,6,209.14,493.30,65.65,204.52,0.5615,-1,-1,-1
231,13,508.49,345.40,73.49,213.03,0.6587,-1,-1,-1
231,28,780.42,325.78,63.51,204.31,0.3283,-1,-1,-1
231,29,152.56,695.33,102.91,263.31,0.7688,-1,-1,-1
231,35,1093.85,125.93,69.05,178.72,0.3575,-1,-1,-1
231,37,112.92,644.61,71.59,170.60,0.4762,-1,-1,-1
232,1,437.24,186.45,70.10,205.36,0.4461,-1,-1,-1
232,2,102.98,557.18,82.15,128.71,0.4503,-1,-1,-1
232,3,931.31,899.26,73.35,180.74,0.7216,-1,-1,-1
232,4,1721.70,458.06,73.51,210.21,0.6173,-1,-1,-1
232,5,1355.60,578.30,96.67,228.22,0.4687,-1,-1,-1
232,18,918.88,127.18,67.89,179.69,0.3079,-1,-1,-1
232,19,377.33,544.55,97.21,248.34,0.7137,-1,-1,-1
232,26,586.97,351.94,64.72,191.41,0.5233,-1,-1,-1
232,6,214.18,492.24,61.69,203.52,0.5232,-1,-1,-1
232,13,508.33,345.96,72.15,215.06,0.6661,-1,-1,-1
232,28,780.22,324.26,66.91,206.48,0.2936,-1,-1,-1
232,29,160.39,697.68,96.40,260.52,0.7635,-1,-1,-1
232,35,1093.61,125.76,67.50,178.26,0.4100,-1,-1,-1
232,37,117.88,647.35,68.46,212.59,0.5338,-1,-1,-1
233,1,438.80,184.78,69.49,207.11,0.4114,-1,-1,-1
233,2,104.00,557.85,82.13,131.60,0.4184,-1,-1,-1
233,3,932.15,898.96,72.27,181.03,0.7092,-1,-1,-1
233,4,1721.70,458.35,73.60,209.53,0.5954,-1,-1,-1
233,5,1355.66,577.76,98.52,233.58,0.4543,-1,-1,-1
233,18,920.38,126.20,67.28,178.82,0.2874,-1,-1,-1
233,19,375.40,544.19,97.90,247.17,0.6922,-1,-1,-1
233,26,587.13,353.52,64.21,190.99,0.5168,-1,-1,-1
233,6,212.78,490.68,64.56,203.61,0.5895,-1,-1,-1
233,13,507.91,346.86,71.84,218.16,0.6782,-1,-1,-1
233,28,782.76,330.71,63.05,201.71,0.2978,-1,-1,-1
233,29,165.71,699.85,92.82,258.02,0.7785,-1,-1,-1
233,35,1093.32,125.86,66.03,176.53,0.4668,-1,-1,-1
233,37,119.28,648.48,67.25,221.75,0.5446,-1,-1,-1
233,41,1174.32,124.23,59.70,162.58,0.3515,-1,-1,-1
234,1,440.23,183.54,69.62,208.27,0.4272,-1,-1,-1
234,2,107.26,558.67,77.12,197.96,0.3861,-1,-1,-1
234,3,934.19,899.72,69.55,180.19,0.6985,-1,-1,-1
234,4,1722.08,458.29,73.46,209.68,0.6142,-1,-1,-1
234,5,1355.03,576.29,101.03,238.16,0.5121,-1,-1,-1
234,18,921.40,124.06,67.93,180.59,0.3615,-1,-1,-1
234,19,373.99,542.63,98.39,245.25,0.7138,-1,-1,-1
234,26,587.10,354.39,64.08,193.12,0.5438,-1,-1,-1
234,6,214.59,488.58,63.65,200.36,0.5975,-1,-1,-1
234,13,507.44,347.71,70.95,220.28,0.6874,-1,-1,-1
234,28,782.44,334.43,62.58,200.77,0.2863,-1,-1,-1
234,29,168.30,701.09,91.82,257.12,0.7944,-1,-1,-1
234,35,1092.37,126.60,65.75,176.68,0.4585,-1,-1,-1
234,37,118.26,650.25,69.48,223.85,0.4362,-1,-1,-1
234,41,1172.27,124.04,60.78,161.22,0.3484,-1,-1,-1
235,1,442.05,182.38,69.02,207.63,0.4531,-1,-1,-1
235,2,106.64,559.32,79.67,165.45,0.4369,-1,-1,-1
235,3,934.75,900.33,67.86,179.64,0.6793,-1,-1,-1
235,4,1722.26,458.72,72.97,209.31,0.5931,-1,-1,-1
235,5,1355.98,576.47,102.77,238.41,0.4410,-1,-1,-1
235,18,922.68,123.11,67.13,184.51,0.3722,-1,-1,-1
235,19,373.09,541.50,97.31,245.31,0.7201,-1,-1,-1
235,26,587.69,356.41,63.28,192.62,0.5305,-1,-1,-1
235,6,216.10,486.17,62.20,198.46,0.5969,-1,-1,-1
235,13,506.75,350.04,70.43,220.84,0.6853,-1,-1,-1
235,28,782.00,337.66,63.94,199.57,0.3728,-1,-1,-1
235,29,172.35,702.55,88.15,254.50,0.7767,-1,-1,-1
235,35,1091.94,126.60,64.51,176.26,0.4529,-1,-1,-1
235,37,119.79,652.85,69.04,221.70,0.5006,-1,-1,-1
235,41,1170.30,123.11,61.66,162.04,0.3523,-1,-1,-1
236,1,443.70,182.35,68.20,204.09,0.4487,-1,-1,-1
236,2,106.80,560.12,81.80,151.17,0.5190,-1,-1,-1
236,3,935.52,900.38,66.59,179.64,0.6703,-1,-1,-1
236,4,1722.34,459.15,72.55,209.02,0.6044,-1,-1,-1
236,5,1357.48,576.63,103.37,238.80,0.4513,-1,-1,-1
236,18,923.41,122.05,68.01,186.43,0.3632,-1,-1,-1
236,19,372.90,540.77,96.02,244.27,0.7206,-1,-1,-1
236,26,587.55,358.51,61.95,188.88,0.5087,-1,-1,-1
236,6,216.45,483.97,62.83,197.04,0.5819,-1,-1,-1
236,13,506.36,352.73,69.33,219.01,0.6846,-1,-1,-1
236,28,782.67,339.51,62.65,197.98,0.4096,-1,-1,-1
236,29,175.96,703.12,85.88,253.93,0.7783,-1,-1,-1
236,35,1091.13,126.01,65.08,176.38,0.4152,-1,-1,-1
236,37,122.71,656.56,69.13,220.27,0.5672,-1,-1,-1
236,41,1167.84,122.96,62.21,161.06,0.3313,-1,-1,-1
237,1,443.46,181.54,69.21,201.51,0.3803,-1,-1,-1
237,2,107.12,560.43,82.06,146.67,0.5157,-1,-1,-1
237,3,936.14,900.50,65.26,179.67,0.6758,-1,-1,-1
237,4,1721.97,458.53,72.92,209.54,0.5921,-1,-1,-1
237,5,1360.36,577.48,102.81,238.95,0.4271,-1,-1,-1
237,18,925.26,122.51,66.69,186.72,0.3099,-1,-1,-1
237,19,373.51,538.09,93.88,244.93,0.7039,-1,-1,-1
237,26,587.21,360.74,61.66,188.84,0.5129,-1,-1,-1
237,6,217.37,482.54,62.72,196.45,0.5578,-1,-1,-1
237,13,504.45,355.46,69.85,217.39,0.6779,-1,-1,-1
237,28,783.29,339.30,62.68,198.51,0.4113,-1,-1,-1
237,29,178.37,703.92,85.33,251.80,0.7907,-1,-1,-1
237,35,1090.35,124.83,64.09,177.49,0.3750,-1,-1,-1
237,37,126.41,655.52,68.87,222.02,0.6011,-1,-1,-1
237,41,1165.69,123.18,62.36,160.52,0.2168,-1,-1,-1
238,1,443.41,180.44,70.11,200.62,0.3882,-1,-1,-1
238,2,108.22,560.61,83.34,143.32,0.4424,-1,-1,-1
238,3,936.20,900.39,64.04,179.65,0.6809,-1,-1,-1
238,4,1721.58,459.53,73.02,208.32,0.6046,-1,-1,-1
238,5,1363.81,578.56,102.97,239.76,0.4172,-1,-1,-1
238,18,926.13,120.55,67.51,187.99,0.3606,-1,-1,-1
238,19,375.44,535.62,91.38,243.90,0.7080,-1,-1,-1
238,26,587.18,362.06,61.86,188.10,0.5449,-1,-1,-1
238,6,217.52,480.35,63.02,197.00,0.5441,-1,-1,-1
238,13,503.26,356.95,70.18,218.11,0.6982,-1,-1,-1
238,28,784.17,339.98,63.35,198.29,0.4492,-1,-1,-1
238,29,182.09,703.97,85.13,252.61,0.7752,-1,-1,-1
238,35,1090.00,124.42,60.13,180.23,0.4181,-1,-1,-1
238,37,134.11,658.29,65.43,217.01,0.4665,-1,-1,-1
238,41,1164.40,122.40,62.06,162.56,0.2764,-1,-1,-1
239,1,443.91,179.11,71.10,200.38,0.4009,-1,-1,-1
239,2,108.94,561.18,83.98,142.17,0.3775,-1,-1,-1
239,3,936.40,900.15,62.81,179.86,0.7094,-1,-1,-1
239,4,1721.89,458.88,72.95,209.13,0.6244,-1,-1,-1
239,5,1359.99,577.29,109.01,240.63,0.4686,-1,-1,-1
239,18,926.41,120.26,67.38,184.43,0.4376,-1,-1,-1
239,19,378.99,531.58,87.29,240.76,0.7626,-1,-1,-1
239,26,587.45,362.57,62.61,187.73,0.5599,-1,-1,-1
239,6,218.19,479.51,62.95,197.48,0.5843,-1,-1,-1
239,13,501.79,357.95,70.67,216.66,0.6806,-1,-1,-1
239,28,783.79,340.22,64.16,198.40,0.4078,-1,-1,-1
239,29,185.38,705.56,85.49,251.45,0.7565,-1,-1,-1
239,35,1089.33,122.87,58.32,181.93,0.4244,-1,-1,-1
239,37,138.34,657.78,65.94,218.56,0.5320,-1,-1,-1
239,41,1160.92,120.87,63.12,165.04,0.3057,-1,-1,-1
239,43,110.96,561.58,81.67,237.61,0.4803,-1,-1,-1
240,1,443.71,177.58,73.06,201.14,0.3617,-1,-1,-1
240,2,109.11,562.03,85.07,145.83,0.4948,-1,-1,-1
240,3,936.81,900.27,61.70,179.32,0.7059,-1,-1,-1
240,4,1721.36,459.12,74.01,208.96,0.5965,-1,-1,-1
240,5,1358.49,576.61,112.29,240.44,0.4582,-1,-1,-1
240,18,925.75,118.91,66.70,185.15,0.4096,-1,-1,-1
240,19,383.35,528.60,82.61,236.87,0.7469,-1,-1,-1
240,26,588.65,363.92,59.46,185.51,0.5470,-1,-1,-1
240,6,218.18,478.22,63.31,199.07,0.5944,-1,-1,-1
240,13,499.60,358.60,72.66,217.95,0.6518,-1,-1,-1
240,28,784.03,340.56,65.17,197.69,0.4282,-1,-1,-1
240,29,187.42,707.02,91.62,253.87,0.7580,-1,-1,-1
240,35,1088.17,122.26,57.46,180.91,0.3912,-1,-1,-1
240,37,142.65,655.82,68.14,221.04,0.5606,-1,-1,-1
240,41,1158.08,120.70,66.30,165.59,0.2529,-1,-1,-1
240,43,110.53,562.14,82.00,236.27,0.4089,-1,-1,-1
241,1,444.54,177.90,74.00,200.72,0.3666,-1,-1,-1
241,2,110.33,562.57,83.95,148.73,0.5329,-1,-1,-1
241,3,936.55,900.12,61.07,179.60,0.7165,-1,-1,-1
241,4,1721.70,458.80,73.16,208.90,0.6296,-1,-1,-1
241,5,1357.07,573.55,118.09,242.00,0.5080,-1,-1,-1
241,18,924.99,118.20,67.07,183.54,0.4466,-1,-1,-1
241,19,386.72,525.87,79.36,234.38,0.7309,-1,-1,-1
241,26,588.92,365.48,59.08,183.00,0.5624,-1,-1,-1
241,6,218.15,476.48,63.64,201.41,0.6211,-1,-1,-1
241,13,497.85,359.01,73.45,218.78,0.6606,-1,-1,-1
241,28,784.46,340.75,67.71,197.33,0.4430,-1,-1,-1
241,29,189.62,709.13,97.33,256.27,0.7775,-1,-1,-1
241,35,1086.34,121.51,57.47,178.64,0.4321,-1,-1,-1
241,37,148.58,653.16,67.24,168.05,0.4028,-1,-1,-1
241,41,1155.83,119.94,64.91,164.09,0.2883,-1,-1,-1
241,43,111.78,562.44,80.05,236.24,0.4217,-1,-1,-1
242,1,445.90,177.08,73.07,202.67,0.3640,-1,-1,-1
242,2,110.73,563.05,84.35,169.83,0.4399,-1,-1,-1
242,3,936.42,900.57,61.51,179.34,0.7261,-1,-1,-1
242,4,1721.67,459.26,72.79,208.52,0.6147,-1,-1,-1
242,5,1356.75,571.03,120.86,243.62,0.5366,-1,-1,-1
242,18,929.13,120.11,63.00,181.25,0.4578,-1,-1,-1
242,19,387.36,523.01,79.15,233.82,0.6996,-1,-1,-1
242,26,587.91,365.54,60.56,186.85,0.5497,-1,-1,-1
242,6,218.10,475.06,63.77,201.80,0.5969,-1,-1,-1
242,13,495.98,360.74,74.01,217.92,0.6513,-1,-1,-1
242,28,785.22,342.27,68.03,196.74,0.4310,-1,-1,-1
242,29,193.81,711.70,98.02,256.49,0.7484,-1,-1,-1
242,35,1084.10,119.29,58.78,178.90,0.4116,-1,-1,-1
242,37,153.21,650.80,68.03,168.49,0.4307,-1,-1,-1
242,41,1155.23,119.36,63.30,161.32,0.3191,-1,-1,-1
242,43,110.98,562.99,83.15,194.16,0.4399,-1,-1,-1
243,1,447.63,176.31,71.48,204.10,0.3476,-1,-1,-1
243,2,112.82,562.61,83.50,164.01,0.1597,-1,-1,-1
243,3,936.00,900.45,61.23,179.55,0.7107,-1,-1,-1
243,4,1721.39,458.96,73.43,207.78,0.6315,-1,-1,-1
243,5,1356.84,568.78,120.47,245.99,0.5390,-1,-1,-1
243,18,931.23,119.78,61.43,179.61,0.5036,-1,-1,-1
243,19,388.72,520.21,77.86,235.24,0.6891,-1,-1,-1
243,26,587.35,365.68,61.63,192.20,0.5774,-1,-1,-1
243,6,217.79,474.32,64.41,202.44,0.6054,-1,-1,-1
243,13,494.28,361.04,73.72,218.33,0.6479,-1,-1,-1
243,28,786.06,341.91,68.06,197.68,0.4228,-1,-1,-1
243,29,197.42,716.37,99.40,255.92,0.6950,-1,-1,-1
243,35,1082.31,118.27,59.30,179.47,0.4662,-1,-1,-1
243,37,156.27,651.05,71.87,163.43,0.4761,-1,-1,-1
243,41,1154.76,118.40,63.73,159.18,0.3102,-1,-1,-1
243,43,112.28,560.94,82.54,222.64,0.5389,-1,-1,-1
243,21,787.90,152.06,65.47,168.87,0.3723,-1,-1,-1
244,1,447.13,175.83,74.33,204.42,0.3519,-1,-1,-1
244,2,113.49,562.74,83.57,218.61,0.5667,-1,-1,-1
244,3,935.60,901.14,62.00,179.00,0.7839,-1,-1,-1
244,4,1721.17,458.88,73.43,207.76,0.6060,-1,-1,-1
244,5,1356.87,569.62,119.35,244.80,0.5083,-1,-1,-1
244,18,932.65,118.35,60.31,179.17,0.4404,-1,-1,-1
244,19,389.16,518.12,77.90,236.66,0.6923,-1,-1,-1
244,26,586.16,366.93,61.25,196.37,0.5809,-1,-1,-1
244,6,217.20,472.81,64.32,200.08,0.5753,-1,-1,-1
244,13,492.36,361.86,73.27,216.26,0.6440,-1,-1,-1
244,28,788.66,342.69,64.75,196.86,0.3878,-1,-1,-1
244,29,199.77,725.52,99.24,250.96,0.7043,-1,-1,-1
244,35,1080.60,117.92,59.98,179.69,0.4485,-1,-1,-1
244,37,159.10,653.19,79.94,158.56,0.5561,-1,-1,-1
244,41,1154.40,115.20,59.48,159.42,0.3159,-1,-1,-1
244,43,113.22,561.96,83.25,238.20,0.5667,-1,-1,-1
244,21,786.24,152.31,68.12,170.02,0.3418,-1,-1,-1
245,1,447.62,175.68,74.33,203.93,0.3197,-1,-1,-1
245,2,115.81,565.04,82.37,237.81,0.6239,-1,-1,-1
245,3,935.14,902.31,63.00,177.76,0.7907,-1,-1,-1
245,4,1720.87,458.98,73.59,207.95,0.5890,-1,-1,-1
245,5,1359.18,569.85,116.96,244.66,0.4326,-1,-1,-1
245,18,934.40,116.59,59.09,178.91,0.4546,-1,-1,-1
245,19,389.16,517.67,78.79,237.44,0.6791,-1,-1,-1
245,26,585.96,369.05,60.33,198.70,0.5898,-1,-1,-1
245,6,217.03,471.38,64.30,200.89,0.5676,-1,-1,-1
245,13,491.59,362.13,72.86,218.40,0.6677,-1,-1,-1
245,28,789.91,343.56,64.18,196.69,0.3804,-1,-1,-1
245,29,199.22,729.14,99.90,250.66,0.7024,-1,-1,-1
245,35,1079.97,117.39,58.94,179.35,0.4503,-1,-1,-1
245,37,163.63,654.93,79.46,152.28,0.5934,-1,-1,-1
245,41,1154.44,113.05,57.23,159.88,0.2879,-1,-1,-1
245,43,115.71,564.91,82.22,244.06,0.6239,-1,-1,-1
245,21,785.96,152.68,68.95,170.01,0.3185,-1,-1,-1
245,45,854.70,353.09,66.55,185.13,0.3907,-1,-1,-1
246,1,448.00,176.07,74.60,204.25,0.3249,-1,-1,-1
246,2,118.26,564.69,81.18,247.32,0.6378,-1,-1,-1
246,3,935.27,903.29,63.70,176.78,0.7802,-1,-1,-1
246,4,1720.88,458.52,73.94,209.39,0.6068,-1,-1,-1
246,5,1366.29,571.30,109.46,242.94,0.4674,-1,-1,-1
246,18,936.15,115.78,57.45,179.37,0.4117,-1,-1,-1
246,19,389.16,517.12,79.89,238.92,0.6974,-1,-1,-1
246,26,585.11,370.75,60.72,200.23,0.6294,-1,-1,-1
246,6,219.08,470.34,63.08,203.50,0.5841,-1,-1,-1
246,13,489.18,363.44,73.62,215.73,0.6926,-1,-1,-1
246,28,791.09,344.94,63.57,196.00,0.3970,-1,-1,-1
246,29,202.32,731.21,96.77,254.67,0.6853,-1,-1,-1
246,35,1079.31,117.54,58.94,178.69,0.4122,-1,-1,-1
246,37,170.30,655.29,77.08,151.18,0.6017,-1,-1,-1
246,41,1153.15,111.71,57.19,161.53,0.2678,-1,-1,-1
246,43,118.25,564.52,81.08,247.57,0.6378,-1,-1,-1
246,21,784.10,152.89,71.38,170.21,0.3273,-1,-1,-1
246,45,859.80,352.15,64.16,187.19,0.3864,-1,-1,-1
247,1,448.15,175.58,76.17,204.71,0.3374,-1,-1,-1
247,2,119.73,563.97,83.23,253.22,0.6225,-1,-1,-1
247,3,935.69,903.76,63.60,176.26,0.7680,-1,-1,-1
247,4,1720.26,458.43,74.46,208.95,0.6213,-1,-1,-1
247,5,1369.92,568.69,107.21,247.22,0.5722,-1,-1,-1
247,18,936.90,114.51,57.20,177.71,0.4334,-1,-1,-1
247,19,389.45,516.81,80.48,240.22,0.7042,-1,-1,-1
247,26,584.45,372.32,61.57,203.42,0.6804,-1,-1,-1
247,6,219.36,468.97,62.61,205.32,0.5815,-1,-1,-1
247,13,487.64,364.44,73.89,215.10,0.7435,-1,-1,-1
247,28,789.87,345.53,64.90,195.79,0.4094,-1,-1,-1
247,29,204.55,733.28,96.12,256.09,0.6713,-1,-1,-1
247,35,1078.00,116.58,58.30,179.16,0.4384,-1,-1,-1
247,37,175.20,656.45,79.94,145.74,0.4378,-1,-1,-1
247,41,1151.08,112.23,56.51,162.44,0.3189,-1,-1,-1
247,43,119.74,563.78,83.23,251.20,0.6225,-1,-1,-1
247,21,785.90,153.08,69.82,169.20,0.3062,-1,-1,-1
247,45,863.18,352.27,59.50,188.28,0.3755,-1,-1,-1
248,1,448.57,173.79,77.03,208.76,0.3514,-1,-1,-1
248,2,122.77,563.58,82.90,253.00,0.6805,-1,-1,-1
248,3,935.99,904.75,64.30,175.05,0.7521,-1,-1,-1
248,4,1719.36,459.22,75.24,208.48,0.6290,-1,-1,-1
248,5,1373.92,569.41,104.06,246.34,0.5483,-1,-1,-1
248,18,938.43,113.59,56.78,176.19,0.4608,-1,-1,-1
248,19,389.63,516.33,80.76,240.55,0.6932,-1,-1,-1
248,26,584.37,374.29,60.66,206.00,0.6461,-1,-1,-1
248,6,220.57,467.48,60.71,203.90,0.5753,-1,-1,-1
248,13,487.17,365.74,72.73,214.87,0.7420,-1,-1,-1
248,28,791.24,345.78,65.14,198.84,0.4239,-1,-1,-1
248,29,204.60,734.87,94.97,257.37,0.5900,-1,-1,-1
248,35,1077.06,116.27,57.57,180.47,0.4951,-1,-1,-1
248,37,179.56,661.39,81.16,144.94,0.3697,-1,-1,-1
248,41,1149.88,112.78,56.39,163.96,0.3312,-1,-1,-1
248,43,122.82,563.42,82.90,250.01,0.6805,-1,-1,-1
248,21,790.09,153.68,64.21,168.21,0.2698,-1,-1,-1
248,45,863.49,352.81,62.92,190.11,0.4160,-1,-1,-1
249,1,449.17,172.16,77.27,210.33,0.3886,-1,-1,-1
249,2,125.19,564.13,81.32,254.13,0.6687,-1,-1,-1
249,3,936.22,905.31,65.21,174.68,0.7497,-1,-1,-1
249,4,1720.06,459.55,74.18,207.80,0.5908,-1,-1,-1
249,5,1380.11,569.93,96.39,247.37,0.5264,-1,-1,-1
249,18,939.41,111.46,57.70,178.32,0.5150,-1,-1,-1
249,19,388.81,515.73,82.51,240.40,0.6855,-1,-1,-1
249,26,583.71,377.80,60.08,205.41,0.6024,-1,-1,-1
249,6,220.80,466.78,59.66,197.38,0.5554,-1,-1,-1
249,13,486.50,367.19,72.31,215.67,0.7135,-1,-1,-1
249,28,791.15,346.26,64.44,195.61,0.3838,-1,-1,-1
249,29,206.16,740.50,90.85,252.96,0.4894,-1,-1,-1
249,35,1075.84,116.00,57.28,182.25,0.4616,-1,-1,-1
249,37,181.84,665.23,86.19,208.13,0.4977,-1,-1,-1
249,41,1148.71,111.51,56.31,165.81,0.3425,-1,-1,-1
249,43,125.24,564.02,81.30,251.02,0.6687,-1,-1,-1
249,21,791.32,154.33,62.18,167.51,0.2725,-1,-1,-1
249,45,862.21,352.84,66.88,190.58,0.3787,-1,-1,-1
250,1,449.65,170.50,76.86,211.28,0.3734,-1,-1,-1
250,2,127.85,565.64,81.10,251.57,0.6770,-1,-1,-1
250,3,936.39,905.76,66.34,174.28,0.7305,-1,-1,-1
250,4,1720.74,458.66,73.81,208.69,0.5975,-1,-1,-1
250,5,1385.01,569.70,90.58,246.88,0.5922,-1,-1,-1
250,18,938.39,109.87,59.58,179.95,0.4960,-1,-1,-1
250,19,388.70,515.52,83.79,239.35,0.6797,-1,-1,-1
250,26,582.60,380.75,60.32,203.63,0.6330,-1,-1,-1
250,6,221.89,465.03,59.29,195.88,0.5544,-1,-1,-1
250,13,486.29,368.90,72.25,217.83,0.6860,-1,-1,-1
250,28,792.05,348.02,65.64,194.85,0.3419,-1,-1,-1
250,29,210.37,745.62,89.99,246.46,0.4595,-1,-1,-1
250,35,1074.11,115.35,57.60,183.15,0.4139,-1,-1,-1
250,37,185.04,668.35,85.39,223.00,0.4111,-1,-1,-1
250,41,1147.48,110.77,56.62,166.13,0.3422,-1,-1,-1
250,43,127.91,565.59,81.08,248.45,0.6770,-1,-1,-1
250,21,791.83,153.65,62.94,167.60,0.2473,-1,-1,-1
250,45,857.17,354.94,71.05,191.23,0.3950,-1,-1,-1
251,1,450.01,168.73,75.24,211.55,0.3771,-1,-1,-1
251,2,130.90,565.72,80.92,252.64,0.7001,-1,-1,-1
251,3,937.56,907.35,66.40,172.87,0.7400,-1,-1,-1
251,4,1720.16,459.07,74.96,208.05,0.6043,-1,-1,-1
251,5,1387.68,568.90,88.94,247.39,0.6263,-1,-1,-1
251,18,936.54,109.86,63.18,180.63,0.4688,-1,-1,-1
251,19,388.24,513.23,84.85,239.71,0.6658,-1,-1,-1
251,26,581.66,383.07,60.30,203.57,0.6521,-1,-1,-1
251,6,222.00,462.11,59.37,196.73,0.5624,-1,-1,-1
251,13,488.51,369.53,69.71,223.75,0.6535,-1,-1,-1
251,28,791.93,350.73,65.88,192.40,0.3650,-1,-1,-1
251,29,211.55,745.76,89.26,247.54,0.5582,-1,-1,-1
251,35,1072.83,114.89,57.68,183.77,0.3957,-1,-1,-1
251,37,186.19,672.97,89.65,173.62,0.5090,-1,-1,-1
251,41,1146.32,109.43,58.08,167.28,0.2887,-1,-1,-1
251,43,130.97,565.63,80.90,249.80,0.7001,-1,-1,-1
251,21,792.35,154.86,63.27,165.41,0.2359,-1,-1,-1
251,45,859.74,355.60,69.39,193.16,0.3477,-1,-1,-1
252,1,450.25,167.47,74.62,209.19,0.3789,-1,-1,-1
252,2,133.57,566.19,82.25,251.13,0.7027,-1,-1,-1
252,3,938.24,908.00,66.82,172.07,0.7130,-1,-1,-1
252,4,1720.40,459.50,74.39,207.42,0.5841,-1,-1,-1
252,5,1388.06,569.57,88.13,244.40,0.5682,-1,-1,-1
252,18,936.65,107.52,64.21,182.11,0.4820,-1,-1,-1
252,19,389.42,510.41,83.87,240.66,0.6645,-1,-1,-1
252,26,580.84,384.01,61.09,204.86,0.6668,-1,-1,-1
252,6,221.66,457.31,59.45,200.45,0.5737,-1,-1,-1
252,13,489.26,371.87,68.80,226.37,0.6555,-1,-1,-1
252,28,793.27,351.21,65.79,192.78,0.2981,-1,-1,-1
252,29,210.99,743.35,94.76,249.23,0.6634,-1,-1,-1
252,35,1071.94,114.36,57.74,184.14,0.3640,-1,-1,-1
252,37,190.37,674.26,81.99,204.45,0.3426,-1,-1,-1
252,41,1145.54,108.79,57.66,170.59,0.3295,-1,-1,-1
252,43,133.63,566.11,82.24,248.49,0.7027,-1,-1,-1
252,21,793.72,155.47,60.28,164.63,0.2347,-1,-1,-1
252,45,862.67,358.75,63.71,190.62,0.3585,-1,-1,-1
253,1,451.80,166.65,72.35,208.29,0.3850,-1,-1,-1
253,2,135.93,566.08,83.70,249.29,0.6962,-1,-1,-1
253,3,938.55,908.25,67.94,171.75,0.7340,-1,-1,-1
253,4,1720.97,458.49,73.89,208.67,0.5707,-1,-1,-1
253,5,1388.96,570.21,87.57,246.11,0.6153,-1,-1,-1
253,18,935.68,108.32,65.93,181.67,0.4964,-1,-1,-1
253,19,389.39,507.61,83.58,240.07,0.6692,-1,-1,-1
253,26,579.29,384.14,61.81,207.28,0.6814,-1,-1,-1
253,6,221.47,456.55,61.08,199.11,0.6019,-1,-1,-1
253,13,489.04,374.06,69.19,226.24,0.6618,-1,-1,-1
253,28,795.21,351.80,65.43,195.06,0.2714,-1,-1,-1
253,29,215.78,740.15,92.70,250.88,0.7348,-1,-1,-1
253,35,1069.94,114.39,58.73,183.07,0.3583,-1,-1,-1
253,37,194.46,676.77,80.87,163.38,0.4551,-1,-1,-1
253,41,1144.89,108.18,56.50,171.01,0.3580,-1,-1,-1
253,43,135.99,566.01,83.70,246.89,0.6962,-1,-1,-1
253,21,795.71,154.51,59.71,165.87,0.2511,-1,-1,-1
253,45,867.41,361.53,58.59,189.88,0.2894,-1,-1,-1
254,1,452.56,166.00,71.15,205.46,0.3667,-1,-1,-1
254,2,137.58,565.93,84.88,247.19,0.6681,-1,-1,-1
254,3,939.44,909.32,68.23,170.68,0.7324,-1,-1,-1
254,4,1720.76,458.71,73.74,208.66,0.5822,-1,-1,-1
254,5,1390.02,570.07,87.05,245.99,0.6193,-1,-1,-1
254,18,935.34,108.62,67.75,181.71,0.4878,-1,-1,-1
254,19,390.23,504.97,81.37,238.78,0.6369,-1,-1,-1
254,26,577.95,385.83,62.46,207.55,0.6924,-1,-1,-1
254,6,221.21,455.72,61.85,198.82,0.5806,-1,-1,-1
254,13,488.81,374.21,69.05,229.48,0.6530,-1,-1,-1
254,28,795.40,351.29,67.50,194.07,0.3486,-1,-1,-1
254,29,220.83,738.31,89.40,253.20,0.7767,-1,-1,-1
254,35,1069.07,114.10,57.19,183.22,0.3861,-1,-1,-1
254,37,195.39,678.15,82.04,145.16,0.4661,-1,-1,-1
254,41,1144.08,107.91,55.17,170.06,0.3486,-1,-1,-1
254,43,137.63,565.86,84.88,245.02,0.6681,-1,-1,-1
254,21,796.95,154.11,59.13,166.81,0.2556,-1,-1,-1
254,45,867.30,362.00,58.98,190.29,0.3538,-1,-1,-1
255,1,455.06,165.28,66.76,202.17,0.3486,-1,-1,-1
255,2,139.84,564.33,84.84,246.26,0.6899,-1,-1,-1
255,3,939.48,909.54,69.75,169.73,0.7320,-1,-1,-1
255,4,1721.02,459.17,72.99,207.77,0.6053,-1,-1,-1
255,5,1390.93,569.56,86.71,248.20,0.6548,-1,-1,-1
255,18,934.53,108.53,69.68,180.65,0.4831,-1,-1,-1
255,19,391.38,502.25,80.68,234.36,0.6720,-1,-1,-1
255,26,577.00,386.21,62.48,207.99,0.7298,-1,-1,-1
255,6,221.17,455.05,62.72,198.05,0.6189,-1,-1,-1
255,13,488.53,374.81,69.31,230.52,0.6679,-1,-1,-1
255,28,797.42,351.34,68.86,198.89,0.3316,-1,-1,-1
255,29,222.11,736.44,91.06,259.07,0.7281,-1,-1,-1
255,35,1067.34,113.39,57.00,183.44,0.4086,-1,-1,-1
255,37,198.71,679.96,82.04,138.70,0.4723,-1,-1,-1
255,41,1142.49,107.03,55.18,171.32,0.3299,-1,-1,-1
255,43,139.89,564.25,84.84,244.35,0.6899,-1,-1,-1
255,21,796.94,152.39,59.04,168.65,0.2480,-1,-1,-1
255,45,866.45,360.75,66.95,193.08,0.3661,-1,-1,-1
256,1,455.02,164.53,66.94,199.57,0.3206,-1,-1,-1
256,2,141.05,564.63,85.37,245.12,0.6533,-1,-1,-1
256,3,939.40,909.95,71.16,169.84,0.7426,-1,-1,-1
256,4,1720.38,459.10,73.85,208.39,0.5661,-1,-1,-1
256,5,1392.36,568.90,87.13,246.87,0.6375,-1,-1,-1
256,18,934.67,107.82,70.11,180.56,0.4853,-1,-1,-1
256,19,391.74,499.01,79.73,231.81,0.6535,-1,-1,-1
256,26,576.08,387.12,62.51,207.70,0.7454,-1,-1,-1
256,6,221.09,454.60,62.82,196.84,0.5990,-1,-1,-1
256,13,489.38,375.64,68.16,230.38,0.6657,-1,-1,-1
256,28,797.42,351.23,71.00,201.26,0.2888,-1,-1,-1
256,29,226.88,736.71,88.85,265.10,0.7178,-1,-1,-1
256,35,1066.19,113.14,56.52,183.28,0.3983,-1,-1,-1
256,37,202.54,678.89,87.07,144.63,0.5369,-1,-1,-1
256,41,1140.53,106.20,55.74,171.67,0.3390,-1,-1,-1
256,43,141.09,564.57,85.37,243.42,0.6533,-1,-1,-1
256,21,797.41,152.27,57.88,167.88,0.2967,-1,-1,-1
256,45,869.09,362.28,65.51,192.59,0.3310,-1,-1,-1
257,1,455.50,163.38,66.80,197.20,0.3068,-1,-1,-1
257,2,141.44,564.58,88.26,244.77,0.6214,-1,-1,-1
257,3,939.21,910.96,73.05,168.77,0.7508,-1,-1,-1
257,4,1720.13,459.72,73.81,207.53,0.5791,-1,-1,-1
257,5,1394.22,567.80,86.52,245.41,0.6272,-1,-1,-1
257,18,934.95,106.98,69.78,181.15,0.4317,-1,-1,-1
257,19,392.14,495.08,79.90,232.02,0.6823,-1,-1,-1
257,26,575.19,387.55,62.44,206.64,0.7588,-1,-1,-1
257,6,220.62,453.95,64.24,197.52,0.5733,-1,-1,-1
257,13,488.34,378.13,69.32,228.43,0.6773,-1,-1,-1
257,28,798.83,351.21,73.66,201.56,0.3213,-1,-1,-1
257,29,232.77,743.23,86.23,266.99,0.7340,-1,-1,-1
257,35,1064.19,112.61,56.89,184.01,0.3666,-1,-1,-1
257,37,204.50,678.98,88.41,150.36,0.5776,-1,-1,-1
257,41,1138.72,105.79,57.15,170.76,0.3213,-1,-1,-1
257,43,141.47,564.52,88.27,243.27,0.6214,-1,-1,-1
257,21,796.84,152.47,58.84,166.72,0.2426,-1,-1,-1
257,45,870.23,363.61,59.77,188.08,0.3797,-1,-1,-1
258,1,455.76,163.15,67.54,196.19,0.3234,-1,-1,-1
258,2,142.66,564.73,90.20,246.78,0.5901,-1,-1,-1
258,3,938.97,912.56,74.07,166.60,0.7497,-1,-1,-1
258,4,1720.38,459.45,73.87,207.60,0.5668,-1,-1,-1
258,5,1395.69,566.87,85.91,242.16,0.6224,-1,-1,-1
258,18,936.56,105.78,68.93,180.07,0.4240,-1,-1,-1
258,19,390.81,492.82,80.48,233.08,0.6811,-1,-1,-1
258,26,574.93,388.24,61.85,205.23,0.7468,-1,-1,-1
258,6,221.06,453.14,64.39,197.53,0.5342,-1,-1,-1
258,13,488.89,377.79,68.46,228.96,0.6614,-1,-1,-1
258,28,801.12,352.33,74.55,202.34,0.3337,-1,-1,-1
258,29,234.05,747.76,86.42,269.48,0.7664,-1,-1,-1
258,35,1063.83,112.71,58.00,182.59,0.3177,-1,-1,-1
258,37,210.59,680.13,84.34,154.62,0.5355,-1,-1,-1
258,41,1137.06,104.30,58.37,170.90,0.2798,-1,-1,-1
258,43,142.69,564.68,90.21,245.47,0.5901,-1,-1,-1
258,21,796.07,154.93,59.65,164.49,0.2255,-1,-1,-1
258,45,871.60,363.64,56.55,186.06,0.3489,-1,-1,-1
259,1,458.26,162.41,67.48,197.00,0.3509,-1,-1,-1
259,2,144.25,565.57,92.45,245.81,0.6283,-1,-1,-1
259,3,938.81,913.93,75.85,164.85,0.7310,-1,-1,-1
259,4,1720.03,459.36,74.63,208.27,0.5632,-1,-1,-1
259,5,1399.69,566.56,82.71,238.52,0.5872,-1,-1,-1
259,18,938.77,103.82,66.29,179.36,0.4182,-1,-1,-1
259,19,388.96,491.45,82.13,233.50,0.6571,-1,-1,-1
259,26,574.21,389.62,62.58,203.13,0.7488,-1,-1,-1
259,6,222.30,452.23,63.10,196.75,0.5075,-1,-1,-1
259,13,487.44,380.85,69.54,225.51,0.6669,-1,-1,-1
259,28,803.04,353.01,72.84,202.59,0.4119,-1,-1,-1
259,29,235.12,753.03,86.79,266.01,0.7464,-1,-1,-1
259,35,1062.63,112.16,58.23,181.84,0.3251,-1,-1,-1
259,37,212.16,681.66,86.69,135.78,0.4734,-1,-1,-1
259,41,1136.06,103.15,59.41,168.54,0.2671,-1,-1,-1
259,43,144.28,565.53,92.46,244.64,0.6283,-1,-1,-1
259,21,794.22,155.92,58.97,163.73,0.2355,-1,-1,-1
259,45,872.43,366.91,52.79,181.76,0.3349,-1,-1,-1
260,1,458.17,162.20,68.73,197.54,0.3749,-1,-1,-1
260,2,149.65,565.08,89.64,246.49,0.6319,-1,-1,-1
260,3,939.31,914.81,77.88,162.84,0.7217,-1,-1,-1
260,4,1719.69,459.38,74.61,208.42,0.5879,-1,-1,-1
260,5,1402.84,565.91,79.87,239.30,0.5581,-1,-1,-1
260,18,939.42,101.64,65.79,175.79,0.4327,-1,-1,-1
260,19,385.09,490.21,85.79,234.83,0.6639,-1,-1,-1
260,26,573.59,390.90,62.31,200.63,0.7529,-1,-1,-1
260,6,222.45,451.36,63.06,195.20,0.5085,-1,-1,-1
260,13,489.11,380.74,68.31,226.03,0.6629,-1,-1,-1
260,28,805.69,354.61,68.52,200.69,0.3908,-1,-1,-1
260,29,237.40,756.86,85.77,266.95,0.7300,-1,-1,-1
260,35,1061.14,110.98,56.86,183.54,0.3458,-1,-1,-1
260,37,215.70,682.64,86.59,126.78,0.5328,-1,-1,-1
260,41,1133.96,102.64,58.82,169.38,0.2823,-1,-1,-1
260,43,149.68,565.04,89.64,245.47,0.6319,-1,-1,-1
260,21,792.11,153.90,62.59,165.84,0.2443,-1,-1,-1
260,45,870.45,366.72,60.64,183.16,0.3001,-1,-1,-1
261,1,454.17,161.08,74.47,200.70,0.3849,-1,-1,-1
261,2,156.91,565.05,83.38,247.97,0.6511,-1,-1,-1
261,3,939.42,915.15,80.06,163.05,0.7263,-1,-1,-1
261,4,1720.34,459.56,73.95,208.66,0.5986,-1,-1,-1
261,5,1408.11,565.67,75.59,239.65,0.5529,-1,-1,-1
261,18,939.30,99.42,65.62,174.11,0.4452,-1,-1,-1
261,19,380.14,488.25,90.34,236.93,0.6512,-1,-1,-1
261,26,573.49,392.60,61.79,197.96,0.7489,-1,-1,-1
261,6,222.44,450.16,63.02,194.11,0.4815,-1,-1,-1
261,13,487.69,383.44,69.22,222.38,0.6897,-1,-1,-1
261,28,804.88,354.42,70.87,202.09,0.3717,-1,-1,-1
261,29,239.79,762.26,83.75,260.41,0.6981,-1,-1,-1
261,35,1060.18,109.66,57.20,183.47,0.2974,-1,-1,-1
261,37,218.14,684.30,86.56,126.01,0.6277,-1,-1,-1
261,41,1132.17,100.76,58.30,167.81,0.2492,-1,-1,-1
261,43,156.93,565.02,83.38,247.07,0.6511,-1,-1,-1
261,21,791.59,155.33,61.12,164.74,0.2309,-1,-1,-1
261,45,872.48,369.65,53.93,182.11,0.2628,-1,-1,-1
262,1,457.42,161.53,71.07,199.20,0.3843,-1,-1,-1
262,2,161.67,565.22,83.06,250.28,0.6475,-1,-1,-1
262,3,938.24,916.87,82.27,160.40,0.7271,-1,-1,-1
262,4,1720.26,459.93,74.16,208.37,0.5950,-1,-1,-1
262,5,1410.27,564.16,76.59,240.06,0.5668,-1,-1,-1
262,18,938.37,98.14,66.24,171.91,0.4968,-1,-1,-1
262,19,377.38,486.88,92.74,237.52,0.6314,-1,-1,-1
262,26,573.20,394.85,61.53,196.69,0.7369,-1,-1,-1
262,6,222.43,448.87,63.16,193.25,0.5125,-1,-1,-1
262,13,487.91,384.68,68.76,220.82,0.7156,-1,-1,-1
262,28,806.25,355.23,68.94,201.91,0.4088,-1,-1,-1
262,29,241.68,764.38,85.05,263.32,0.6923,-1,-1,-1
262,35,1058.57,108.36,57.18,183.96,0.3764,-1,-1,-1
262,37,222.28,686.78,83.55,125.11,0.5638,-1,-1,-1
262,41,1131.23,100.50,59.04,168.16,0.2924,-1,-1,-1
262,43,161.69,565.19,83.06,249.49,0.6475,-1,-1,-1
262,21,789.25,151.91,65.27,168.20,0.2330,-1,-1,-1
262,45,874.22,368.23,60.06,187.47,0.2313,-1,-1,-1
263,1,455.83,160.43,70.68,201.35,0.3657,-1,-1,-1
263,2,165.83,565.37,80.40,251.45,0.6834,-1,-1,-1
263,3,937.05,918.14,84.59,158.73,0.7394,-1,-1,-1
263,4,1719.96,460.03,74.72,208.19,0.5728,-1,-1,-1
263,5,1411.18,564.85,76.21,237.51,0.5937,-1,-1,-1
263,18,938.70,96.35,65.72,174.00,0.4811,-1,-1,-1
263,19,375.94,485.51,93.45,238.53,0.6104,-1,-1,-1
263,26,572.51,396.50,62.17,198.13,0.7085,-1,-1,-1
263,6,223.53,446.61,62.46,191.58,0.5250,-1,-1,-1
263,13,487.64,385.22,68.86,220.03,0.6997,-1,-1,-1
263,28,804.95,355.41,72.74,204.70,0.4036,-1,-1,-1
263,29,243.29,767.89,85.61,263.02,0.6710,-1,-1,-1
263,35,1056.92,107.09,57.69,184.43,0.3890,-1,-1,-1
263,37,224.74,688.64,83.89,124.03,0.4592,-1,-1,-1
263,41,1129.60,98.15,57.76,168.23,0.2724,-1,-1,-1
263,43,165.85,565.35,80.39,250.75,0.6834,-1,-1,-1
263,21,789.10,150.97,65.96,169.25,0.2070,-1,-1,-1
263,45,876.95,368.36,61.13,190.69,0.1791,-1,-1,-1
264,1,458.33,160.36,67.77,200.19,0.3311,-1,-1,-1
264,2,169.43,564.73,78.42,252.84,0.6903,-1,-1,-1
264,3,937.14,919.51,85.10,156.69,0.7568,-1,-1,-1
264,4,1720.50,459.85,74.31,208.43,0.5836,-1,-1,-1
264,5,1411.47,565.12,78.78,237.00,0.6164,-1,-1,-1
264,18,938.07,94.53,66.35,176.57,0.4409,-1,-1,-1
264,19,374.45,484.74,94.19,238.46,0.6067,-1,-1,-1
264,26,571.11,397.50,62.52,199.50,0.6844,-1,-1,-1
264,6,225.30,447.17,61.32,188.14,0.5602,-1,-1,-1
264,13,486.56,385.51,69.95,218.57,0.6892,-1,-1,-1
264,28,803.42,357.54,70.87,204.89,0.3902,-1,-1,-1
264,29,245.86,771.56,86.33,261.34,0.7474,-1,-1,-1
264,35,1054.92,106.87,57.61,179.35,0.3535,-1,-1,-1
264,37,231.83,691.63,78.15,120.34,0.6097,-1,-1,-1
264,41,1127.92,97.21,57.33,168.38,0.2782,-1,-1,-1
264,43,169.45,564.71,78.42,252.22,0.6903,-1,-1,-1
264,21,789.95,153.86,62.17,165.91,0.2291,-1,-1,-1
264,45,875.08,369.64,63.59,190.08,0.2869,-1,-1,-1
265,1,459.69,161.07,64.97,199.45,0.3734,-1,-1,-1
265,2,173.08,565.42,76.24,254.31,0.6911,-1,-1,-1
265,3,937.99,920.12,85.32,156.25,0.7554,-1,-1,-1
265,4,1720.63,460.07,74.08,208.32,0.6012,-1,-1,-1
265,5,1411.76,565.47,79.06,239.03,0.5876,-1,-1,-1
265,18,938.97,93.18,64.97,178.85,0.4707,-1,-1,-1
265,19,373.50,484.05,94.50,238.56,0.6555,-1,-1,-1
265,26,570.10,399.01,63.08,198.98,0.7252,-1,-1,-1
265,6,226.65,444.71,60.83,188.46,0.5300,-1,-1,-1
265,13,486.09,385.77,69.73,218.36,0.6722,-1,-1,-1
265,28,802.99,358.34,72.96,207.48,0.3674,-1,-1,-1
265,29,247.28,772.53,86.14,261.39,0.7682,-1,-1,-1
265,35,1053.99,106.17,56.72,176.75,0.3834,-1,-1,-1
265,37,238.04,694.79,72.51,119.60,0.5710,-1,-1,-1
265,41,1126.75,96.35,56.46,164.98,0.3311,-1,-1,-1
265,43,173.09,565.40,76.23,253.76,0.6911,-1,-1,-1
265,21,788.81,151.32,65.23,169.12,0.2235,-1,-1,-1
265,45,876.32,370.35,63.31,194.26,0.2469,-1,-1,-1
266,1,460.71,160.32,64.11,201.03,0.3289,-1,-1,-1
266,2,176.17,566.13,77.11,255.96,0.6938,-1,-1,-1
266,3,938.12,920.59,86.10,155.87,0.7623,-1,-1,-1
266,4,1720.47,460.32,74.12,208.13,0.5900,-1,-1,-1
266,5,1412.09,565.51,79.41,242.92,0.5714,-1,-1,-1
266,18,939.59,92.46,64.96,178.90,0.4588,-1,-1,-1
266,19,373.41,483.56,94.44,237.69,0.6411,-1,-1,-1
266,26,568.36,400.88,64.15,201.50,0.6704,-1,-1,-1
266,6,226.02,444.06,61.56,184.28,0.4922,-1,-1,-1
266,13,484.98,385.53,69.41,219.81,0.6285,-1,-1,-1
266,28,802.20,359.62,76.51,209.34,0.3997,-1,-1,-1
266,29,249.96,774.52,90.33,259.48,0.7716,-1,-1,-1
266,35,1053.33,105.16,56.47,177.70,0.4408,-1,-1,-1
266,37,245.52,698.21,66.80,117.69,0.5297,-1,-1,-1
266,41,1126.04,96.07,55.52,165.17,0.3528,-1,-1,-1
266,43,176.18,566.11,77.11,255.47,0.6938,-1,-1,-1
266,21,787.27,150.13,67.86,170.50,0.2568,-1,-1,-1
266,45,876.33,369.32,64.85,198.34,0.1742,-1,-1,-1
267,1,461.49,159.66,64.18,201.21,0.3726,-1,-1,-1
267,2,178.94,566.98,77.42,259.63,0.6875,-1,-1,-1
267,3,938.85,920.54,85.90,156.15,0.7636,-1,-1,-1
267,4,1720.26,460.11,74.85,208.18,0.5664,-1,-1,-1
267,5,1412.58,565.30,78.87,244.33,0.5655,-1,-1,-1
267,18,939.86,91.58,65.26,179.68,0.4566,-1,-1,-1
267,19,373.10,481.36,93.78,238.23,0.6063,-1,-1,-1
267,26,567.15,402.25,64.74,204.12,0.6510,-1,-1,-1
267,6,224.55,441.57,63.42,184.84,0.4858,-1,-1,-1
267,13,482.33,386.01,70.32,221.25,0.6258,-1,-1,-1
267,28,802.40,361.48,74.18,211.55,0.3828,-1,-1,-1
267,29,249.61,773.48,92.97,261.00,0.7583,-1,-1,-1
267,35,1051.35,104.29,57.79,178.70,0.4610,-1,-1,-1
267,37,249.20,701.38,66.44,114.65,0.5139,-1,-1,-1
267,41,1124.26,95.89,56.57,166.54,0.3905,-1,-1,-1
267,43,178.95,566.97,77.42,259.20,0.6875,-1,-1,-1
267,21,786.91,150.04,69.32,170.51,0.2779,-1,-1,-1
267,45,875.59,370.97,68.44,198.07,0.2137,-1,-1,-1
268,1,461.99,157.63,64.74,202.83,0.3738,-1,-1,-1
268,2,182.09,568.51,76.31,259.39,0.7073,-1,-1,-1
268,3,940.59,920.39,84.44,156.52,0.7582,-1,-1,-1
268,4,1720.38,460.08,74.18,208.16,0.5800,-1,-1,-1
268,5,1413.09,564.75,78.23,245.09,0.5943,-1,-1,-1
268,18,941.67,91.84,64.95,179.07,0.4520,-1,-1,-1
268,19,373.18,479.53,92.17,238.82,0.6353,-1,-1,-1
268,26,565.84,403.31,65.85,205.58,0.6217,-1,-1,-1
268,6,224.07,439.77,63.86,186.20,0.5361,-1,-1,-1
268,13,479.82,387.92,72.09,222.84,0.6273,-1,-1,-1
268,28,803.42,362.54,72.13,214.66,0.3781,-1,-1,-1
268,29,251.34,771.10,90.11,263.47,0.7432,-1,-1,-1
268,35,1049.91,104.67,58.71,178.04,0.4547,-1,-1,-1
268,37,253.66,704.05,65.43,112.57,0.5488,-1,-1,-1
268,41,1122.69,96.12,57.24,167.27,0.4124,-1,-1,-1
268,43,182.10,568.50,76.31,259.01,0.7073,-1,-1,-1
268,21,785.58,149.60,71.35,170.96,0.2645,-1,-1,-1
268,45,874.96,372.79,67.93,197.28,0.2460,-1,-1,-1
269,1,462.10,158.64,65.26,199.90,0.4035,-1,-1,-1
269,2,184.07,570.89,78.53,255.04,0.7135,-1,-1,-1
269,3,942.76,920.56,83.19,156.70,0.7532,-1,-1,-1
269,4,1720.64,460.47,73.96,207.21,0.5947,-1,-1,-1
269,5,1414.04,566.00,78.46,244.15,0.5824,-1,-1,-1
269,18,942.41,91.84,64.72,178.63,0.4962,-1,-1,-1
269,19,374.04,477.86,90.90,239.18,0.6513,-1,-1,-1
269,26,565.35,401.38,66.87,208.44,0.6026,-1,-1,-1
269,6,224.57,437.74,64.04,188.70,0.5009,-1,-1,-1
269,13,476.76,389.52,74.37,222.13,0.6335,-1,-1,-1
269,28,805.49,365.43,66.89,213.24,0.4109,-1,-1,-1
269,29,252.42,773.56,90.27,261.18,0.7194,-1,-1,-1
269,35,1048.59,104.55,59.01,176.32,0.4448,-1,-1,-1
269,37,257.13,705.94,66.22,112.59,0.5746,-1,-1,-1
269,41,1121.46,95.81,57.59,167.58,0.3744,-1,-1,-1
269,43,184.08,570.88,78.53,254.69,0.7135,-1,-1,-1
269,21,785.17,149.51,72.07,170.84,0.2429,-1,-1,-1
269,45,873.22,376.02,73.06,193.64,0.2840,-1,-1,-1
270,1,462.63,155.52,62.90,201.67,0.3786,-1,-1,-1
270,2,185.71,572.13,81.58,249.59,0.6872,-1,-1,-1
270,3,944.12,920.85,82.23,157.16,0.7541,-1,-1,-1
270,4,1720.63,460.96,73.94,206.70,0.5595,-1,-1,-1
270,5,1416.17,569.03,79.69,241.54,0.5707,-1,-1,-1
270,18,941.94,91.58,66.30,178.69,0.4802,-1,-1,-1
270,19,374.94,475.60,89.44,236.71,0.6330,-1,-1,-1
270,26,564.42,401.71,68.05,211.45,0.6103,-1,-1,-1
270,6,225.26,436.49,63.40,190.04,0.4786,-1,-1,-1
270,13,475.07,391.91,75.16,221.58,0.6355,-1,-1,-1
270,28,806.09,367.33,65.32,211.96,0.3784,-1,-1,-1
270,29,256.13,770.74,87.62,263.20,0.7718,-1,-1,-1
270,35,1047.33,103.09,58.86,177.23,0.4334,-1,-1,-1
270,37,259.84,706.75,68.46,109.16,0.5491,-1,-1,-1
270,41,1120.37,95.81,57.65,167.90,0.3592,-1,-1,-1
270,43,185.71,572.12,81.58,249.29,0.6872,-1,-1,-1
270,21,786.93,152.52,66.56,167.74,0.2431,-1,-1,-1
270,45,874.04,377.77,68.68,192.54,0.2705,-1,-1,-1
271,1,462.91,155.79,63.68,201.01,0.3588,-1,-1,-1
271,2,187.34,573.98,84.11,246.72,0.6549,-1,-1,-1
271,3,945.37,921.48,81.50,156.66,0.7322,-1,-1,-1
271,4,1720.02,460.44,74.75,207.93,0.5712,-1,-1,-1
271,5,1419.36,572.45,79.64,239.28,0.5328,-1,-1,-1
271,18,942.22,90.94,66.51,177.89,0.5083,-1,-1,-1
271,19,377.94,472.50,86.10,231.35,0.6261,-1,-1,-1
271,26,564.58,402.42,66.96,210.06,0.6058,-1,-1,-1
271,6,226.33,435.36,62.04,187.10,0.4746,-1,-1,-1
271,13,473.64,393.55,75.92,220.15,0.6238,-1,-1,-1
271,28,810.02,369.93,61.78,213.13,0.4084,-1,-1,-1
271,29,258.89,771.86,86.00,261.80,0.7426,-1,-1,-1
271,35,1045.26,103.35,59.62,178.16,0.4221,-1,-1,-1
271,37,262.46,707.99,70.78,112.30,0.4875,-1,-1,-1
271,41,1118.31,95.44,58.17,167.71,0.3164,-1,-1,-1
271,43,187.35,573.97,84.11,246.46,0.6549,-1,-1,-1
271,21,786.63,150.65,69.23,169.72,0.2631,-1,-1,-1
271,45,877.67,379.09,58.65,188.89,0.3122,-1,-1,-1
272,1,463.22,154.41,65.22,201.12,0.3687,-1,-1,-1
272,2,189.07,574.45,86.32,246.31,0.6721,-1,-1,-1
272,3,945.92,921.79,81.14,156.42,0.7199,-1,-1,-1
272,4,1720.02,460.31,74.50,207.29,0.5511,-1,-1,-1
272,5,1421.76,574.70,79.88,240.48,0.5211,-1,-1,-1
272,18,941.78,90.37,67.97,178.43,0.4846,-1,-1,-1
272,19,383.66,469.00,81.73,227.65,0.5996,-1,-1,-1
272,26,564.28,402.91,66.38,212.39,0.5543,-1,-1,-1
272,6,227.75,433.71,60.43,186.77,0.4511,-1,-1,-1
272,13,472.18,395.11,76.40,219.60,0.5960,-1,-1,-1
272,28,810.36,371.65,61.49,214.45,0.3823,-1,-1,-1
272,29,259.81,778.70,87.65,258.90,0.7315,-1,-1,-1
272,35,1042.61,103.34,60.60,178.68,0.3880,-1,-1,-1
272,37,267.47,708.42,71.54,116.63,0.5236,-1,-1,-1
272,41,1116.49,96.11,56.46,166.15,0.3200,-1,-1,-1
272,43,189.08,574.44,86.32,246.08,0.6721,-1,-1,-1
272,21,787.45,149.78,68.56,170.93,0.2525,-1,-1,-1
272,45,877.75,380.15,59.71,186.96,0.3477,-1,-1,-1
273,1,463.63,152.95,64.56,199.97,0.4018,-1,-1,-1
273,2,190.69,575.41,89.43,245.84,0.6834,-1,-1,-1
273,3,945.87,922.14,81.47,156.28,0.7230,-1,-1,-1
273,4,1719.98,460.49,74.12,207.31,0.5613,-1,-1,-1
273,5,1423.75,579.11,78.34,237.04,0.4948,-1,-1,-1
273,18,942.11,89.35,66.85,178.71,0.4870,-1,-1,-1
273,19,387.11,465.67,78.57,226.33,0.5869,-1,-1,-1
273,26,562.65,404.19,67.10,212.58,0.5506,-1,-1,-1
273,6,228.99,432.76,59.05,184.53,0.4704,-1,-1,-1
273,13,471.18,396.43,75.58,218.82,0.6032,-1,-1,-1
273,28,809.33,373.08,63.05,211.93,0.3559,-1,-1,-1
273,29,258.75,781.33,91.31,261.11,0.7245,-1,-1,-1
273,35,1039.97,102.65,62.38,178.17,0.3632,-1,-1,-1
273,37,272.65,708.74,73.14,123.80,0.5727,-1,-1,-1
273,41,1114.12,95.28,61.20,166.72,0.3033,-1,-1,-1
273,43,190.70,575.40,89.43,245.64,0.6834,-1,-1,-1
273,21,787.39,149.66,68.40,170.86,0.2532,-1,-1,-1
273,45,881.11,379.63,57.14,189.34,0.3406,-1,-1,-1
274,1,463.42,152.11,63.82,196.77,0.4000,-1,-1,-1
274,2,192.92,576.31,90.99,246.97,0.6953,-1,-1,-1
274,3,945.99,922.32,81.35,156.38,0.7054,-1,-1,-1
274,4,1720.38,460.36,73.74,207.50,0.5943,-1,-1,-1
274,5,1425.22,579.36,78.48,239.14,0.5287,-1,-1,-1
274,18,942.46,88.26,65.85,179.52,0.5141,-1,-1,-1
274,19,387.50,462.25,78.42,227.60,0.6231,-1,-1,-1
274,26,560.61,404.98,67.06,211.89,0.5341,-1,-1,-1
274,6,229.04,431.70,58.66,183.33,0.4638,-1,-1,-1
274,13,470.44,397.42,74.71,218.69,0.6238,-1,-1,-1
274,28,807.45,373.79,63.15,212.29,0.3456,-1,-1,-1
274,29,261.60,785.33,93.27,262.18,0.7133,-1,-1,-1
274,35,1036.07,102.15,66.39,178.45,0.3908,-1,-1,-1
274,37,276.40,708.92,74.82,135.98,0.6442,-1,-1,-1
274,41,1112.63,94.68,63.26,166.10,0.3426,-1,-1,-1
274,43,192.92,576.30,90.99,246.80,0.6953,-1,-1,-1
274,21,788.85,149.95,66.58,170.29,0.2476,-1,-1,-1
274,45,883.61,381.89,55.32,188.76,0.3510,-1,-1,-1
275,1,463.40,151.07,63.91,194.81,0.4031,-1,-1,-1
275,2,194.68,577.88,93.81,249.36,0.6726,-1,-1,-1
275,3,945.11,922.38,82.55,156.47,0.7237,-1,-1,-1
275,4,1720.45,460.17,73.63,207.54,0.5898,-1,-1,-1
275,5,1427.89,580.10,77.60,239.60,0.5107,-1,-1,-1
275,18,942.42,86.27,65.54,180.88,0.4998,-1,-1,-1
275,19,387.12,461.14,78.95,226.68,0.6142,-1,-1,-1
275,26,559.48,405.77,66.57,209.51,0.5958,-1,-1,-1
275,6,228.58,430.48,59.75,188.05,0.3375,-1,-1,-1
275,13,469.84,397.75,73.48,216.99,0.6623,-1,-1,-1
275,28,810.80,374.49,61.40,211.04,0.3948,-1,-1,-1
275,29,265.76,783.30,92.52,267.04,0.7038,-1,-1,-1
275,35,1032.68,102.36,69.01,178.99,0.3362,-1,-1,-1
275,37,277.77,711.30,80.97,140.12,0.4174,-1,-1,-1
275,41,1111.05,94.34,64.15,168.07,0.3070,-1,-1,-1
275,43,194.68,577.88,93.80,249.20,0.6726,-1,-1,-1
275,21,789.53,149.61,65.71,170.46,0.2369,-1,-1,-1
275,45,885.76,380.99,54.52,190.96,0.3575,-1,-1,-1
276,1,462.78,149.87,65.32,194.24,0.4028,-1,-1,-1
276,2,195.85,577.97,94.74,249.20,0.6740,-1,-1,-1
276,3,944.28,922.85,83.57,156.12,0.7486,-1,-1,-1
276,4,1719.79,460.43,74.27,206.95,0.5903,-1,-1,-1
276,5,1431.24,579.51,75.69,241.48,0.5313,-1,-1,-1
276,18,943.20,84.63,63.73,180.70,0.4541,-1,-1,-1
276,19,387.59,459.74,78.55,226.95,0.6333,-1,-1,-1
276,26,557.87,407.19,67.19,206.99,0.6341,-1,-1,-1
276,6,228.30,428.67,59.68,191.39,0.3361,-1,-1,-1
276,13,468.46,398.81,73.40,216.74,0.6653,-1,-1,-1
276,28,809.67,374.50,63.28,211.02,0.4048,-1,-1,-1
276,29,270.22,783.64,91.74,270.92,0.6298,-1,-1,-1
276,35,1031.23,102.51,68.98,179.67,0.3321,-1,-1,-1
276,37,280.13,714.59,84.55,141.80,0.3155,-1,-1,-1
276,41,1108.82,94.33,65.34,167.99,0.2943,-1,-1,-1
276,43,195.85,577.96,94.74,249.06,0.6740,-1,-1,-1
276,21,790.31,152.34,61.12,168.17,0.2726,-1,-1,-1
276,45,886.39,382.14,55.73,190.74,0.3102,-1,-1,-1
277,1,463.25,147.71,65.89,195.29,0.3747,-1,-1,-1
277,2,196.88,577.35,91.92,249.68,0.6510,-1,-1,-1
277,3,943.85,923.47,84.17,155.11,0.7525,-1,-1,-1
277,4,1719.25,459.93,74.85,208.15,0.5906,-1,-1,-1
277,5,1434.23,580.03,74.27,242.50,0.4954,-1,-1,-1
277,18,943.83,83.80,60.59,176.38,0.4625,-1,-1,-1
277,19,388.51,458.90,78.44,227.65,0.6092,-1,-1,-1
277,26,557.12,409.41,66.56,204.56,0.6596,-1,-1,-1
277,6,228.80,426.66,58.68,186.56,0.3894,-1,-1,-1
277,13,466.86,400.79,72.60,216.35,0.6853,-1,-1,-1
277,28,809.46,375.22,64.55,210.35,0.3817,-1,-1,-1
277,29,272.74,784.08,89.14,276.35,0.6523,-1,-1,-1
277,35,1030.11,102.68,69.00,179.67,0.3397,-1,-1,-1
277,37,282.53,718.05,88.76,142.88,0.5254,-1,-1,-1
277,41,1107.57,94.57,63.67,165.75,0.2782,-1,-1,-1
277,43,196.88,577.35,91.92,249.56,0.6510,-1,-1,-1
277,21,789.85,151.08,64.67,170.12,0.2580,-1,-1,-1
277,45,885.12,386.45,61.16,184.91,0.3407,-1,-1,-1
278,1,464.00,146.77,64.96,195.91,0.3476,-1,-1,-1
278,2,198.19,576.49,87.55,250.93,0.6521,-1,-1,-1
278,3,943.61,923.73,84.45,154.30,0.7647,-1,-1,-1
278,4,1719.30,459.58,75.18,208.98,0.5600,-1,-1,-1
278,5,1436.14,582.08,74.21,242.30,0.4393,-1,-1,-1
278,18,942.80,82.02,61.96,176.23,0.4513,-1,-1,-1
278,19,388.76,458.66,79.22,226.89,0.6000,-1,-1,-1
278,26,555.49,411.06,67.10,204.46,0.6523,-1,-1,-1
278,6,228.69,424.74,58.84,180.03,0.4280,-1,-1,-1
278,13,465.81,401.43,71.01,216.77,0.6677,-1,-1,-1
278,28,812.36,376.45,62.71,208.93,0.3489,-1,-1,-1
278,29,275.01,788.33,84.25,274.73,0.6257,-1,-1,-1
278,35,1030.85,102.02,65.15,178.40,0.3744,-1,-1,-1
278,37,284.28,721.12,95.68,144.30,0.6428,-1,-1,-1
278,41,1106.04,94.69,63.40,166.63,0.2816,-1,-1,-1
278,43,198.19,576.49,87.55,250.82,0.6521,-1,-1,-1
278,21,790.18,152.50,61.57,167.39,0.2423,-1,-1,-1
278,45,884.86,388.11,63.00,183.75,0.3895,-1,-1,-1
279,1,463.94,146.53,64.95,196.51,0.3523,-1,-1,-1
279,2,201.48,577.19,80.72,250.73,0.5904,-1,-1,-1
279,3,942.99,924.01,85.06,154.05,0.7573,-1,-1,-1
279,4,1720.38,459.44,73.95,209.31,0.5671,-1,-1,-1
279,5,1437.07,588.22,73.12,237.28,0.2926,-1,-1,-1
279,18,942.31,79.47,61.23,177.50,0.4326,-1,-1,-1
279,19,388.13,458.13,80.88,228.36,0.5904,-1,-1,-1
279,26,554.60,412.75,66.81,204.27,0.6608,-1,-1,-1
279,6,229.16,423.11,58.72,176.89,0.4411,-1,-1,-1
279,13,465.29,403.69,69.73,213.39,0.6848,-1,-1,-1
279,28,815.59,378.18,59.82,207.68,0.3970,-1,-1,-1
279,29,276.83,792.72,83.46,277.92,0.6418,-1,-1,-1
279,35,1030.56,101.59,63.25,177.20,0.3996,-1,-1,-1
279,37,286.49,725.16,102.32,143.21,0.6493,-1,-1,-1
279,41,1104.07,93.69,60.23,162.86,0.2999,-1,-1,-1
279,43,201.49,577.18,80.72,250.64,0.5904,-1,-1,-1
279,21,790.20,153.24,60.13,167.21,0.2625,-1,-1,-1
279,45,884.72,390.17,62.35,185.25,0.3324,-1,-1,-1
279,48,747.25,333.53,55.35,187.70,0.4050,-1,-1,-1
280,1,463.57,145.00,66.19,198.75,0.3238,-1,-1,-1
280,2,207.61,581.58,70.03,245.30,0.5353,-1,-1,-1
280,3,942.20,924.52,86.20,153.37,0.7601,-1,-1,-1
280,4,1720.64,459.13,73.30,209.50,0.5724,-1,-1,-1
280,5,1437.77,588.85,72.72,237.78,0.3338,-1,-1,-1
280,18,941.99,78.49,61.15,178.02,0.4327,-1,-1,-1
280,19,388.56,457.45,80.67,230.02,0.6091,-1,-1,-1
280,26,553.93,414.95,66.48,206.18,0.6501,-1,-1,-1
280,6,229.38,421.29,58.58,178.21,0.4721,-1,-1,-1
280,13,465.42,405.14,67.63,212.83,0.7123,-1,-1,-1
280,28,817.66,379.68,57.69,205.50,0.3639,-1,-1,-1
280,29,277.60,796.51,83.15,278.75,0.6426,-1,-1,-1
280,35,1028.17,100.49,67.70,179.53,0.4267,-1,-1,-1
280,37,289.43,727.00,106.57,143.54,0.6613,-1,-1,-1
280,41,1102.57,94.19,62.13,160.93,0.2880,-1,-1,-1
280,43,207.62,581.58,70.03,245.21,0.5353,-1,-1,-1
280,21,789.98,152.43,64.63,168.75,0.2390,-1,-1,-1
280,45,883.77,391.87,63.53,187.75,0.3282,-1,-1,-1
280,48,748.47,337.71,59.66,187.59,0.4459,-1,-1,-1
281,1,463.65,143.98,66.73,199.78,0.3409,-1,-1,-1
281,2,209.32,581.26,70.11,248.79,0.5734,-1,-1,-1
281,3,941.54,924.05,86.68,154.07,0.7634,-1,-1,-1
281,4,1720.06,459.62,74.02,209.08,0.5695,-1,-1,-1
281,5,1438.87,587.86,74.45,238.96,0.4656,-1,-1,-1
281,18,941.56,77.45,60.68,178.25,0.4342,-1,-1,-1
281,19,390.11,456.67,78.71,230.02,0.6392,-1,-1,-1
281,26,553.40,417.44,65.54,206.57,0.6401,-1,-1,-1
281,6,228.87,419.26,60.36,183.97,0.4032,-1,-1,-1
281,13,464.93,405.71,66.62,212.86,0.6511,-1,-1,-1
281,28,818.86,380.63,57.19,201.40,0.3219,-1,-1,-1
281,29,279.91,798.48,83.41,278.22,0.6531,-1,-1,-1
281,35,1027.64,100.50,64.26,176.82,0.4639,-1,-1,-1
281,37,293.04,729.82,107.37,142.28,0.6483,-1,-1,-1
281,41,1101.92,93.55,59.09,159.14,0.3393,-1,-1,-1
281,43,209.32,581.25,70.11,248.72,0.5734,-1,-1,-1
281,21,789.45,151.64,65.34,169.27,0.2432,-1,-1,-1
281,45,885.79,394.67,63.36,185.65,0.3189,-1,-1,-1
281,48,752.02,340.55,57.81,182.94,0.3425,-1,-1,-1
282,1,463.81,143.17,67.40,200.64,0.3178,-1,-1,-1
282,2,215.06,584.23,65.08,245.09,0.6078,-1,-1,-1
282,3,940.86,924.06,87.26,153.81,0.7613,-1,-1,-1
282,4,1719.88,460.24,73.78,209.09,0.6171,-1,-1,-1
282,5,1439.40,586.31,75.50,240.09,0.4951,-1,-1,-1
282,18,940.58,77.22,61.25,177.90,0.4611,-1,-1,-1
282,19,390.50,455.38,76.93,229.13,0.6577,-1,-1,-1
282,26,552.44,419.19,64.86,205.08,0.6610,-1,-1,-1
282,6,228.46,416.69,61.34,188.69,0.4563,-1,-1,-1
282,13,465.17,406.36,64.91,211.41,0.6622,-1,-1,-1
282,28,819.98,382.25,57.50,189.88,0.3038,-1,-1,-1
282,29,281.80,800.33,83.70,277.22,0.7255,-1,-1,-1
282,35,1025.97,99.79,63.15,175.39,0.4274,-1,-1,-1
282,37,297.75,733.22,107.64,144.56,0.6513,-1,-1,-1
282,41,1101.27,92.65,57.12,160.31,0.3533,-1,-1,-1
282,43,215.06,584.23,65.08,245.02,0.6078,-1,-1,-1
282,21,789.86,152.88,61.20,167.22,0.2605,-1,-1,-1
282,45,886.90,395.78,64.67,188.14,0.2271,-1,-1,-1
282,48,755.48,342.14,57.25,178.36,0.4135,-1,-1,-1
283,1,464.00,143.79,67.85,199.93,0.3092,-1,-1,-1
283,2,218.84,584.51,64.18,245.08,0.5963,-1,-1,-1
283,3,940.73,923.95,87.62,153.78,0.7740,-1,-1,-1
283,4,1720.44,459.75,73.52,209.38,0.6042,-1,-1,-1
283,5,1440.26,584.60,76.34,241.70,0.4686,-1,-1,-1
283,18,940.61,78.44,59.25,173.06,0.4829,-1,-1,-1
283,19,389.46,452.21,77.89,230.94,0.6527,-1,-1,-1
283,26,552.62,421.01,62.62,205.70,0.6502,-1,-1,-1
283,6,228.54,415.01,61.74,185.21,0.4095,-1,-1,-1
283,13,465.45,407.58,64.40,212.05,0.6540,-1,-1,-1
283,28,820.04,383.16,58.26,194.49,0.3069,-1,-1,-1
283,29,283.25,800.36,84.57,277.56,0.7060,-1,-1,-1
283,35,1023.72,98.79,63.13,175.25,0.4520,-1,-1,-1
283,37,302.38,736.35,106.82,140.24,0.5672,-1,-1,-1
283,41,1100.25,92.21,57.16,161.51,0.3743,-1,-1,-1
283,43,218.84,584.50,64.18,245.02,0.5963,-1,-1,-1
283,21,788.52,152.24,65.70,168.19,0.2487,-1,-1,-1
283,45,886.58,396.25,66.43,193.58,0.2485,-1,-1,-1
283,48,759.24,344.02,57.08,175.35,0.3831,-1,-1,-1
284,1,463.27,143.07,67.73,200.10,0.3435,-1,-1,-1
284,2,222.98,581.24,63.43,252.05,0.5664,-1,-1,-1
284,3,939.31,923.30,88.99,154.57,0.7677,-1,-1,-1
284,4,1720.28,460.07,73.90,209.05,0.5970,-1,-1,-1
284,5,1440.98,582.31,77.04,244.11,0.4537,-1,-1,-1
284,18,940.72,78.59,58.96,172.07,0.4615,-1,-1,-1
284,19,391.15,449.75,75.71,232.06,0.6486,-1,-1,-1
284,26,552.07,423.21,62.93,208.57,0.6627,-1,-1,-1
284,6,228.76,412.81,60.60,179.20,0.3737,-1,-1,-1
284,13,464.62,409.15,65.94,214.88,0.6216,-1,-1,-1
284,28,820.14,384.40,59.76,195.15,0.2618,-1,-1,-1
284,29,283.55,801.34,86.07,277.13,0.7167,-1,-1,-1
284,35,1021.43,97.42,63.20,176.97,0.4289,-1,-1,-1
284,37,307.02,738.70,104.38,138.49,0.5646,-1,-1,-1
284,41,1098.67,92.18,57.09,162.66,0.3399,-1,-1,-1
284,43,222.98,581.24,63.43,252.00,0.5664,-1,-1,-1
284,21,788.73,152.57,62.73,168.26,0.2854,-1,-1,-1
284,45,890.20,396.94,65.29,194.04,0.2402,-1,-1,-1
284,48,763.06,345.88,57.38,174.30,0.3536,-1,-1,-1
285,1,463.15,142.87,66.12,200.11,0.3239,-1,-1,-1
285,2,226.93,579.91,63.19,254.20,0.5493,-1,-1,-1
285,3,938.25,922.59,89.55,154.96,0.7726,-1,-1,-1
285,4,1720.42,460.29,74.10,208.46,0.5918,-1,-1,-1
285,5,1443.90,580.24,78.29,245.75,0.5659,-1,-1,-1
285,18,940.55,78.83,60.14,173.46,0.4672,-1,-1,-1
285,19,391.93,448.11,74.36,232.13,0.6457,-1,-1,-1
285,26,551.24,424.17,61.63,210.64,0.6518,-1,-1,-1
285,6,227.82,412.46,62.42,183.74,0.3837,-1,-1,-1
285,13,464.44,409.97,66.21,217.35,0.6055,-1,-1,-1
285,28,823.21,384.51,58.27,201.34,0.3102,-1,-1,-1
285,29,284.22,802.27,87.34,276.31,0.6995,-1,-1,-1
285,35,1019.70,97.04,65.53,176.55,0.4524,-1,-1,-1
285,37,308.16,740.83,104.72,138.15,0.5570,-1,-1,-1
285,41,1096.36,91.28,57.01,162.51,0.3308,-1,-1,-1
285,43,226.93,579.91,63.19,254.16,0.5493,-1,-1,-1
285,21,788.69,151.45,65.20,169.46,0.2791,-1,-1,-1
285,45,890.91,398.70,59.73,194.66,0.2583,-1,-1,-1
285,48,766.05,349.51,59.12,183.70,0.3538,-1,-1,-1
286,1,463.13,143.83,63.84,198.16,0.3003,-1,-1,-1
286,2,231.06,578.48,62.92,256.21,0.5472,-1,-1,-1
286,3,939.20,922.17,87.60,155.50,0.7627,-1,-1,-1
286,4,1720.84,460.08,73.26,208.51,0.6184,-1,-1,-1
286,5,1446.52,579.91,78.65,247.43,0.4805,-1,-1,-1
286,18,940.43,78.53,60.58,174.43,0.4633,-1,-1,-1
286,19,392.25,445.91,73.53,231.37,0.6351,-1,-1,-1
286,26,549.03,425.32,62.75,211.48,0.6245,-1,-1,-1
286,6,228.71,411.24,62.34,195.96,0.3327,-1,-1,-1
286,13,464.02,411.05,66.43,222.05,0.6057,-1,-1,-1
286,28,825.24,385.97,57.43,203.59,0.3710,-1,-1,-1
286,29,284.58,804.14,90.33,273.82,0.7235,-1,-1,-1
286,35,1018.35,97.01,61.46,177.91,0.4908,-1,-1,-1
286,37,308.73,742.78,104.41,137.77,0.5545,-1,-1,-1
286,41,1095.12,90.12,54.05,164.75,0.3446,-1,-1,-1
286,43,231.06,578.48,62.92,256.17,0.5472,-1,-1,-1
286,21,789.55,151.97,65.49,169.14,0.2592,-1,-1,-1
286,45,893.25,398.95,63.79,196.18,0.3623,-1,-1,-1
286,48,769.83,351.96,59.10,192.94,0.2727,-1,-1,-1
287,1,462.09,143.59,64.32,198.15,0.3310,-1,-1,-1
287,2,233.42,579.73,63.45,255.34,0.5445,-1,-1,-1
287,3,939.37,922.23,86.68,155.70,0.7801,-1,-1,-1
287,4,1720.65,459.78,73.27,208.90,0.6073,-1,-1,-1
287,5,1449.35,579.69,79.50,247.45,0.5473,-1,-1,-1
287,18,940.06,78.06,61.12,176.15,0.4507,-1,-1,-1
287,19,392.44,444.07,73.57,226.03,0.6050,-1,-1,-1
287,26,545.71,426.10,64.72,211.35,0.6323,-1,-1,-1
287,6,229.35,411.41,62.66,207.68,0.3083,-1,-1,-1
287,13,463.93,412.32,65.91,224.07,0.5965,-1,-1,-1
287,28,823.71,390.55,66.86,204.34,0.3721,-1,-1,-1
287,29,285.61,808.06,92.83,268.95,0.7516,-1,-1,-1
287,35,1017.62,96.81,60.32,178.00,0.4814,-1,-1,-1
287,37,310.38,742.86,103.07,139.03,0.5582,-1,-1,-1
287,41,1093.07,90.44,55.23,164.43,0.3668,-1,-1,-1
287,43,233.42,579.73,63.45,255.31,0.5445,-1,-1,-1
287,21,789.39,152.16,65.75,169.61,0.2799,-1,-1,-1
287,45,893.58,399.57,63.58,196.13,0.3733,-1,-1,-1
287,48,774.85,351.17,59.18,201.99,0.2343,-1,-1,-1
288,1,462.42,143.89,65.81,197.28,0.3236,-1,-1,-1
288,2,234.24,579.41,65.73,255.69,0.5794,-1,-1,-1
288,3,940.09,921.84,84.87,155.93,0.7602,-1,-1,-1
288,4,1720.63,460.01,73.08,208.60,0.6031,-1,-1,-1
288,5,1450.90,582.37,80.82,242.30,0.5282,-1,-1,-1
288,18,938.99,75.41,59.56,176.20,0.5025,-1,-1,-1
288,19,393.15,441.58,72.53,222.81,0.6240,-1,-1,-1
288,26,542.97,426.63,66.36,210.83,0.6150,-1,-1,-1
288,6,230.12,410.54,62.72,203.41,0.3247,-1,-1,-1
288,13,462.24,409.61,66.19,227.48,0.5790,-1,-1,-1
288,28,824.47,393.72,70.45,203.39,0.4154,-1,-1,-1
288,29,286.50,811.43,94.35,267.36,0.7663,-1,-1,-1
288,35,1017.19,96.00,59.76,176.92,0.5125,-1,-1,-1
288,37,310.87,743.39,99.11,138.81,0.5784,-1,-1,-1
288,41,1091.67,90.18,56.02,164.54,0.4107,-1,-1,-1
288,43,234.24,579.41,65.73,255.66,0.5794,-1,-1,-1
288,21,788.33,151.83,66.97,169.82,0.2954,-1,-1,-1
288,45,894.09,400.30,63.77,196.01,0.3718,-1,-1,-1
288,48,779.81,351.53,57.52,204.17,0.2592,-1,-1,-1
289,1,462.69,143.55,64.85,197.86,0.3106,-1,-1,-1
289,2,235.52,580.04,67.83,254.28,0.5512,-1,-1,-1
289,3,940.76,921.27,82.18,156.32,0.7496,-1,-1,-1
289,4,1720.09,459.30,73.89,210.19,0.5912,-1,-1,-1
289,5,1452.16,582.11,82.68,240.52,0.4934,-1,-1,-1
289,18,938.34,73.91,58.17,175.58,0.5158,-1,-1,-1
289,19,393.43,439.32,72.37,221.40,0.6237,-1,-1,-1
289,26,540.76,427.34,67.66,210.42,0.6193,-1,-1,-1
289,6,231.56,409.18,61.43,191.05,0.4103,-1,-1,-1
289,13,461.77,411.36,65.44,227.89,0.6397,-1,-1,-1
289,28,825.49,394.68,70.87,203.03,0.3783,-1,-1,-1
289,29,288.72,812.62,95.45,266.82,0.7544,-1,-1,-1
289,35,1016.14,94.98,61.42,177.44,0.4767,-1,-1,-1
289,37,310.69,743.63,98.43,142.05,0.5943,-1,-1,-1
289,41,1091.06,90.85,56.07,164.11,0.3945,-1,-1,-1
289,43,235.52,580.04,67.83,254.26,0.5512,-1,-1,-1
289,21,788.76,153.08,66.44,169.29,0.2867,-1,-1,-1
289,45,895.70,400.64,64.56,195.03,0.3245,-1,-1,-1
289,48,782.96,351.93,56.48,197.62,0.3082,-1,-1,-1
290,1,463.59,141.46,62.00,197.97,0.2706,-1,-1,-1
290,2,236.93,581.32,67.57,253.40,0.5765,-1,-1,-1
290,3,941.44,920.44,79.51,156.68,0.7539,-1,-1,-1
290,4,1720.20,459.39,73.93,209.61,0.5997,-1,-1,-1
290,5,1452.71,587.60,85.57,232.01,0.4035,-1,-1,-1
290,18,938.13,72.47,56.57,175.59,0.5211,-1,-1,-1
290,19,390.47,437.32,75.33,223.68,0.6011,-1,-1,-1
290,26,539.29,427.55,68.12,210.07,0.6303,-1,-1,-1
290,6,233.33,408.57,59.94,184.83,0.4554,-1,-1,-1
290,13,460.39,411.79,66.10,230.48,0.6798,-1,-1,-1
290,28,825.75,395.33,73.92,203.49,0.4384,-1,-1,-1
290,29,290.46,815.61,96.84,264.70,0.7202,-1,-1,-1
290,35,1015.27,93.96,61.31,177.80,0.4984,-1,-1,-1
290,37,312.51,744.46,93.59,144.05,0.6312,-1,-1,-1
290,41,1089.04,90.45,57.16,164.61,0.4089,-1,-1,-1
290,43,236.93,581.32,67.57,253.38,0.5765,-1,-1,-1
290,21,789.30,152.35,65.87,169.41,0.2926,-1,-1,-1
290,45,897.14,401.93,63.73,194.32,0.3324,-1,-1,-1
290,48,786.90,353.18,53.86,192.79,0.3688,-1,-1,-1
291,1,460.75,140.25,60.43,196.59,0.2973,-1,-1,-1
291,2,238.93,581.07,67.71,254.06,0.5584,-1,-1,-1
291,3,941.86,919.88,77.88,156.91,0.7536,-1,-1,-1
291,4,1721.10,459.71,73.42,209.04,0.5852,-1,-1,-1
291,5,1453.55,592.58,86.92,223.78,0.3760,-1,-1,-1
291,18,938.00,71.08,56.02,177.65,0.5076,-1,-1,-1
291,19,386.66,435.40,79.36,226.07,0.5973,-1,-1,-1
291,26,536.98,428.15,68.83,209.56,0.6359,-1,-1,-1
291,6,233.29,408.07,60.61,182.71,0.4338,-1,-1,-1
291,13,460.17,412.67,66.30,231.06,0.6571,-1,-1,-1
291,28,829.12,398.07,69.93,203.29,0.3215,-1,-1,-1
291,29,292.71,819.69,96.31,260.88,0.7042,-1,-1,-1
291,35,1014.57,93.05,61.12,177.81,0.4537,-1,-1,-1
291,37,313.30,746.17,91.14,144.07,0.6183,-1,-1,-1
291,41,1087.17,89.37,57.10,165.42,0.3661,-1,-1,-1
291,43,238.93,581.06,67.71,254.03,0.5584,-1,-1,-1
291,21,788.44,152.21,67.02,169.70,0.2764,-1,-1,-1
291,45,896.98,402.55,63.39,193.36,0.3262,-1,-1,-1
291,48,790.24,353.81,55.66,194.49,0.4374,-1,-1,-1
292,1,458.52,139.62,60.83,195.50,0.3083,-1,-1,-1
292,2,240.99,581.24,71.37,253.39,0.5468,-1,-1,-1
292,3,942.11,919.69,76.18,157.37,0.7399,-1,-1,-1
292,4,1720.28,460.40,74.23,208.64,0.5781,-1,-1,-1
292,5,1460.84,597.85,82.13,222.82,0.4213,-1,-1,-1
292,18,937.82,69.92,56.30,175.95,0.5261,-1,-1,-1
292,19,384.61,434.77,80.82,227.27,0.5706,-1,-1,-1
292,26,536.89,429.65,68.68,208.02,0.6528,-1,-1,-1
292,6,232.84,407.35,60.60,183.49,0.4535,-1,-1,-1
292,13,460.22,414.06,66.26,230.68,0.5971,-1,-1,-1
292,28,831.39,398.65,66.30,205.74,0.4409,-1,-1,-1
292,29,295.01,825.90,98.93,253.64,0.6392,-1,-1,-1
292,35,1013.68,92.68,61.29,177.58,0.4211,-1,-1,-1
292,37,315.63,748.85,87.77,142.23,0.5272,-1,-1,-1
292,41,1085.49,88.85,57.60,164.73,0.3724,-1,-1,-1
292,43,240.99,581.23,71.37,253.37,0.5468,-1,-1,-1
292,21,789.81,151.48,65.67,170.20,0.3173,-1,-1,-1
292,45,897.69,407.01,60.96,187.74,0.3528,-1,-1,-1
292,48,791.47,352.26,57.13,201.47,0.3079,-1,-1,-1
293,1,456.97,138.54,61.41,194.43,0.2880,-1,-1,-1
293,2,242.70,581.78,78.77,253.72,0.5524,-1,-1,-1
293,3,942.51,918.75,72.57,158.78,0.7358,-1,-1,-1
293,4,1720.69,460.73,73.63,208.02,0.5610,-1,-1,-1
293,5,1463.02,598.37,84.20,224.95,0.4404,-1,-1,-1
293,18,938.05,68.68,56.02,173.36,0.4574,-1,-1,-1
293,19,382.28,433.13,82.64,228.37,0.5405,-1,-1,-1
293,26,535.50,432.00,69.01,206.81,0.6792,-1,-1,-1
293,6,232.33,406.08,60.82,183.64,0.5318,-1,-1,-1
293,13,459.94,415.03,67.29,228.43,0.5788,-1,-1,-1
293,28,832.41,398.99,65.26,205.81,0.3867,-1,-1,-1
293,29,296.28,831.10,95.29,247.36,0.6656,-1,-1,-1
293,35,1012.61,92.01,61.64,178.52,0.3510,-1,-1,-1
293,37,316.11,751.54,86.48,138.28,0.4061,-1,-1,-1
293,41,1084.42,88.18,56.98,164.78,0.3252,-1,-1,-1
293,43,242.70,581.78,78.77,253.70,0.5524,-1,-1,-1
293,21,790.96,151.38,64.32,170.04,0.2811,-1,-1,-1
293,45,897.21,411.41,61.84,183.65,0.3428,-1,-1,-1
293,48,793.52,352.96,58.55,185.72,0.2611,-1,-1,-1
294,1,457.18,137.74,61.41,192.66,0.3337,-1,-1,-1
294,2,243.63,582.56,84.90,253.57,0.6088,-1,-1,-1
294,3,942.61,918.02,68.77,159.97,0.7534,-1,-1,-1
294,4,1720.34,459.83,74.26,209.45,0.5844,-1,-1,-1
294,5,1458.94,595.56,91.28,228.67,0.5270,-1,-1,-1
294,18,938.43,67.42,54.68,171.50,0.4328,-1,-1,-1
294,19,379.90,432.66,84.17,229.66,0.5564,-1,-1,-1
294,26,535.05,434.19,69.21,208.48,0.6736,-1,-1,-1
294,6,232.27,404.86,60.93,181.28,0.5099,-1,-1,-1
294,13,459.17,415.67,68.58,227.36,0.6218,-1,-1,-1
294,28,833.97,400.70,63.84,204.73,0.3705,-1,-1,-1
294,29,298.07,836.08,92.96,242.54,0.7194,-1,-1,-1
294,35,1011.78,91.48,59.98,177.75,0.3575,-1,-1,-1
294,37,323.62,755.02,78.88,136.61,0.4970,-1,-1,-1
294,41,1082.96,87.79,57.52,164.55,0.4097,-1,-1,-1
294,43,243.63,582.56,84.90,253.56,0.6088,-1,-1,-1
294,21,789.97,150.82,65.18,170.50,0.2945,-1,-1,-1
294,45,897.17,413.42,62.17,181.97,0.3594,-1,-1,-1
294,48,795.47,355.20,60.95,205.34,0.3107,-1,-1,-1
294,49,324.41,753.21,84.18,261.04,0.3939,-1,-1,-1
295,1,457.89,137.61,60.58,191.51,0.3081,-1,-1,-1
295,2,244.06,582.86,90.15,252.73,0.6488,-1,-1,-1
295,3,941.83,916.84,66.64,161.63,0.7396,-1,-1,-1
295,4,1719.96,460.16,74.53,209.31,0.5892,-1,-1,-1
295,5,1458.60,595.81,93.35,228.27,0.4862,-1,-1,-1
295,18,937.86,66.86,54.39,172.47,0.4046,-1,-1,-1
295,19,377.09,432.74,86.71,230.49,0.5370,-1,-1,-1
295,26,534.04,436.08,68.99,209.89,0.6694,-1,-1,-1
295,6,231.85,402.12,60.72,183.06,0.4393,-1,-1,-1
295,13,459.24,416.16,68.49,225.56,0.6011,-1,-1,-1
295,28,833.94,401.75,63.92,203.66,0.3750,-1,-1,-1
295,29,300.37,839.75,90.85,239.58,0.7008,-1,-1,-1
295,35,1010.96,91.48,58.76,178.37,0.3924,-1,-1,-1
295,37,327.90,758.98,75.96,137.81,0.5057,-1,-1,-1
295,41,1081.60,86.87,56.94,165.64,0.4022,-1,-1,-1
295,43,244.06,582.86,90.15,252.71,0.6488,-1,-1,-1
295,21,788.07,150.75,67.18,170.83,0.3037,-1,-1,-1
295,45,896.95,412.50,62.24,184.33,0.3730,-1,-1,-1
295,48,797.99,357.25,62.72,209.07,0.2616,-1,-1,-1
295,49,327.44,756.86,84.40,255.47,0.4069,-1,-1,-1
296,1,459.04,135.44,58.66,193.96,0.2856,-1,-1,-1
296,2,244.47,583.29,91.41,251.95,0.6713,-1,-1,-1
296,3,941.44,915.86,63.88,162.52,0.7565,-1,-1,-1
296,4,1720.13,460.05,73.99,209.19,0.5954,-1,-1,-1
296,5,1460.86,596.98,93.70,228.38,0.4944,-1,-1,-1
296,18,937.61,65.88,54.01,172.21,0.4517,-1,-1,-1
296,19,376.28,431.17,86.36,232.14,0.5349,-1,-1,-1
296,26,534.31,438.45,67.96,206.96,0.6741,-1,-1,-1
296,6,231.78,400.65,61.85,181.89,0.5080,-1,-1,-1
296,13,458.27,418.39,70.39,223.79,0.6252,-1,-1,-1
296,28,833.43,401.99,63.57,203.74,0.4106,-1,-1,-1
296,29,301.98,842.81,90.99,236.55,0.7257,-1,-1,-1
296,35,1010.16,90.87,57.67,179.11,0.4060,-1,-1,-1
296,37,329.56,761.62,76.82,138.72,0.4917,-1,-1,-1
296,41,1080.25,86.44,56.76,165.42,0.4100,-1,-1,-1
296,43,244.47,583.29,91.41,251.94,0.6713,-1,-1,-1
296,21,787.26,151.28,68.29,171.08,0.3211,-1,-1,-1
296,45,896.74,412.40,62.61,189.21,0.4583,-1,-1,-1
296,48,800.29,359.61,59.41,209.73,0.1650,-1,-1,-1
296,49,328.54,760.18,81.95,259.58,0.3488,-1,-1,-1
297,1,458.72,134.60,59.61,194.56,0.2794,-1,-1,-1
297,2,245.49,584.75,91.69,250.85,0.6621,-1,-1,-1
297,3,941.30,915.09,62.32,163.87,0.7559,-1,-1,-1
297,4,1719.79,460.33,73.84,208.96,0.5749,-1,-1,-1
297,5,1461.48,596.67,98.72,229.50,0.5450,-1,-1,-1
297,18,936.98,64.82,54.17,173.45,0.4157,-1,-1,-1
297,19,376.32,429.91,85.45,233.16,0.5026,-1,-1,-1
297,26,534.41,440.76,66.07,205.91,0.6667,-1,-1,-1
297,6,232.89,399.82,61.36,182.64,0.5713,-1,-1,-1
297,13,457.55,419.48,69.59,222.32,0.6300,-1,-1,-1
297,28,833.61,401.40,62.97,206.86,0.3728,-1,-1,-1
297,29,303.39,843.82,91.33,235.94,0.7411,-1,-1,-1
297,35,1009.21,90.36,57.54,179.68,0.3726,-1,-1,-1
297,37,331.83,764.92,76.69,139.51,0.5167,-1,-1,-1
297,41,1078.99,86.83,56.74,164.38,0.3431,-1,-1,-1
297,43,245.49,584.75,91.69,250.84,0.6621,-1,-1,-1
297,21,788.53,151.09,67.64,171.00,0.3287,-1,-1,-1
297,45,895.72,413.02,63.87,193.78,0.4666,-1,-1,-1
297,48,805.34,359.50,62.31,187.17,0.1904,-1,-1,-1
297,49,330.18,764.02,79.86,289.99,0.2214,-1,-1,-1
298,1,458.27,133.96,59.94,195.92,0.2905,-1,-1,-1
298,2,246.32,584.99,91.36,250.10,0.6285,-1,-1,-1
298,3,940.91,914.61,62.31,164.95,0.7687,-1,-1,-1
298,4,1720.67,460.75,73.41,208.28,0.6002,-1,-1,-1
298,5,1462.83,598.30,102.43,229.52,0.5544,-1,-1,-1
298,18,936.58,64.15,55.11,172.35,0.4248,-1,-1,-1
298,19,375.96,429.50,85.17,230.58,0.5250,-1,-1,-1
298,26,534.50,442.87,65.28,202.89,0.6484,-1,-1,-1
298,6,234.01,398.68,61.21,184.10,0.5574,-1,-1,-1
298,13,456.92,420.16,69.18,221.68,0.6304,-1,-1,-1
298,28,831.82,400.91,65.37,209.44,0.3246,-1,-1,-1
298,29,304.79,845.41,92.52,234.79,0.7522,-1,-1,-1
298,35,1009.64,91.67,57.42,175.61,0.3673,-1,-1,-1
298,37,334.12,767.56,77.86,142.91,0.5770,-1,-1,-1
298,41,1077.55,86.06,57.39,165.17,0.3693,-1,-1,-1
298,43,246.32,584.99,91.36,250.09,0.6285,-1,-1,-1
298,21,789.62,151.19,66.67,171.15,0.2977,-1,-1,-1
298,45,895.21,414.46,64.84,196.65,0.4882,-1,-1,-1
299,1,459.22,133.46,59.83,196.18,0.2942,-1,-1,-1
299,2,248.65,584.05,89.50,250.40,0.6833,-1,-1,-1
299,3,940.27,913.74,61.50,165.51,0.7754,-1,-1,-1
299,4,1720.58,461.36,73.40,207.69,0.5952,-1,-1,-1
299,5,1463.13,594.26,104.28,234.64,0.5898,-1,-1,-1
299,18,936.43,63.68,55.98,171.33,0.4303,-1,-1,-1
299,19,377.01,428.32,83.50,228.81,0.5599,-1,-1,-1
299,26,534.91,444.38,64.24,203.19,0.6518,-1,-1,-1
299,6,233.82,397.57,61.59,183.94,0.5950,-1,-1,-1
299,13,456.66,421.09,68.66,223.18,0.6465,-1,-1,-1
299,28,825.29,402.02,73.01,207.49,0.2288,-1,-1,-1
299,29,305.78,846.54,93.23,233.69,0.7641,-1,-1,-1
299,35,1009.34,89.18,57.02,181.25,0.3998,-1,-1,-1
299,37,338.60,770.47,77.41,144.24,0.6279,-1,-1,-1
299,41,1075.02,84.27,57.44,168.58,0.3211,-1,-1,-1
299,43,248.65,584.05,89.50,250.39,0.6833,-1,-1,-1
299,21,790.15,152.40,65.38,170.07,0.2774,-1,-1,-1
299,45,895.01,415.63,64.84,197.17,0.5029,-1,-1,-1
300,1,458.83,132.98,61.60,198.12,0.2970,-1,-1,-1
300,2,250.05,583.59,89.86,249.74,0.6897,-1,-1,-1
300,3,940.20,913.80,60.29,165.31,0.7703,-1,-1,-1
300,4,1721.47,460.93,72.48,208.19,0.5810,-1,-1,-1
300,5,1464.29,591.20,104.97,238.37,0.5962,-1,-1,-1
300,18,935.77,63.03,56.49,172.56,0.4552,-1,-1,-1
300,19,379.02,426.11,81.25,225.23,0.5442,-1,-1,-1
300,26,534.67,445.72,64.20,204.07,0.6561,-1,-1,-1
300,6,234.03,397.28,60.72,183.93,0.5751,-1,-1,-1
300,13,456.31,423.14,68.51,223.80,0.6618,-1,-1,-1
300,29,307.14,847.30,94.25,232.89,0.7496,-1,-1,-1
300,35,1008.61,86.99,56.59,184.24,0.4000,-1,-1,-1
300,37,343.54,772.64,75.90,146.03,0.6377,-1,-1,-1
300,41,1073.64,82.76,56.75,165.88,0.2334,-1,-1,-1
300,43,250.05,583.59,89.86,249.73,0.6897,-1,-1,-1
300,21,790.48,151.55,65.52,170.22,0.2031,-1,-1,-1
300,45,895.64,416.55,63.63,198.00,0.4484,-1,-1,-1
301,1,458.39,132.64,61.59,198.27,0.2807,-1,-1,-1
301,2,251.64,582.05,89.95,250.44,0.6662,-1,-1,-1
301,3,941.25,913.97,57.98,165.34,0.7697,-1,-1,-1
301,4,1721.31,460.94,72.54,207.94,0.5921,-1,-1,-1
301,5,1465.80,588.31,104.97,242.74,0.6013,-1,-1,-1
301,18,934.98,62.82,57.08,173.67,0.4819,-1,-1,-1
301,19,381.59,423.16,78.21,224.53,0.5516,-1,-1,-1
301,26,534.84,446.44,63.86,205.89,0.6674,-1,-1,-1
301,6,234.42,396.79,59.77,184.27,0.5642,-1,-1,-1
301,13,456.26,426.57,68.15,222.22,0.6717,-1,-1,-1
301,29,307.82,848.09,95.24,232.17,0.7490,-1,-1,-1
301,35,1008.08,85.45,57.04,184.65,0.4189,-1,-1,-1
301,37,346.79,774.75,76.59,144.26,0.5971,-1,-1,-1
301,41,1072.92,82.00,55.97,168.19,0.2809,-1,-1,-1
301,43,251.64,582.05,89.95,250.44,0.6662,-1,-1,-1
301,21,791.79,149.04,63.33,172.55,0.2102,-1,-1,-1
301,45,895.74,417.23,63.00,197.09,0.4676,-1,-1,-1
301,49,344.77,773.19,78.92,278.09,0.4560,-1,-1,-1
302,1,458.24,130.81,62.95,195.56,0.2544,-1,-1,-1
302,2,253.96,580.86,89.61,251.69,0.6771,-1,-1,-1
302,3,941.63,912.62,56.47,167.14,0.7525,-1,-1,-1
302,4,1721.57,460.23,72.36,209.13,0.5724,-1,-1,-1
302,5,1468.40,589.21,102.98,241.98,0.5669,-1,-1,-1
302,18,934.40,62.13,57.15,174.00,0.4795,-1,-1,-1
302,19,385.11,421.97,74.06,220.14,0.5319,-1,-1,-1
302,26,534.82,447.10,63.67,205.08,0.6403,-1,-1,-1
302,6,233.85,396.30,59.72,185.10,0.5493,-1,-1,-1
302,13,456.16,428.84,67.89,221.84,0.6202,-1,-1,-1
302,29,309.32,848.18,97.14,231.98,0.7379,-1,-1,-1
302,35,1006.63,85.06,58.18,180.73,0.4282,-1,-1,-1
302,37,348.93,776.00,79.97,147.08,0.6332,-1,-1,-1
302,41,1072.30,82.26,54.19,165.67,0.2167,-1,-1,-1
302,43,253.96,580.85,89.61,251.68,0.6771,-1,-1,-1
302,21,793.17,150.90,60.31,171.82,0.1782,-1,-1,-1
302,45,895.44,418.79,62.84,198.35,0.5524,-1,-1,-1
302,49,347.85,774.51,81.60,272.49,0.3171,-1,-1,-1
302,28,830.03,407.11,73.27,212.74,0.4366,-1,-1,-1
303,1,458.91,130.66,64.27,194.52,0.2206,-1,-1,-1
303,2,257.54,579.70,88.94,253.18,0.6390,-1,-1,-1
303,3,940.86,912.71,56.15,167.26,0.7248,-1,-1,-1
303,4,1721.42,460.12,72.43,209.33,0.5833,-1,-1,-1
303,5,1471.48,586.52,101.80,244.87,0.4853,-1,-1,-1
303,18,933.89,62.39,57.19,170.84,0.4923,-1,-1,-1
303,19,387.15,416.94,71.19,218.42,0.5980,-1,-1,-1
303,26,534.63,447.66,64.23,207.59,0.6545,-1,-1,-1
303,6,233.88,395.33,59.27,186.61,0.5517,-1,-1,-1
303,13,456.09,430.51,66.50,221.39,0.6296,-1,-1,-1
303,29,311.31,848.65,97.78,231.52,0.7381,-1,-1,-1
303,35,1006.10,85.09,58.43,176.22,0.4687,-1,-1,-1
303,37,351.02,776.98,84.50,149.52,0.6872,-1,-1,-1
303,41,1070.85,81.01,55.12,169.23,0.3444,-1,-1,-1
303,43,257.54,579.70,88.94,253.18,0.6390,-1,-1,-1
303,21,793.93,150.09,59.66,172.85,0.1611,-1,-1,-1
303,45,895.50,420.96,61.47,196.09,0.5200,-1,-1,-1
303,49,350.58,776.38,83.40,265.44,0.1905,-1,-1,-1
303,28,834.72,409.19,67.37,214.66,0.4766,-1,-1,-1
304,1,463.03,131.82,63.40,192.70,0.2251,-1,-1,-1
304,2,263.29,579.80,86.10,251.86,0.6164,-1,-1,-1
304,3,939.67,911.97,57.46,168.05,0.7408,-1,-1,-1
304,4,1721.55,460.02,72.51,210.06,0.5910,-1,-1,-1
304,5,1474.01,582.74,100.83,249.20,0.5028,-1,-1,-1
304,18,934.80,62.16,55.81,173.05,0.5337,-1,-1,-1
304,19,388.44,412.82,69.63,220.33,0.5727,-1,-1,-1
304,26,534.31,448.32,64.78,207.23,0.6430,-1,-1,-1
304,6,234.64,393.95,58.95,188.05,0.5433,-1,-1,-1
304,13,455.45,432.30,65.61,220.11,0.6322,-1,-1,-1
304,29,312.66,849.80,98.51,230.31,0.7475,-1,-1,-1
304,35,1005.98,84.98,57.98,175.02,0.4765,-1,-1,-1
304,37,354.46,777.97,87.03,152.05,0.6167,-1,-1,-1
304,41,1068.90,80.94,56.05,169.36,0.3094,-1,-1,-1
304,43,263.29,579.80,86.10,251.86,0.6164,-1,-1,-1
304,21,793.66,149.24,61.35,174.00,0.2403,-1,-1,-1
304,45,897.33,421.21,58.84,196.20,0.4868,-1,-1,-1
304,49,353.26,776.10,86.91,283.69,0.2192,-1,-1,-1
304,28,832.01,405.82,76.28,217.10,0.4794,-1,-1,-1
305,1,462.25,131.24,62.89,193.03,0.2221,-1,-1,-1
305,2,271.98,580.89,80.42,249.54,0.5994,-1,-1,-1
305,3,937.83,910.38,59.41,169.72,0.7406,-1,-1,-1
305,4,1721.07,460.27,72.54,209.58,0.5766,-1,-1,-1
305,5,1475.94,585.81,99.81,247.27,0.4532,-1,-1,-1
305,18,934.74,61.96,55.49,173.23,0.4927,-1,-1,-1
305,19,389.48,409.53,68.96,222.26,0.5619,-1,-1,-1
305,26,534.10,448.93,65.12,207.97,0.6390,-1,-1,-1
305,6,233.92,391.45,58.96,191.22,0.5355,-1,-1,-1
305,13,454.57,434.83,65.37,219.31,0.6631,-1,-1,-1
305,29,315.50,851.62,97.85,228.58,0.7609,-1,-1,-1
305,35,1005.36,85.19,58.85,172.10,0.4895,-1,-1,-1
305,37,355.75,779.19,91.69,156.57,0.6137,-1,-1,-1
305,41,1067.58,81.05,56.49,167.59,0.2629,-1,-1,-1
305,43,271.98,580.89,80.42,249.54,0.5994,-1,-1,-1
305,21,794.90,149.78,61.63,173.12,0.2502,-1,-1,-1
305,45,899.07,420.55,56.46,196.33,0.4629,-1,-1,-1
305,49,355.56,776.93,89.85,281.38,0.2388,-1,-1,-1
305,28,834.76,405.02,74.72,221.35,0.5179,-1,-1,-1
306,1,461.74,131.38,63.80,192.07,0.2561,-1,-1,-1
306,2,283.12,581.57,73.59,248.08,0.5441,-1,-1,-1
306,3,935.99,909.37,62.60,170.71,0.7186,-1,-1,-1
306,4,1721.05,460.60,72.63,209.15,0.5692,-1,-1,-1
306,5,1479.43,587.83,98.75,246.30,0.5169,-1,-1,-1
306,18,934.58,59.99,56.89,174.85,0.4716,-1,-1,-1
306,19,389.76,407.73,68.37,222.40,0.5317,-1,-1,-1
306,26,533.28,449.42,65.50,205.12,0.6226,-1,-1,-1
306,6,232.81,389.58,60.00,193.48,0.5643,-1,-1,-1
306,13,453.49,436.41,64.72,219.12,0.6821,-1,-1,-1
306,29,318.73,857.08,94.04,223.06,0.7691,-1,-1,-1
306,35,1004.17,84.78,60.14,170.47,0.5222,-1,-1,-1
306,37,357.53,780.57,94.42,154.13,0.6555,-1,-1,-1
306,41,1068.10,82.35,54.27,161.24,0.2696,-1,-1,-1
306,43,283.12,581.57,73.59,248.07,0.5441,-1,-1,-1
306,21,794.58,122.45,65.68,200.65,0.2714,-1,-1,-1
306,45,898.44,422.62,57.13,193.26,0.4349,-1,-1,-1
306,49,357.36,780.27,93.92,194.76,0.6555,-1,-1,-1
306,28,833.52,404.49,76.90,220.99,0.5010,-1,-1,-1
307,1,459.95,130.54,64.95,191.57,0.2424,-1,-1,-1
307,2,293.69,580.98,70.50,246.05,0.5703,-1,-1,-1
307,3,934.50,908.20,65.02,171.74,0.7121,-1,-1,-1
307,4,1720.98,459.89,72.90,209.80,0.5599,-1,-1,-1
307,5,1482.28,588.56,97.04,245.83,0.5473,-1,-1,-1
307,18,934.62,59.37,56.80,174.31,0.4961,-1,-1,-1
307,19,391.08,407.11,67.71,222.26,0.5574,-1,-1,-1
307,26,532.47,449.73,65.53,205.29,0.6417,-1,-1,-1
307,6,232.62,387.77,59.74,193.48,0.5267,-1,-1,-1
307,13,451.61,438.46,65.16,217.83,0.6753,-1,-1,-1
307,29,320.00,861.06,94.42,219.01,0.7756,-1,-1,-1
307,35,1003.47,83.57,60.04,169.84,0.5632,-1,-1,-1
307,37,359.16,781.91,98.44,155.11,0.6475,-1,-1,-1
307,41,1066.29,81.96,53.97,162.77,0.2921,-1,-1,-1
307,43,293.69,580.98,70.50,246.05,0.5703,-1,-1,-1
307,21,794.49,109.45,70.17,213.10,0.3710,-1,-1,-1
307,45,898.69,425.02,56.88,191.04,0.3659,-1,-1,-1
307,49,359.02,782.10,98.43,161.46,0.6475,-1,-1,-1
307,28,833.97,406.35,77.07,218.80,0.3534,-1,-1,-1
308,1,461.44,130.35,61.84,192.14,0.2798,-1,-1,-1
308,2,302.55,580.54,69.98,244.60,0.6446,-1,-1,-1
308,3,932.48,907.94,67.90,172.15,0.7210,-1,-1,-1
308,4,1721.18,459.34,72.68,210.26,0.5813,-1,-1,-1
308,5,1484.18,591.90,95.85,242.95,0.6304,-1,-1,-1
308,18,935.13,56.83,55.99,170.86,0.5067,-1,-1,-1
308,19,391.01,406.15,69.04,223.58,0.5702,-1,-1,-1
308,26,530.52,451.39,67.10,204.50,0.6570,-1,-1,-1
308,6,230.75,386.09,61.50,191.80,0.5579,-1,-1,-1
308,13,450.15,440.55,64.55,215.97,0.6785,-1,-1,-1
308,29,321.92,866.30,94.98,213.87,0.7756,-1,-1,-1
308,35,1002.38,82.92,60.86,171.36,0.6041,-1,-1,-1
308,37,361.01,784.61,102.46,155.97,0.6929,-1,-1,-1
308,41,1064.69,82.17,55.11,164.97,0.3177,-1,-1,-1
308,43,302.55,580.54,69.98,244.60,0.6446,-1,-1,-1
308,21,794.10,104.68,72.54,218.08,0.3296,-1,-1,-1
308,45,896.13,427.54,57.34,188.51,0.3314,-1,-1,-1
308,49,360.88,785.06,102.63,153.71,0.6929,-1,-1,-1
308,28,833.90,411.63,78.15,214.27,0.3547,-1,-1,-1
309,1,463.61,130.44,59.00,191.18,0.2684,-1,-1,-1
309,2,308.22,579.94,74.21,246.91,0.6496,-1,-1,-1
309,3,930.62,907.31,70.26,172.73,0.7372,-1,-1,-1
309,4,1720.89,458.71,72.70,211.21,0.5739,-1,-1,-1
309,5,1486.13,590.20,95.54,244.63,0.5934,-1,-1,-1
309,18,935.23,53.82,54.88,170.30,0.4841,-1,-1,-1
309,19,390.75,406.38,70.31,222.44,0.5209,-1,-1,-1
309,26,529.13,454.28,67.79,206.73,0.6707,-1,-1,-1
309,6,230.41,383.97,61.88,190.04,0.5284,-1,-1,-1
309,13,448.28,441.97,64.52,216.12,0.6595,-1,-1,-1
309,29,324.13,871.09,93.93,209.02,0.7802,-1,-1,-1
309,35,1002.09,81.67,61.10,174.31,0.6236,-1,-1,-1
309,37,364.31,789.17,105.14,153.56,0.6759,-1,-1,-1
309,41,1064.40,82.05,53.89,163.73,0.2922,-1,-1,-1
309,43,308.22,579.94,74.21,246.91,0.6496,-1,-1,-1
309,21,793.81,102.91,73.49,220.12,0.3724,-1,-1,-1
309,45,892.38,429.90,60.17,187.03,0.2346,-1,-1,-1
309,49,364.19,789.92,105.38,148.75,0.6759,-1,-1,-1
309,28,836.33,416.04,71.98,212.29,0.3849,-1,-1,-1
310,1,464.54,129.25,57.13,190.47,0.3106,-1,-1,-1
310,2,312.50,579.53,77.50,248.78,0.6942,-1,-1,-1
310,3,928.68,907.50,72.99,172.55,0.7486,-1,-1,-1
310,4,1720.82,458.44,72.50,210.88,0.5753,-1,-1,-1
310,5,1487.60,588.71,95.97,245.22,0.5562,-1,-1,-1
310,18,934.63,51.22,55.42,170.88,0.5415,-1,-1,-1
310,19,391.80,405.70,69.07,225.24,0.5021,-1,-1,-1
310,26,528.10,455.97,67.95,209.37,0.6987,-1,-1,-1
310,6,230.91,381.12,59.91,187.32,0.5566,-1,-1,-1
310,13,447.57,439.98,63.61,220.58,0.6514,-1,-1,-1
310,29,326.88,873.64,93.53,206.44,0.7569,-1,-1,-1
310,35,1001.16,80.33,61.84,175.67,0.6475,-1,-1,-1
310,37,366.50,793.57,106.55,151.16,0.6770,-1,-1,-1
310,41,1063.88,82.66,55.01,164.03,0.3334,-1,-1,-1
310,43,312.50,579.53,77.50,248.78,0.6942,-1,-1,-1
310,21,794.04,102.39,72.81,220.95,0.3239,-1,-1,-1
310,49,366.39,794.34,106.80,146.19,0.6770,-1,-1,-1
310,28,837.74,421.93,66.83,206.23,0.1829,-1,-1,-1
311,1,465.23,128.84,57.24,189.60,0.2964,-1,-1,-1
311,2,316.10,579.59,81.00,247.87,0.7418,-1,-1,-1
311,3,927.63,907.05,74.42,172.98,0.7628,-1,-1,-1
311,4,1720.79,458.32,72.66,210.74,0.5788,-1,-1,-1
311,5,1488.64,589.11,100.41,244.58,0.5831,-1,-1,-1
311,18,934.01,49.53,55.72,171.25,0.5081,-1,-1,-1
311,19,391.81,406.62,69.63,224.03,0.4729,-1,-1,-1
311,26,527.54,457.39,67.42,211.73,0.6759,-1,-1,-1
311,6,231.66,379.06,58.18,186.68,0.5294,-1,-1,-1
311,13,445.95,440.18,64.02,221.65,0.6840,-1,-1,-1
311,29,329.68,876.32,94.68,203.70,0.7341,-1,-1,-1
311,35,1000.43,79.82,62.37,175.34,0.6271,-1,-1,-1
311,37,368.24,797.94,108.12,148.08,0.6624,-1,-1,-1
311,41,1062.35,81.86,54.68,163.49,0.2981,-1,-1,-1
311,43,316.10,579.59,81.00,247.87,0.7418,-1,-1,-1
311,21,794.41,101.65,71.87,221.70,0.3391,-1,-1,-1
311,49,368.15,798.67,108.35,143.51,0.6624,-1,-1,-1
311,28,835.86,423.25,68.61,197.01,0.3113,-1,-1,-1
312,1,463.72,127.93,59.36,188.76,0.3065,-1,-1,-1
312,2,318.50,581.02,87.01,245.02,0.7536,-1,-1,-1
312,3,927.40,906.16,74.97,173.91,0.7519,-1,-1,-1
312,4,1721.22,458.66,72.48,209.97,0.5822,-1,-1,-1
312,5,1489.84,591.94,101.51,240.83,0.6269,-1,-1,-1
312,18,933.74,48.70,56.30,171.92,0.5144,-1,-1,-1
312,19,392.36,407.26,69.06,221.93,0.4325,-1,-1,-1
312,26,527.14,460.40,67.17,214.83,0.6740,-1,-1,-1
312,6,231.36,376.55,58.20,187.68,0.5374,-1,-1,-1
312,13,444.46,441.95,64.33,221.59,0.6672,-1,-1,-1
312,29,332.78,879.23,96.27,200.88,0.7442,-1,-1,-1
312,35,1000.08,79.88,63.12,174.71,0.6072,-1,-1,-1
312,37,368.44,801.34,108.98,148.22,0.6511,-1,-1,-1
312,41,1062.34,81.44,53.28,163.70,0.2625,-1,-1,-1
312,43,318.50,581.02,87.01,245.02,0.7536,-1,-1,-1
312,21,793.21,101.90,71.08,221.10,0.3417,-1,-1,-1
312,49,368.36,801.92,109.20,144.43,0.6511,-1,-1,-1
312,28,834.01,424.51,71.80,195.55,0.2851,-1,-1,-1
313,1,463.71,124.79,60.04,190.22,0.3265,-1,-1,-1
313,2,319.03,583.34,93.63,241.95,0.7643,-1,-1,-1
313,3,927.02,905.52,75.68,174.56,0.7551,-1,-1,-1
313,4,1721.93,458.03,72.04,210.32,0.5769,-1,-1,-1
313,5,1491.50,596.59,103.11,236.28,0.6183,-1,-1,-1
313,18,933.62,47.89,55.97,172.56,0.5204,-1,-1,-1
313,19,393.10,406.08,68.36,223.65,0.4088,-1,-1,-1
313,26,527.20,463.06,66.53,214.98,0.6595,-1,-1,-1
313,6,231.10,374.73,58.18,188.81,0.5228,-1,-1,-1
313,13,442.37,446.14,64.81,221.85,0.6860,-1,-1,-1
313,29,336.16,882.56,98.54,197.51,0.7362,-1,-1,-1
313,35,1000.17,80.21,62.63,173.47,0.5998,-1,-1,-1
313,37,369.04,804.81,109.36,147.25,0.6926,-1,-1,-1
313,41,1061.54,82.13,54.08,163.98,0.2692,-1,-1,-1
313,43,319.03,583.34,93.63,241.94,0.7643,-1,-1,-1
313,21,790.54,102.45,71.68,220.30,0.2676,-1,-1,-1
313,49,368.96,805.31,109.55,143.94,0.6926,-1,-1,-1
313,28,834.50,426.30,69.27,198.23,0.2616,-1,-1,-1
314,1,460.49,125.33,63.26,187.78,0.3019,-1,-1,-1
314,2,319.05,584.52,98.18,240.59,0.7645,-1,-1,-1
314,3,927.04,905.17,76.64,174.89,0.7554,-1,-1,-1
314,4,1722.60,457.92,71.36,210.97,0.5737,-1,-1,-1
314,5,1494.24,599.05,102.20,234.24,0.5491,-1,-1,-1
314,18,932.61,47.12,57.01,172.88,0.5230,-1,-1,-1
314,19,393.36,404.37,66.58,224.05,0.3847,-1,-1,-1
314,26,526.98,464.72,66.05,215.62,0.6576,-1,-1,-1
314,6,230.57,373.80,58.70,189.31,0.5529,-1,-1,-1
314,13,440.69,447.43,65.47,221.88,0.6996,-1,-1,-1
314,29,340.15,886.36,97.24,193.68,0.7243,-1,-1,-1
314,35,1000.06,79.93,60.40,173.14,0.5510,-1,-1,-1
314,37,369.97,808.14,110.64,147.78,0.6971,-1,-1,-1
314,41,1058.41,81.66,52.59,161.56,0.1713,-1,-1,-1
314,43,319.05,584.52,98.18,240.59,0.7645,-1,-1,-1
314,21,788.74,102.70,72.22,219.67,0.2216,-1,-1,-1
314,49,369.90,808.58,110.81,144.98,0.6971,-1,-1,-1
314,28,832.42,426.66,70.52,200.33,0.3157,-1,-1,-1
315,1,462.52,123.06,62.41,188.21,0.2684,-1,-1,-1
315,2,318.74,585.23,105.26,240.30,0.7696,-1,-1,-1
315,3,926.16,904.91,77.48,175.18,0.7591,-1,-1,-1
315,4,1722.49,457.78,71.36,211.40,0.5547,-1,-1,-1
315,5,1497.45,601.61,98.39,231.92,0.5588,-1,-1,-1
315,18,932.03,46.52,57.27,173.30,0.5311,-1,-1,-1
315,19,393.23,403.44,64.16,222.96,0.2662,-1,-1,-1
315,26,527.21,466.46,63.62,216.10,0.6698,-1,-1,-1
315,6,229.96,373.42,60.36,189.43,0.5640,-1,-1,-1
315,13,438.35,448.19,67.09,221.85,0.7305,-1,-1,-1
315,29,342.87,889.30,97.17,190.76,0.7272,-1,-1,-1
315,35,999.53,79.55,58.94,173.73,0.5361,-1,-1,-1
315,37,371.20,809.14,110.32,148.28,0.6408,-1,-1,-1
315,41,1056.29,81.79,52.50,161.04,0.2020,-1,-1,-1
315,43,318.74,585.23,105.26,240.30,0.7696,-1,-1,-1
315,21,789.24,102.38,70.32,220.42,0.1967,-1,-1,-1
315,49,371.13,809.46,110.48,145.87,0.6408,-1,-1,-1
315,28,828.42,429.33,75.19,198.34,0.2207,-1,-1,-1
315,48,883.04,371.92,71.18,154.92,0.4121,-1,-1,-1
316,1,460.05,122.13,65.12,189.02,0.2717,-1,-1,-1
316,2,319.24,585.40,110.67,239.70,0.7701,-1,-1,-1
316,3,926.09,905.13,77.55,174.95,0.7543,-1,-1,-1
316,4,1721.99,458.18,72.05,211.74,0.5328,-1,-1,-1
316,5,1501.48,602.21,94.42,232.45,0.6164,-1,-1,-1
316,18,931.59,46.15,58.24,172.30,0.5309,-1,-1,-1
316,19,395.86,399.21,60.78,223.77,0.2795,-1,-1,-1
316,26,526.64,469.08,62.49,218.59,0.6481,-1,-1,-1
316,6,230.05,372.73,61.51,189.17,0.5840,-1,-1,-1
316,13,436.39,449.39,68.19,222.37,0.7150,-1,-1,-1
316,29,345.24,892.29,95.91,187.79,0.7155,-1,-1,-1
316,35,999.26,80.08,58.04,173.92,0.5940,-1,-1,-1
316,37,372.88,810.00,108.71,151.52,0.6636,-1,-1,-1
316,41,1054.03,79.45,52.65,163.14,0.2573,-1,-1,-1
316,43,319.24,585.40,110.67,239.70,0.7701,-1,-1,-1
316,49,372.82,810.24,108.85,149.49,0.6636,-1,-1,-1
316,28,828.90,433.60,70.90,194.69,0.2031,-1,-1,-1
316,48,887.25,373.67,67.32,159.66,0.3399,-1,-1,-1
317,1,458.54,121.09,66.38,190.01,0.3004,-1,-1,-1
317,2,319.31,584.90,114.79,241.09,0.7698,-1,-1,-1
317,3,926.15,905.53,78.02,174.47,0.7525,-1,-1,-1
317,4,1721.81,458.11,72.29,211.94,0.5646,-1,-1,-1
317,5,1506.54,609.10,88.11,226.28,0.5591,-1,-1,-1
317,18,931.09,45.57,58.89,172.70,0.5142,-1,-1,-1
317,19,396.64,395.07,61.04,222.06,0.3277,-1,-1,-1
317,26,524.29,471.77,63.21,219.23,0.6931,-1,-1,-1
317,6,230.08,372.04,61.66,188.25,0.5718,-1,-1,-1
317,13,434.25,449.92,68.69,219.94,0.7124,-1,-1,-1
317,29,346.87,890.02,94.71,189.96,0.7233,-1,-1,-1
317,35,997.54,79.54,58.24,173.78,0.5705,-1,-1,-1
317,37,374.97,812.89,105.27,151.18,0.5626,-1,-1,-1
317,41,1051.43,81.22,57.17,163.34,0.3012,-1,-1,-1
317,43,319.31,584.90,114.79,241.09,0.7698,-1,-1,-1
317,49,374.91,813.13,105.39,149.35,0.5626,-1,-1,-1
317,28,832.12,437.95,65.73,191.82,0.1856,-1,-1,-1
317,48,892.14,375.68,61.57,164.20,0.1657,-1,-1,-1
318,1,460.29,118.51,65.22,191.96,0.2958,-1,-1,-1
318,2,320.58,585.17,113.60,240.74,0.7562,-1,-1,-1
318,3,926.05,905.47,78.20,174.53,0.7456,-1,-1,-1
318,4,1721.86,458.37,72.33,211.33,0.5708,-1,-1,-1
318,5,1511.04,603.85,85.66,233.34,0.5674,-1,-1,-1
318,18,930.97,45.02,59.74,173.51,0.5128,-1,-1,-1
318,19,397.22,393.11,61.75,215.73,0.2587,-1,-1,-1
318,26,522.19,472.11,64.16,218.58,0.6659,-1,-1,-1
318,6,230.65,371.49,60.48,186.84,0.5603,-1,-1,-1
318,13,433.52,451.36,68.64,219.13,0.7240,-1,-1,-1
318,29,349.40,890.24,95.37,189.75,0.7077,-1,-1,-1
318,35,995.14,78.45,59.82,174.30,0.5959,-1,-1,-1
318,37,376.88,813.14,101.49,153.52,0.6275,-1,-1,-1
318,41,1050.32,81.63,58.08,161.91,0.2901,-1,-1,-1
318,43,320.58,585.17,113.60,240.73,0.7562,-1,-1,-1
318,49,376.84,813.32,101.59,151.94,0.6275,-1,-1,-1
318,28,833.29,436.70,66.86,192.92,0.2955,-1,-1,-1
318,48,894.37,377.03,63.13,155.94,0.2326,-1,-1,-1
319,1,461.62,117.52,64.06,192.12,0.2471,-1,-1,-1
319,2,321.17,584.35,113.88,241.51,0.7533,-1,-1,-1
319,3,927.11,905.58,77.14,174.41,0.7320,-1,-1,-1
319,4,1722.74,458.87,71.05,210.81,0.5786,-1,-1,-1
319,5,1515.10,602.55,82.54,236.36,0.5145,-1,-1,-1
319,18,930.30,43.74,59.83,173.24,0.4962,-1,-1,-1
319,26,518.08,470.45,68.22,218.30,0.6757,-1,-1,-1
319,6,231.33,370.73,59.67,188.30,0.5898,-1,-1,-1
319,13,432.92,454.51,68.94,218.77,0.7252,-1,-1,-1
319,29,351.20,891.43,96.16,188.60,0.7013,-1,-1,-1
319,35,993.90,77.36,60.13,174.68,0.5776,-1,-1,-1
319,37,378.61,813.31,98.34,155.51,0.6722,-1,-1,-1
319,41,1049.00,83.07,58.88,160.13,0.3012,-1,-1,-1
319,43,321.17,584.35,113.88,241.51,0.7533,-1,-1,-1
319,49,378.57,813.45,98.42,154.12,0.6722,-1,-1,-1
319,28,835.17,433.76,65.97,200.50,0.4230,-1,-1,-1
319,48,898.12,377.43,61.40,156.34,0.2570,-1,-1,-1
320,1,459.31,120.66,65.53,188.06,0.2316,-1,-1,-1
320,2,323.79,583.76,113.52,240.80,0.7208,-1,-1,-1
320,3,929.25,905.95,75.34,174.06,0.7356,-1,-1,-1
320,4,1722.67,458.64,71.29,210.56,0.6023,-1,-1,-1
320,5,1517.71,603.34,80.74,234.07,0.3646,-1,-1,-1
320,18,929.40,42.03,60.56,175.24,0.5036,-1,-1,-1
320,26,515.05,470.82,69.81,218.83,0.6949,-1,-1,-1
320,6,232.22,370.31,58.92,188.53,0.5845,-1,-1,-1
320,13,432.69,459.42,69.09,216.61,0.7189,-1,-1,-1
320,29,352.87,894.92,98.32,185.10,0.7055,-1,-1,-1
320,35,992.72,77.74,60.13,174.20,0.5754,-1,-1,-1
320,37,380.12,814.17,94.86,152.94,0.6425,-1,-1,-1
320,41,1048.11,84.17,58.02,158.96,0.2671,-1,-1,-1
320,43,323.79,583.76,113.52,240.80,0.7208,-1,-1,-1
320,49,380.09,814.30,94.93,151.66,0.6425,-1,-1,-1
320,28,835.01,433.68,68.00,200.85,0.5110,-1,-1,-1
320,48,901.92,376.25,58.91,161.05,0.2724,-1,-1,-1
321,1,456.57,119.76,67.44,189.44,0.2577,-1,-1,-1
321,2,326.46,583.30,107.66,241.01,0.6806,-1,-1,-1
321,3,929.72,906.85,74.74,172.95,0.7302,-1,-1,-1
321,4,1722.23,458.74,71.55,210.75,0.5722,-1,-1,-1
321,5,1523.86,604.88,80.21,234.05,0.2595,-1,-1,-1
321,18,928.99,39.77,63.35,178.50,0.4816,-1,-1,-1
321,26,512.95,471.08,70.22,220.14,0.6685,-1,-1,-1
321,6,233.41,369.92,57.48,188.22,0.5605,-1,-1,-1
321,13,430.14,459.36,70.63,224.02,0.6413,-1,-1,-1
321,29,355.17,898.06,100.99,181.91,0.7182,-1,-1,-1
321,35,991.51,77.37,61.79,174.90,0.5975,-1,-1,-1
321,37,383.48,816.24,89.61,150.30,0.6002,-1,-1,-1
321,41,1047.97,81.86,54.16,158.86,0.2747,-1,-1,-1
321,43,326.46,583.30,107.66,241.01,0.6806,-1,-1,-1
321,49,383.45,816.37,89.67,149.17,0.6002,-1,-1,-1
321,28,833.98,433.07,74.80,204.85,0.4903,-1,-1,-1
321,48,904.62,377.32,58.58,160.97,0.2294,-1,-1,-1
322,1,455.51,119.02,67.40,189.68,0.2526,-1,-1,-1
322,2,330.55,580.88,100.96,243.47,0.7101,-1,-1,-1
322,3,931.85,906.88,72.38,172.98,0.7241,-1,-1,-1
322,4,1721.65,459.20,71.97,209.65,0.6001,-1,-1,-1
322,5,1528.10,605.23,81.21,234.80,0.2304,-1,-1,-1
322,18,927.99,37.23,65.81,182.00,0.4805,-1,-1,-1
322,26,511.40,470.87,70.49,219.34,0.7141,-1,-1,-1
322,6,234.60,368.25,56.39,189.10,0.5620,-1,-1,-1
322,13,428.52,460.23,71.98,224.98,0.6779,-1,-1,-1
322,29,357.29,902.77,99.98,177.16,0.7088,-1,-1,-1
322,35,990.45,76.30,61.09,174.78,0.6151,-1,-1,-1
322,37,388.28,817.42,84.09,149.92,0.5600,-1,-1,-1
322,41,1047.32,79.84,51.41,157.98,0.3321,-1,-1,-1
322,43,330.55,580.88,100.96,243.46,0.7101,-1,-1,-1
322,49,388.25,817.52,84.14,148.95,0.5600,-1,-1,-1
322,28,832.92,432.85,80.61,208.16,0.5750,-1,-1,-1
322,48,908.42,376.81,55.32,162.97,0.3713,-1,-1,-1
323,1,454.47,117.59,67.95,192.37,0.2942,-1,-1,-1
323,2,338.58,579.65,91.92,244.08,0.6241,-1,-1,-1
323,3,934.68,906.56,68.56,173.18,0.6962,-1,-1,-1
323,4,1721.67,458.84,72.30,210.07,0.6016,-1,-1,-1
323,5,1532.88,606.11,71.82,233.81,0.2547,-1,-1,-1
323,18,927.57,35.66,66.65,179.97,0.4688,-1,-1,-1
323,26,511.00,471.00,70.85,219.69,0.7255,-1,-1,-1
323,6,234.14,364.91,57.35,191.49,0.5719,-1,-1,-1
323,13,428.10,462.30,72.18,225.49,0.6873,-1,-1,-1
323,29,359.72,906.00,97.56,173.71,0.7790,-1,-1,-1
323,35,989.85,75.29,61.43,173.49,0.6181,-1,-1,-1
323,37,391.68,820.24,80.03,149.51,0.5619,-1,-1,-1
323,41,1046.78,77.72,50.51,159.20,0.3354,-1,-1,-1
323,43,338.58,579.65,91.92,244.08,0.6241,-1,-1,-1
323,49,391.66,820.34,80.07,148.66,0.5619,-1,-1,-1
323,28,832.57,432.90,82.98,210.49,0.5691,-1,-1,-1
323,48,912.62,378.70,53.22,162.79,0.3915,-1,-1,-1
324,1,453.50,117.69,68.27,191.33,0.3104,-1,-1,-1
324,2,346.87,580.29,84.18,242.81,0.6275,-1,-1,-1
324,3,936.11,905.66,65.42,174.20,0.7038,-1,-1,-1
324,4,1721.64,458.95,72.06,209.77,0.6026,-1,-1,-1
324,5,1534.26,603.96,69.44,235.48,0.2369,-1,-1,-1
324,18,926.80,33.69,68.96,179.45,0.4034,-1,-1,-1
324,26,509.54,471.33,72.01,219.59,0.7509,-1,-1,-1
324,6,233.72,362.27,57.89,191.87,0.5171,-1,-1,-1
324,13,426.25,463.40,74.39,226.83,0.7027,-1,-1,-1
324,29,361.13,909.64,96.75,169.50,0.7840,-1,-1,-1
324,35,989.09,73.65,61.60,173.30,0.5735,-1,-1,-1
324,37,395.93,823.93,76.96,148.24,0.5872,-1,-1,-1
324,41,1046.72,76.05,48.74,158.91,0.2792,-1,-1,-1
324,43,346.87,580.29,84.18,242.81,0.6275,-1,-1,-1
324,49,395.91,824.02,76.99,147.48,0.5872,-1,-1,-1
324,28,832.44,434.86,85.94,209.63,0.4807,-1,-1,-1
324,48,914.36,379.41,54.69,168.07,0.2862,-1,-1,-1
325,1,453.65,118.31,68.33,189.04,0.3101,-1,-1,-1
325,2,354.87,580.22,76.99,241.31,0.6583,-1,-1,-1
325,3,936.99,907.21,64.69,172.37,0.7035,-1,-1,-1
325,4,1721.61,459.26,72.30,208.68,0.6106,-1,-1,-1
325,18,925.91,34.61,67.84,173.11,0.4012,-1,-1,-1
325,26,508.74,473.69,71.99,217.97,0.7635,-1,-1,-1
325,6,233.32,360.15,58.44,189.74,0.4481,-1,-1,-1
325,13,426.04,463.08,75.11,228.47,0.7083,-1,-1,-1
325,29,364.17,914.28,96.54,164.71,0.7713,-1,-1,-1
325,35,988.37,72.29,62.24,172.77,0.5546,-1,-1,-1
325,37,400.47,829.15,73.00,142.38,0.5967,-1,-1,-1
325,41,1046.20,74.51,48.65,160.26,0.2735,-1,-1,-1
325,43,354.87,580.22,76.99,241.31,0.6583,-1,-1,-1
325,49,400.46,829.24,73.03,141.70,0.5967,-1,-1,-1
325,28,833.40,434.48,85.88,210.24,0.5022,-1,-1,-1
325,48,917.03,382.52,58.17,180.49,0.3289,-1,-1,-1
326,1,454.12,117.94,67.87,188.09,0.2958,-1,-1,-1
326,2,367.22,578.85,72.35,242.06,0.6435,-1,-1,-1
326,3,938.63,908.02,61.41,171.92,0.6771,-1,-1,-1
326,4,1721.48,459.54,72.85,208.51,0.6202,-1,-1,-1
326,18,926.08,34.06,66.86,171.02,0.4108,-1,-1,-1
326,26,508.26,475.98,72.23,217.31,0.7604,-1,-1,-1
326,6,233.64,358.59,58.01,189.11,0.5024,-1,-1,-1
326,13,425.87,463.90,75.56,227.28,0.7031,-1,-1,-1
326,29,366.20,917.28,95.75,162.42,0.7179,-1,-1,-1
326,35,986.78,71.34,62.20,172.62,0.5742,-1,-1,-1
326,37,403.14,832.98,72.15,142.04,0.5902,-1,-1,-1
326,41,1045.77,75.70,47.81,156.95,0.2839,-1,-1,-1
326,43,367.22,578.85,72.35,242.06,0.6435,-1,-1,-1
326,49,403.13,833.06,72.17,141.47,0.5902,-1,-1,-1
326,28,834.98,434.31,87.31,210.36,0.5793,-1,-1,-1
326,48,921.24,384.33,58.72,189.66,0.2759,-1,-1,-1
326,5,1531.36,606.91,80.62,233.03,0.3951,-1,-1,-1
327,1,452.86,115.60,68.55,190.53,0.3650,-1,-1,-1
327,2,375.21,576.77,69.42,243.60,0.5866,-1,-1,-1
327,3,940.96,909.19,57.81,170.72,0.6694,-1,-1,-1
327,4,1721.61,459.72,72.54,207.67,0.6307,-1,-1,-1
327,18,926.70,32.53,66.24,172.40,0.4311,-1,-1,-1
327,26,508.95,477.66,72.09,218.85,0.7048,-1,-1,-1
327,6,233.66,357.02,58.68,189.05,0.5190,-1,-1,-1
327,13,425.88,466.25,74.41,226.63,0.7143,-1,-1,-1
327,29,367.86,918.32,97.96,161.58,0.7020,-1,-1,-1
327,35,986.50,70.29,62.17,171.48,0.5284,-1,-1,-1
327,37,405.79,836.78,72.16,141.52,0.5761,-1,-1,-1
327,41,1044.84,75.82,47.63,155.44,0.2843,-1,-1,-1
327,43,375.21,576.77,69.42,243.60,0.5866,-1,-1,-1
327,49,405.78,836.85,72.18,141.02,0.5761,-1,-1,-1
327,28,836.17,434.84,87.19,208.85,0.5370,-1,-1,-1
327,48,923.88,385.38,59.41,184.17,0.2576,-1,-1,-1
327,5,1532.30,610.10,82.86,230.87,0.4218,-1,-1,-1
328,1,451.63,113.51,68.57,193.39,0.4534,-1,-1,-1
328,2,383.57,575.06,67.41,246.01,0.5860,-1,-1,-1
328,3,941.10,909.82,56.72,169.65,0.6789,-1,-1,-1
328,4,1721.88,460.46,72.33,207.19,0.6375,-1,-1,-1
328,18,927.67,31.50,64.50,171.77,0.4210,-1,-1,-1
328,26,508.96,479.03,71.24,221.09,0.7046,-1,-1,-1
328,6,232.16,356.05,59.88,187.58,0.5471,-1,-1,-1
328,13,423.48,467.56,76.92,222.70,0.7041,-1,-1,-1
328,29,369.23,921.10,96.76,158.88,0.6853,-1,-1,-1
328,35,985.41,68.36,62.19,172.60,0.4955,-1,-1,-1
328,37,409.77,839.72,72.28,146.10,0.5479,-1,-1,-1
328,41,1043.38,75.71,47.62,155.19,0.2945,-1,-1,-1
328,43,383.57,575.06,67.41,246.01,0.5860,-1,-1,-1
328,49,409.76,839.78,72.30,145.67,0.5479,-1,-1,-1
328,28,838.56,435.24,88.29,209.50,0.4732,-1,-1,-1
328,48,928.90,387.49,56.47,183.20,0.3273,-1,-1,-1
328,5,1535.05,610.79,82.44,230.43,0.5010,-1,-1,-1
329,1,449.76,111.85,71.26,193.78,0.3798,-1,-1,-1
329,2,388.68,577.22,67.73,246.68,0.5802,-1,-1,-1
329,3,942.68,911.85,56.74,167.31,0.6980,-1,-1,-1
329,4,1722.13,459.23,72.07,208.55,0.6113,-1,-1,-1
329,18,928.57,30.77,64.16,171.61,0.3880,-1,-1,-1
329,26,508.79,482.31,70.24,221.20,0.7130,-1,-1,-1
329,6,232.08,355.52,59.88,186.38,0.5479,-1,-1,-1
329,13,420.18,469.19,79.99,219.44,0.6913,-1,-1,-1
329,29,370.59,923.40,97.09,156.61,0.6871,-1,-1,-1
329,35,985.89,68.28,60.16,170.82,0.4624,-1,-1,-1
329,37,412.99,843.17,74.91,147.44,0.5569,-1,-1,-1
329,41,1041.63,75.65,48.69,153.60,0.2551,-1,-1,-1
329,43,388.68,577.22,67.73,246.67,0.5802,-1,-1,-1
329,49,412.98,843.22,74.93,147.05,0.5569,-1,-1,-1
329,28,839.39,435.67,86.33,207.75,0.4007,-1,-1,-1
329,48,935.29,387.55,60.46,190.23,0.4205,-1,-1,-1
329,5,1536.27,610.51,86.04,231.05,0.3984,-1,-1,-1
330,1,448.62,110.87,73.75,192.92,0.3663,-1,-1,-1
330,2,391.46,591.80,69.86,234.08,0.3994,-1,-1,-1
330,3,942.34,913.84,58.84,164.98,0.6937,-1,-1,-1
330,4,1722.14,459.80,72.20,207.97,0.6317,-1,-1,-1
330,18,928.55,30.22,64.27,171.85,0.4278,-1,-1,-1
330,26,508.88,485.22,69.29,220.22,0.7324,-1,-1,-1
330,6,232.16,354.81,58.79,185.15,0.5658,-1,-1,-1
330,13,414.20,470.02,86.41,222.75,0.6677,-1,-1,-1
330,29,372.60,924.76,95.50,154.38,0.6374,-1,-1,-1
330,35,984.72,67.56,60.01,172.20,0.4717,-1,-1,-1
330,37,415.77,844.73,75.77,149.91,0.3423,-1,-1,-1
330,41,1039.56,75.55,50.30,156.57,0.3095,-1,-1,-1
330,43,391.46,591.80,69.86,234.08,0.3994,-1,-1,-1
330,49,416.61,845.43,76.25,203.46,0.5931,-1,-1,-1
330,28,841.75,436.23,83.12,206.91,0.3683,-1,-1,-1
330,48,939.61,388.51,59.98,193.11,0.4190,-1,-1,-1
330,5,1537.35,610.66,86.10,230.66,0.4152,-1,-1,-1
331,1,447.92,110.01,74.04,189.02,0.3813,-1,-1,-1
331,2,394.31,586.02,89.63,239.64,0.1842,-1,-1,-1
331,3,941.48,913.61,60.72,165.29,0.7373,-1,-1,-1
331,4,1722.19,458.10,72.72,209.98,0.6500,-1,-1,-1
331,18,927.88,30.34,63.55,172.68,0.4039,-1,-1,-1
331,26,508.57,487.73,68.06,219.88,0.7410,-1,-1,-1
331,6,231.52,354.00,58.79,187.64,0.5209,-1,-1,-1
331,13,406.67,473.31,92.95,217.46,0.4804,-1,-1,-1
331,29,374.20,924.79,94.36,149.92,0.6462,-1,-1,-1
331,35,983.31,67.10,60.98,173.95,0.5002,-1,-1,-1
331,37,418.00,846.45,77.98,150.98,0.3476,-1,-1,-1
331,41,1037.64,74.03,52.91,159.85,0.3604,-1,-1,-1
331,43,395.95,511.33,92.13,314.19,0.5991,-1,-1,-1
331,49,420.27,847.72,77.33,222.09,0.6612,-1,-1,-1
331,28,844.65,438.53,81.55,206.27,0.4883,-1,-1,-1
331,48,942.78,389.06,57.93,194.57,0.3410,-1,-1,-1
331,5,1538.47,612.73,82.32,229.55,0.5357,-1,-1,-1
331,19,404.37,374.16,78.61,125.06,0.4199,-1,-1,-1
332,1,447.64,109.13,73.90,186.48,0.3416,-1,-1,-1
332,2,394.16,591.50,94.71,235.32,0.2164,-1,-1,-1
332,3,942.03,914.69,61.00,163.46,0.7213,-1,-1,-1
332,4,1722.59,458.66,72.82,210.22,0.6398,-1,-1,-1
332,18,927.23,30.04,63.88,172.91,0.4115,-1,-1,-1
332,26,508.02,489.82,68.70,220.33,0.7422,-1,-1,-1
332,6,230.32,352.60,60.20,189.41,0.5020,-1,-1,-1
332,13,402.48,475.34,96.08,216.09,0.3995,-1,-1,-1
332,29,376.40,925.39,92.08,145.90,0.6350,-1,-1,-1
332,35,982.57,67.28,61.33,175.06,0.5243,-1,-1,-1
332,37,420.75,849.58,82.28,154.26,0.4880,-1,-1,-1
332,41,1038.16,73.67,52.30,161.80,0.4012,-1,-1,-1
332,43,396.88,485.39,100.54,341.17,0.6049,-1,-1,-1
332,49,423.73,849.51,78.52,228.74,0.6644,-1,-1,-1
332,28,843.31,437.73,84.91,210.27,0.3815,-1,-1,-1
332,48,945.23,390.84,58.15,193.50,0.4161,-1,-1,-1
332,5,1539.23,612.57,86.62,230.38,0.4488,-1,-1,-1
332,19,405.70,371.78,77.64,122.13,0.3851,-1,-1,-1
333,1,446.78,107.91,76.42,187.11,0.3279,-1,-1,-1
333,3,943.30,915.16,60.35,162.72,0.7334,-1,-1,-1
333,4,1723.28,458.95,72.18,209.95,0.6224,-1,-1,-1
333,18,927.91,30.18,62.41,171.87,0.4198,-1,-1,-1
333,26,507.29,491.46,69.19,221.18,0.7448,-1,-1,-1
333,6,229.91,352.08,59.75,190.51,0.5166,-1,-1,-1
333,13,395.81,475.65,103.85,307.01,0.6429,-1,-1,-1
333,29,378.50,925.52,94.29,146.39,0.6701,-1,-1,-1
333,35,983.79,66.50,58.32,176.90,0.5050,-1,-1,-1
333,37,422.78,850.78,86.53,154.86,0.5858,-1,-1,-1
333,41,1037.68,73.12,52.04,162.89,0.4116,-1,-1,-1
333,43,396.69,475.31,105.52,352.25,0.6429,-1,-1,-1
333,49,425.27,849.77,86.04,233.12,0.5236,-1,-1,-1
333,28,844.12,438.42,86.34,214.07,0.4342,-1,-1,-1
333,48,949.28,391.16,56.93,192.51,0.4175,-1,-1,-1
333,5,1539.94,612.76,88.76,232.74,0.4470,-1,-1,-1
333,19,409.01,367.33,75.46,124.51,0.3256,-1,-1,-1
334,1,446.52,108.51,74.39,185.90,0.3169,-1,-1,-1
334,3,944.25,916.31,60.37,161.19,0.7181,-1,-1,-1
334,4,1722.49,459.69,72.42,209.53,0.6199,-1,-1,-1
334,18,928.19,29.50,61.87,172.64,0.3806,-1,-1,-1
334,26,507.07,492.24,68.79,222.49,0.7311,-1,-1,-1
334,6,229.79,351.79,59.42,188.52,0.4717,-1,-1,-1
334,13,397.70,477.09,100.00,258.14,0.3947,-1,-1,-1
334,29,380.39,927.88,95.55,143.94,0.6545,-1,-1,-1
334,35,983.59,66.64,57.23,176.54,0.4838,-1,-1,-1
334,37,423.64,851.97,90.71,154.57,0.5490,-1,-1,-1
334,41,1037.11,72.47,52.10,163.72,0.3887,-1,-1,-1
334,43,397.12,471.49,109.83,357.16,0.6311,-1,-1,-1
334,49,425.85,850.53,93.40,233.88,0.4772,-1,-1,-1
334,28,845.31,438.69,86.05,217.13,0.4899,-1,-1,-1
334,48,953.16,392.18,56.09,193.21,0.4496,-1,-1,-1
334,5,1540.31,615.35,86.53,231.64,0.5671,-1,-1,-1
334,19,411.12,363.66,74.46,128.59,0.2334,-1,-1,-1
335,1,443.90,105.96,76.76,188.43,0.2736,-1,-1,-1
335,3,944.99,917.94,60.74,159.95,0.7188,-1,-1,-1
335,4,1722.60,459.81,72.03,208.79,0.6220,-1,-1,-1
335,18,928.68,27.90,61.70,172.22,0.3670,-1,-1,-1
335,26,506.00,493.01,68.83,222.71,0.7263,-1,-1,-1
335,6,228.29,350.36,61.42,190.81,0.4948,-1,-1,-1
335,13,392.02,477.91,113.24,323.27,0.6719,-1,-1,-1
335,29,382.86,930.84,96.94,141.51,0.6630,-1,-1,-1
335,35,982.79,66.53,57.48,175.58,0.4758,-1,-1,-1
335,37,425.66,851.50,95.70,158.79,0.5656,-1,-1,-1
335,41,1037.01,72.28,51.79,163.72,0.3757,-1,-1,-1
335,43,394.44,471.99,116.78,357.71,0.6719,-1,-1,-1
335,49,426.55,851.09,96.75,189.45,0.5656,-1,-1,-1
335,28,847.27,439.69,82.82,217.95,0.4995,-1,-1,-1
335,48,956.93,393.57,55.66,190.65,0.4981,-1,-1,-1
335,5,1540.77,614.53,86.00,238.19,0.5477,-1,-1,-1
335,19,413.32,360.74,74.26,132.04,0.2997,-1,-1,-1
336,1,443.16,104.85,77.63,189.12,0.2377,-1,-1,-1
336,3,945.43,918.90,61.48,159.52,0.7166,-1,-1,-1
336,4,1721.90,459.49,72.76,208.87,0.6380,-1,-1,-1
336,18,927.69,27.30,63.01,174.64,0.3710,-1,-1,-1
336,26,504.95,493.35,69.37,222.14,0.7204,-1,-1,-1
336,6,227.37,349.01,62.42,193.20,0.5099,-1,-1,-1
336,13,395.04,481.04,116.96,340.90,0.7024,-1,-1,-1
336,29,385.84,935.65,95.32,135.27,0.6733,-1,-1,-1
336,35,982.14,66.14,56.99,176.04,0.4608,-1,-1,-1
336,37,426.14,852.74,101.99,163.01,0.5334,-1,-1,-1
336,41,1036.63,71.69,52.15,164.13,0.3424,-1,-1,-1
336,43,398.49,475.46,118.30,353.11,0.7024,-1,-1,-1
336,49,426.47,852.63,102.43,172.97,0.5334,-1,-1,-1
336,28,845.65,440.53,82.22,218.81,0.4435,-1,-1,-1
336,48,959.42,393.07,56.50,190.97,0.4329,-1,-1,-1
336,5,1541.53,615.38,84.53,241.08,0.5851,-1,-1,-1
336,19,414.47,358.77,75.45,136.31,0.3207,-1,-1,-1
337,1,442.07,103.81,78.49,189.52,0.1991,-1,-1,-1
337,3,947.79,919.60,60.24,158.85,0.6835,-1,-1,-1
337,4,1722.19,459.35,72.55,208.10,0.6127,-1,-1,-1
337,18,928.49,25.18,63.93,175.05,0.3798,-1,-1,-1
337,26,504.41,493.62,69.40,221.78,0.7006,-1,-1,-1
337,6,226.07,348.12,63.11,190.39,0.5000,-1,-1,-1
337,13,397.55,484.95,123.07,345.13,0.7104,-1,-1,-1
337,29,387.43,940.96,96.63,132.26,0.6903,-1,-1,-1
337,35,981.27,64.99,57.06,176.69,0.4470,-1,-1,-1
337,37,427.90,856.05,107.82,165.32,0.4666,-1,-1,-1
337,41,1036.16,71.26,52.58,165.38,0.4171,-1,-1,-1
337,43,401.11,479.87,123.53,347.95,0.7104,-1,-1,-1
337,49,428.02,856.16,108.01,168.20,0.4666,-1,-1,-1
337,28,846.63,442.52,77.38,220.83,0.4083,-1,-1,-1
337,48,962.89,392.26,57.40,191.21,0.5607,-1,-1,-1
337,5,1541.93,616.09,82.67,239.84,0.6448,-1,-1,-1
337,19,416.18,357.93,76.23,137.98,0.3261,-1,-1,-1
337,50,909.35,456.39,56.95,198.37,0.3676,-1,-1,-1
338,1,440.91,103.15,79.43,190.15,0.2359,-1,-1,-1
338,3,948.58,921.24,60.96,157.05,0.7041,-1,-1,-1
338,4,1722.04,459.01,72.89,208.22,0.5862,-1,-1,-1
338,18,929.13,23.04,62.69,174.56,0.3628,-1,-1,-1
338,26,503.82,493.59,69.64,221.15,0.6970,-1,-1,-1
338,6,225.39,347.01,63.39,188.54,0.5267,-1,-1,-1
338,13,399.71,486.94,125.29,345.57,0.7129,-1,-1,-1
338,29,389.40,944.51,96.91,130.04,0.7154,-1,-1,-1
338,35,980.74,64.21,57.02,176.88,0.4425,-1,-1,-1
338,37,432.20,860.04,110.23,161.50,0.6326,-1,-1,-1
338,41,1035.70,70.84,53.05,165.85,0.3913,-1,-1,-1
338,43,403.15,482.32,125.38,344.84,0.7129,-1,-1,-1
338,49,432.23,860.24,110.32,161.67,0.6326,-1,-1,-1
338,28,848.32,444.47,76.37,220.66,0.4255,-1,-1,-1
338,48,965.81,392.45,58.28,193.13,0.5281,-1,-1,-1
338,5,1542.91,616.13,80.90,241.39,0.6086,-1,-1,-1
338,19,416.33,357.69,77.56,140.81,0.3297,-1,-1,-1
338,50,910.68,457.80,53.07,198.67,0.3373,-1,-1,-1
339,1,440.09,101.43,79.70,192.02,0.2409,-1,-1,-1
339,3,949.96,922.24,62.12,155.23,0.7039,-1,-1,-1
339,4,1721.70,459.57,73.55,207.51,0.6074,-1,-1,-1
339,18,929.24,22.23,61.95,169.59,0.3567,-1,-1,-1
339,26,503.30,494.18,68.70,221.14,0.6893,-1,-1,-1
339,6,224.11,346.00,63.96,185.24,0.5271,-1,-1,-1
339,13,401.21,487.67,124.40,344.45,0.7397,-1,-1,-1
339,29,391.89,948.38,97.28,127.37,0.7283,-1,-1,-1
339,35,979.73,61.99,57.83,178.33,0.4543,-1,-1,-1
339,37,437.35,865.36,109.74,159.23,0.6155,-1,-1,-1
339,41,1036.15,70.35,52.01,166.32,0.4363,-1,-1,-1
339,43,404.38,483.49,124.34,342.49,0.7397,-1,-1,-1
339,49,437.35,865.62,109.78,158.55,0.6155,-1,-1,-1
339,28,847.07,446.63,76.41,218.40,0.4263,-1,-1,-1
339,48,968.58,394.27,59.45,194.28,0.5971,-1,-1,-1
339,5,1543.53,616.52,80.72,242.76,0.6257,-1,-1,-1
339,19,416.92,357.47,79.63,142.62,0.3312,-1,-1,-1
339,50,911.85,459.37,50.79,198.59,0.3269,-1,-1,-1
340,1,440.86,99.51,78.67,193.84,0.2603,-1,-1,-1
340,3,950.94,923.07,62.64,154.18,0.6991,-1,-1,-1
340,4,1721.65,458.44,73.35,209.20,0.6074,-1,-1,-1
340,18,929.10,20.87,62.45,168.22,0.3435,-1,-1,-1
340,26,501.20,496.42,70.42,218.17,0.6598,-1,-1,-1
340,6,222.66,344.26,64.18,183.34,0.5193,-1,-1,-1
340,13,402.50,488.50,124.68,343.43,0.6985,-1,-1,-1
340,29,394.97,950.94,96.73,126.87,0.7111,-1,-1,-1
340,35,979.10,60.94,57.49,179.14,0.4920,-1,-1,-1
340,37,439.99,870.84,112.75,153.69,0.6900,-1,-1,-1
340,41,1035.27,69.76,52.77,167.52,0.4185,-1,-1,-1
340,43,405.34,484.75,124.57,341.14,0.6985,-1,-1,-1
340,49,439.98,871.13,112.77,152.69,0.6900,-1,-1,-1
340,28,847.01,449.01,75.44,220.97,0.4344,-1,-1,-1
340,48,970.78,396.48,60.76,194.91,0.5865,-1,-1,-1
340,5,1544.89,616.05,80.14,244.11,0.6008,-1,-1,-1
340,19,417.77,356.36,81.70,147.29,0.3241,-1,-1,-1
340,50,911.66,459.39,51.26,199.53,0.3377,-1,-1,-1
341,1,440.74,98.83,78.97,193.29,0.3037,-1,-1,-1
341,3,951.35,924.09,63.13,153.13,0.7041,-1,-1,-1
341,4,1721.61,458.66,73.25,209.05,0.6060,-1,-1,-1
341,18,928.44,19.70,62.75,166.32,0.3553,-1,-1,-1
341,26,499.21,498.46,70.52,216.04,0.6820,-1,-1,-1
341,6,221.91,342.61,64.66,183.03,0.5236,-1,-1,-1
341,13,400.01,488.11,104.25,277.07,0.3909,-1,-1,-1
341,29,398.56,954.81,96.48,123.92,0.6940,-1,-1,-1
341,35,978.89,59.29,56.07,180.00,0.4669,-1,-1,-1
341,37,441.61,875.28,115.06,148.98,0.6958,-1,-1,-1
341,41,1035.57,69.03,52.06,169.77,0.4612,-1,-1,-1
341,43,407.60,485.76,121.58,340.29,0.3962,-1,-1,-1
341,49,441.60,875.53,115.08,147.96,0.6958,-1,-1,-1
341,28,846.37,450.83,75.64,221.61,0.4584,-1,-1,-1
341,48,974.41,398.01,61.07,195.48,0.5528,-1,-1,-1
341,5,1545.16,616.33,81.26,243.85,0.6549,-1,-1,-1
341,19,418.28,356.18,84.34,151.18,0.3041,-1,-1,-1
341,50,911.33,460.14,51.64,200.99,0.3408,-1,-1,-1
342,1,440.23,99.54,79.69,192.49,0.3136,-1,-1,-1
342,3,951.48,924.37,64.92,152.79,0.6959,-1,-1,-1
342,4,1722.57,457.61,73.03,210.82,0.6243,-1,-1,-1
342,18,927.70,18.54,62.78,164.57,0.3294,-1,-1,-1
342,26,497.66,500.56,71.35,213.68,0.6918,-1,-1,-1
342,6,220.13,341.04,65.91,184.62,0.5142,-1,-1,-1
342,13,400.21,487.84,90.62,252.94,0.5928,-1,-1,-1
342,29,401.91,959.95,97.12,119.25,0.7165,-1,-1,-1
342,35,978.30,58.02,55.98,180.62,0.3982,-1,-1,-1
342,37,442.58,878.65,117.44,146.05,0.6873,-1,-1,-1
342,41,1035.62,68.35,51.96,169.78,0.4118,-1,-1,-1
342,43,419.05,556.97,109.37,268.28,0.2597,-1,-1,-1
342,49,442.56,878.86,117.45,145.13,0.6873,-1,-1,-1
342,28,845.50,452.21,70.58,221.01,0.3885,-1,-1,-1
342,48,976.25,400.07,62.40,196.01,0.6033,-1,-1,-1
342,5,1545.42,617.64,81.97,241.28,0.6396,-1,-1,-1
342,19,418.79,355.14,86.15,177.16,0.3204,-1,-1,-1
342,50,909.96,461.23,53.84,201.05,0.3550,-1,-1,-1
343,1,440.18,101.09,78.48,190.88,0.3003,-1,-1,-1
343,3,951.71,924.97,65.61,151.68,0.7070,-1,-1,-1
343,4,1722.40,457.83,72.51,209.65,0.5945,-1,-1,-1
343,18,925.86,16.85,64.64,162.80,0.3085,-1,-1,-1
343,26,495.38,502.07,73.03,213.33,0.6727,-1,-1,-1
343,6,218.71,339.81,67.86,184.99,0.5045,-1,-1,-1
343,13,399.66,486.77,83.37,245.64,0.5739,-1,-1,-1
343,29,404.29,962.96,98.07,116.40,0.7207,-1,-1,-1
343,35,976.99,57.71,55.95,177.93,0.3679,-1,-1,-1
343,37,442.02,881.68,120.23,144.35,0.6738,-1,-1,-1
343,41,1035.10,67.48,51.95,171.15,0.3736,-1,-1,-1
343,43,426.05,587.48,103.50,235.89,0.2485,-1,-1,-1
343,49,442.01,881.85,120.24,143.55,0.6738,-1,-1,-1
343,28,844.65,453.36,66.68,220.34,0.3297,-1,-1,-1
343,48,979.71,401.54,62.17,194.20,0.6363,-1,-1,-1
343,5,1545.51,617.78,83.39,240.98,0.6001,-1,-1,-1
343,19,418.85,354.18,88.07,191.30,0.3027,-1,-1,-1
343,50,909.21,462.29,55.33,200.37,0.3312,-1,-1,-1
344,1,438.74,101.74,80.00,189.25,0.3223,-1,-1,-1
344,3,951.84,925.18,67.07,151.01,0.6953,-1,-1,-1
344,4,1721.67,458.83,72.98,207.85,0.6053,-1,-1,-1
344,18,923.55,15.40,67.68,166.05,0.3476,-1,-1,-1
344,26,495.59,503.41,71.48,211.57,0.6455,-1,-1,-1
344,6,219.28,339.13,66.58,185.74,0.5439,-1,-1,-1
344,13,399.20,486.92,78.55,242.16,0.6262,-1,-1,-1
344,29,407.58,964.97,96.63,113.62,0.7271,-1,-1,-1
344,35,977.17,56.24,55.76,176.89,0.3818,-1,-1,-1
344,37,445.45,883.71,118.97,144.84,0.6800,-1,-1,-1
344,41,1035.16,66.39,51.77,171.74,0.3341,-1,-1,-1
344,43,436.69,590.40,88.88,231.86,0.2503,-1,-1,-1
344,49,445.43,883.85,118.97,144.17,0.6800,-1,-1,-1
344,28,843.52,454.78,67.58,208.60,0.3310,-1,-1,-1
344,48,982.56,405.07,63.23,192.49,0.5802,-1,-1,-1
344,5,1546.21,617.78,84.65,239.09,0.5909,-1,-1,-1
344,19,419.72,353.28,87.69,201.24,0.3327,-1,-1,-1
344,50,908.54,462.66,56.96,196.22,0.3878,-1,-1,-1
345,1,438.66,101.94,80.34,187.72,0.2929,-1,-1,-1
345,3,952.29,925.70,67.98,150.00,0.6993,-1,-1,-1
345,4,1721.08,458.63,73.46,207.12,0.6118,-1,-1,-1
345,18,923.66,15.46,67.68,165.60,0.3685,-1,-1,-1
345,26,496.64,505.40,68.57,210.81,0.5659,-1,-1,-1
345,6,219.20,338.43,65.52,185.55,0.5143,-1,-1,-1
345,13,398.86,487.61,77.54,237.89,0.6670,-1,-1,-1
345,29,410.47,965.28,97.46,112.67,0.7053,-1,-1,-1
345,35,977.02,54.17,55.32,173.64,0.4177,-1,-1,-1
345,37,448.44,885.21,118.05,149.05,0.6599,-1,-1,-1
345,41,1035.13,66.14,51.98,169.46,0.3407,-1,-1,-1
345,43,446.64,588.60,82.26,231.32,0.2931,-1,-1,-1
345,49,448.42,885.31,118.05,148.51,0.6599,-1,-1,-1
345,28,842.53,454.72,67.19,214.46,0.3408,-1,-1,-1
345,48,984.65,406.91,64.11,193.57,0.5294,-1,-1,-1
345,5,1546.88,618.58,85.01,239.83,0.5666,-1,-1,-1
345,19,421.66,352.04,85.10,197.05,0.3753,-1,-1,-1
345,50,908.56,463.09,58.55,194.65,0.3922,-1,-1,-1
346,1,439.25,99.34,78.48,190.76,0.2849,-1,-1,-1
346,3,952.54,926.37,69.11,149.39,0.7130,-1,-1,-1
346,4,1721.65,457.96,73.31,207.71,0.6136,-1,-1,-1
346,18,922.90,14.45,68.85,169.63,0.3304,-1,-1,-1
346,26,488.39,507.56,74.78,207.43,0.5516,-1,-1,-1
346,6,218.80,337.48,66.80,186.69,0.5123,-1,-1,-1
346,13,396.97,487.44,78.84,234.70,0.7012,-1,-1,-1
346,29,412.10,965.71,103.56,112.96,0.7045,-1,-1,-1
346,35,975.70,54.21,56.59,174.51,0.3626,-1,-1,-1
346,37,452.64,886.05,114.36,152.40,0.6694,-1,-1,-1
346,41,1034.50,65.33,52.93,169.07,0.2643,-1,-1,-1
346,43,457.25,588.48,75.39,228.13,0.3699,-1,-1,-1
346,49,452.63,886.13,114.36,151.93,0.6694,-1,-1,-1
346,28,841.38,454.21,67.08,204.52,0.3792,-1,-1,-1
346,48,985.96,408.00,65.51,194.83,0.4627,-1,-1,-1
346,5,1552.62,620.11,80.04,237.17,0.5693,-1,-1,-1
346,19,424.79,349.81,80.15,202.50,0.3221,-1,-1,-1
346,50,905.29,463.78,63.33,196.86,0.4638,-1,-1,-1
346,2,459.55,586.18,74.14,229.63,0.3699,-1,-1,-1
347,1,439.06,96.45,78.75,193.66,0.2782,-1,-1,-1
347,3,952.22,927.25,71.07,148.46,0.7032,-1,-1,-1
347,4,1722.67,458.12,72.55,208.71,0.6251,-1,-1,-1
347,18,922.52,14.39,68.80,170.73,0.2924,-1,-1,-1
347,26,483.97,510.42,77.55,202.52,0.5342,-1,-1,-1
347,6,218.23,336.68,67.22,187.21,0.4522,-1,-1,-1
347,13,396.10,488.70,79.91,232.34,0.7112,-1,-1,-1
347,29,413.96,966.22,103.29,112.86,0.6975,-1,-1,-1
347,35,975.10,53.93,57.18,174.32,0.3641,-1,-1,-1
347,37,455.46,887.66,110.73,154.12,0.6732,-1,-1,-1
347,41,1033.38,64.93,53.94,168.93,0.2715,-1,-1,-1
347,43,468.28,535.57,86.33,277.67,0.4102,-1,-1,-1
347,49,455.45,887.74,110.73,153.71,0.6732,-1,-1,-1
347,28,841.53,455.08,66.98,202.05,0.3357,-1,-1,-1
347,48,989.20,409.47,64.95,193.78,0.5310,-1,-1,-1
347,5,1551.48,621.21,82.91,235.71,0.5575,-1,-1,-1
347,19,427.32,348.34,75.61,207.62,0.3359,-1,-1,-1
347,50,906.46,465.25,64.67,196.62,0.4586,-1,-1,-1
347,2,467.73,583.89,72.01,232.33,0.3935,-1,-1,-1
348,1,439.14,95.58,78.13,193.93,0.2776,-1,-1,-1
348,3,952.00,927.55,71.75,148.58,0.7291,-1,-1,-1
348,4,1722.43,457.92,73.11,208.91,0.6152,-1,-1,-1
348,18,922.56,14.39,66.71,166.91,0.2691,-1,-1,-1
348,26,484.63,512.47,75.52,195.54,0.4444,-1,-1,-1
348,6,217.55,336.11,67.30,186.30,0.4062,-1,-1,-1
348,13,394.39,489.60,80.74,231.85,0.7217,-1,-1,-1
348,29,415.93,967.42,102.50,111.57,0.7084,-1,-1,-1
348,35,974.94,52.31,55.66,172.59,0.3434,-1,-1,-1
348,37,455.93,890.20,106.94,160.15,0.6439,-1,-1,-1
348,41,1032.50,65.63,53.65,164.78,0.2417,-1,-1,-1
348,43,473.43,522.20,87.02,290.83,0.2253,-1,-1,-1
348,49,455.92,890.27,106.94,159.81,0.6439,-1,-1,-1
348,28,842.36,455.12,65.97,198.92,0.2771,-1,-1,-1
348,48,993.84,410.39,62.84,193.22,0.5845,-1,-1,-1
348,5,1552.92,621.85,83.42,233.58,0.5381,-1,-1,-1
348,19,430.18,347.21,72.26,196.83,0.3943,-1,-1,-1
348,50,906.85,466.16,65.21,197.14,0.5210,-1,-1,-1
348,2,471.20,574.69,76.87,243.96,0.5982,-1,-1,-1
349,1,439.42,92.81,75.60,194.41,0.2637,-1,-1,-1
349,3,951.85,927.89,74.07,147.78,0.7384,-1,-1,-1
349,4,1722.62,457.81,72.73,208.53,0.6028,-1,-1,-1
349,18,922.07,14.09,68.11,164.62,0.2746,-1,-1,-1
349,26,487.17,515.88,70.86,141.50,0.2220,-1,-1,-1
349,6,217.40,334.16,67.25,187.89,0.4354,-1,-1,-1
349,13,393.56,489.60,79.57,232.19,0.7187,-1,-1,-1
349,29,417.68,969.37,101.87,109.93,0.7047,-1,-1,-1
349,35,974.26,51.62,55.17,173.32,0.4548,-1,-1,-1
349,37,458.19,892.35,101.79,163.44,0.6407,-1,-1,-1
349,41,1031.73,65.45,54.19,161.32,0.2475,-1,-1,-1
349,43,476.56,556.60,79.16,260.11,0.6651,-1,-1,-1
349,49,458.18,892.41,101.80,163.13,0.6407,-1,-1,-1
349,28,843.30,455.97,65.92,204.80,0.2439,-1,-1,-1
349,48,996.40,411.43,63.25,193.26,0.6047,-1,-1,-1
349,5,1552.81,622.20,85.65,236.27,0.5486,-1,-1,-1
349,19,430.08,345.18,72.58,201.78,0.4494,-1,-1,-1
349,50,907.77,468.94,61.84,197.07,0.4726,-1,-1,-1
349,2,475.14,576.76,75.87,242.41,0.6651,-1,-1,-1
350,1,438.56,92.76,76.55,191.69,0.2085,-1,-1,-1
350,3,951.42,928.63,76.06,146.87,0.7284,-1,-1,-1
350,4,1722.17,457.73,73.31,207.69,0.6070,-1,-1,-1
350,18,922.08,13.59,66.64,166.01,0.2583,-1,-1,-1
350,6,215.98,333.14,67.49,187.18,0.3947,-1,-1,-1
350,13,391.89,491.06,79.35,231.76,0.6658,-1,-1,-1
350,29,418.82,972.04,103.16,107.70,0.6936,-1,-1,-1
350,35,974.05,50.06,54.63,175.73,0.3871,-1,-1,-1
350,37,462.14,894.59,94.14,160.59,0.6170,-1,-1,-1
350,41,1031.03,65.44,55.00,158.93,0.2414,-1,-1,-1
350,43,480.01,571.40,77.46,246.95,0.5708,-1,-1,-1
350,49,462.13,894.65,94.14,160.30,0.6170,-1,-1,-1
350,28,844.60,456.54,65.36,205.32,0.2413,-1,-1,-1
350,48,1000.11,411.20,63.55,194.11,0.6156,-1,-1,-1
350,5,1553.94,623.18,87.10,239.20,0.5352,-1,-1,-1
350,19,430.34,342.72,72.26,204.83,0.4452,-1,-1,-1
350,50,907.76,468.70,64.41,200.88,0.4112,-1,-1,-1
350,2,479.09,577.75,76.76,241.61,0.5708,-1,-1,-1
351,1,438.26,92.31,77.03,190.72,0.2911,-1,-1,-1
351,3,951.10,929.64,78.43,146.61,0.7363,-1,-1,-1
351,4,1722.37,457.94,72.90,208.48,0.5800,-1,-1,-1
351,18,921.94,13.63,66.74,166.45,0.2493,-1,-1,-1
351,6,213.97,330.33,67.70,187.21,0.3095,-1,-1,-1
351,13,391.99,493.27,77.26,232.43,0.6818,-1,-1,-1
351,29,420.11,975.43,103.40,104.27,0.6974,-1,-1,-1
351,35,973.56,49.31,54.47,176.98,0.4683,-1,-1,-1
351,37,465.95,897.80,87.89,156.63,0.5868,-1,-1,-1
351,41,1030.21,65.17,55.73,158.68,0.2848,-1,-1,-1
351,43,482.08,538.45,85.98,278.99,0.6595,-1,-1,-1
351,49,465.95,897.85,87.89,156.36,0.5868,-1,-1,-1
351,28,844.97,457.06,63.96,203.23,0.2456,-1,-1,-1
351,48,1002.28,409.64,63.69,195.01,0.5940,-1,-1,-1
351,5,1552.17,623.85,92.26,237.54,0.5597,-1,-1,-1
351,19,430.26,339.60,72.63,206.28,0.4669,-1,-1,-1
351,50,908.21,469.43,65.90,203.41,0.3731,-1,-1,-1
351,2,481.40,540.95,85.98,277.01,0.6595,-1,-1,-1
352,1,438.08,91.45,76.69,190.95,0.2745,-1,-1,-1
352,3,950.79,929.98,79.93,147.05,0.7255,-1,-1,-1
352,4,1722.73,457.33,72.95,209.20,0.5960,-1,-1,-1
352,18,922.76,11.96,65.59,168.14,0.2684,-1,-1,-1
352,6,211.88,328.00,68.03,188.44,0.3169,-1,-1,-1
352,13,391.54,494.95,76.43,233.45,0.7087,-1,-1,-1
352,29,421.84,979.34,106.49,100.48,0.6904,-1,-1,-1
352,35,972.30,47.91,54.80,178.33,0.4321,-1,-1,-1
352,37,468.60,900.05,84.21,152.50,0.5721,-1,-1,-1
352,41,1029.63,64.90,56.29,158.18,0.2966,-1,-1,-1
352,43,483.50,552.81,97.04,263.59,0.6573,-1,-1,-1
352,49,468.60,900.09,84.21,152.27,0.5721,-1,-1,-1
352,28,845.27,457.90,67.93,211.27,0.2778,-1,-1,-1
352,48,1006.82,410.21,62.49,194.40,0.5956,-1,-1,-1
352,5,1551.27,625.56,93.95,238.56,0.5544,-1,-1,-1
352,19,429.93,337.58,71.39,211.27,0.3823,-1,-1,-1
352,50,909.29,471.83,65.77,203.17,0.4377,-1,-1,-1
352,2,482.88,552.89,97.34,263.86,0.6573,-1,-1,-1
353,1,439.32,90.26,73.37,191.99,0.2799,-1,-1,-1
353,3,950.84,930.41,81.41,147.25,0.7474,-1,-1,-1
353,4,1722.21,457.95,73.20,209.63,0.6062,-1,-1,-1
353,18,922.47,10.26,65.26,167.91,0.2699,-1,-1,-1
353,6,211.88,325.60,66.90,188.27,0.3043,-1,-1,-1
353,13,391.05,496.74,75.72,234.65,0.7026,-1,-1,-1
353,29,422.76,983.27,107.96,96.77,0.6865,-1,-1,-1
353,35,969.67,47.24,56.96,179.26,0.3710,-1,-1,-1
353,37,468.23,902.40,85.14,151.61,0.4818,-1,-1,-1
353,41,1029.27,64.96,56.83,158.04,0.2574,-1,-1,-1
353,43,483.74,567.59,106.81,248.17,0.7217,-1,-1,-1
353,49,468.23,902.44,85.14,151.41,0.4818,-1,-1,-1
353,28,845.88,458.98,69.33,217.34,0.3706,-1,-1,-1
353,48,1009.12,411.03,64.12,194.43,0.6478,-1,-1,-1
353,5,1560.40,625.11,86.66,239.92,0.5156,-1,-1,-1
353,19,430.49,334.89,73.05,205.14,0.4525,-1,-1,-1
353,50,909.77,473.61,65.71,202.45,0.4830,-1,-1,-1
353,2,483.16,566.79,107.24,249.22,0.7217,-1,-1,-1
354,1,440.30,89.40,72.16,192.77,0.2761,-1,-1,-1
354,3,951.18,930.85,81.74,147.02,0.7470,-1,-1,-1
354,4,1722.26,458.07,72.75,209.86,0.5895,-1,-1,-1
354,18,922.39,8.66,64.19,167.11,0.2633,-1,-1,-1
354,6,213.31,324.21,64.45,186.92,0.3009,-1,-1,-1
354,13,389.50,498.41,77.70,234.85,0.6844,-1,-1,-1
354,29,425.34,988.94,106.16,91.15,0.6514,-1,-1,-1
354,35,966.58,46.95,59.73,179.01,0.3179,-1,-1,-1
354,37,470.97,907.17,81.85,149.49,0.5197,-1,-1,-1
354,41,1029.10,64.94,56.85,160.25,0.2768,-1,-1,-1
354,43,483.49,574.49,112.20,241.03,0.7361,-1,-1,-1
354,49,470.97,907.20,81.85,149.31,0.5197,-1,-1,-1
354,28,845.52,460.62,69.06,220.81,0.3670,-1,-1,-1
354,48,1011.91,413.28,65.79,194.06,0.5964,-1,-1,-1
354,5,1565.00,626.02,84.76,244.28,0.5252,-1,-1,-1
354,19,429.20,334.38,75.52,204.10,0.4270,-1,-1,-1
354,50,909.19,476.72,67.80,201.29,0.4626,-1,-1,-1
354,2,482.97,573.52,112.70,242.18,0.7361,-1,-1,-1
355,1,442.22,88.33,70.48,193.45,0.2308,-1,-1,-1
355,3,951.04,930.09,82.86,147.63,0.7463,-1,-1,-1
355,4,1722.82,458.23,71.60,208.95,0.6061,-1,-1,-1
355,18,923.21,7.19,62.75,165.90,0.2460,-1,-1,-1
355,6,212.16,322.84,64.01,186.19,0.2826,-1,-1,-1
355,13,388.25,500.55,79.47,235.78,0.6945,-1,-1,-1
355,29,430.46,993.86,101.20,85.32,0.6172,-1,-1,-1
355,35,965.92,56.86,61.02,168.75,0.2864,-1,-1,-1
355,37,472.54,910.19,81.92,157.60,0.5773,-1,-1,-1
355,41,1028.98,64.37,57.11,160.66,0.2630,-1,-1,-1
355,43,483.05,578.52,114.81,237.46,0.7572,-1,-1,-1
355,49,472.54,910.22,81.93,157.46,0.5773,-1,-1,-1
355,28,845.26,462.90,69.08,221.96,0.3735,-1,-1,-1
355,48,1014.62,416.28,66.39,192.02,0.5713,-1,-1,-1
355,5,1567.98,627.90,84.38,245.58,0.5552,-1,-1,-1
355,19,427.32,333.21,78.00,208.35,0.4528,-1,-1,-1
355,50,909.07,480.02,67.58,199.11,0.4031,-1,-1,-1
355,2,482.59,577.58,115.31,238.53,0.7572,-1,-1,-1
356,1,442.94,87.56,69.94,193.82,0.2997,-1,-1,-1
356,3,951.62,929.34,82.14,147.59,0.7433,-1,-1,-1
356,4,1722.70,458.27,71.54,208.73,0.6061,-1,-1,-1
356,18,924.43,5.42,61.22,166.33,0.2829,-1,-1,-1
356,6,215.67,321.62,60.02,183.59,0.2859,-1,-1,-1
356,13,386.70,503.11,79.53,235.94,0.6989,-1,-1,-1
356,29,434.75,998.05,97.18,81.05,0.6167,-1,-1,-1
356,35,963.10,53.44,62.36,171.30,0.3356,-1,-1,-1
356,37,473.74,914.80,83.09,157.62,0.5493,-1,-1,-1
356,41,1028.45,63.55,57.18,160.92,0.2998,-1,-1,-1
356,43,483.17,577.04,116.48,238.92,0.7309,-1,-1,-1
356,49,473.74,914.83,83.09,157.49,0.5493,-1,-1,-1
356,28,846.08,464.42,68.76,220.46,0.4251,-1,-1,-1
356,48,1016.25,418.42,68.18,190.94,0.5045,-1,-1,-1
356,5,1569.23,627.83,85.21,246.44,0.5846,-1,-1,-1
356,19,426.05,332.25,80.08,210.64,0.4719,-1,-1,-1
356,50,909.90,481.98,66.44,202.18,0.4214,-1,-1,-1
356,2,482.76,576.22,116.96,239.86,0.7309,-1,-1,-1
357,1,443.84,87.31,68.97,192.88,0.2206,-1,-1,-1
357,3,952.45,928.31,81.70,148.61,0.7293,-1,-1,-1
357,4,1722.78,458.34,71.45,208.03,0.5891,-1,-1,-1
357,18,925.03,3.43,60.82,168.94,0.2868,-1,-1,-1
357,6,216.57,320.44,58.31,181.41,0.2920,-1,-1,-1
357,13,385.15,504.99,79.49,236.42,0.6877,-1,-1,-1
357,29,439.07,1003.05,94.07,76.01,0.5529,-1,-1,-1
357,35,963.22,53.92,61.21,169.47,0.2975,-1,-1,-1
357,37,477.93,919.27,81.85,157.15,0.5159,-1,-1,-1
357,41,1027.55,62.96,57.50,161.28,0.2646,-1,-1,-1
357,43,484.35,575.05,117.92,241.05,0.7084,-1,-1,-1
357,49,477.93,919.29,81.85,157.03,0.5159,-1,-1,-1
357,28,846.57,466.86,69.26,216.10,0.4773,-1,-1,-1
357,48,1018.21,420.61,73.98,193.10,0.4397,-1,-1,-1
357,5,1570.79,629.99,85.30,244.80,0.5879,-1,-1,-1
357,19,424.67,330.64,82.27,213.62,0.4449,-1,-1,-1
357,50,910.73,484.80,65.21,199.54,0.4849,-1,-1,-1
357,2,483.97,574.33,118.36,241.87,0.7084,-1,-1,-1
357,26,477.91,520.30,59.61,214.60,0.4190,-1,-1,-1
358,1,443.97,85.75,68.89,194.56,0.2282,-1,-1,-1
358,3,954.06,927.65,79.91,151.26,0.7236,-1,-1,-1
358,4,1723.12,458.11,71.39,208.11,0.5801,-1,-1,-1
358,18,924.71,2.07,61.83,171.14,0.2383,-1,-1,-1
358,6,216.11,318.66,58.59,182.40,0.3548,-1,-1,-1
358,13,383.82,506.28,79.71,239.76,0.6983,-1,-1,-1
358,29,441.10,1006.74,90.39,72.43,0.5572,-1,-1,-1
358,35,963.62,55.27,59.44,167.69,0.3173,-1,-1,-1
358,37,482.50,921.66,83.92,155.52,0.5999,-1,-1,-1
358,41,1026.76,62.08,57.87,161.08,0.2776,-1,-1,-1
358,43,486.48,577.97,117.61,237.80,0.7541,-1,-1,-1
358,49,482.50,921.68,83.92,155.41,0.5999,-1,-1,-1
358,28,847.42,468.18,69.33,215.66,0.4900,-1,-1,-1
358,48,1018.41,422.75,77.48,193.68,0.5055,-1,-1,-1
358,5,1571.37,632.18,84.99,243.14,0.5364,-1,-1,-1
358,19,423.72,330.63,83.25,211.85,0.4531,-1,-1,-1
358,50,912.07,486.71,64.65,199.37,0.4787,-1,-1,-1
358,2,486.14,577.31,118.01,238.55,0.7541,-1,-1,-1
358,26,476.20,520.75,64.58,220.05,0.5420,-1,-1,-1
359,1,443.98,85.35,68.51,194.75,0.2749,-1,-1,-1
359,3,954.41,927.37,79.98,150.24,0.7142,-1,-1,-1
359,4,1722.60,457.44,72.10,208.94,0.5837,-1,-1,-1
359,18,924.27,1.69,62.87,172.25,0.1992,-1,-1,-1
359,6,211.56,317.34,62.80,184.41,0.3746,-1,-1,-1
359,13,382.54,507.28,79.94,241.68,0.6911,-1,-1,-1
359,29,443.29,1010.96,91.63,68.67,0.5407,-1,-1,-1
359,35,963.71,56.08,56.73,168.57,0.3718,-1,-1,-1
359,37,483.77,923.18,85.66,154.06,0.5686,-1,-1,-1
359,41,1026.25,61.85,57.90,163.08,0.3326,-1,-1,-1
359,43,488.33,579.34,115.09,236.08,0.7392,-1,-1,-1
359,49,483.77,923.20,85.66,153.97,0.5686,-1,-1,-1
359,28,847.13,473.24,71.65,216.79,0.5535,-1,-1,-1
359,48,1020.21,425.52,78.43,192.83,0.5010,-1,-1,-1
359,5,1570.93,634.68,85.98,242.69,0.5839,-1,-1,-1
359,19,423.88,329.93,82.75,211.54,0.4780,-1,-1,-1
359,50,913.50,488.15,64.41,198.69,0.4445,-1,-1,-1
359,2,488.02,578.77,115.46,236.73,0.7392,-1,-1,-1
359,26,475.45,522.72,65.42,220.84,0.5349,-1,-1,-1
359,52,1752.33,74.33,56.47,171.78,0.3424,-1,-1,-1
360,1,443.38,85.45,68.74,193.80,0.2535,-1,-1,-1
360,3,955.28,926.92,79.09,150.61,0.7151,-1,-1,-1
360,4,1722.60,457.60,72.04,208.21,0.6179,-1,-1,-1
360,18,923.80,1.22,64.13,173.81,0.1776,-1,-1,-1
360,6,209.91,317.22,63.75,184.95,0.3823,-1,-1,-1
360,13,380.42,508.34,81.33,242.24,0.7216,-1,-1,-1
360,29,445.56,1012.77,90.24,67.16,0.5194,-1,-1,-1
360,35,962.69,55.29,56.68,169.64,0.3679,-1,-1,-1
360,37,488.14,924.64,85.23,153.84,0.6050,-1,-1,-1
360,41,1025.63,61.95,57.46,162.04,0.3442,-1,-1,-1
360,43,491.26,581.00,112.12,234.81,0.6958,-1,-1,-1
360,49,488.14,924.66,85.23,153.76,0.6050,-1,-1,-1
360,28,847.71,475.72,73.58,218.92,0.5623,-1,-1,-1
360,48,1023.46,426.03,78.48,196.76,0.5181,-1,-1,-1
360,5,1570.93,635.49,83.81,244.04,0.5814,-1,-1,-1
360,19,425.61,329.13,80.43,210.15,0.5088,-1,-1,-1
360,50,915.20,488.39,63.89,198.91,0.4701,-1,-1,-1
360,2,490.99,580.50,112.45,235.38,0.6958,-1,-1,-1
360,26,475.99,526.32,62.66,222.49,0.6205,-1,-1,-1
360,52,1752.72,75.36,56.34,171.73,0.3367,-1,-1,-1
361,1,442.36,85.41,69.09,193.26,0.2228,-1,-1,-1
361,3,956.30,926.52,78.40,151.17,0.7189,-1,-1,-1
361,4,1722.87,457.74,72.08,208.62,0.6123,-1,-1,-1
361,18,923.51,0.78,65.83,174.55,0.1780,-1,-1,-1
361,6,212.09,316.12,59.61,184.51,0.2895,-1,-1,-1
361,13,379.62,509.14,79.93,242.40,0.7079,-1,-1,-1
361,29,446.46,1015.29,92.34,64.21,0.4413,-1,-1,-1
361,35,958.95,53.16,59.10,171.35,0.4073,-1,-1,-1
361,37,492.70,925.16,85.06,155.31,0.6529,-1,-1,-1
361,41,1025.22,60.88,56.29,161.73,0.3841,-1,-1,-1
361,43,497.99,578.83,105.07,236.93,0.6567,-1,-1,-1
361,49,492.69,925.18,85.06,155.24,0.6529,-1,-1,-1
361,28,849.42,477.55,72.78,219.38,0.6201,-1,-1,-1
361,48,1027.14,428.32,77.12,196.35,0.4521,-1,-1,-1
361,5,1569.57,636.13,83.78,243.60,0.6141,-1,-1,-1
361,19,427.26,328.38,78.41,208.90,0.5145,-1,-1,-1
361,50,915.78,488.13,65.70,200.59,0.4873,-1,-1,-1
361,2,497.74,578.40,105.37,237.42,0.6567,-1,-1,-1
361,26,474.65,528.05,65.57,229.90,0.6367,-1,-1,-1
361,52,1753.20,76.86,56.86,172.77,0.3688,-1,-1,-1
362,1,441.68,84.52,69.60,193.76,0.2201,-1,-1,-1
362,3,958.27,926.24,76.05,151.46,0.6827,-1,-1,-1
362,4,1722.73,457.89,72.74,208.67,0.5891,-1,-1,-1
362,6,209.71,315.61,61.35,185.35,0.2245,-1,-1,-1
362,13,377.95,510.00,78.94,241.05,0.6909,-1,-1,-1
362,29,448.51,1017.80,86.10,61.00,0.4470,-1,-1,-1
362,35,956.25,50.59,60.89,173.60,0.4187,-1,-1,-1
362,37,494.91,926.99,90.44,154.02,0.6730,-1,-1,-1
362,41,1025.12,59.94,55.48,162.63,0.3823,-1,-1,-1
362,43,509.09,578.03,95.17,235.39,0.6017,-1,-1,-1
362,49,494.91,927.00,90.44,153.95,0.6730,-1,-1,-1
362,28,850.19,478.19,71.89,218.96,0.5483,-1,-1,-1
362,48,1029.84,429.55,76.38,195.62,0.4737,-1,-1,-1
362,5,1571.07,635.41,82.88,244.91,0.5541,-1,-1,-1
362,19,430.84,325.72,75.41,206.59,0.4858,-1,-1,-1
362,50,915.43,489.61,66.59,199.97,0.3968,-1,-1,-1
362,2,508.87,577.65,95.44,235.83,0.6017,-1,-1,-1
362,26,472.78,526.62,66.52,236.22,0.6950,-1,-1,-1
362,52,1753.65,81.16,56.47,170.15,0.3803,-1,-1,-1
363,1,441.69,83.70,69.45,193.52,0.2632,-1,-1,-1
363,3,960.09,926.10,74.24,151.53,0.6452,-1,-1,-1
363,4,1722.83,458.12,72.69,208.46,0.5981,-1,-1,-1
363,6,207.34,315.61,62.79,182.96,0.2521,-1,-1,-1
363,13,376.28,510.26,79.03,240.37,0.7084,-1,-1,-1
363,29,449.68,1018.77,89.21,60.49,0.5112,-1,-1,-1
363,35,955.72,48.73,60.32,173.38,0.3442,-1,-1,-1
363,37,496.68,928.89,95.96,152.29,0.6550,-1,-1,-1
363,41,1024.35,59.48,56.39,161.85,0.4395,-1,-1,-1
363,43,516.05,577.31,92.38,233.67,0.6185,-1,-1,-1
363,49,496.68,928.90,95.96,152.23,0.6550,-1,-1,-1
363,28,852.07,479.21,69.62,217.53,0.5926,-1,-1,-1
363,48,1034.27,430.06,73.29,195.73,0.5358,-1,-1,-1
363,5,1572.34,635.30,82.79,244.56,0.5808,-1,-1,-1
363,19,434.41,324.15,72.02,207.64,0.4897,-1,-1,-1
363,50,915.64,491.61,66.40,198.63,0.4520,-1,-1,-1
363,2,515.87,576.98,92.59,234.05,0.6185,-1,-1,-1
363,26,472.00,532.57,67.18,232.06,0.7130,-1,-1,-1
363,52,1753.46,81.91,56.43,170.42,0.3730,-1,-1,-1
364,1,441.98,82.73,68.69,193.46,0.2585,-1,-1,-1
364,3,962.01,925.49,73.06,152.49,0.6629,-1,-1,-1
364,4,1722.02,458.03,73.37,208.33,0.5895,-1,-1,-1
364,6,205.73,316.00,63.43,181.90,0.2372,-1,-1,-1
364,13,374.33,511.44,79.06,239.76,0.6913,-1,-1,-1
364,29,452.19,1019.08,88.56,60.74,0.4988,-1,-1,-1
364,35,956.38,47.59,59.02,172.98,0.3097,-1,-1,-1
364,37,499.87,931.94,99.38,149.22,0.6703,-1,-1,-1
364,41,1023.07,58.51,57.63,162.53,0.3817,-1,-1,-1
364,43,524.44,576.62,87.95,235.15,0.6587,-1,-1,-1
364,49,499.87,931.95,99.38,149.17,0.6703,-1,-1,-1
364,28,852.41,478.90,70.96,217.67,0.5563,-1,-1,-1
364,48,1039.28,430.47,71.04,194.67,0.6055,-1,-1,-1
364,5,1573.54,634.34,80.94,245.97,0.5538,-1,-1,-1
364,19,435.85,322.75,70.34,207.18,0.4874,-1,-1,-1
364,50,916.70,492.54,65.31,197.95,0.4148,-1,-1,-1
364,2,524.28,576.33,88.13,235.48,0.6587,-1,-1,-1
364,26,470.90,537.39,66.68,228.53,0.7215,-1,-1,-1
364,52,1753.74,82.85,56.12,169.72,0.3103,-1,-1,-1
365,1,442.51,81.16,67.83,193.81,0.2978,-1,-1,-1
365,3,963.18,924.02,72.11,154.33,0.6770,-1,-1,-1
365,4,1722.48,457.19,72.75,209.22,0.5719,-1,-1,-1
365,6,205.44,314.69,63.42,184.16,0.2663,-1,-1,-1
365,13,371.17,512.57,79.65,238.35,0.6928,-1,-1,-1
365,29,454.72,1017.76,86.53,62.22,0.4655,-1,-1,-1
365,35,956.72,50.21,59.57,167.74,0.2078,-1,-1,-1
365,37,503.24,934.15,102.33,146.87,0.6750,-1,-1,-1
365,41,1021.83,58.19,58.53,162.02,0.3882,-1,-1,-1
365,43,535.80,574.52,81.13,236.79,0.6440,-1,-1,-1
365,49,503.24,934.16,102.33,146.83,0.6750,-1,-1,-1
365,28,851.62,479.50,72.04,216.40,0.5350,-1,-1,-1
365,48,1043.53,431.09,69.66,194.02,0.6236,-1,-1,-1
365,5,1574.66,635.28,79.66,243.92,0.6059,-1,-1,-1
365,19,437.37,318.63,68.25,208.85,0.5333,-1,-1,-1
365,50,916.69,491.13,65.88,199.54,0.4058,-1,-1,-1
365,2,535.66,574.26,81.29,237.08,0.6440,-1,-1,-1
365,26,470.12,537.82,66.44,229.62,0.7149,-1,-1,-1
365,52,1754.40,83.61,54.64,169.54,0.2910,-1,-1,-1
366,1,443.56,80.46,66.39,193.00,0.3169,-1,-1,-1
366,3,964.86,923.05,71.36,155.56,0.7055,-1,-1,-1
366,4,1722.24,457.34,72.57,209.18,0.5809,-1,-1,-1
366,13,367.34,512.57,80.77,237.51,0.7389,-1,-1,-1
366,29,456.72,1017.83,80.54,62.10,0.3918,-1,-1,-1
366,35,957.12,50.02,59.20,166.29,0.3245,-1,-1,-1
366,37,507.36,936.63,104.06,144.18,0.6749,-1,-1,-1
366,41,1021.13,58.95,56.70,158.09,0.4130,-1,-1,-1
366,43,543.96,573.14,75.32,238.65,0.7080,-1,-1,-1
366,49,507.35,936.63,104.06,144.14,0.6749,-1,-1,-1
366,28,851.08,480.06,72.34,215.69,0.5821,-1,-1,-1
366,48,1047.00,430.80,68.82,195.14,0.6344,-1,-1,-1
366,5,1574.95,633.96,81.66,246.14,0.5610,-1,-1,-1
366,19,438.78,316.36,68.17,209.25,0.5355,-1,-1,-1
366,50,916.23,490.54,66.91,200.77,0.4546,-1,-1,-1
366,2,543.85,572.92,75.45,238.91,0.7080,-1,-1,-1
366,26,469.37,538.86,65.44,232.73,0.7376,-1,-1,-1
366,52,1754.88,84.60,55.28,168.75,0.2734,-1,-1,-1
367,1,444.23,79.54,65.35,192.51,0.2825,-1,-1,-1
367,3,966.10,921.79,70.89,156.42,0.7095,-1,-1,-1
367,4,1722.06,457.57,72.09,209.45,0.5754,-1,-1,-1
367,13,363.25,514.31,83.50,235.86,0.7546,-1,-1,-1
367,29,461.82,1020.98,73.13,59.05,0.3445,-1,-1,-1
367,35,956.69,48.08,59.32,167.19,0.3204,-1,-1,-1
367,37,507.68,940.53,106.82,140.24,0.6851,-1,-1,-1
367,41,1020.71,58.65,55.82,155.91,0.4289,-1,-1,-1
367,43,547.62,572.37,73.57,241.53,0.6922,-1,-1,-1
367,49,507.68,940.54,106.82,140.20,0.6851,-1,-1,-1
367,28,851.34,480.27,72.89,217.22,0.5993,-1,-1,-1
367,48,1050.44,431.08,67.97,194.65,0.6274,-1,-1,-1
367,5,1575.19,639.25,86.56,241.85,0.5779,-1,-1,-1
367,19,439.39,314.19,68.60,209.36,0.5610,-1,-1,-1
367,50,915.88,491.13,66.86,202.08,0.4418,-1,-1,-1
367,2,547.54,572.17,73.67,241.76,0.6922,-1,-1,-1
367,26,467.93,539.95,65.31,234.69,0.7383,-1,-1,-1
367,52,1758.27,86.54,53.67,165.68,0.2131,-1,-1,-1
368,1,444.55,79.11,65.14,191.39,0.2206,-1,-1,-1
368,3,967.59,921.28,70.77,157.13,0.6919,-1,-1,-1
368,4,1722.01,457.84,73.22,208.14,0.5793,-1,-1,-1
368,13,359.95,515.22,86.02,235.11,0.7697,-1,-1,-1
368,29,467.62,1023.60,60.78,56.44,0.2921,-1,-1,-1
368,35,955.61,47.74,59.49,167.82,0.2669,-1,-1,-1
368,37,510.08,943.22,108.43,137.44,0.6930,-1,-1,-1
368,41,1020.36,58.01,55.40,154.46,0.4450,-1,-1,-1
368,43,549.54,571.95,75.19,241.28,0.6904,-1,-1,-1
368,49,510.07,943.22,108.43,137.41,0.6930,-1,-1,-1
368,28,851.83,481.04,70.93,217.45,0.6339,-1,-1,-1
368,48,1054.31,432.06,67.57,196.82,0.6639,-1,-1,-1
368,5,1575.28,643.47,89.39,236.68,0.5186,-1,-1,-1
368,19,439.80,312.63,69.03,208.66,0.5699,-1,-1,-1
368,50,915.31,492.02,67.79,202.32,0.4877,-1,-1,-1
368,2,549.47,571.77,75.27,241.48,0.6904,-1,-1,-1
368,26,465.98,540.69,66.38,235.14,0.7520,-1,-1,-1
368,52,1757.29,86.05,54.92,165.29,0.2612,-1,-1,-1
369,1,443.33,79.16,66.53,188.66,0.1849,-1,-1,-1
369,3,968.73,920.89,71.13,157.91,0.7156,-1,-1,-1
369,4,1722.05,458.11,74.57,206.90,0.5703,-1,-1,-1
369,13,356.58,516.05,88.93,238.04,0.7539,-1,-1,-1
369,29,474.35,1028.20,48.02,51.77,0.2598,-1,-1,-1
369,35,957.63,47.56,56.69,167.86,0.3063,-1,-1,-1
369,37,513.00,946.05,110.68,134.47,0.6972,-1,-1,-1
369,41,1019.63,57.19,54.81,155.29,0.4411,-1,-1,-1
369,43,549.77,572.26,78.04,241.08,0.6852,-1,-1,-1
369,49,513.00,946.05,110.68,134.45,0.6972,-1,-1,-1
369,28,852.00,482.19,68.20,219.03,0.5734,-1,-1,-1
369,48,1057.33,432.90,68.34,195.11,0.6217,-1,-1,-1
369,5,1575.69,645.07,88.99,236.46,0.5153,-1,-1,-1
369,19,440.96,310.52,67.75,209.84,0.5342,-1,-1,-1
369,50,913.94,493.48,68.81,203.84,0.3979,-1,-1,-1
369,2,549.71,572.10,78.11,241.26,0.6852,-1,-1,-1
369,26,464.74,541.04,66.37,234.76,0.7326,-1,-1,-1
369,52,1759.29,89.26,54.29,162.26,0.2707,-1,-1,-1
370,1,445.02,78.19,65.42,188.08,0.1563,-1,-1,-1
370,3,969.01,919.80,72.61,158.63,0.7279,-1,-1,-1
370,4,1722.26,457.78,74.01,207.78,0.5864,-1,-1,-1
370,13,353.20,518.34,90.54,241.30,0.7177,-1,-1,-1
370,29,479.12,1035.60,52.38,44.27,0.2520,-1,-1,-1
370,35,957.17,46.82,56.39,169.16,0.2802,-1,-1,-1
370,37,515.42,950.69,114.02,129.75,0.6847,-1,-1,-1
370,41,1017.05,55.85,57.15,158.05,0.4018,-1,-1,-1
370,43,549.51,572.45,81.58,240.89,0.6624,-1,-1,-1
370,49,515.42,950.69,114.02,129.73,0.6847,-1,-1,-1
370,28,852.49,482.58,66.70,217.57,0.4661,-1,-1,-1
370,48,1060.17,434.59,67.84,197.85,0.6183,-1,-1,-1
370,5,1575.37,645.04,90.14,235.66,0.4655,-1,-1,-1
370,19,441.88,309.06,67.69,212.33,0.5442,-1,-1,-1
370,50,915.21,497.08,67.94,203.32,0.3759,-1,-1,-1
370,2,549.45,572.31,81.65,241.05,0.6624,-1,-1,-1
370,26,463.09,541.41,67.10,234.24,0.7275,-1,-1,-1
370,52,1761.43,92.39,53.29,160.05,0.2441,-1,-1,-1
371,3,970.11,918.06,73.45,160.32,0.7226,-1,-1,-1
371,4,1722.29,457.78,74.40,207.53,0.5573,-1,-1,-1
371,13,349.35,521.50,92.43,242.02,0.6994,-1,-1,-1
371,29,482.10,1040.29,49.20,39.40,0.2277,-1,-1,-1
371,35,956.58,46.15,56.56,168.75,0.1828,-1,-1,-1
371,37,517.06,954.52,116.53,125.90,0.6959,-1,-1,-1
371,41,1015.48,54.34,58.98,160.26,0.3371,-1,-1,-1
371,43,549.61,572.28,90.63,241.37,0.6373,-1,-1,-1
371,49,517.06,954.52,116.53,125.88,0.6959,-1,-1,-1
371,28,851.80,482.89,67.80,223.17,0.4596,-1,-1,-1
371,48,1062.79,435.87,69.03,198.98,0.6662,-1,-1,-1
371,5,1575.72,640.22,92.82,239.47,0.3976,-1,-1,-1
371,19,441.85,309.42,68.96,210.65,0.5043,-1,-1,-1
371,50,914.94,501.89,68.97,203.55,0.4724,-1,-1,-1
371,2,549.56,572.16,90.68,241.51,0.6373,-1,-1,-1
371,26,461.51,541.83,67.44,233.83,0.7147,-1,-1,-1
371,52,1761.81,93.55,54.76,159.04,0.3385,-1,-1,-1
372,3,970.82,917.23,75.91,161.19,0.7406,-1,-1,-1
372,4,1721.65,458.55,75.95,206.92,0.5367,-1,-1,-1
372,13,347.70,524.27,93.44,242.78,0.7200,-1,-1,-1
372,29,482.79,1043.38,46.65,36.54,0.1782,-1,-1,-1
372,35,953.16,43.48,59.77,170.72,0.2140,-1,-1,-1
372,37,519.31,958.68,116.52,121.69,0.6826,-1,-1,-1
372,41,1015.02,53.49,58.95,162.91,0.3708,-1,-1,-1
372,43,550.54,571.46,102.17,242.52,0.6556,-1,-1,-1
372,49,519.31,958.68,116.52,121.68,0.6826,-1,-1,-1
372,28,851.22,484.11,68.59,224.06,0.4070,-1,-1,-1
372,48,1064.91,438.42,69.91,202.25,0.6605,-1,-1,-1
372,5,1574.53,644.75,93.18,234.81,0.4458,-1,-1,-1
372,19,442.68,309.87,69.05,209.92,0.5506,-1,-1,-1
372,50,913.43,504.86,70.76,203.65,0.4710,-1,-1,-1
372,2,550.50,571.35,102.22,242.64,0.6556,-1,-1,-1
372,26,459.98,542.27,68.06,232.23,0.7111,-1,-1,-1
372,52,1762.55,96.06,56.34,157.06,0.3665,-1,-1,-1
373,3,971.90,915.82,77.35,162.19,0.7329,-1,-1,-1
373,4,1720.97,458.13,77.65,207.67,0.5369,-1,-1,-1
373,13,346.37,526.45,93.19,240.68,0.6993,-1,-1,-1
373,35,951.54,44.01,61.23,169.52,0.2257,-1,-1,-1
373,37,519.95,962.20,117.52,118.00,0.6647,-1,-1,-1
373,41,1015.02,52.81,58.14,162.13,0.3822,-1,-1,-1
373,43,551.46,571.01,108.04,242.92,0.6647,-1,-1,-1
373,49,519.95,962.21,117.52,117.98,0.6647,-1,-1,-1
373,28,850.92,485.50,67.75,223.09,0.3844,-1,-1,-1
373,48,1067.37,440.66,70.57,203.05,0.6477,-1,-1,-1
373,5,1574.26,645.45,92.57,232.59,0.4220,-1,-1,-1
373,19,443.28,309.14,68.84,210.13,0.5558,-1,-1,-1
373,50,913.90,505.76,70.70,205.00,0.4782,-1,-1,-1
373,2,551.41,570.91,108.09,243.03,0.6647,-1,-1,-1
373,26,459.00,543.14,67.42,230.91,0.7049,-1,-1,-1
373,52,1765.08,97.29,54.68,157.58,0.2827,-1,-1,-1
374,3,972.62,915.34,78.17,162.85,0.7307,-1,-1,-1
374,4,1720.00,457.19,78.64,207.86,0.5491,-1,-1,-1
374,13,344.93,527.76,92.10,238.91,0.7002,-1,-1,-1
374,35,952.35,42.86,60.14,171.12,0.2218,-1,-1,-1
374,37,522.11,964.73,115.89,115.49,0.6549,-1,-1,-1
374,41,1014.48,52.34,57.39,161.90,0.3990,-1,-1,-1
374,43,554.90,569.92,108.64,243.84,0.6565,-1,-1,-1
374,49,522.11,964.74,115.89,115.48,0.6549,-1,-1,-1
374,28,851.44,487.79,67.22,219.73,0.4430,-1,-1,-1
374,48,1072.31,442.70,67.95,202.32,0.6227,-1,-1,-1
374,5,1573.31,645.91,93.76,232.66,0.4286,-1,-1,-1
374,19,443.92,308.59,68.89,209.24,0.5973,-1,-1,-1
374,50,913.76,506.67,70.37,205.60,0.5512,-1,-1,-1
374,2,554.86,569.84,108.69,243.93,0.6565,-1,-1,-1
374,26,457.28,544.93,67.67,227.87,0.7052,-1,-1,-1
374,52,1765.69,96.08,55.18,160.38,0.2396,-1,-1,-1
375,3,973.20,914.34,78.85,164.38,0.7217,-1,-1,-1
375,4,1719.01,457.04,78.75,208.37,0.5777,-1,-1,-1
375,13,343.56,528.89,92.09,238.12,0.6908,-1,-1,-1
375,35,951.33,41.53,61.09,169.50,0.2449,-1,-1,-1
375,37,524.74,966.83,113.14,113.39,0.6392,-1,-1,-1
375,41,1014.27,51.98,56.91,160.71,0.4208,-1,-1,-1
375,43,559.81,568.46,108.84,245.03,0.6329,-1,-1,-1
375,49,524.74,966.83,113.14,113.38,0.6392,-1,-1,-1
375,28,853.09,490.17,65.37,217.31,0.4051,-1,-1,-1
375,48,1076.53,444.09,67.74,203.08,0.5910,-1,-1,-1
375,5,1572.15,642.18,95.82,236.05,0.2743,-1,-1,-1
375,19,445.32,307.37,68.99,209.33,0.6050,-1,-1,-1
375,50,914.01,507.41,69.64,205.80,0.5558,-1,-1,-1
375,2,559.77,568.38,108.89,245.11,0.6329,-1,-1,-1
375,26,455.50,546.62,69.47,224.59,0.7348,-1,-1,-1
375,52,1766.28,94.55,56.92,162.42,0.2456,-1,-1,-1
376,3,974.46,912.92,78.68,166.20,0.7172,-1,-1,-1
376,4,1719.80,456.85,76.30,209.34,0.6122,-1,-1,-1
376,13,341.38,531.40,91.98,236.52,0.6842,-1,-1,-1
376,35,949.21,40.37,62.89,169.51,0.2322,-1,-1,-1
376,37,528.61,969.33,108.58,110.87,0.6359,-1,-1,-1
376,41,1013.91,52.44,56.64,162.25,0.3718,-1,-1,-1
376,43,564.59,565.58,107.43,248.87,0.5848,-1,-1,-1
376,49,528.61,969.33,108.58,110.86,0.6359,-1,-1,-1
376,28,853.28,493.77,65.19,216.35,0.5097,-1,-1,-1
376,48,1079.52,445.01,68.18,201.85,0.5827,-1,-1,-1
376,5,1572.83,645.91,96.61,234.21,0.3192,-1,-1,-1
376,19,446.72,306.33,69.20,209.17,0.5913,-1,-1,-1
376,50,914.39,507.62,68.48,206.40,0.5755,-1,-1,-1
376,2,564.55,565.51,107.47,248.94,0.5848,-1,-1,-1
376,26,454.34,548.81,68.89,224.28,0.7416,-1,-1,-1
376,52,1767.60,95.76,55.93,162.84,0.2870,-1,-1,-1
377,3,973.45,911.68,81.49,167.47,0.7057,-1,-1,-1
377,4,1720.31,456.70,74.89,209.02,0.6240,-1,-1,-1
377,13,338.91,533.71,91.93,233.00,0.6857,-1,-1,-1
377,35,949.69,42.60,62.19,170.51,0.2878,-1,-1,-1
377,37,530.56,970.10,105.76,110.02,0.6489,-1,-1,-1
377,41,1013.30,51.64,56.69,161.58,0.3954,-1,-1,-1
377,43,568.46,564.62,106.14,249.49,0.5910,-1,-1,-1
377,49,530.56,970.10,105.76,110.01,0.6489,-1,-1,-1
377,28,852.82,495.41,65.63,214.76,0.5076,-1,-1,-1
377,48,1081.32,446.92,68.48,201.21,0.5983,-1,-1,-1
377,5,1580.35,647.82,89.71,231.60,0.2503,-1,-1,-1
377,19,447.64,304.14,69.22,210.46,0.6383,-1,-1,-1
377,50,914.21,508.41,67.96,205.54,0.5759,-1,-1,-1
377,2,568.43,564.56,106.17,249.55,0.5910,-1,-1,-1
377,26,453.43,550.47,68.64,227.19,0.7337,-1,-1,-1
377,52,1768.84,98.88,55.61,161.50,0.2823,-1,-1,-1
378,3,974.19,910.33,82.28,169.41,0.7162,-1,-1,-1
378,4,1720.13,456.51,75.31,209.31,0.6189,-1,-1,-1
378,13,337.72,534.96,90.50,231.22,0.6965,-1,-1,-1
378,35,952.49,42.70,58.92,170.33,0.2371,-1,-1,-1
378,37,533.02,971.73,102.77,108.42,0.6426,-1,-1,-1
378,41,1013.26,51.85,55.78,161.81,0.3795,-1,-1,-1
378,43,572.61,563.44,101.27,249.06,0.5015,-1,-1,-1
378,49,533.02,971.73,102.77,108.41,0.6426,-1,-1,-1
378,28,852.11,493.38,66.35,221.68,0.5072,-1,-1,-1
378,48,1084.67,449.07,67.77,198.76,0.6362,-1,-1,-1
378,5,1578.86,653.07,91.53,225.93,0.1647,-1,-1,-1
378,19,448.03,302.87,70.69,210.09,0.6327,-1,-1,-1
378,50,915.13,509.40,66.67,204.65,0.5569,-1,-1,-1
378,2,572.58,563.39,101.30,249.12,0.5015,-1,-1,-1
378,26,452.31,552.73,68.89,229.55,0.7247,-1,-1,-1
378,52,1770.40,101.78,55.68,159.47,0.2568,-1,-1,-1
379,3,974.51,909.67,83.78,170.05,0.7202,-1,-1,-1
379,4,1719.85,456.92,76.28,208.65,0.6206,-1,-1,-1
379,13,337.21,536.20,88.97,228.54,0.6953,-1,-1,-1
379,35,954.11,40.55,57.49,171.49,0.2632,-1,-1,-1
379,37,535.48,973.22,99.61,106.94,0.6108,-1,-1,-1
379,41,1012.99,51.09,55.15,164.24,0.3874,-1,-1,-1
379,43,578.62,562.34,93.87,248.95,0.4042,-1,-1,-1
379,49,535.48,973.22,99.61,106.93,0.6108,-1,-1,-1
379,28,851.19,493.14,67.71,225.03,0.5179,-1,-1,-1
379,48,1090.38,449.09,65.06,199.85,0.6339,-1,-1,-1
379,19,447.76,301.24,71.88,208.92,0.6434,-1,-1,-1
379,50,915.71,509.23,66.26,204.92,0.5601,-1,-1,-1
379,2,578.59,562.29,93.90,249.00,0.4042,-1,-1,-1
379,26,451.00,554.82,69.82,232.54,0.7143,-1,-1,-1
379,52,1771.05,100.86,57.16,161.09,0.2675,-1,-1,-1
380,3,975.15,908.77,84.35,170.63,0.7106,-1,-1,-1
380,4,1719.92,456.58,75.99,209.32,0.6112,-1,-1,-1
380,13,336.34,537.18,88.49,227.24,0.7029,-1,-1,-1
380,35,956.90,36.32,55.08,175.35,0.3057,-1,-1,-1
380,37,537.69,974.48,97.30,105.57,0.6080,-1,-1,-1
380,41,1012.74,50.17,54.57,165.14,0.4299,-1,-1,-1
380,43,593.46,561.96,79.33,250.88,0.2003,-1,-1,-1
380,49,537.69,974.48,97.30,105.56,0.6080,-1,-1,-1
380,28,849.21,492.91,70.30,219.92,0.4436,-1,-1,-1
380,48,1092.63,449.48,65.39,199.35,0.6029,-1,-1,-1
380,19,447.61,299.21,72.69,206.44,0.5922,-1,-1,-1
380,50,915.69,507.73,66.83,205.15,0.4813,-1,-1,-1
380,26,449.51,557.88,69.60,231.49,0.7314,-1,-1,-1
380,52,1771.40,100.45,56.47,160.70,0.2682,-1,-1,-1
381,3,975.91,907.87,84.35,171.50,0.7046,-1,-1,-1
381,4,1720.02,456.37,74.92,209.46,0.6326,-1,-1,-1
381,13,335.90,537.92,86.86,232.55,0.7549,-1,-1,-1
381,35,957.78,33.80,54.29,176.19,0.3207,-1,-1,-1
381,37,540.53,977.25,94.61,102.82,0.6079,-1,-1,-1
381,41,1012.50,49.49,54.07,165.80,0.4503,-1,-1,-1
381,43,600.52,562.23,73.98,242.55,0.3212,-1,-1,-1
381,49,540.53,977.25,94.61,102.81,0.6079,-1,-1,-1
381,28,848.09,492.92,70.14,219.93,0.3929,-1,-1,-1
381,48,1094.13,449.65,66.25,198.60,0.6693,-1,-1,-1
381,19,447.63,297.69,72.54,203.92,0.6318,-1,-1,-1
381,50,916.77,507.23,66.28,204.79,0.4847,-1,-1,-1
381,26,448.88,560.83,68.85,233.68,0.7349,-1,-1,-1
381,52,1771.58,100.52,57.43,161.36,0.2687,-1,-1,-1
382,3,976.31,907.16,84.71,171.83,0.7195,-1,-1,-1
382,4,1719.44,456.71,74.65,208.38,0.6008,-1,-1,-1
382,13,335.80,539.32,85.01,234.85,0.7807,-1,-1,-1
382,35,958.54,32.90,54.28,175.05,0.3702,-1,-1,-1
382,37,543.88,980.46,91.57,99.64,0.5994,-1,-1,-1
382,41,1012.47,48.31,53.55,168.83,0.4643,-1,-1,-1
382,43,606.78,563.46,70.32,241.70,0.2280,-1,-1,-1
382,49,543.88,980.46,91.57,99.64,0.5994,-1,-1,-1
382,28,848.99,494.14,69.65,217.97,0.2501,-1,-1,-1
382,48,1095.75,449.26,66.77,199.59,0.6676,-1,-1,-1
382,19,447.82,295.06,73.20,203.57,0.6235,-1,-1,-1
382,50,916.51,509.24,67.52,203.77,0.4705,-1,-1,-1
382,26,448.00,562.25,68.95,235.16,0.7430,-1,-1,-1
382,52,1772.00,100.91,57.61,160.60,0.2747,-1,-1,-1
383,3,977.92,906.29,83.47,172.28,0.6953,-1,-1,-1
383,4,1719.60,456.55,74.04,209.14,0.6008,-1,-1,-1
383,13,335.00,540.20,84.50,235.20,0.7797,-1,-1,-1
383,35,959.99,31.76,53.38,172.99,0.3902,-1,-1,-1
383,37,546.83,987.68,88.72,92.38,0.5861,-1,-1,-1
383,41,1012.83,47.58,52.91,169.65,0.4488,-1,-1,-1
383,43,611.20,562.47,68.80,238.06,0.2393,-1,-1,-1
383,49,546.83,987.68,88.72,92.38,0.5861,-1,-1,-1
383,28,849.74,496.64,69.02,214.26,0.3746,-1,-1,-1
383,48,1097.96,449.38,67.22,198.61,0.6584,-1,-1,-1
383,19,448.01,292.26,74.13,203.99,0.5807,-1,-1,-1
383,50,915.84,510.54,68.62,203.05,0.4882,-1,-1,-1
383,26,446.63,562.01,70.80,236.86,0.7662,-1,-1,-1
383,52,1772.76,97.47,58.58,164.33,0.3190,-1,-1,-1
384,3,978.97,906.00,83.20,172.60,0.6987,-1,-1,-1
384,4,1719.89,456.78,72.24,208.49,0.5864,-1,-1,-1
384,13,334.94,540.76,82.87,236.88,0.7747,-1,-1,-1
384,35,959.24,30.55,54.40,173.44,0.3274,-1,-1,-1
384,37,550.46,992.60,87.00,87.38,0.5775,-1,-1,-1
384,41,1012.71,46.27,52.68,169.48,0.4223,-1,-1,-1
384,43,612.66,559.49,66.49,234.11,0.2859,-1,-1,-1
384,49,550.46,992.60,87.00,87.38,0.5775,-1,-1,-1
384,28,850.21,497.31,69.58,211.86,0.4248,-1,-1,-1
384,48,1099.89,452.86,69.76,197.70,0.6485,-1,-1,-1
384,19,448.24,290.06,74.37,205.34,0.6019,-1,-1,-1
384,50,916.11,512.40,68.98,202.12,0.5733,-1,-1,-1
384,26,444.43,564.00,72.28,235.77,0.7712,-1,-1,-1
384,52,1772.35,98.59,59.47,163.12,0.3737,-1,-1,-1
385,3,980.29,905.65,81.93,172.96,0.7095,-1,-1,-1
385,4,1719.20,456.95,72.27,208.20,0.6498,-1,-1,-1
385,13,334.08,541.53,83.35,238.64,0.7688,-1,-1,-1
385,35,957.83,30.50,56.14,172.41,0.3540,-1,-1,-1
385,37,553.22,997.19,86.18,82.83,0.5667,-1,-1,-1
385,41,1012.83,45.80,52.27,170.60,0.3901,-1,-1,-1
385,49,553.22,997.19,86.18,82.82,0.5667,-1,-1,-1
385,28,850.64,499.20,70.01,208.78,0.4460,-1,-1,-1
385,48,1102.11,454.22,71.96,199.65,0.5829,-1,-1,-1
385,19,446.31,288.88,76.51,207.07,0.5659,-1,-1,-1
385,50,919.09,514.48,67.42,203.32,0.5245,-1,-1,-1
385,26,443.78,564.44,72.53,236.17,0.7676,-1,-1,-1
385,52,1772.27,98.70,60.48,163.83,0.3696,-1,-1,-1
385,54,788.44,150.94,65.21,170.70,0.3643,-1,-1,-1
386,3,982.11,905.01,79.87,173.37,0.6760,-1,-1,-1
386,4,1719.46,457.30,72.35,207.59,0.5992,-1,-1,-1
386,13,332.54,543.82,85.15,239.02,0.7444,-1,-1,-1
386,35,955.02,29.50,58.51,172.23,0.3370,-1,-1,-1
386,37,557.09,1001.91,85.11,78.13,0.5116,-1,-1,-1
386,41,1012.15,45.69,52.08,165.65,0.3483,-1,-1,-1
386,49,557.09,1001.91,85.11,78.13,0.5116,-1,-1,-1
386,28,850.38,500.10,70.05,208.59,0.4790,-1,-1,-1
386,48,1106.63,455.90,72.27,200.06,0.5347,-1,-1,-1
386,19,444.67,287.77,79.38,208.24,0.5699,-1,-1,-1
386,50,918.58,515.61,68.59,204.73,0.4948,-1,-1,-1
386,26,442.36,565.39,72.48,235.91,0.7521,-1,-1,-1
386,52,1771.95,98.58,63.22,164.48,0.3664,-1,-1,-1
386,54,786.92,151.00,66.73,170.57,0.3585,-1,-1,-1
387,3,983.85,904.47,78.09,173.41,0.6612,-1,-1,-1
387,4,1719.38,458.07,72.64,206.70,0.5512,-1,-1,-1
387,13,331.52,545.37,86.24,242.61,0.7474,-1,-1,-1
387,35,954.43,29.49,59.28,171.53,0.3246,-1,-1,-1
387,37,559.86,1005.49,84.89,74.49,0.5011,-1,-1,-1
387,41,1011.88,45.12,52.03,162.84,0.3196,-1,-1,-1
387,49,559.86,1005.49,84.89,74.49,0.5011,-1,-1,-1
387,28,850.62,500.17,69.83,210.55,0.4373,-1,-1,-1
387,48,1108.61,458.09,77.37,199.52,0.5183,-1,-1,-1
387,19,443.91,287.55,81.45,208.32,0.5794,-1,-1,-1
387,50,921.71,517.71,66.45,208.56,0.4464,-1,-1,-1
387,26,440.89,565.58,71.37,236.05,0.7455,-1,-1,-1
387,52,1772.35,96.43,62.95,168.62,0.3665,-1,-1,-1
387,54,787.00,150.45,66.52,171.45,0.3472,-1,-1,-1
388,3,984.32,904.24,78.63,173.78,0.6206,-1,-1,-1
388,4,1719.40,457.47,72.23,207.07,0.5459,-1,-1,-1
388,13,328.78,549.15,88.66,246.26,0.7586,-1,-1,-1
388,35,954.97,29.33,58.24,171.85,0.3444,-1,-1,-1
388,37,562.50,1010.10,84.03,69.92,0.4464,-1,-1,-1
388,41,1011.76,44.92,52.15,159.34,0.3210,-1,-1,-1
388,49,562.50,1010.10,84.03,69.92,0.4464,-1,-1,-1
388,28,850.47,501.75,69.77,209.78,0.4327,-1,-1,-1
388,48,1109.58,461.73,81.62,198.65,0.5457,-1,-1,-1
388,19,443.38,287.19,82.59,208.58,0.5927,-1,-1,-1
388,50,921.97,519.43,66.99,208.56,0.4742,-1,-1,-1
388,26,439.49,567.20,70.97,234.95,0.7461,-1,-1,-1
388,52,1772.23,94.13,64.11,172.11,0.3623,-1,-1,-1
388,54,788.90,150.71,64.25,170.88,0.3476,-1,-1,-1
389,3,984.53,904.39,79.81,173.75,0.6546,-1,-1,-1
389,4,1719.95,457.42,72.24,208.07,0.5555,-1,-1,-1
389,13,326.59,551.74,90.58,246.16,0.7757,-1,-1,-1
389,35,953.86,29.05,58.61,172.00,0.3471,-1,-1,-1
389,37,564.30,1013.17,83.77,66.87,0.4309,-1,-1,-1
389,41,1011.05,44.00,52.66,161.26,0.3580,-1,-1,-1
389,49,564.30,1013.17,83.77,66.87,0.4309,-1,-1,-1
389,28,850.79,501.42,70.15,197.82,0.4289,-1,-1,-1
389,48,1111.48,463.45,85.86,200.39,0.4810,-1,-1,-1
389,19,442.16,286.74,83.84,209.03,0.6113,-1,-1,-1
389,50,921.88,523.65,69.36,204.67,0.5325,-1,-1,-1
389,26,437.71,568.19,72.28,233.55,0.7648,-1,-1,-1
389,52,1772.33,86.62,63.77,179.91,0.3488,-1,-1,-1
389,54,789.31,150.97,64.00,170.50,0.3567,-1,-1,-1
390,3,984.12,904.29,80.98,173.76,0.6178,-1,-1,-1
390,4,1720.01,456.84,71.76,208.71,0.5496,-1,-1,-1
390,13,324.44,553.62,90.77,245.84,0.7911,-1,-1,-1
390,35,955.08,28.37,56.76,172.96,0.3589,-1,-1,-1
390,37,566.99,1015.83,83.16,64.20,0.3866,-1,-1,-1
390,41,1010.90,43.19,53.11,163.22,0.3869,-1,-1,-1
390,49,566.99,1015.83,83.16,64.20,0.3866,-1,-1,-1
390,28,851.34,503.41,70.22,209.25,0.5214,-1,-1,-1
390,48,1117.10,464.60,82.83,201.37,0.4769,-1,-1,-1
390,19,441.86,286.60,83.79,209.16,0.6387,-1,-1,-1
390,50,922.65,525.93,70.10,202.09,0.5945,-1,-1,-1
390,26,436.24,569.26,72.90,232.40,0.7766,-1,-1,-1
390,52,1772.22,88.69,61.84,178.52,0.3544,-1,-1,-1
390,54,790.50,151.30,62.72,170.00,0.3924,-1,-1,-1
391,3,982.85,904.50,82.05,174.46,0.6171,-1,-1,-1
391,4,1719.82,456.81,72.64,210.06,0.5629,-1,-1,-1
391,13,322.56,556.02,91.42,245.84,0.7921,-1,-1,-1
391,35,953.76,28.21,58.12,172.58,0.4097,-1,-1,-1
391,37,569.42,1017.36,83.99,62.41,0.3890,-1,-1,-1
391,41,1010.27,42.37,54.06,164.31,0.3628,-1,-1,-1
391,49,569.42,1017.36,83.99,62.41,0.3890,-1,-1,-1
391,28,851.08,506.26,71.52,211.46,0.5873,-1,-1,-1
391,48,1121.02,465.86,80.30,201.98,0.4465,-1,-1,-1
391,19,442.34,284.91,83.00,209.35,0.6380,-1,-1,-1
391,50,923.02,527.62,71.33,206.71,0.6192,-1,-1,-1
391,26,434.44,571.80,73.89,230.22,0.8017,-1,-1,-1
391,52,1771.53,98.98,61.15,168.74,0.3896,-1,-1,-1
391,54,790.78,152.74,60.76,168.75,0.3695,-1,-1,-1
392,3,981.52,904.80,83.85,173.83,0.6714,-1,-1,-1
392,4,1721.11,456.83,71.73,209.43,0.5864,-1,-1,-1
392,13,320.62,557.37,92.85,247.62,0.8026,-1,-1,-1
392,35,954.10,28.05,57.77,172.47,0.3950,-1,-1,-1
392,37,570.90,1017.64,84.98,62.35,0.4022,-1,-1,-1
392,41,1010.21,41.91,54.65,161.94,0.3324,-1,-1,-1
392,49,570.90,1017.64,84.98,62.35,0.4022,-1,-1,-1
392,28,851.29,508.26,71.21,222.86,0.5651,-1,-1,-1
392,48,1126.64,467.67,76.36,199.73,0.5132,-1,-1,-1
392,19,443.52,283.11,81.10,210.50,0.6674,-1,-1,-1
392,50,922.27,528.88,73.27,208.49,0.6082,-1,-1,-1
392,26,433.32,573.81,74.67,230.02,0.8102,-1,-1,-1
392,52,1772.02,105.36,60.69,163.88,0.3533,-1,-1,-1
392,54,791.33,153.20,59.03,168.14,0.3890,-1,-1,-1
392,1,457.08,72.20,75.86,187.72,0.3397,-1,-1,-1
393,3,980.88,905.51,84.43,172.88,0.6836,-1,-1,-1
393,4,1721.69,456.71,71.31,209.70,0.5855,-1,-1,-1
393,13,319.26,559.50,94.08,247.85,0.7959,-1,-1,-1
393,35,953.74,28.51,58.01,172.48,0.3868,-1,-1,-1
393,37,573.06,1018.14,85.11,61.92,0.4241,-1,-1,-1
393,41,1010.10,41.33,55.30,161.36,0.3196,-1,-1,-1
393,49,573.06,1018.14,85.11,61.92,0.4241,-1,-1,-1
393,28,850.63,510.41,71.73,222.68,0.5589,-1,-1,-1
393,48,1131.89,467.17,73.25,201.32,0.5177,-1,-1,-1
393,19,445.60,280.15,78.51,211.64,0.6626,-1,-1,-1
393,50,923.95,529.84,73.22,210.23,0.6581,-1,-1,-1
393,26,432.31,576.46,74.31,230.70,0.8170,-1,-1,-1
393,52,1771.02,109.29,62.10,162.42,0.3674,-1,-1,-1
393,54,791.72,153.24,58.03,167.93,0.3823,-1,-1,-1
393,1,458.18,71.98,75.42,187.00,0.3362,-1,-1,-1
394,3,981.23,906.39,83.93,171.72,0.6815,-1,-1,-1
394,4,1720.74,456.33,71.58,210.59,0.5811,-1,-1,-1
394,13,318.77,560.53,93.84,248.55,0.7913,-1,-1,-1
394,35,954.51,29.46,57.32,171.73,0.3836,-1,-1,-1
394,37,574.49,1018.53,86.47,61.48,0.4429,-1,-1,-1
394,41,1008.77,40.71,56.92,163.29,0.3462,-1,-1,-1
394,49,574.49,1018.53,86.47,61.48,0.4429,-1,-1,-1
394,28,850.95,511.86,71.93,227.87,0.5171,-1,-1,-1
394,48,1137.86,467.47,70.12,201.71,0.5350,-1,-1,-1
394,19,447.70,277.75,76.12,212.09,0.6731,-1,-1,-1
394,50,926.01,526.43,71.50,212.67,0.6622,-1,-1,-1
394,26,431.85,579.17,72.75,230.52,0.8000,-1,-1,-1
394,52,1769.26,111.55,64.66,161.83,0.3447,-1,-1,-1
394,54,791.32,151.75,60.07,169.08,0.3718,-1,-1,-1
394,1,459.47,71.43,75.04,187.13,0.3028,-1,-1,-1
395,3,981.70,906.67,84.19,171.36,0.6674,-1,-1,-1
395,4,1720.71,456.11,71.32,211.37,0.5831,-1,-1,-1
395,13,317.99,561.05,92.52,249.02,0.7876,-1,-1,-1
395,35,954.39,28.54,56.59,172.61,0.4060,-1,-1,-1
395,37,575.67,1019.90,87.00,60.08,0.4029,-1,-1,-1
395,41,1008.09,40.00,58.25,164.75,0.3479,-1,-1,-1
395,49,575.67,1019.90,87.00,60.08,0.4029,-1,-1,-1
395,28,852.49,515.06,71.42,223.24,0.5649,-1,-1,-1
395,48,1140.86,468.83,70.35,201.00,0.4444,-1,-1,-1
395,19,449.48,275.76,74.26,210.57,0.6577,-1,-1,-1
395,50,927.18,525.95,72.43,212.41,0.6767,-1,-1,-1
395,26,431.40,582.52,71.39,231.54,0.7924,-1,-1,-1
395,52,1769.78,112.40,63.13,162.19,0.3439,-1,-1,-1
395,54,790.33,150.94,62.20,169.87,0.3987,-1,-1,-1
395,1,459.99,71.75,75.05,186.04,0.2661,-1,-1,-1
396,3,981.47,907.46,84.65,170.67,0.6858,-1,-1,-1
396,4,1720.74,457.22,71.57,209.73,0.6235,-1,-1,-1
396,13,316.86,562.32,89.41,249.03,0.7879,-1,-1,-1
396,35,953.56,28.72,57.18,171.98,0.4375,-1,-1,-1
396,41,1008.24,39.62,58.28,164.02,0.3830,-1,-1,-1
396,28,854.13,517.60,70.82,225.06,0.6073,-1,-1,-1
396,48,1145.85,469.14,69.29,199.87,0.4859,-1,-1,-1
396,19,450.63,274.10,72.50,207.34,0.6755,-1,-1,-1
396,50,928.39,526.44,72.11,212.33,0.6932,-1,-1,-1
396,26,430.55,585.14,71.15,231.25,0.7761,-1,-1,-1
396,52,1769.85,112.05,61.87,162.93,0.3202,-1,-1,-1
396,54,789.42,150.43,63.47,170.93,0.4027,-1,-1,-1
396,1,460.67,71.06,74.30,186.48,0.2655,-1,-1,-1
397,3,981.25,908.13,85.04,170.36,0.7025,-1,-1,-1
397,4,1720.53,457.66,72.32,209.38,0.6304,-1,-1,-1
397,13,315.77,562.71,87.13,249.50,0.7928,-1,-1,-1
397,35,953.09,28.69,56.97,170.72,0.4221,-1,-1,-1
397,41,1007.60,39.55,59.54,165.56,0.3290,-1,-1,-1
397,28,853.66,519.69,72.76,212.56,0.6181,-1,-1,-1
397,48,1148.59,471.49,70.09,197.88,0.4775,-1,-1,-1
397,19,451.87,272.18,70.96,203.47,0.6858,-1,-1,-1
397,50,929.09,527.88,72.42,210.20,0.6876,-1,-1,-1
397,26,429.92,587.53,70.18,231.44,0.7713,-1,-1,-1
397,52,1769.72,113.87,60.77,161.09,0.3339,-1,-1,-1
397,54,789.14,150.29,63.71,171.01,0.4064,-1,-1,-1
397,1,461.48,70.90,74.47,186.62,0.2909,-1,-1,-1
398,3,982.03,908.20,83.36,170.33,0.7213,-1,-1,-1
398,4,1720.31,458.54,72.55,208.55,0.5914,-1,-1,-1
398,13,314.01,563.23,85.78,249.01,0.7894,-1,-1,-1
398,35,953.60,29.14,56.24,169.69,0.4316,-1,-1,-1
398,41,1006.80,40.95,59.31,160.92,0.3562,-1,-1,-1
398,28,855.56,519.88,72.02,221.31,0.6071,-1,-1,-1
398,48,1151.61,470.27,72.82,199.60,0.5306,-1,-1,-1
398,19,451.73,270.31,71.93,201.19,0.6638,-1,-1,-1
398,50,931.30,530.29,69.69,207.35,0.6517,-1,-1,-1
398,26,429.63,589.07,67.36,234.93,0.7510,-1,-1,-1
398,52,1770.61,114.14,58.22,161.13,0.2883,-1,-1,-1
398,54,789.01,150.29,63.70,170.66,0.4152,-1,-1,-1
398,1,462.17,70.76,76.15,186.06,0.3604,-1,-1,-1
399,3,983.13,908.54,82.14,170.97,0.7313,-1,-1,-1
399,4,1720.55,458.58,72.31,208.25,0.5774,-1,-1,-1
399,13,312.67,563.76,85.09,247.43,0.7839,-1,-1,-1
399,35,953.12,29.04,55.68,168.23,0.4411,-1,-1,-1
399,41,1007.37,40.69,57.97,158.77,0.3582,-1,-1,-1
399,28,856.19,520.63,72.42,222.17,0.6088,-1,-1,-1
399,48,1154.91,468.16,74.57,204.16,0.5766,-1,-1,-1
399,19,452.54,267.45,72.57,202.15,0.6449,-1,-1,-1
399,50,932.86,531.54,69.55,206.49,0.6664,-1,-1,-1
399,26,429.05,591.08,66.76,236.39,0.7536,-1,-1,-1
399,52,1770.84,113.95,57.25,161.28,0.2711,-1,-1,-1
399,54,789.05,150.13,63.28,170.10,0.4059,-1,-1,-1
399,1,463.30,70.81,76.46,186.61,0.3736,-1,-1,-1
400,3,984.08,909.25,81.08,170.34,0.7244,-1,-1,-1
400,4,1720.53,457.97,72.19,208.34,0.5438,-1,-1,-1
400,13,311.93,565.12,84.27,244.25,0.7864,-1,-1,-1
400,35,951.95,27.45,56.35,168.58,0.4440,-1,-1,-1
400,41,1006.93,40.42,58.57,158.55,0.3673,-1,-1,-1
400,28,856.97,521.51,72.47,223.78,0.6062,-1,-1,-1
400,48,1158.06,469.96,73.73,205.40,0.5757,-1,-1,-1
400,19,452.42,266.25,73.35,202.85,0.6445,-1,-1,-1
400,50,931.70,533.16,71.24,206.36,0.6488,-1,-1,-1
400,26,428.43,592.67,65.97,237.09,0.7666,-1,-1,-1
400,52,1770.10,113.13,57.63,162.96,0.2691,-1,-1,-1
400,54,788.50,149.94,64.36,170.57,0.4451,-1,-1,-1
400,1,465.13,70.84,75.03,187.74,0.4268,-1,-1,-1
401,3,984.05,910.56,79.42,168.96,0.7079,-1,-1,-1
401,4,1721.00,456.82,70.97,209.82,0.5083,-1,-1,-1
401,13,310.20,566.61,85.07,240.36,0.7851,-1,-1,-1
401,35,951.20,25.15,56.93,169.37,0.4792,-1,-1,-1
401,41,1006.49,39.57,58.92,159.60,0.4233,-1,-1,-1
401,28,857.08,521.39,73.21,227.08,0.6113,-1,-1,-1
401,48,1162.88,471.19,72.55,206.93,0.6035,-1,-1,-1
401,19,451.75,265.61,74.84,202.88,0.6436,-1,-1,-1
401,50,934.31,534.88,69.77,206.38,0.6577,-1,-1,-1
401,26,427.84,593.88,66.36,237.38,0.7537,-1,-1,-1
401,52,1769.61,112.06,58.09,164.64,0.2435,-1,-1,-1
401,54,788.63,150.39,64.12,169.92,0.4219,-1,-1,-1
401,1,465.83,70.79,74.70,187.76,0.4781,-1,-1,-1
402,3,984.98,912.02,77.46,167.72,0.7040,-1,-1,-1
402,4,1721.08,455.94,71.35,210.90,0.5202,-1,-1,-1
402,13,308.48,568.31,86.50,240.61,0.7817,-1,-1,-1
402,35,950.29,22.42,57.84,170.19,0.4371,-1,-1,-1
402,41,1005.90,38.81,58.52,159.53,0.4428,-1,-1,-1
402,28,856.63,522.33,74.31,227.86,0.6064,-1,-1,-1
402,48,1165.84,474.36,75.03,202.10,0.5441,-1,-1,-1
402,19,452.06,264.85,75.47,204.01,0.6372,-1,-1,-1
402,50,934.77,536.18,70.85,208.40,0.6376,-1,-1,-1
402,26,427.62,595.01,65.68,236.88,0.7495,-1,-1,-1
402,52,1768.47,113.12,62.15,166.76,0.2945,-1,-1,-1
402,54,788.89,150.50,64.22,169.79,0.4302,-1,-1,-1
402,1,466.53,70.72,74.01,188.68,0.4642,-1,-1,-1
403,3,985.13,913.46,76.03,165.96,0.7163,-1,-1,-1
403,4,1721.49,458.48,71.40,208.81,0.5071,-1,-1,-1
403,13,307.44,570.84,85.63,243.54,0.7806,-1,-1,-1
403,35,950.33,21.70,57.04,165.37,0.4128,-1,-1,-1
403,41,1005.24,38.57,58.77,158.86,0.4419,-1,-1,-1
403,28,856.92,523.07,75.18,227.62,0.6423,-1,-1,-1
403,48,1169.66,478.31,75.39,199.26,0.3762,-1,-1,-1
403,19,452.41,264.61,75.85,204.56,0.6443,-1,-1,-1
403,50,934.10,537.94,72.21,207.33,0.6354,-1,-1,-1
403,26,426.72,596.32,65.12,236.39,0.7421,-1,-1,-1
403,52,1768.34,112.26,65.92,170.43,0.2886,-1,-1,-1
403,54,790.10,150.62,63.54,169.86,0.4417,-1,-1,-1
403,1,466.40,70.91,73.34,189.16,0.4487,-1,-1,-1
404,3,985.50,915.40,74.53,164.00,0.6959,-1,-1,-1
404,4,1721.39,459.65,71.00,207.51,0.4492,-1,-1,-1
404,13,306.76,573.77,84.71,245.64,0.7799,-1,-1,-1
404,35,950.40,20.72,55.70,163.92,0.3859,-1,-1,-1
404,41,1003.76,37.61,59.64,157.93,0.4411,-1,-1,-1
404,28,857.13,523.34,75.65,227.23,0.6509,-1,-1,-1
404,48,1171.98,481.89,77.79,199.72,0.4745,-1,-1,-1
404,19,453.15,263.80,75.15,206.24,0.6611,-1,-1,-1
404,50,933.42,539.81,72.58,211.17,0.6125,-1,-1,-1
404,26,425.50,597.21,65.88,235.56,0.7302,-1,-1,-1
404,52,1768.39,96.54,69.73,188.11,0.2756,-1,-1,-1
404,54,790.97,150.47,62.61,169.76,0.4135,-1,-1,-1
404,1,466.93,70.89,72.07,188.37,0.4289,-1,-1,-1
405,3,985.37,917.62,73.63,161.61,0.6977,-1,-1,-1
405,4,1721.55,457.51,72.55,208.74,0.4625,-1,-1,-1
405,13,305.96,575.54,83.36,248.25,0.7705,-1,-1,-1
405,35,950.50,20.11,53.97,160.74,0.3817,-1,-1,-1
405,41,1002.77,37.04,59.73,156.33,0.4042,-1,-1,-1
405,28,858.19,524.00,77.56,227.46,0.6719,-1,-1,-1
405,48,1173.44,483.77,80.09,200.78,0.5435,-1,-1,-1
405,19,453.17,263.39,75.40,206.13,0.6718,-1,-1,-1
405,50,935.09,541.21,71.18,213.30,0.6425,-1,-1,-1
405,26,423.04,598.44,67.50,234.53,0.7479,-1,-1,-1
405,52,1768.48,102.67,68.71,183.81,0.2390,-1,-1,-1
405,54,790.59,149.96,63.09,170.16,0.4126,-1,-1,-1
405,1,467.07,70.74,71.54,187.80,0.4065,-1,-1,-1
405,5,1614.60,615.03,66.15,246.72,0.3400,-1,-1,-1
406,3,984.35,918.81,74.84,160.44,0.7106,-1,-1,-1
406,4,1721.80,457.16,73.60,209.12,0.4908,-1,-1,-1
406,13,305.44,577.64,82.48,249.49,0.7541,-1,-1,-1
406,35,951.12,19.21,52.91,160.18,0.3911,-1,-1,-1
406,41,1002.24,36.47,58.85,155.82,0.3741,-1,-1,-1
406,28,859.31,525.85,78.29,227.28,0.6870,-1,-1,-1
406,48,1177.31,485.85,80.27,203.08,0.4520,-1,-1,-1
406,19,452.74,262.93,77.13,204.61,0.6602,-1,-1,-1
406,50,933.41,543.74,73.89,213.80,0.6619,-1,-1,-1
406,26,420.72,600.22,68.44,232.66,0.7347,-1,-1,-1
406,52,1770.09,113.93,68.84,174.97,0.2782,-1,-1,-1
406,54,791.20,150.85,59.76,169.82,0.4457,-1,-1,-1
406,1,466.99,70.47,71.35,187.11,0.3905,-1,-1,-1
406,5,1612.62,607.35,71.99,250.71,0.4265,-1,-1,-1
407,3,983.34,920.37,75.14,158.59,0.6984,-1,-1,-1
407,4,1721.83,458.44,74.36,207.62,0.4473,-1,-1,-1
407,13,304.91,579.89,81.63,248.87,0.7591,-1,-1,-1
407,35,950.00,18.21,53.87,160.42,0.3669,-1,-1,-1
407,41,1002.02,35.60,58.73,156.04,0.4414,-1,-1,-1
407,28,858.15,526.46,79.60,233.99,0.6441,-1,-1,-1
407,48,1181.40,487.06,78.79,202.60,0.3592,-1,-1,-1
407,19,453.46,262.65,76.76,203.99,0.6785,-1,-1,-1
407,50,933.53,545.71,72.94,216.20,0.6856,-1,-1,-1
407,26,418.62,600.72,67.37,231.82,0.7574,-1,-1,-1
407,52,1771.44,114.37,73.61,177.69,0.1858,-1,-1,-1
407,54,790.21,150.01,61.69,170.39,0.4512,-1,-1,-1
407,1,467.54,69.81,71.15,186.02,0.3879,-1,-1,-1
407,5,1612.45,604.91,73.01,251.27,0.2991,-1,-1,-1
408,3,982.36,922.45,75.51,155.62,0.7119,-1,-1,-1
408,4,1721.50,456.25,73.27,210.82,0.4593,-1,-1,-1
408,13,303.48,582.76,81.54,249.99,0.7562,-1,-1,-1
408,35,949.66,19.46,54.18,160.31,0.3598,-1,-1,-1
408,41,1002.58,35.81,57.67,155.57,0.4346,-1,-1,-1
408,28,859.07,527.29,78.90,237.88,0.6627,-1,-1,-1
408,48,1186.62,487.15,75.79,204.47,0.4300,-1,-1,-1
408,19,453.98,261.30,76.60,204.94,0.6795,-1,-1,-1
408,50,932.00,547.41,74.03,215.06,0.6938,-1,-1,-1
408,26,417.16,603.48,69.32,230.86,0.7640,-1,-1,-1
408,52,1771.30,106.87,78.25,186.10,0.1563,-1,-1,-1
408,54,789.68,149.92,62.25,170.39,0.4602,-1,-1,-1
408,1,467.75,69.62,70.67,185.47,0.3256,-1,-1,-1
408,5,1613.57,613.29,69.62,242.89,0.2541,-1,-1,-1
409,3,981.61,923.99,76.16,153.92,0.6882,-1,-1,-1
409,4,1721.62,453.99,72.42,212.85,0.5253,-1,-1,-1
409,13,302.03,585.12,81.23,250.29,0.7669,-1,-1,-1
409,35,950.82,19.10,52.78,160.78,0.3867,-1,-1,-1
409,41,1003.05,35.61,57.28,156.09,0.4253,-1,-1,-1
409,28,859.91,529.81,78.99,240.23,0.6326,-1,-1,-1
409,48,1195.32,487.58,70.68,204.20,0.4710,-1,-1,-1
409,19,455.99,260.07,74.90,203.45,0.6621,-1,-1,-1
409,50,932.79,548.89,73.31,213.34,0.6873,-1,-1,-1
409,26,415.59,607.44,70.00,231.17,0.7631,-1,-1,-1
409,52,1771.59,107.25,77.66,186.80,0.1698,-1,-1,-1
409,54,789.62,149.83,63.11,170.36,0.4267,-1,-1,-1
409,1,467.47,69.42,70.65,183.65,0.3421,-1,-1,-1
409,5,1604.61,618.30,78.29,236.25,0.2593,-1,-1,-1
410,3,981.25,925.24,76.19,152.60,0.6909,-1,-1,-1
410,4,1722.00,450.93,71.88,216.17,0.5464,-1,-1,-1
410,13,298.70,586.56,83.64,251.33,0.7946,-1,-1,-1
410,35,949.64,19.19,54.09,161.40,0.4021,-1,-1,-1
410,41,1003.12,35.57,57.11,156.28,0.4380,-1,-1,-1
410,28,860.35,532.31,76.99,242.82,0.6346,-1,-1,-1
410,48,1204.76,488.41,63.92,202.97,0.4743,-1,-1,-1
410,19,457.64,259.26,73.40,200.50,0.6671,-1,-1,-1
410,50,933.95,550.70,71.82,212.54,0.7035,-1,-1,-1
410,26,414.14,609.74,69.66,233.56,0.7297,-1,-1,-1
410,52,1771.23,89.63,77.51,205.20,0.2365,-1,-1,-1
410,54,789.78,149.95,63.43,170.12,0.4289,-1,-1,-1
410,1,466.16,67.26,71.76,186.92,0.3196,-1,-1,-1
410,5,1586.29,619.07,96.41,235.59,0.3302,-1,-1,-1
410,2,702.19,557.51,90.74,237.29,0.3423,-1,-1,-1
411,3,979.81,925.80,77.98,151.73,0.6893,-1,-1,-1
411,4,1721.87,449.36,72.04,218.61,0.5376,-1,-1,-1
411,13,297.14,587.87,83.19,250.15,0.7971,-1,-1,-1
411,35,949.70,18.49,53.25,161.46,0.3560,-1,-1,-1
411,41,1002.83,34.82,56.31,156.17,0.4042,-1,-1,-1
411,28,862.12,535.07,73.98,243.77,0.6583,-1,-1,-1
411,48,1209.16,487.49,63.94,204.99,0.4250,-1,-1,-1
411,19,457.99,257.49,72.67,197.63,0.6792,-1,-1,-1
411,50,934.24,551.59,70.94,211.22,0.6878,-1,-1,-1
411,26,412.30,612.42,69.37,233.86,0.7072,-1,-1,-1
411,52,1772.07,101.28,69.84,192.70,0.2370,-1,-1,-1
411,54,788.84,149.94,64.24,169.99,0.4354,-1,-1,-1
411,1,463.75,67.91,71.83,188.75,0.2626,-1,-1,-1
411,5,1579.59,618.94,102.60,235.98,0.3729,-1,-1,-1
411,2,703.88,558.76,91.45,236.44,0.3322,-1,-1,-1
412,3,978.71,925.88,80.31,152.03,0.7056,-1,-1,-1
412,4,1721.97,448.38,72.05,219.57,0.5739,-1,-1,-1
412,13,295.62,588.44,82.41,249.38,0.7997,-1,-1,-1
412,35,950.52,18.87,53.76,164.04,0.3702,-1,-1,-1
412,41,1002.90,34.73,55.66,157.54,0.4117,-1,-1,-1
412,28,862.76,537.83,73.38,238.36,0.6558,-1,-1,-1
412,48,1212.27,486.99,64.31,205.69,0.5115,-1,-1,-1
412,19,457.20,254.60,73.24,197.53,0.6566,-1,-1,-1
412,50,936.08,552.99,68.97,209.99,0.6722,-1,-1,-1
412,26,407.88,614.29,71.37,235.55,0.7284,-1,-1,-1
412,52,1772.95,107.74,66.87,185.97,0.2068,-1,-1,-1
412,54,789.55,150.89,61.56,169.14,0.4163,-1,-1,-1
412,1,464.87,66.43,71.38,191.10,0.2694,-1,-1,-1
412,5,1576.38,617.94,104.68,236.98,0.3921,-1,-1,-1
412,2,705.54,558.91,94.24,237.75,0.3809,-1,-1,-1
413,3,977.60,926.91,82.21,150.69,0.6956,-1,-1,-1
413,4,1722.54,450.23,71.85,217.96,0.5501,-1,-1,-1
413,13,292.92,589.87,83.74,247.73,0.7897,-1,-1,-1
413,35,949.46,18.71,55.38,166.01,0.3724,-1,-1,-1
413,41,1002.88,34.70,54.94,156.98,0.4341,-1,-1,-1
413,28,863.93,539.61,72.05,239.68,0.6430,-1,-1,-1
413,48,1216.62,493.22,62.89,199.97,0.5872,-1,-1,-1
413,19,456.40,251.88,73.68,198.43,0.6541,-1,-1,-1
413,50,937.92,553.47,67.94,209.61,0.6485,-1,-1,-1
413,26,406.36,616.40,71.39,235.38,0.7392,-1,-1,-1
413,52,1773.31,113.89,62.27,180.33,0.2441,-1,-1,-1
413,54,788.70,150.91,61.79,169.58,0.4322,-1,-1,-1
413,1,465.54,66.00,70.13,190.53,0.2925,-1,-1,-1
413,5,1575.77,615.80,105.31,238.57,0.4382,-1,-1,-1
413,2,706.23,558.92,94.99,238.62,0.4024,-1,-1,-1
414,3,976.87,927.41,83.94,150.10,0.7041,-1,-1,-1
414,4,1722.13,455.89,71.61,212.48,0.4784,-1,-1,-1
414,13,291.51,590.47,84.18,247.36,0.7823,-1,-1,-1
414,35,949.34,16.71,54.22,166.10,0.3828,-1,-1,-1
414,41,1002.81,34.69,54.88,156.30,0.4130,-1,-1,-1
414,28,865.18,540.78,70.50,242.46,0.6488,-1,-1,-1
414,48,1220.99,488.40,65.54,204.79,0.5261,-1,-1,-1
414,19,454.26,249.47,75.24,200.42,0.6633,-1,-1,-1
414,50,933.26,555.68,74.09,206.59,0.6703,-1,-1,-1
414,26,405.67,618.40,71.10,236.17,0.7251,-1,-1,-1
414,52,1773.92,112.55,59.85,181.75,0.1782,-1,-1,-1
414,54,788.09,150.21,64.17,169.71,0.4169,-1,-1,-1
414,1,465.69,64.96,69.97,191.25,0.2433,-1,-1,-1
414,5,1574.75,613.67,109.76,242.59,0.5781,-1,-1,-1
414,2,707.18,559.30,94.20,239.26,0.4074,-1,-1,-1
415,3,976.84,928.55,86.04,148.92,0.7252,-1,-1,-1
415,4,1722.29,452.90,72.42,215.14,0.4951,-1,-1,-1
415,13,290.24,592.03,84.44,245.84,0.7817,-1,-1,-1
415,35,950.27,14.32,52.51,167.49,0.3411,-1,-1,-1
415,41,1002.83,34.38,55.03,156.22,0.4049,-1,-1,-1
415,28,866.16,542.28,69.76,243.88,0.6313,-1,-1,-1
415,48,1222.75,492.93,69.53,202.40,0.5822,-1,-1,-1
415,19,451.88,248.96,77.85,199.33,0.6201,-1,-1,-1
415,50,932.87,557.21,76.64,205.69,0.6427,-1,-1,-1
415,26,403.84,620.05,71.08,237.69,0.7214,-1,-1,-1
415,52,1773.86,116.78,54.99,177.74,0.1659,-1,-1,-1
415,54,787.60,150.18,65.77,169.57,0.3852,-1,-1,-1
415,1,464.87,65.67,70.67,192.30,0.2596,-1,-1,-1
415,5,1573.07,614.22,111.88,242.02,0.5370,-1,-1,-1
415,2,707.81,559.60,94.21,239.96,0.3917,-1,-1,-1
415,56,1658.18,62.99,73.06,173.77,0.3689,-1,-1,-1
416,3,976.09,928.92,87.79,148.52,0.7302,-1,-1,-1
416,4,1721.68,452.51,73.65,215.21,0.4785,-1,-1,-1
416,13,290.09,593.03,83.90,243.36,0.7909,-1,-1,-1
416,35,950.72,13.78,51.14,167.61,0.2937,-1,-1,-1
416,41,1002.99,33.76,55.07,157.24,0.4397,-1,-1,-1
416,28,866.64,543.25,69.07,243.41,0.6044,-1,-1,-1
416,48,1226.47,489.91,75.72,206.58,0.4227,-1,-1,-1
416,19,449.72,248.58,79.87,198.97,0.6015,-1,-1,-1
416,50,933.61,558.68,76.74,206.34,0.6433,-1,-1,-1
416,26,401.64,621.22,72.08,238.17,0.7395,-1,-1,-1
416,54,788.31,150.49,63.04,170.08,0.3919,-1,-1,-1
416,1,461.34,65.47,73.07,193.96,0.3088,-1,-1,-1
416,5,1573.48,613.58,111.23,243.18,0.5613,-1,-1,-1
416,2,708.87,559.71,93.67,239.87,0.3879,-1,-1,-1
416,56,1658.92,64.26,71.84,176.31,0.4685,-1,-1,-1
417,3,975.98,929.92,88.72,147.40,0.7105,-1,-1,-1
417,4,1721.35,454.31,72.80,213.54,0.4831,-1,-1,-1
417,13,289.24,595.56,84.91,241.04,0.7695,-1,-1,-1
417,35,950.07,12.81,51.86,169.03,0.3027,-1,-1,-1
417,41,1002.95,33.57,55.03,157.49,0.4518,-1,-1,-1
417,28,867.14,544.46,67.11,232.38,0.5610,-1,-1,-1
417,48,1229.65,490.86,82.21,207.91,0.5269,-1,-1,-1
417,19,447.41,249.41,81.81,197.99,0.5987,-1,-1,-1
417,50,934.14,560.83,77.35,204.53,0.6173,-1,-1,-1
417,26,399.00,623.60,73.28,235.59,0.7413,-1,-1,-1
417,54,786.66,150.06,65.97,170.21,0.3545,-1,-1,-1
417,1,461.17,64.73,73.55,195.03,0.3052,-1,-1,-1
417,5,1572.64,610.98,110.46,245.78,0.5624,-1,-1,-1
417,2,713.05,559.05,88.98,239.32,0.3785,-1,-1,-1
417,56,1659.58,66.07,72.40,174.45,0.3272,-1,-1,-1
418,3,975.17,930.59,90.58,147.05,0.7075,-1,-1,-1
418,4,1720.68,453.84,73.39,214.41,0.4696,-1,-1,-1
418,13,288.39,597.32,85.51,241.48,0.7826,-1,-1,-1
418,35,948.95,11.75,52.88,169.39,0.3289,-1,-1,-1
418,41,1003.55,32.95,54.51,156.71,0.4389,-1,-1,-1
418,28,867.30,545.89,67.41,221.18,0.5159,-1,-1,-1
418,48,1230.67,491.00,89.47,210.77,0.5426,-1,-1,-1
418,19,445.78,249.34,83.29,198.41,0.5503,-1,-1,-1
418,50,935.94,562.38,76.51,204.99,0.6014,-1,-1,-1
418,26,396.07,624.09,73.91,235.63,0.7811,-1,-1,-1
418,54,787.07,149.62,66.03,170.53,0.3387,-1,-1,-1
418,1,459.11,64.65,73.28,194.96,0.2191,-1,-1,-1
418,5,1573.28,613.26,107.26,243.13,0.5855,-1,-1,-1
418,2,717.65,558.38,83.19,239.46,0.3827,-1,-1,-1
418,56,1660.74,67.17,72.70,173.98,0.4228,-1,-1,-1
419,3,974.19,931.28,92.60,146.29,0.7163,-1,-1,-1
419,4,1720.65,449.61,73.42,218.51,0.5309,-1,-1,-1
419,13,287.61,599.24,86.28,244.35,0.7872,-1,-1,-1
419,35,948.54,9.30,54.50,172.94,0.3674,-1,-1,-1
419,41,1004.11,32.12,54.42,157.08,0.4798,-1,-1,-1
419,28,867.69,546.71,67.85,215.63,0.5418,-1,-1,-1
419,48,1231.53,492.78,92.12,211.47,0.4797,-1,-1,-1
419,19,445.65,249.09,83.51,198.98,0.5476,-1,-1,-1
419,50,941.25,563.99,71.92,211.19,0.5491,-1,-1,-1
419,26,393.93,624.00,73.71,236.16,0.7940,-1,-1,-1
419,54,788.29,149.55,65.34,170.46,0.3515,-1,-1,-1
419,1,459.73,64.08,74.06,195.78,0.2228,-1,-1,-1
419,5,1573.19,614.47,107.33,241.80,0.5884,-1,-1,-1
419,2,723.09,558.39,75.58,238.38,0.4199,-1,-1,-1
419,56,1662.07,65.45,72.14,177.67,0.3894,-1,-1,-1
419,43,730.87,558.55,52.80,227.76,0.3722,-1,-1,-1
420,3,973.98,931.40,94.52,146.41,0.7008,-1,-1,-1
420,4,1721.64,449.53,73.39,216.88,0.4997,-1,-1,-1
420,13,287.13,601.00,86.47,247.84,0.7783,-1,-1,-1
420,35,949.12,9.16,53.18,171.55,0.3844,-1,-1,-1
420,41,1004.79,30.87,54.09,157.95,0.4899,-1,-1,-1
420,28,867.91,546.02,69.08,217.22,0.5599,-1,-1,-1
420,48,1232.36,491.63,91.55,215.80,0.4180,-1,-1,-1
420,19,446.69,248.77,82.64,198.65,0.5264,-1,-1,-1
420,50,943.55,567.08,70.84,211.11,0.5346,-1,-1,-1
420,26,392.16,624.70,74.59,235.86,0.7864,-1,-1,-1
420,54,788.86,149.10,65.44,170.51,0.3420,-1,-1,-1
420,1,460.39,62.86,72.98,196.77,0.2214,-1,-1,-1
420,5,1573.87,614.72,104.54,240.98,0.5896,-1,-1,-1
420,2,726.15,558.52,72.68,239.63,0.4171,-1,-1,-1
420,56,1660.61,66.69,72.06,173.05,0.2458,-1,-1,-1
420,43,733.13,558.92,52.98,226.37,0.2701,-1,-1,-1
421,3,974.13,931.99,94.33,146.07,0.7085,-1,-1,-1
421,4,1721.84,454.14,74.09,214.04,0.4899,-1,-1,-1
421,13,286.07,602.78,87.88,252.23,0.7644,-1,-1,-1
421,35,949.48,8.52,53.97,171.24,0.3887,-1,-1,-1
421,41,1005.42,29.18,53.91,158.42,0.5089,-1,-1,-1
421,28,867.69,546.88,70.83,218.71,0.5208,-1,-1,-1
421,48,1233.97,497.12,93.07,212.45,0.3869,-1,-1,-1
421,19,445.58,247.14,83.89,199.36,0.5860,-1,-1,-1
421,50,945.33,570.77,70.73,212.17,0.4540,-1,-1,-1
421,26,390.74,625.23,74.98,235.58,0.7873,-1,-1,-1
421,54,791.52,149.59,60.41,171.29,0.3675,-1,-1,-1
421,1,459.45,62.30,73.83,195.60,0.1976,-1,-1,-1
421,5,1573.94,621.68,101.75,233.89,0.5497,-1,-1,-1
421,2,729.19,558.86,69.66,238.61,0.4819,-1,-1,-1
421,56,1661.71,67.36,68.17,170.91,0.2356,-1,-1,-1
421,43,731.36,559.07,64.12,234.18,0.4819,-1,-1,-1
422,3,974.67,931.73,93.82,146.41,0.7211,-1,-1,-1
422,4,1722.30,458.87,73.79,206.89,0.5267,-1,-1,-1
422,13,284.72,604.65,91.23,256.63,0.7469,-1,-1,-1
422,35,949.01,7.91,53.52,165.91,0.3742,-1,-1,-1
422,41,1005.85,27.81,53.68,156.61,0.4739,-1,-1,-1
422,28,868.67,548.83,71.54,223.64,0.4390,-1,-1,-1
422,48,1239.21,500.94,90.54,208.76,0.3878,-1,-1,-1
422,19,446.70,245.35,81.16,200.92,0.6090,-1,-1,-1
422,50,947.43,574.32,68.38,210.03,0.5543,-1,-1,-1
422,26,390.03,627.12,75.54,233.38,0.7817,-1,-1,-1
422,54,792.19,149.23,58.76,171.52,0.3525,-1,-1,-1
422,1,458.44,61.40,74.63,195.06,0.1642,-1,-1,-1
422,5,1573.47,624.44,100.72,231.15,0.4868,-1,-1,-1
422,2,731.55,560.83,68.09,231.97,0.5291,-1,-1,-1
422,56,1663.25,67.70,66.24,170.04,0.2948,-1,-1,-1
422,43,732.12,560.97,67.44,230.77,0.5291,-1,-1,-1
422,52,1759.87,102.36,75.26,197.80,0.3660,-1,-1,-1
423,3,975.49,931.27,93.56,146.59,0.6956,-1,-1,-1
423,4,1721.46,459.09,73.71,207.07,0.5462,-1,-1,-1
423,13,284.52,606.99,92.58,257.75,0.7405,-1,-1,-1
423,35,948.09,7.12,54.50,163.62,0.3813,-1,-1,-1
423,41,1006.56,25.82,53.17,155.86,0.4423,-1,-1,-1
423,28,867.66,549.52,71.89,172.00,0.3624,-1,-1,-1
423,48,1247.56,505.02,85.83,204.60,0.2961,-1,-1,-1
423,19,447.29,243.17,79.21,201.44,0.5948,-1,-1,-1
423,50,947.77,576.34,68.56,209.47,0.5584,-1,-1,-1
423,26,388.84,629.42,76.06,233.15,0.7809,-1,-1,-1
423,54,792.35,148.99,58.34,172.06,0.3340,-1,-1,-1
423,5,1574.10,624.96,99.08,230.48,0.4372,-1,-1,-1
423,2,735.27,560.80,66.83,229.12,0.6170,-1,-1,-1
423,56,1665.94,71.43,64.32,168.77,0.2856,-1,-1,-1
423,43,735.10,560.90,67.98,229.07,0.6170,-1,-1,-1
423,52,1759.88,102.30,71.61,198.40,0.3412,-1,-1,-1
424,3,976.29,931.75,92.79,146.08,0.7094,-1,-1,-1
424,4,1721.07,460.84,73.73,205.92,0.5568,-1,-1,-1
424,13,284.23,609.43,92.11,257.44,0.7515,-1,-1,-1
424,35,946.24,6.49,56.10,164.33,0.4192,-1,-1,-1
424,41,1007.07,24.03,52.83,156.64,0.4639,-1,-1,-1
424,28,868.08,551.00,72.81,208.19,0.3881,-1,-1,-1
424,48,1253.78,505.00,83.83,206.75,0.2843,-1,-1,-1
424,19,447.51,242.58,77.37,201.70,0.5977,-1,-1,-1
424,50,948.06,578.06,70.11,209.24,0.5925,-1,-1,-1
424,26,386.10,631.80,80.52,235.42,0.7811,-1,-1,-1
424,54,793.02,149.42,57.24,171.43,0.3703,-1,-1,-1
424,5,1577.61,633.10,92.72,221.98,0.4274,-1,-1,-1
424,2,737.16,560.39,70.53,230.44,0.6621,-1,-1,-1
424,56,1667.91,72.67,62.64,170.26,0.3062,-1,-1,-1
424,43,736.84,560.47,71.95,230.77,0.6621,-1,-1,-1
424,52,1760.43,119.19,61.06,181.35,0.3081,-1,-1,-1
425,3,977.77,931.90,92.14,146.15,0.6979,-1,-1,-1
425,4,1720.60,460.49,74.12,206.93,0.5451,-1,-1,-1
425,13,283.56,611.43,93.25,258.68,0.7282,-1,-1,-1
425,35,943.81,5.48,58.61,164.13,0.3898,-1,-1,-1
425,41,1007.39,23.00,52.60,157.37,0.4300,-1,-1,-1
425,28,868.04,552.06,73.01,168.64,0.3485,-1,-1,-1
425,48,1259.54,502.92,82.43,208.74,0.2007,-1,-1,-1
425,19,447.47,239.98,76.38,202.28,0.6364,-1,-1,-1
425,50,947.75,577.21,73.56,208.38,0.5791,-1,-1,-1
425,26,384.52,633.55,81.88,237.40,0.7597,-1,-1,-1
425,54,793.69,149.91,56.28,170.44,0.3772,-1,-1,-1
425,5,1577.14,635.04,91.17,220.93,0.4292,-1,-1,-1
425,2,739.15,559.68,74.55,234.96,0.6257,-1,-1,-1
425,56,1668.89,74.12,62.60,171.09,0.2803,-1,-1,-1
425,43,738.78,559.74,76.03,235.42,0.6257,-1,-1,-1
425,52,1760.84,126.25,55.45,175.37,0.3282,-1,-1,-1
426,3,979.20,931.90,92.00,146.52,0.7124,-1,-1,-1
426,4,1720.43,460.50,74.14,207.09,0.5636,-1,-1,-1
426,13,283.46,613.56,92.55,259.02,0.7228,-1,-1,-1
426,35,942.67,4.81,59.88,165.10,0.4245,-1,-1,-1
426,41,1007.89,22.12,52.65,158.26,0.4392,-1,-1,-1
426,28,868.67,555.16,74.50,205.65,0.4872,-1,-1,-1
426,48,1268.27,504.52,74.39,204.97,0.3305,-1,-1,-1
426,19,447.42,237.91,75.18,199.48,0.6278,-1,-1,-1
426,50,948.06,577.53,75.14,208.14,0.6229,-1,-1,-1
426,26,383.71,635.37,81.78,238.61,0.7310,-1,-1,-1
426,54,792.05,149.51,57.17,171.38,0.3394,-1,-1,-1
426,5,1577.27,636.75,90.03,219.11,0.3638,-1,-1,-1
426,2,740.95,559.89,77.02,237.82,0.6274,-1,-1,-1
426,56,1670.70,74.49,61.58,174.12,0.2534,-1,-1,-1
426,43,740.59,559.95,78.48,238.30,0.6274,-1,-1,-1
426,52,1763.28,128.44,50.11,175.19,0.3359,-1,-1,-1
427,3,980.62,931.03,91.51,147.68,0.7067,-1,-1,-1
427,4,1719.54,461.86,74.88,205.96,0.5423,-1,-1,-1
427,13,282.13,615.05,93.81,259.84,0.7052,-1,-1,-1
427,35,942.19,4.44,60.21,165.56,0.4095,-1,-1,-1
427,41,1007.95,21.85,52.79,158.49,0.4395,-1,-1,-1
427,28,869.36,557.14,74.66,217.16,0.5300,-1,-1,-1
427,48,1281.98,503.81,64.06,196.98,0.3016,-1,-1,-1
427,19,447.64,236.93,74.51,196.16,0.6156,-1,-1,-1
427,50,949.22,578.28,75.87,208.91,0.6078,-1,-1,-1
427,26,382.51,637.71,86.45,240.37,0.6814,-1,-1,-1
427,54,792.62,149.81,57.62,171.15,0.3952,-1,-1,-1
427,5,1576.30,633.00,89.28,222.63,0.3221,-1,-1,-1
427,2,742.76,560.16,77.80,241.27,0.5620,-1,-1,-1
427,56,1671.37,76.70,62.31,174.71,0.2612,-1,-1,-1
427,43,742.43,560.21,79.18,241.73,0.5620,-1,-1,-1
427,52,1763.53,129.18,49.59,175.91,0.3798,-1,-1,-1
428,3,981.81,930.35,91.74,148.44,0.7260,-1,-1,-1
428,4,1718.70,463.05,77.01,203.77,0.5277,-1,-1,-1
428,13,281.24,617.69,94.55,259.35,0.7029,-1,-1,-1
428,35,942.56,3.72,59.77,166.48,0.3717,-1,-1,-1
428,41,1008.01,21.63,52.97,158.65,0.4337,-1,-1,-1
428,28,870.44,560.03,75.96,226.63,0.6019,-1,-1,-1
428,48,1288.62,502.24,62.90,208.42,0.4022,-1,-1,-1
428,19,447.75,235.05,73.98,193.89,0.6397,-1,-1,-1
428,50,951.38,578.76,75.45,210.19,0.6475,-1,-1,-1
428,26,381.73,641.30,78.85,238.34,0.7223,-1,-1,-1
428,54,792.41,149.29,59.83,171.09,0.4033,-1,-1,-1
428,5,1576.59,632.94,88.44,222.92,0.3748,-1,-1,-1
428,2,744.86,561.25,81.01,242.64,0.6020,-1,-1,-1
428,56,1670.50,78.04,65.64,172.77,0.1993,-1,-1,-1
428,43,744.56,561.29,82.21,243.05,0.6020,-1,-1,-1
428,52,1763.27,129.76,49.74,176.53,0.3985,-1,-1,-1
429,3,983.08,930.38,91.16,148.38,0.7325,-1,-1,-1
429,4,1719.05,461.70,77.40,206.42,0.5474,-1,-1,-1
429,13,280.14,618.44,94.93,257.27,0.7234,-1,-1,-1
429,35,942.27,3.54,59.66,167.19,0.3725,-1,-1,-1
429,41,1007.82,20.97,53.40,161.84,0.4514,-1,-1,-1
429,28,871.30,562.87,76.17,226.11,0.6415,-1,-1,-1
429,48,1289.59,504.91,65.04,208.55,0.4007,-1,-1,-1
429,19,446.97,234.15,74.84,192.54,0.5981,-1,-1,-1
429,50,954.31,579.62,73.51,209.99,0.6493,-1,-1,-1
429,26,381.09,644.19,75.06,238.14,0.7134,-1,-1,-1
429,54,792.41,149.00,61.03,170.97,0.3993,-1,-1,-1
429,5,1576.35,635.17,87.92,221.39,0.4371,-1,-1,-1
429,2,747.56,562.12,83.93,246.34,0.6675,-1,-1,-1
429,56,1673.39,82.11,63.87,169.68,0.1804,-1,-1,-1
429,43,747.28,562.16,85.01,246.72,0.6675,-1,-1,-1
429,52,1763.14,136.10,47.21,169.57,0.3199,-1,-1,-1
430,3,986.46,929.75,88.45,148.93,0.7072,-1,-1,-1
430,4,1720.07,464.10,76.70,203.61,0.5224,-1,-1,-1
430,13,279.14,620.13,93.85,256.19,0.7245,-1,-1,-1
430,35,942.54,3.37,59.31,167.59,0.3147,-1,-1,-1
430,41,1008.12,21.07,53.28,160.98,0.4023,-1,-1,-1
430,28,872.20,564.48,75.87,226.46,0.5906,-1,-1,-1
430,48,1290.96,516.05,67.88,196.94,0.3801,-1,-1,-1
430,19,446.22,232.24,75.52,193.17,0.5615,-1,-1,-1
430,50,956.14,580.88,73.87,208.22,0.6318,-1,-1,-1
430,26,379.38,646.62,73.24,240.94,0.7090,-1,-1,-1
430,54,793.77,148.17,57.96,172.46,0.3807,-1,-1,-1
430,5,1575.73,634.75,88.33,221.90,0.4743,-1,-1,-1
430,2,749.90,563.03,86.06,245.65,0.6762,-1,-1,-1
430,56,1674.97,83.13,64.16,169.66,0.1591,-1,-1,-1
430,43,749.64,563.07,87.05,245.99,0.6762,-1,-1,-1
430,52,1762.22,139.76,48.72,164.23,0.1853,-1,-1,-1
431,3,988.72,929.02,86.70,149.59,0.6961,-1,-1,-1
431,4,1721.80,462.52,73.71,206.71,0.5391,-1,-1,-1
431,13,279.43,621.55,92.68,254.63,0.7545,-1,-1,-1
431,35,942.91,3.50,58.84,167.55,0.3740,-1,-1,-1
431,41,1008.52,20.59,53.24,159.38,0.3975,-1,-1,-1
431,28,872.47,566.55,77.05,226.42,0.6159,-1,-1,-1
431,19,445.46,230.57,75.49,194.01,0.5685,-1,-1,-1
431,50,958.89,582.00,72.24,207.08,0.6162,-1,-1,-1
431,26,377.45,648.74,73.21,240.50,0.7411,-1,-1,-1
431,54,790.34,148.98,62.73,171.46,0.3767,-1,-1,-1
431,5,1575.71,633.76,88.29,222.24,0.4193,-1,-1,-1
431,2,752.27,563.40,86.78,245.17,0.6970,-1,-1,-1
431,56,1677.66,86.68,62.69,167.21,0.1784,-1,-1,-1
431,43,752.04,563.43,87.68,245.47,0.6970,-1,-1,-1
431,52,1760.29,143.15,49.08,161.74,0.2125,-1,-1,-1
432,3,991.11,927.71,84.46,150.88,0.7006,-1,-1,-1
432,4,1721.72,462.39,72.81,206.18,0.5634,-1,-1,-1
432,13,278.81,623.21,92.33,252.00,0.7419,-1,-1,-1
432,35,943.13,4.02,59.26,168.48,0.3587,-1,-1,-1
432,41,1008.30,21.36,53.43,159.01,0.4157,-1,-1,-1
432,28,873.57,569.08,75.55,225.69,0.6111,-1,-1,-1
432,19,444.81,228.61,75.72,195.80,0.5827,-1,-1,-1
432,50,960.07,583.12,72.43,207.19,0.6277,-1,-1,-1
432,26,376.71,650.33,73.75,239.44,0.7337,-1,-1,-1
432,54,791.84,148.17,59.73,172.50,0.4032,-1,-1,-1
432,5,1574.50,629.29,89.59,227.04,0.4540,-1,-1,-1
432,2,754.05,564.17,87.01,246.14,0.7277,-1,-1,-1
432,56,1679.87,86.50,63.10,170.21,0.1519,-1,-1,-1
432,43,753.85,564.20,87.83,246.40,0.7277,-1,-1,-1
432,52,1758.54,140.48,50.14,164.52,0.2696,-1,-1,-1
433,3,992.81,927.75,83.66,150.65,0.6879,-1,-1,-1
433,4,1722.12,463.11,74.19,204.94,0.5232,-1,-1,-1
433,13,278.80,623.25,90.24,249.94,0.7522,-1,-1,-1
433,35,942.74,3.67,59.85,169.90,0.4323,-1,-1,-1
433,41,1007.93,20.93,54.08,159.61,0.4048,-1,-1,-1
433,28,875.38,570.52,75.05,223.12,0.6067,-1,-1,-1
433,19,444.44,227.32,76.14,196.95,0.6034,-1,-1,-1
433,50,962.50,583.94,71.38,209.43,0.5932,-1,-1,-1
433,26,375.70,652.01,73.90,238.54,0.7008,-1,-1,-1
433,54,793.17,147.84,58.11,173.09,0.3874,-1,-1,-1
433,5,1574.29,627.27,88.36,228.26,0.3977,-1,-1,-1
433,2,755.58,564.75,86.71,248.47,0.7083,-1,-1,-1
433,56,1680.73,88.23,63.27,169.42,0.1780,-1,-1,-1
433,43,755.40,564.78,87.44,248.70,0.7083,-1,-1,-1
433,52,1756.50,139.09,52.37,167.12,0.2880,-1,-1,-1
434,3,994.83,927.87,83.17,150.22,0.7309,-1,-1,-1
434,4,1723.44,464.35,72.89,203.27,0.4751,-1,-1,-1
434,13,278.62,624.10,89.51,248.67,0.7395,-1,-1,-1
434,35,942.76,3.53,58.94,169.93,0.4262,-1,-1,-1
434,41,1007.78,20.97,54.49,158.91,0.4224,-1,-1,-1
434,28,878.23,571.55,74.17,222.77,0.6043,-1,-1,-1
434,19,444.94,226.47,75.61,197.92,0.5982,-1,-1,-1
434,50,963.38,585.91,71.95,211.02,0.6031,-1,-1,-1
434,26,373.58,653.03,75.91,237.66,0.7262,-1,-1,-1
434,54,793.44,148.54,57.64,172.01,0.4270,-1,-1,-1
434,5,1574.16,629.78,87.72,225.18,0.3825,-1,-1,-1
434,2,757.11,566.04,85.54,249.15,0.7282,-1,-1,-1
434,56,1681.27,89.60,64.03,167.86,0.1861,-1,-1,-1
434,43,756.96,566.07,86.21,249.35,0.7282,-1,-1,-1
434,52,1754.09,135.75,53.99,173.77,0.1741,-1,-1,-1
435,3,996.96,926.88,82.55,151.15,0.7074,-1,-1,-1
435,4,1723.81,464.79,72.68,203.52,0.4901,-1,-1,-1
435,13,278.05,624.95,89.17,248.47,0.7552,-1,-1,-1
435,35,942.67,4.19,58.09,168.32,0.4246,-1,-1,-1
435,41,1007.01,20.35,55.59,159.05,0.3905,-1,-1,-1
435,28,879.12,572.48,75.46,220.83,0.6101,-1,-1,-1
435,19,444.78,225.71,75.51,198.86,0.6002,-1,-1,-1
435,50,965.16,587.21,70.65,215.82,0.6067,-1,-1,-1
435,26,371.12,653.45,77.03,238.48,0.7218,-1,-1,-1
435,54,793.89,148.07,56.50,172.02,0.4002,-1,-1,-1
435,5,1573.74,629.87,87.01,224.55,0.3791,-1,-1,-1
435,2,758.89,566.45,83.23,249.72,0.7069,-1,-1,-1
435,56,1681.21,88.96,66.18,168.89,0.2032,-1,-1,-1
435,43,758.76,566.47,83.82,249.91,0.7069,-1,-1,-1
435,52,1751.86,134.22,57.49,176.86,0.1574,-1,-1,-1
435,48,1312.33,521.04,83.55,186.31,0.3750,-1,-1,-1
436,3,998.74,926.47,83.18,151.27,0.6918,-1,-1,-1
436,4,1724.45,465.88,72.05,201.82,0.4651,-1,-1,-1
436,13,276.97,625.81,89.27,250.94,0.7628,-1,-1,-1
436,35,943.21,3.10,57.21,169.11,0.4335,-1,-1,-1
436,41,1006.55,19.43,56.09,157.83,0.3979,-1,-1,-1
436,28,880.01,573.67,75.08,213.04,0.6298,-1,-1,-1
436,19,444.69,225.02,75.42,199.93,0.6233,-1,-1,-1
436,50,967.36,588.06,69.98,221.62,0.6194,-1,-1,-1
436,26,368.96,654.17,76.88,237.81,0.7305,-1,-1,-1
436,54,793.09,148.68,57.29,171.34,0.4054,-1,-1,-1
436,5,1574.31,634.59,83.21,218.37,0.3284,-1,-1,-1
436,2,760.17,566.71,81.46,250.61,0.6872,-1,-1,-1
436,56,1682.56,88.72,67.54,171.08,0.1681,-1,-1,-1
436,43,760.05,566.73,81.98,250.77,0.6872,-1,-1,-1
436,48,1316.05,521.96,85.35,182.70,0.4840,-1,-1,-1
437,3,1000.58,925.47,83.65,152.43,0.7145,-1,-1,-1
437,4,1723.95,465.86,72.97,200.77,0.5044,-1,-1,-1
437,13,275.43,627.73,89.75,255.27,0.7762,-1,-1,-1
437,35,942.80,3.07,56.61,167.08,0.4458,-1,-1,-1
437,41,1006.00,18.34,56.61,157.77,0.4086,-1,-1,-1
437,28,880.98,574.60,74.95,216.05,0.6407,-1,-1,-1
437,19,445.61,223.90,73.89,199.94,0.6127,-1,-1,-1
437,50,967.91,589.80,69.34,223.75,0.6098,-1,-1,-1
437,26,367.76,655.33,76.61,236.50,0.7368,-1,-1,-1
437,54,793.44,148.68,56.65,171.22,0.3996,-1,-1,-1
437,5,1574.57,637.62,80.75,214.74,0.3289,-1,-1,-1
437,2,760.96,566.97,80.91,251.30,0.6858,-1,-1,-1
437,56,1685.81,86.21,68.53,176.41,0.1570,-1,-1,-1
437,43,760.86,566.99,81.36,251.44,0.6858,-1,-1,-1
437,48,1320.55,525.98,82.10,178.85,0.4388,-1,-1,-1
438,3,1003.49,925.56,83.25,152.42,0.7075,-1,-1,-1
438,4,1723.38,464.49,71.84,203.40,0.5345,-1,-1,-1
438,13,273.95,630.22,89.71,259.50,0.7688,-1,-1,-1
438,35,942.67,2.24,56.07,165.88,0.4117,-1,-1,-1
438,41,1005.90,16.61,56.47,157.75,0.3380,-1,-1,-1
438,28,881.46,575.32,75.45,222.06,0.6692,-1,-1,-1
438,19,446.54,224.28,73.04,198.75,0.6168,-1,-1,-1
438,50,967.70,591.73,71.11,225.43,0.5801,-1,-1,-1
438,26,367.13,656.59,75.07,236.10,0.7401,-1,-1,-1
438,54,792.95,148.65,57.57,170.79,0.4233,-1,-1,-1
438,5,1573.55,635.91,76.70,216.24,0.3573,-1,-1,-1
438,2,762.81,567.40,79.01,251.89,0.6781,-1,-1,-1
438,56,1688.32,86.42,69.81,179.09,0.1588,-1,-1,-1
438,43,762.72,567.42,79.41,252.02,0.6781,-1,-1,-1
438,48,1323.92,529.99,81.80,175.81,0.3245,-1,-1,-1
439,3,1005.71,925.54,83.95,152.68,0.6938,-1,-1,-1
439,4,1722.97,462.45,71.36,204.73,0.5583,-1,-1,-1
439,13,274.63,631.65,86.57,261.89,0.7553,-1,-1,-1
439,35,942.53,0.63,55.08,165.20,0.4090,-1,-1,-1
439,41,1006.21,15.04,56.26,156.99,0.3241,-1,-1,-1
439,28,882.37,576.09,76.31,225.30,0.6673,-1,-1,-1
439,19,447.74,223.98,72.10,199.57,0.6159,-1,-1,-1
439,50,967.49,594.66,72.00,225.37,0.5636,-1,-1,-1
439,26,365.60,657.33,75.45,236.17,0.7639,-1,-1,-1
439,54,792.95,147.76,57.88,171.98,0.4346,-1,-1,-1
439,5,1572.64,636.81,73.39,216.11,0.3075,-1,-1,-1
439,2,764.66,568.51,77.61,251.15,0.6476,-1,-1,-1
439,56,1688.72,86.45,71.07,179.66,0.1754,-1,-1,-1
439,43,764.58,568.52,77.95,251.26,0.6476,-1,-1,-1
439,48,1330.04,535.99,76.92,177.17,0.2937,-1,-1,-1
440,3,1007.39,925.36,84.97,152.89,0.6976,-1,-1,-1
440,4,1723.38,461.44,70.81,205.22,0.6074,-1,-1,-1
440,13,272.38,633.76,88.47,262.22,0.7627,-1,-1,-1
440,35,941.85,0.02,54.83,161.87,0.4345,-1,-1,-1
440,41,1006.08,13.48,56.29,156.20,0.3647,-1,-1,-1
440,28,883.16,576.76,76.93,225.70,0.6685,-1,-1,-1
440,19,447.42,223.07,72.66,199.41,0.6126,-1,-1,-1
440,50,967.27,596.67,73.71,224.89,0.5856,-1,-1,-1
440,26,366.38,657.50,73.34,240.25,0.7502,-1,-1,-1
440,54,793.89,147.30,56.75,172.28,0.4461,-1,-1,-1
440,5,1572.55,635.74,67.38,217.22,0.2870,-1,-1,-1
440,2,766.99,568.87,76.05,250.43,0.6697,-1,-1,-1
440,56,1688.79,85.26,69.35,182.66,0.1571,-1,-1,-1
440,43,766.92,568.88,76.34,250.53,0.6697,-1,-1,-1
440,48,1336.87,531.89,73.79,190.65,0.2755,-1,-1,-1
441,3,1009.67,924.44,84.92,154.10,0.7323,-1,-1,-1
441,4,1723.44,460.17,70.57,206.25,0.5944,-1,-1,-1
441,13,270.46,636.16,89.86,260.25,0.7678,-1,-1,-1
441,35,941.72,-0.14,54.73,159.49,0.4092,-1,-1,-1
441,41,1005.60,13.10,56.25,153.42,0.3684,-1,-1,-1
441,28,885.83,577.15,73.84,219.88,0.6607,-1,-1,-1
441,19,447.34,220.79,72.41,199.88,0.6138,-1,-1,-1
441,50,965.81,598.84,75.96,222.66,0.5209,-1,-1,-1
441,26,365.65,659.29,72.72,244.78,0.7759,-1,-1,-1
441,54,793.38,147.51,56.91,171.76,0.4630,-1,-1,-1
441,5,1572.16,635.03,63.02,218.36,0.2930,-1,-1,-1
441,2,770.60,569.80,71.46,250.62,0.6545,-1,-1,-1
441,43,770.54,569.81,71.72,250.71,0.6545,-1,-1,-1
441,48,1343.40,531.05,70.97,195.08,0.3903,-1,-1,-1
442,3,1011.54,924.30,85.30,154.19,0.7429,-1,-1,-1
442,4,1724.40,459.55,69.43,207.44,0.5853,-1,-1,-1
442,13,267.43,638.54,90.42,260.60,0.7724,-1,-1,-1
442,35,941.10,-0.22,55.41,156.78,0.4214,-1,-1,-1
442,41,1005.02,12.27,56.37,153.24,0.3810,-1,-1,-1
442,28,886.79,578.05,73.86,218.00,0.6409,-1,-1,-1
442,19,447.23,218.83,72.08,197.83,0.5459,-1,-1,-1
442,50,966.51,599.87,75.83,221.58,0.5366,-1,-1,-1
442,26,363.31,662.08,73.84,245.35,0.7717,-1,-1,-1
442,54,793.67,147.62,55.96,171.38,0.4316,-1,-1,-1
442,5,1572.58,630.97,58.23,223.29,0.2419,-1,-1,-1
442,2,774.03,570.62,68.36,251.18,0.6385,-1,-1,-1
442,43,773.98,570.63,68.57,251.26,0.6385,-1,-1,-1
442,48,1358.04,528.22,62.11,198.19,0.3798,-1,-1,-1
443,3,1013.11,924.31,86.00,154.55,0.7338,-1,-1,-1
443,4,1724.86,459.42,68.94,207.56,0.5816,-1,-1,-1
443,13,263.57,640.72,91.33,260.86,0.7562,-1,-1,-1
443,35,938.75,-0.18,56.62,156.41,0.4310,-1,-1,-1
443,41,1004.69,12.04,56.71,153.59,0.3924,-1,-1,-1
443,28,885.46,580.12,76.52,226.53,0.6015,-1,-1,-1
443,19,447.66,217.37,71.96,194.97,0.5331,-1,-1,-1
443,50,967.13,601.44,74.92,221.05,0.4744,-1,-1,-1
443,26,360.22,665.07,75.49,245.62,0.7664,-1,-1,-1
443,54,793.87,147.55,55.51,171.96,0.4222,-1,-1,-1
443,5,1571.60,631.30,57.39,223.00,0.2282,-1,-1,-1
443,2,776.37,570.80,67.98,250.29,0.6226,-1,-1,-1
443,43,776.33,570.81,68.15,250.35,0.6226,-1,-1,-1
443,48,1362.39,527.47,63.99,204.71,0.4461,-1,-1,-1
444,3,1015.32,924.79,85.35,154.44,0.7498,-1,-1,-1
444,4,1725.28,458.94,68.73,208.22,0.5788,-1,-1,-1
444,13,259.84,643.34,92.94,258.98,0.7695,-1,-1,-1
444,35,938.13,-0.24,56.39,157.16,0.4115,-1,-1,-1
444,41,1004.53,11.99,56.70,152.70,0.3934,-1,-1,-1
444,28,885.96,582.62,75.75,229.48,0.6193,-1,-1,-1
444,19,446.43,215.64,72.94,191.98,0.5118,-1,-1,-1
444,50,966.86,602.78,75.77,220.21,0.4645,-1,-1,-1
444,26,358.56,668.01,75.78,246.77,0.7727,-1,-1,-1
444,54,792.70,147.27,55.87,171.83,0.4181,-1,-1,-1
444,5,1570.33,633.47,57.56,219.65,0.2514,-1,-1,-1
444,2,778.85,570.99,67.32,252.06,0.6435,-1,-1,-1
444,43,778.81,571.00,67.48,252.11,0.6435,-1,-1,-1
444,48,1368.83,529.70,63.77,185.04,0.2522,-1,-1,-1
445,3,1016.48,923.94,85.18,155.49,0.7429,-1,-1,-1
445,4,1724.77,458.28,68.99,208.31,0.5721,-1,-1,-1
445,13,256.84,644.18,93.66,257.69,0.7530,-1,-1,-1
445,35,939.33,-0.22,55.82,156.52,0.4247,-1,-1,-1
445,41,1005.27,11.40,56.31,156.08,0.3949,-1,-1,-1
445,28,885.57,584.41,75.92,229.71,0.6496,-1,-1,-1
445,19,445.29,214.03,73.46,191.15,0.5385,-1,-1,-1
445,50,966.72,602.86,76.66,221.19,0.5777,-1,-1,-1
445,26,358.07,671.71,74.97,244.12,0.7519,-1,-1,-1
445,54,793.17,147.75,55.25,172.40,0.4050,-1,-1,-1
445,5,1570.84,634.29,55.80,218.14,0.2297,-1,-1,-1
445,2,780.17,571.45,69.34,251.91,0.6493,-1,-1,-1
445,43,780.14,571.46,69.47,251.96,0.6493,-1,-1,-1
446,3,1018.94,923.62,83.56,155.20,0.7475,-1,-1,-1
446,4,1724.90,457.88,68.62,208.97,0.5628,-1,-1,-1
446,13,253.52,645.51,95.32,256.43,0.7523,-1,-1,-1
446,35,941.04,-0.19,53.86,154.76,0.4126,-1,-1,-1
446,41,1004.76,11.51,56.48,155.21,0.3792,-1,-1,-1
446,28,884.87,586.27,76.96,234.80,0.6291,-1,-1,-1
446,19,444.53,212.28,73.46,191.87,0.5341,-1,-1,-1
446,50,965.33,603.65,77.96,219.51,0.5980,-1,-1,-1
446,26,356.64,674.46,74.55,245.00,0.7414,-1,-1,-1
446,54,793.58,147.68,54.36,172.61,0.3857,-1,-1,-1
446,5,1571.65,630.36,54.10,221.94,0.1637,-1,-1,-1
446,2,782.34,572.10,70.96,250.31,0.6335,-1,-1,-1
446,43,782.32,572.10,71.07,250.35,0.6335,-1,-1,-1
447,3,1020.29,922.19,82.83,157.07,0.7504,-1,-1,-1
447,4,1722.69,458.05,70.63,209.47,0.5635,-1,-1,-1
447,13,251.85,647.24,96.59,255.12,0.7633,-1,-1,-1
447,35,941.73,-0.15,52.31,154.01,0.3906,-1,-1,-1
447,41,1004.73,11.48,56.03,154.69,0.3492,-1,-1,-1
447,28,884.65,588.60,77.04,235.90,0.6178,-1,-1,-1
447,19,444.26,210.87,73.11,193.33,0.5193,-1,-1,-1
447,50,966.99,607.09,76.97,212.64,0.5587,-1,-1,-1
447,26,355.17,676.53,74.73,244.71,0.7557,-1,-1,-1
447,54,793.02,148.60,57.26,172.05,0.3550,-1,-1,-1
447,5,1571.99,629.57,52.76,222.10,0.1781,-1,-1,-1
447,2,784.68,572.38,72.05,249.15,0.6370,-1,-1,-1
447,43,784.66,572.39,72.15,249.19,0.6370,-1,-1,-1
448,3,1022.25,921.32,81.15,157.70,0.7501,-1,-1,-1
448,4,1720.82,458.01,72.47,209.72,0.5693,-1,-1,-1
448,13,250.67,647.90,96.56,253.90,0.7708,-1,-1,-1
448,35,941.05,-0.11,52.16,153.88,0.4617,-1,-1,-1
448,41,1004.71,11.77,55.74,154.60,0.4223,-1,-1,-1
448,28,883.26,590.59,79.18,241.25,0.6490,-1,-1,-1
448,19,443.17,210.03,73.28,193.41,0.5455,-1,-1,-1
448,50,967.54,608.21,76.65,212.09,0.6532,-1,-1,-1
448,26,353.91,678.36,74.16,243.74,0.7587,-1,-1,-1
448,54,793.86,148.87,56.76,171.53,0.3680,-1,-1,-1
448,5,1569.67,629.92,54.61,221.06,0.1996,-1,-1,-1
448,2,786.43,572.16,74.86,248.72,0.6542,-1,-1,-1
448,43,786.41,572.16,74.95,248.75,0.6542,-1,-1,-1
449,3,1023.39,921.70,80.68,157.35,0.7503,-1,-1,-1
449,4,1722.26,457.30,73.79,209.77,0.5460,-1,-1,-1
449,13,250.72,648.39,95.78,253.04,0.7612,-1,-1,-1
449,35,939.21,-0.12,52.50,154.18,0.4388,-1,-1,-1
449,41,1004.88,11.90,55.30,153.96,0.3979,-1,-1,-1
449,28,882.40,593.14,81.04,245.01,0.6600,-1,-1,-1
449,19,442.85,209.59,72.74,193.30,0.5246,-1,-1,-1
449,50,966.72,609.89,78.44,211.04,0.6533,-1,-1,-1
449,26,351.00,679.31,75.42,243.09,0.7629,-1,-1,-1
449,54,793.49,149.01,57.53,171.44,0.3749,-1,-1,-1
449,5,1566.57,631.65,57.59,218.99,0.2457,-1,-1,-1
449,2,787.44,572.76,76.40,247.92,0.6559,-1,-1,-1
449,43,787.42,572.77,76.48,247.95,0.6559,-1,-1,-1
450,3,1024.70,920.76,79.51,157.94,0.7471,-1,-1,-1
450,4,1722.88,457.22,73.67,209.91,0.5650,-1,-1,-1
450,13,249.22,650.01,96.27,250.08,0.7588,-1,-1,-1
450,35,938.77,-0.10,52.23,153.63,0.4797,-1,-1,-1
450,41,1004.91,11.75,55.39,153.27,0.3962,-1,-1,-1
450,28,881.95,594.37,82.47,246.04,0.6523,-1,-1,-1
450,19,442.65,209.14,72.04,194.11,0.5364,-1,-1,-1
450,50,968.46,611.28,77.09,211.28,0.6556,-1,-1,-1
450,26,348.35,679.45,77.32,243.13,0.7610,-1,-1,-1
450,54,793.94,148.87,56.87,171.58,0.3728,-1,-1,-1
450,5,1562.92,632.02,60.60,218.11,0.2087,-1,-1,-1
450,2,788.20,573.55,77.40,246.88,0.6377,-1,-1,-1
450,43,788.18,573.55,77.47,246.91,0.6377,-1,-1,-1
451,3,1026.15,921.65,78.37,157.92,0.7443,-1,-1,-1
451,4,1720.22,457.81,74.47,209.09,0.5202,-1,-1,-1
451,13,249.26,651.95,93.75,247.23,0.7254,-1,-1,-1
451,35,938.19,-0.11,52.62,153.95,0.4594,-1,-1,-1
451,41,1004.82,12.17,55.13,153.29,0.3785,-1,-1,-1
451,28,881.66,596.99,82.53,244.58,0.6084,-1,-1,-1
451,19,440.97,208.95,73.03,193.99,0.5083,-1,-1,-1
451,50,970.78,612.47,75.76,215.27,0.6076,-1,-1,-1
451,26,346.21,680.57,77.51,243.77,0.7553,-1,-1,-1
451,54,795.41,148.99,52.87,170.75,0.3656,-1,-1,-1
451,5,1559.93,629.04,63.62,221.89,0.2719,-1,-1,-1
451,2,789.59,575.09,76.32,244.74,0.6339,-1,-1,-1
451,43,789.58,575.09,76.39,244.76,0.6339,-1,-1,-1
452,3,1027.34,921.85,77.40,158.04,0.7641,-1,-1,-1
452,4,1719.14,458.22,74.96,208.79,0.5368,-1,-1,-1
452,13,249.23,653.51,92.24,249.40,0.7525,-1,-1,-1
452,35,937.97,-0.12,52.63,155.96,0.4918,-1,-1,-1
452,41,1004.64,12.26,55.02,152.65,0.3811,-1,-1,-1
452,28,883.92,598.24,80.62,244.72,0.6395,-1,-1,-1
452,19,440.19,208.12,73.88,194.95,0.4628,-1,-1,-1
452,50,972.18,613.99,76.40,219.18,0.6032,-1,-1,-1
452,26,343.44,680.86,79.20,242.36,0.7864,-1,-1,-1
452,54,796.22,148.52,51.31,170.22,0.3516,-1,-1,-1
452,5,1558.64,623.54,64.88,227.32,0.4191,-1,-1,-1
452,2,791.88,575.56,75.60,244.99,0.6456,-1,-1,-1
452,43,791.87,575.57,75.66,245.01,0.6456,-1,-1,-1
452,48,1413.11,542.29,70.71,155.57,0.3924,-1,-1,-1
453,3,1028.02,921.52,76.90,158.45,0.7543,-1,-1,-1
453,4,1718.29,458.67,75.58,208.53,0.5332,-1,-1,-1
453,13,249.00,655.95,90.99,251.83,0.7496,-1,-1,-1
453,35,937.68,-0.07,52.50,155.98,0.5075,-1,-1,-1
453,41,1004.75,11.93,54.94,152.63,0.4049,-1,-1,-1
453,28,887.69,599.79,77.43,242.81,0.6338,-1,-1,-1
453,19,440.48,208.09,72.56,195.53,0.4319,-1,-1,-1
453,50,972.80,616.64,76.92,220.62,0.6084,-1,-1,-1
453,26,341.57,681.03,80.24,241.65,0.7833,-1,-1,-1
453,54,795.63,148.03,51.02,171.92,0.3079,-1,-1,-1
453,5,1549.52,618.82,75.72,231.97,0.4661,-1,-1,-1
453,2,794.43,576.98,75.88,244.89,0.6392,-1,-1,-1
453,43,794.42,576.98,75.94,244.91,0.6392,-1,-1,-1
453,48,1421.86,544.00,70.08,154.74,0.3845,-1,-1,-1
454,3,1027.78,921.12,77.26,158.93,0.7554,-1,-1,-1
454,4,1716.60,458.01,77.01,208.56,0.5620,-1,-1,-1
454,13,247.92,657.41,91.54,254.73,0.7522,-1,-1,-1
454,35,937.15,-0.01,52.78,155.78,0.5301,-1,-1,-1
454,41,1005.29,11.34,54.20,153.32,0.4114,-1,-1,-1
454,28,885.03,600.78,80.97,241.57,0.6419,-1,-1,-1
454,19,443.42,207.81,68.77,196.65,0.4459,-1,-1,-1
454,50,976.10,618.74,74.37,220.39,0.6458,-1,-1,-1
454,26,339.87,681.75,82.11,240.93,0.7977,-1,-1,-1
454,54,795.29,148.11,53.07,171.49,0.3315,-1,-1,-1
454,5,1554.51,620.78,69.05,230.53,0.4472,-1,-1,-1
454,2,796.37,578.03,74.34,244.06,0.6219,-1,-1,-1
454,43,796.36,578.03,74.39,244.07,0.6219,-1,-1,-1
454,48,1426.40,544.15,69.66,156.37,0.3625,-1,-1,-1
454,57,1661.49,359.77,66.72,190.91,0.4119,-1,-1,-1
455,3,1028.52,921.63,77.08,158.35,0.7530,-1,-1,-1
455,4,1715.48,457.85,78.25,209.60,0.5585,-1,-1,-1
455,13,246.87,658.43,92.94,258.03,0.7566,-1,-1,-1
455,35,937.42,0.10,51.92,155.36,0.5342,-1,-1,-1
455,41,1005.73,10.88,53.80,152.90,0.4316,-1,-1,-1
455,28,885.75,601.58,80.76,237.59,0.6325,-1,-1,-1
455,19,442.17,204.98,70.45,197.61,0.4564,-1,-1,-1
455,50,977.14,621.50,75.74,217.39,0.6437,-1,-1,-1
455,26,339.34,683.00,80.81,242.07,0.7862,-1,-1,-1
455,54,794.19,148.03,54.99,171.27,0.3231,-1,-1,-1
455,5,1544.78,616.39,79.18,234.57,0.4994,-1,-1,-1
455,2,797.48,579.37,74.98,242.87,0.6462,-1,-1,-1
455,43,797.47,579.37,75.02,242.88,0.6462,-1,-1,-1
455,48,1429.37,544.49,70.71,156.85,0.2827,-1,-1,-1
455,57,1661.42,359.35,65.64,191.06,0.3729,-1,-1,-1
456,3,1028.90,921.73,77.50,158.23,0.7452,-1,-1,-1
456,4,1715.73,457.89,77.83,209.73,0.5720,-1,-1,-1
456,13,245.84,660.33,93.21,260.86,0.7581,-1,-1,-1
456,35,937.70,-0.02,51.36,154.52,0.5446,-1,-1,-1
456,41,1006.10,9.65,53.41,153.15,0.4680,-1,-1,-1
456,28,885.37,602.06,83.13,236.59,0.6559,-1,-1,-1
456,19,443.19,203.81,68.25,198.13,0.5165,-1,-1,-1
456,50,978.75,623.58,76.15,219.32,0.6811,-1,-1,-1
456,26,337.55,684.31,80.89,245.59,0.7770,-1,-1,-1
456,54,794.05,146.39,55.63,172.51,0.3082,-1,-1,-1
456,5,1547.85,614.89,76.12,236.34,0.4735,-1,-1,-1
456,2,798.65,580.79,74.45,241.55,0.6529,-1,-1,-1
456,43,798.65,580.80,74.49,241.56,0.6529,-1,-1,-1
456,48,1432.28,544.53,68.66,156.75,0.2775,-1,-1,-1
456,57,1659.44,359.30,65.89,191.96,0.3943,-1,-1,-1
457,3,1028.88,921.96,77.92,158.03,0.7304,-1,-1,-1
457,4,1715.12,458.00,78.55,209.40,0.6013,-1,-1,-1
457,13,244.38,662.48,94.38,261.88,0.7620,-1,-1,-1
457,35,937.71,-0.01,51.11,153.13,0.5355,-1,-1,-1
457,41,1006.22,9.24,53.32,151.04,0.4533,-1,-1,-1
457,28,886.39,602.83,83.76,237.23,0.6551,-1,-1,-1
457,19,444.30,201.82,66.48,198.29,0.5368,-1,-1,-1
457,50,980.09,625.02,75.47,221.25,0.6715,-1,-1,-1
457,26,336.00,687.52,79.83,248.14,0.7938,-1,-1,-1
457,54,792.52,145.54,57.58,174.23,0.3198,-1,-1,-1
457,5,1549.09,614.18,74.67,238.28,0.4568,-1,-1,-1
457,2,800.28,581.49,72.67,241.40,0.6694,-1,-1,-1
457,43,800.27,581.49,72.70,241.41,0.6694,-1,-1,-1
457,48,1434.81,545.06,68.49,152.93,0.1753,-1,-1,-1
457,57,1658.85,359.51,65.17,189.74,0.4079,-1,-1,-1
458,3,1028.68,921.70,79.03,158.35,0.7401,-1,-1,-1
458,4,1714.82,458.13,79.12,209.99,0.5698,-1,-1,-1
458,13,243.01,665.24,95.91,262.28,0.7640,-1,-1,-1
458,35,936.35,-0.01,52.24,151.97,0.4904,-1,-1,-1
458,41,1006.04,8.40,53.81,148.90,0.4161,-1,-1,-1
458,28,891.80,603.99,79.95,238.61,0.6842,-1,-1,-1
458,19,445.58,200.03,64.68,196.05,0.5324,-1,-1,-1
458,50,980.52,625.80,77.16,222.16,0.6746,-1,-1,-1
458,26,334.90,690.95,79.29,248.00,0.7933,-1,-1,-1
458,54,795.15,145.58,54.88,174.03,0.3028,-1,-1,-1
458,5,1549.87,613.61,73.59,238.70,0.4585,-1,-1,-1
458,2,801.94,583.26,73.83,240.74,0.6582,-1,-1,-1
458,43,801.93,583.26,73.86,240.75,0.6582,-1,-1,-1
458,57,1657.57,358.79,63.98,189.77,0.4440,-1,-1,-1
459,3,1028.19,921.41,80.08,158.62,0.7315,-1,-1,-1
459,4,1716.50,458.32,77.38,209.60,0.5416,-1,-1,-1
459,13,242.18,667.79,96.22,264.73,0.7719,-1,-1,-1
459,35,935.81,0.01,52.50,149.00,0.4685,-1,-1,-1
459,41,1007.22,7.39,52.50,146.51,0.3970,-1,-1,-1
459,28,895.04,605.58,78.05,238.46,0.6819,-1,-1,-1
459,19,445.69,197.49,64.45,194.09,0.5004,-1,-1,-1
459,50,981.06,627.65,78.86,221.83,0.6884,-1,-1,-1
459,26,334.03,694.75,77.80,246.74,0.8081,-1,-1,-1
459,54,794.00,145.29,55.93,174.76,0.2829,-1,-1,-1
459,5,1550.46,613.73,71.98,238.77,0.4914,-1,-1,-1
459,2,803.76,584.08,75.44,240.56,0.6428,-1,-1,-1
459,43,803.76,584.08,75.47,240.57,0.6428,-1,-1,-1
459,57,1655.69,357.47,63.81,189.53,0.3806,-1,-1,-1
459,58,1836.95,382.61,73.87,200.92,0.3720,-1,-1,-1
460,3,1028.13,921.40,80.61,158.63,0.7355,-1,-1,-1
460,4,1717.31,457.34,76.49,210.96,0.5460,-1,-1,-1
460,13,241.89,668.67,96.42,266.94,0.7749,-1,-1,-1
460,35,934.43,0.09,54.41,147.54,0.5076,-1,-1,-1
460,41,1008.02,5.95,51.44,146.51,0.4400,-1,-1,-1
460,28,897.34,607.02,78.11,239.97,0.7078,-1,-1,-1
460,19,445.23,195.58,65.48,191.24,0.5148,-1,-1,-1
460,50,982.27,628.57,78.67,221.17,0.6727,-1,-1,-1
460,26,333.88,698.19,77.45,243.74,0.8116,-1,-1,-1
460,54,795.19,145.72,54.83,174.01,0.3153,-1,-1,-1
460,5,1551.38,615.04,69.46,237.88,0.4469,-1,-1,-1
460,2,805.69,584.23,77.51,240.67,0.6629,-1,-1,-1
460,43,805.69,584.23,77.54,240.68,0.6629,-1,-1,-1
460,57,1652.87,353.65,65.01,195.14,0.1787,-1,-1,-1
460,58,1832.40,379.81,77.79,207.61,0.3333,-1,-1,-1
461,3,1027.98,921.65,81.20,158.39,0.7373,-1,-1,-1
461,4,1718.98,457.56,74.97,210.39,0.5476,-1,-1,-1
461,13,241.44,670.10,97.73,266.73,0.7845,-1,-1,-1
461,35,933.98,0.78,55.10,145.59,0.4425,-1,-1,-1
461,41,1007.86,5.35,51.89,147.71,0.4040,-1,-1,-1
461,28,898.61,609.42,78.65,240.27,0.7099,-1,-1,-1
461,19,444.97,193.57,65.60,190.29,0.5139,-1,-1,-1
461,50,983.11,629.57,78.82,221.09,0.6591,-1,-1,-1
461,26,333.93,701.63,77.19,244.61,0.8074,-1,-1,-1
461,54,796.31,145.35,54.04,173.91,0.3445,-1,-1,-1
461,5,1551.06,613.37,68.79,238.97,0.4322,-1,-1,-1
461,2,807.69,583.59,78.87,240.45,0.6708,-1,-1,-1
461,43,807.69,583.59,78.89,240.45,0.6708,-1,-1,-1
461,57,1652.06,351.74,64.52,192.17,0.1601,-1,-1,-1
461,58,1827.66,378.98,77.24,203.35,0.3264,-1,-1,-1
462,3,1027.81,921.56,81.06,158.38,0.7499,-1,-1,-1
462,4,1720.03,455.88,74.35,212.82,0.5331,-1,-1,-1
462,13,241.81,671.61,95.12,265.32,0.7663,-1,-1,-1
462,35,933.31,2.72,56.29,142.98,0.3585,-1,-1,-1
462,41,1007.84,4.73,52.20,148.79,0.4005,-1,-1,-1
462,28,899.49,611.29,79.03,239.85,0.7147,-1,-1,-1
462,19,444.18,192.55,66.31,189.53,0.5097,-1,-1,-1
462,50,984.02,630.81,79.43,219.73,0.6692,-1,-1,-1
462,26,332.61,703.66,78.54,247.19,0.8078,-1,-1,-1
462,54,797.73,145.33,52.51,173.96,0.3500,-1,-1,-1
462,5,1553.15,617.71,65.76,234.69,0.3271,-1,-1,-1
462,2,809.46,583.57,80.99,241.77,0.6680,-1,-1,-1
462,43,809.46,583.57,81.00,241.78,0.6680,-1,-1,-1
462,57,1651.43,350.74,63.72,187.95,0.1583,-1,-1,-1
462,58,1825.06,377.56,85.42,207.74,0.3083,-1,-1,-1
463,3,1027.62,921.34,81.12,158.60,0.7404,-1,-1,-1
463,4,1719.97,456.49,74.33,211.80,0.5604,-1,-1,-1
463,13,242.03,673.40,93.50,265.02,0.7678,-1,-1,-1
463,35,933.91,3.37,55.69,141.71,0.4158,-1,-1,-1
463,41,1007.14,4.28,53.52,149.83,0.4362,-1,-1,-1
463,28,900.99,613.44,78.76,236.95,0.7074,-1,-1,-1
463,19,444.15,193.27,67.18,188.42,0.4821,-1,-1,-1
463,50,986.19,631.44,78.49,216.56,0.6909,-1,-1,-1
463,26,331.96,704.54,79.03,248.99,0.8074,-1,-1,-1
463,54,797.25,144.67,53.28,174.35,0.3637,-1,-1,-1
463,5,1553.07,615.06,65.50,237.03,0.3093,-1,-1,-1
463,2,810.98,583.57,83.79,242.68,0.6876,-1,-1,-1
463,43,810.98,583.57,83.81,242.68,0.6876,-1,-1,-1
463,58,1821.12,376.19,79.46,203.82,0.3673,-1,-1,-1
464,3,1027.21,921.07,81.39,158.92,0.7489,-1,-1,-1
464,4,1719.45,455.87,74.81,212.22,0.5239,-1,-1,-1
464,13,241.11,675.33,95.36,264.61,0.7497,-1,-1,-1
464,35,934.15,2.64,55.42,142.54,0.3840,-1,-1,-1
464,41,1006.77,3.32,54.24,151.31,0.4627,-1,-1,-1
464,28,902.57,615.83,77.96,234.79,0.6807,-1,-1,-1
464,19,444.04,191.72,69.60,189.94,0.4863,-1,-1,-1
464,50,986.39,632.32,78.21,216.97,0.6621,-1,-1,-1
464,26,333.35,705.86,76.92,250.36,0.8036,-1,-1,-1
464,54,796.76,144.75,54.05,173.81,0.3762,-1,-1,-1
464,5,1551.98,620.50,66.33,231.83,0.2567,-1,-1,-1
464,2,812.08,584.45,87.46,244.08,0.6958,-1,-1,-1
464,43,812.08,584.45,87.47,244.08,0.6958,-1,-1,-1
464,58,1819.24,374.77,75.58,203.83,0.3437,-1,-1,-1
465,3,1026.71,921.73,81.37,158.28,0.7434,-1,-1,-1
465,4,1720.17,456.02,74.10,212.32,0.5303,-1,-1,-1
465,13,240.25,677.45,95.72,261.81,0.7564,-1,-1,-1
465,35,934.15,2.56,55.63,142.43,0.4019,-1,-1,-1
465,41,1006.64,3.76,54.65,150.63,0.4294,-1,-1,-1
465,28,903.62,618.07,78.44,232.01,0.6826,-1,-1,-1
465,19,443.25,191.19,71.72,190.98,0.5134,-1,-1,-1
465,50,988.05,634.66,77.24,215.79,0.6511,-1,-1,-1
465,26,334.50,706.99,73.82,250.63,0.7917,-1,-1,-1
465,54,798.01,144.83,52.94,174.27,0.3961,-1,-1,-1
465,5,1552.51,616.80,65.78,235.51,0.2336,-1,-1,-1
465,2,812.78,585.26,90.20,243.63,0.6833,-1,-1,-1
465,43,812.77,585.27,90.21,243.64,0.6833,-1,-1,-1
465,58,1815.61,372.84,76.25,202.84,0.3459,-1,-1,-1
466,3,1026.47,922.35,81.51,157.85,0.7228,-1,-1,-1
466,4,1721.31,456.00,72.58,211.68,0.5422,-1,-1,-1
466,13,239.69,679.60,90.58,257.93,0.7709,-1,-1,-1
466,35,935.76,2.12,53.98,142.35,0.4292,-1,-1,-1
466,41,1006.29,3.00,55.22,150.75,0.4545,-1,-1,-1
466,28,904.26,620.56,79.05,232.10,0.6909,-1,-1,-1
466,19,443.22,190.86,72.16,190.64,0.5276,-1,-1,-1
466,50,989.64,637.10,76.28,217.75,0.6286,-1,-1,-1
466,26,334.13,707.46,73.03,250.01,0.7792,-1,-1,-1
466,54,799.28,144.66,51.66,175.10,0.3830,-1,-1,-1
466,2,812.44,585.01,92.92,243.43,0.7229,-1,-1,-1
466,43,812.44,585.01,92.93,243.43,0.7229,-1,-1,-1
466,58,1813.02,371.74,78.38,204.90,0.4132,-1,-1,-1
467,3,1026.24,922.29,81.91,156.50,0.7229,-1,-1,-1
467,4,1721.31,454.72,72.72,213.55,0.5507,-1,-1,-1
467,13,238.71,680.89,89.36,252.84,0.7725,-1,-1,-1
467,35,937.06,2.84,52.70,142.33,0.4131,-1,-1,-1
467,41,1006.41,3.47,55.76,150.18,0.4456,-1,-1,-1
467,28,904.92,621.64,79.19,235.53,0.7206,-1,-1,-1
467,19,444.25,190.82,72.60,190.01,0.5820,-1,-1,-1
467,50,990.91,637.95,75.97,219.39,0.5962,-1,-1,-1
467,26,334.43,707.50,71.89,249.85,0.7882,-1,-1,-1
467,54,800.27,144.22,50.52,175.05,0.3324,-1,-1,-1
467,2,811.47,584.78,95.06,244.66,0.7365,-1,-1,-1
467,43,811.47,584.78,95.07,244.67,0.7365,-1,-1,-1
467,58,1811.51,369.75,77.98,207.89,0.3933,-1,-1,-1
468,3,1026.58,922.56,81.46,155.78,0.7187,-1,-1,-1
468,4,1721.06,455.61,72.67,212.29,0.5396,-1,-1,-1
468,13,237.07,681.65,89.35,251.98,0.7836,-1,-1,-1
468,35,937.53,3.75,52.61,141.35,0.4520,-1,-1,-1
468,41,1005.99,3.70,56.23,149.62,0.4194,-1,-1,-1
468,28,906.25,622.70,78.93,233.73,0.6931,-1,-1,-1
468,19,446.63,190.65,70.89,189.29,0.5447,-1,-1,-1
468,50,991.17,640.39,76.25,219.00,0.5693,-1,-1,-1
468,26,334.02,708.65,71.57,247.32,0.7654,-1,-1,-1
468,54,799.09,143.52,52.46,176.32,0.3719,-1,-1,-1
468,2,810.79,584.86,97.52,246.47,0.7381,-1,-1,-1
468,43,810.79,584.86,97.53,246.48,0.7381,-1,-1,-1
468,58,1808.22,368.31,79.11,210.11,0.4681,-1,-1,-1
469,3,1027.36,922.73,79.89,155.54,0.7273,-1,-1,-1
469,4,1721.24,454.50,72.42,212.57,0.5331,-1,-1,-1
469,13,234.75,683.46,91.19,252.20,0.7807,-1,-1,-1
469,35,937.04,3.67,53.89,140.83,0.4315,-1,-1,-1
469,41,1005.41,3.11,57.24,150.24,0.3839,-1,-1,-1
469,28,907.82,623.60,78.52,231.33,0.6875,-1,-1,-1
469,19,448.50,189.46,69.61,188.86,0.5636,-1,-1,-1
469,50,989.84,642.58,78.24,212.87,0.5486,-1,-1,-1
469,26,333.16,710.49,72.50,247.05,0.7778,-1,-1,-1
469,54,800.16,142.73,51.55,177.26,0.3497,-1,-1,-1
469,2,810.27,584.92,99.72,248.71,0.7292,-1,-1,-1
469,43,810.27,584.92,99.73,248.71,0.7292,-1,-1,-1
469,58,1805.28,366.56,79.78,211.48,0.4947,-1,-1,-1
470,3,1026.51,922.41,80.21,156.03,0.7226,-1,-1,-1
470,4,1721.51,455.21,72.26,211.74,0.5311,-1,-1,-1
470,13,233.47,685.72,91.65,254.29,0.7882,-1,-1,-1
470,35,936.69,3.00,54.31,141.42,0.3943,-1,-1,-1
470,41,1005.12,1.84,57.37,151.10,0.3841,-1,-1,-1
470,28,910.00,624.67,77.44,228.54,0.6458,-1,-1,-1
470,19,448.28,188.33,70.55,189.51,0.5756,-1,-1,-1
470,50,990.23,644.36,77.48,215.68,0.4779,-1,-1,-1
470,26,331.73,712.10,73.06,245.89,0.7980,-1,-1,-1
470,54,799.66,142.49,51.99,177.51,0.3900,-1,-1,-1
470,2,809.48,585.02,101.31,251.84,0.7268,-1,-1,-1
470,43,809.48,585.02,101.32,251.84,0.7268,-1,-1,-1
470,58,1803.99,365.03,79.45,210.20,0.4628,-1,-1,-1
471,3,1025.83,923.45,79.96,156.05,0.7276,-1,-1,-1
471,4,1721.21,455.22,72.74,212.86,0.5354,-1,-1,-1
471,13,231.52,687.83,93.61,258.49,0.7880,-1,-1,-1
471,35,937.26,3.10,53.59,140.66,0.4083,-1,-1,-1
471,41,1004.73,1.66,56.34,150.73,0.4059,-1,-1,-1
471,28,911.57,625.32,77.75,223.23,0.5920,-1,-1,-1
471,19,449.75,185.84,69.24,192.46,0.5811,-1,-1,-1
471,50,989.30,646.42,79.03,220.27,0.4893,-1,-1,-1
471,26,329.04,714.26,74.88,245.01,0.8037,-1,-1,-1
471,54,799.72,142.59,52.02,177.89,0.3670,-1,-1,-1
471,2,809.08,585.57,103.22,254.87,0.7083,-1,-1,-1
471,43,809.08,585.57,103.23,254.87,0.7083,-1,-1,-1
471,58,1801.85,364.82,80.60,209.01,0.5087,-1,-1,-1
472,3,1025.70,924.15,79.18,155.73,0.7046,-1,-1,-1
472,4,1720.38,455.36,73.71,213.36,0.5554,-1,-1,-1
472,13,230.01,690.08,94.19,262.87,0.7863,-1,-1,-1
472,35,936.53,3.08,54.26,140.31,0.3709,-1,-1,-1
472,41,1004.15,0.44,55.74,151.63,0.4109,-1,-1,-1
472,28,913.26,626.17,76.91,221.68,0.6329,-1,-1,-1
472,19,451.22,184.23,67.74,194.31,0.5980,-1,-1,-1
472,50,989.35,647.71,79.31,223.21,0.5041,-1,-1,-1
472,26,327.59,716.40,76.06,245.68,0.8162,-1,-1,-1
472,54,799.78,142.03,52.90,178.32,0.3950,-1,-1,-1
472,2,809.12,586.44,102.65,256.96,0.7269,-1,-1,-1
472,43,809.12,586.44,102.66,256.96,0.7269,-1,-1,-1
472,58,1801.04,364.59,79.95,207.21,0.4966,-1,-1,-1
473,3,1024.50,925.29,80.05,154.81,0.7219,-1,-1,-1
473,4,1719.46,454.65,75.09,215.39,0.5504,-1,-1,-1
473,13,228.09,693.20,95.03,264.54,0.7662,-1,-1,-1
473,35,936.49,3.33,54.10,139.76,0.3642,-1,-1,-1
473,41,1003.57,-0.07,56.58,152.41,0.3396,-1,-1,-1
473,28,914.08,627.32,77.55,225.59,0.6856,-1,-1,-1
473,19,451.39,181.87,68.13,192.17,0.5696,-1,-1,-1
473,50,989.93,648.97,78.65,223.90,0.5342,-1,-1,-1
473,26,325.37,720.15,77.48,247.25,0.8014,-1,-1,-1
473,54,801.05,144.12,51.09,176.16,0.3746,-1,-1,-1
473,2,808.76,587.10,101.13,257.82,0.7554,-1,-1,-1
473,43,808.76,587.11,101.14,257.82,0.7554,-1,-1,-1
473,58,1798.52,363.62,82.00,207.53,0.4847,-1,-1,-1
474,3,1024.68,925.14,79.38,154.62,0.7101,-1,-1,-1
474,4,1717.78,454.94,76.59,215.30,0.5401,-1,-1,-1
474,13,226.42,694.82,95.81,267.58,0.7617,-1,-1,-1
474,35,936.70,3.19,54.06,139.95,0.3691,-1,-1,-1
474,41,1002.86,-0.19,57.05,152.48,0.3795,-1,-1,-1
474,28,914.23,628.07,79.14,226.32,0.6435,-1,-1,-1
474,19,452.96,179.42,67.17,190.64,0.5179,-1,-1,-1
474,50,990.78,650.17,77.78,225.89,0.5521,-1,-1,-1
474,26,323.75,723.15,78.33,249.89,0.7892,-1,-1,-1
474,54,800.79,143.48,51.15,177.06,0.3935,-1,-1,-1
474,2,808.52,587.74,99.75,257.66,0.7584,-1,-1,-1
474,43,808.52,587.74,99.75,257.66,0.7584,-1,-1,-1
474,58,1794.63,363.05,84.71,206.92,0.4765,-1,-1,-1
475,3,1024.94,925.38,78.13,154.36,0.7105,-1,-1,-1
475,4,1715.99,455.37,79.98,214.86,0.5226,-1,-1,-1
475,13,224.86,697.05,95.69,269.84,0.7569,-1,-1,-1
475,35,936.64,3.12,53.80,140.93,0.3574,-1,-1,-1
475,41,1002.47,-0.26,56.03,151.14,0.3837,-1,-1,-1
475,28,915.86,629.61,78.02,231.26,0.6729,-1,-1,-1
475,19,453.90,179.90,65.28,186.80,0.5142,-1,-1,-1
475,50,991.94,652.30,77.40,225.22,0.5989,-1,-1,-1
475,26,322.28,726.13,78.83,251.23,0.7798,-1,-1,-1
475,54,801.74,143.59,50.27,177.02,0.3920,-1,-1,-1
475,2,808.49,588.52,97.68,256.78,0.7551,-1,-1,-1
475,43,808.49,588.52,97.68,256.79,0.7551,-1,-1,-1
475,58,1792.22,363.08,85.71,206.88,0.4802,-1,-1,-1
476,3,1024.36,926.18,78.34,153.53,0.7220,-1,-1,-1
476,4,1713.53,455.92,82.83,214.13,0.5002,-1,-1,-1
476,13,223.83,699.90,95.56,269.45,0.7452,-1,-1,-1
476,35,936.77,3.24,53.53,141.31,0.3196,-1,-1,-1
476,41,1001.87,-0.25,55.59,148.41,0.3121,-1,-1,-1
476,28,916.23,631.16,78.43,231.13,0.6063,-1,-1,-1
476,19,453.85,179.50,65.22,185.10,0.5317,-1,-1,-1
476,50,994.93,654.31,74.45,223.45,0.5625,-1,-1,-1
476,26,321.38,728.20,78.52,250.50,0.7718,-1,-1,-1
476,54,802.37,142.91,49.71,177.08,0.4351,-1,-1,-1
476,2,808.25,589.03,94.88,256.45,0.7437,-1,-1,-1
476,43,808.25,589.03,94.89,256.45,0.7437,-1,-1,-1
476,58,1787.69,362.46,87.62,207.91,0.4437,-1,-1,-1
477,3,1023.90,926.71,78.43,153.13,0.7135,-1,-1,-1
477,4,1712.97,456.86,83.75,212.69,0.5117,-1,-1,-1
477,13,222.74,701.80,95.05,267.66,0.7463,-1,-1,-1
477,35,936.83,3.15,52.99,140.80,0.2788,-1,-1,-1
477,41,1001.60,1.79,54.36,146.66,0.2707,-1,-1,-1
477,28,916.28,633.27,79.92,230.57,0.6560,-1,-1,-1
477,19,451.88,176.00,67.87,187.93,0.5387,-1,-1,-1
477,50,996.93,656.01,72.14,222.28,0.5798,-1,-1,-1
477,26,320.23,730.31,78.07,251.65,0.7649,-1,-1,-1
477,54,802.16,144.66,50.21,175.49,0.4651,-1,-1,-1
477,2,808.44,589.76,92.08,255.46,0.7754,-1,-1,-1
477,43,808.44,589.76,92.09,255.46,0.7754,-1,-1,-1
477,58,1786.98,361.81,86.58,207.47,0.5031,-1,-1,-1
478,3,1023.35,928.12,78.26,151.91,0.7247,-1,-1,-1
478,4,1710.53,457.02,86.47,212.07,0.4694,-1,-1,-1
478,13,220.58,703.49,95.68,266.54,0.7400,-1,-1,-1
478,35,937.51,4.24,52.05,139.70,0.3249,-1,-1,-1
478,41,1001.61,1.42,53.70,146.27,0.3087,-1,-1,-1
478,28,914.50,635.23,82.01,229.65,0.6715,-1,-1,-1
478,19,453.13,177.00,66.71,185.53,0.5340,-1,-1,-1
478,50,998.42,656.83,71.26,220.92,0.5607,-1,-1,-1
478,26,319.90,732.83,77.75,252.65,0.7589,-1,-1,-1
478,54,802.23,145.46,50.37,174.86,0.4715,-1,-1,-1
478,2,807.92,590.38,89.33,255.17,0.7849,-1,-1,-1
478,43,807.92,590.38,89.33,255.17,0.7849,-1,-1,-1
478,58,1789.18,360.33,82.51,206.63,0.4618,-1,-1,-1
479,3,1022.38,929.33,77.93,150.71,0.7203,-1,-1,-1
479,4,1710.77,457.40,86.65,211.07,0.4752,-1,-1,-1
479,13,220.02,704.45,96.63,265.30,0.7296,-1,-1,-1
479,35,937.43,4.35,51.00,139.09,0.3319,-1,-1,-1
479,41,1001.61,1.09,51.64,144.71,0.2896,-1,-1,-1
479,28,914.84,638.42,81.19,231.53,0.7043,-1,-1,-1
479,19,452.38,176.65,67.70,185.85,0.5669,-1,-1,-1
479,50,997.74,657.20,72.37,222.12,0.6310,-1,-1,-1
479,26,317.90,734.80,79.50,254.35,0.7569,-1,-1,-1
479,54,803.57,145.83,49.20,175.15,0.4563,-1,-1,-1
479,2,807.19,591.09,86.52,254.43,0.7854,-1,-1,-1
479,43,807.19,591.09,86.52,254.43,0.7854,-1,-1,-1
479,58,1787.07,360.06,82.89,206.38,0.5376,-1,-1,-1
480,3,1020.80,931.63,78.31,148.55,0.7373,-1,-1,-1
480,4,1700.07,456.97,98.43,210.47,0.3894,-1,-1,-1
480,13,219.21,704.99,94.82,263.85,0.7460,-1,-1,-1
480,35,936.21,2.55,51.30,139.13,0.3025,-1,-1,-1
480,41,1001.35,1.28,50.88,142.16,0.2770,-1,-1,-1
480,28,913.15,640.96,83.24,237.19,0.6708,-1,-1,-1
480,19,447.59,173.52,73.31,190.49,0.5282,-1,-1,-1
480,50,998.83,658.31,70.83,220.78,0.6107,-1,-1,-1
480,26,313.69,736.80,82.05,253.75,0.7511,-1,-1,-1
480,54,804.92,146.25,47.49,175.23,0.4216,-1,-1,-1
480,2,805.99,592.06,85.48,254.06,0.7777,-1,-1,-1
480,43,805.99,592.06,85.48,254.06,0.7777,-1,-1,-1
480,58,1787.01,359.44,78.73,206.69,0.5205,-1,-1,-1
480,52,1730.21,169.81,60.46,169.20,0.3445,-1,-1,-1
481,3,1019.76,931.37,78.63,148.70,0.7375,-1,-1,-1
481,4,1702.88,457.72,96.33,210.23,0.3962,-1,-1,-1
481,13,218.99,705.15,93.02,263.25,0.7619,-1,-1,-1
481,35,934.43,1.42,52.32,138.46,0.3852,-1,-1,-1
481,41,1000.66,0.47,52.39,142.84,0.3820,-1,-1,-1
481,28,910.74,643.79,85.19,236.76,0.6785,-1,-1,-1
481,19,446.27,171.58,75.03,192.51,0.5354,-1,-1,-1
481,50,995.02,660.07,74.20,220.88,0.5940,-1,-1,-1
481,26,307.43,737.80,86.45,254.78,0.7764,-1,-1,-1
481,54,804.56,144.60,47.88,176.21,0.4376,-1,-1,-1
481,2,805.41,593.21,83.90,253.53,0.7920,-1,-1,-1
481,43,805.41,593.21,83.90,253.53,0.7920,-1,-1,-1
481,58,1787.62,358.25,74.74,205.23,0.5712,-1,-1,-1
481,52,1729.81,170.01,61.86,170.04,0.4176,-1,-1,-1
482,3,1019.43,932.60,78.67,147.49,0.7318,-1,-1,-1
482,4,1705.61,458.53,92.84,210.04,0.4353,-1,-1,-1
482,13,219.12,706.49,91.42,261.72,0.7568,-1,-1,-1
482,35,933.65,1.22,52.38,135.94,0.3256,-1,-1,-1
482,41,999.80,0.53,52.43,142.67,0.3558,-1,-1,-1
482,28,908.43,645.95,87.84,244.47,0.6966,-1,-1,-1
482,19,449.01,174.36,72.43,188.15,0.5112,-1,-1,-1
482,50,995.63,662.40,73.79,221.64,0.6292,-1,-1,-1
482,26,305.94,738.80,86.54,255.78,0.7732,-1,-1,-1
482,54,805.25,144.32,47.45,177.01,0.4880,-1,-1,-1
482,2,804.47,594.17,83.29,253.36,0.7817,-1,-1,-1
482,43,804.47,594.17,83.29,253.36,0.7817,-1,-1,-1
482,58,1786.59,356.70,72.80,205.90,0.5451,-1,-1,-1
482,52,1729.27,171.61,63.27,169.97,0.4144,-1,-1,-1
483,3,1019.02,933.06,78.94,146.96,0.7342,-1,-1,-1
483,4,1698.57,458.21,100.51,209.89,0.3733,-1,-1,-1
483,13,218.74,707.53,91.37,259.84,0.7562,-1,-1,-1
483,35,933.44,1.39,52.07,134.60,0.3301,-1,-1,-1
483,41,999.25,0.12,52.99,144.18,0.3860,-1,-1,-1
483,28,908.73,648.43,87.22,246.20,0.7113,-1,-1,-1
483,19,452.25,173.38,69.37,188.46,0.5153,-1,-1,-1
483,50,997.84,664.32,72.35,221.88,0.6220,-1,-1,-1
483,26,303.34,739.75,86.71,255.87,0.7749,-1,-1,-1
483,54,805.64,143.63,47.23,176.78,0.4696,-1,-1,-1
483,2,802.59,595.18,83.70,252.48,0.7750,-1,-1,-1
483,43,802.59,595.18,83.70,252.48,0.7750,-1,-1,-1
483,58,1784.83,355.58,72.83,206.49,0.5072,-1,-1,-1
483,52,1729.10,170.70,62.59,171.34,0.4127,-1,-1,-1
484,3,1018.34,933.44,79.90,146.49,0.7214,-1,-1,-1
484,4,1695.01,458.37,104.08,210.38,0.3809,-1,-1,-1
484,13,218.53,708.96,90.63,257.67,0.7555,-1,-1,-1
484,35,933.15,2.29,51.98,131.41,0.3278,-1,-1,-1
484,41,999.64,-0.04,52.59,144.68,0.4216,-1,-1,-1
484,28,909.47,649.43,86.45,249.37,0.7008,-1,-1,-1
484,19,455.56,172.80,65.04,188.80,0.5117,-1,-1,-1
484,50,998.78,667.06,72.18,223.31,0.6055,-1,-1,-1
484,26,302.33,740.84,85.90,254.85,0.7662,-1,-1,-1
484,54,807.27,144.61,45.76,175.50,0.4644,-1,-1,-1
484,2,801.12,596.21,85.31,251.36,0.7706,-1,-1,-1
484,43,801.12,596.21,85.31,251.36,0.7706,-1,-1,-1
484,58,1785.75,354.07,68.23,205.46,0.5103,-1,-1,-1
484,52,1729.35,170.02,63.85,172.69,0.4068,-1,-1,-1
485,3,1018.02,933.90,80.69,146.08,0.7110,-1,-1,-1
485,4,1683.05,457.89,116.16,209.40,0.3771,-1,-1,-1
485,13,218.05,710.85,90.61,256.69,0.7633,-1,-1,-1
485,35,931.87,2.34,52.52,128.90,0.3156,-1,-1,-1
485,41,999.63,-0.09,52.05,143.85,0.4203,-1,-1,-1
485,28,910.97,650.44,84.10,248.18,0.7241,-1,-1,-1
485,19,456.40,171.05,63.85,190.25,0.5331,-1,-1,-1
485,50,999.16,668.79,72.81,225.66,0.6336,-1,-1,-1
485,26,300.63,742.22,85.89,253.19,0.7639,-1,-1,-1
485,54,808.16,144.90,44.93,175.72,0.4742,-1,-1,-1
485,2,799.76,597.07,86.84,250.74,0.7827,-1,-1,-1
485,43,799.76,597.07,86.85,250.74,0.7827,-1,-1,-1
485,58,1784.16,353.17,67.82,200.58,0.4363,-1,-1,-1
485,52,1729.09,170.10,65.46,174.66,0.3889,-1,-1,-1
486,3,1017.16,934.33,81.70,145.67,0.7144,-1,-1,-1
486,4,1677.17,456.97,118.56,211.11,0.2663,-1,-1,-1
486,13,217.00,712.69,90.77,258.53,0.7752,-1,-1,-1
486,35,931.98,2.47,51.84,128.29,0.3426,-1,-1,-1
486,41,999.49,-0.09,51.35,143.60,0.4083,-1,-1,-1
486,28,910.87,651.38,83.81,246.25,0.7328,-1,-1,-1
486,19,458.49,165.00,61.79,196.12,0.5535,-1,-1,-1
486,50,1000.83,671.02,71.40,223.13,0.6574,-1,-1,-1
486,26,299.77,742.89,85.42,252.04,0.7721,-1,-1,-1
486,54,808.50,145.44,45.28,175.14,0.4854,-1,-1,-1
486,2,799.02,597.58,88.35,251.14,0.7899,-1,-1,-1
486,43,799.02,597.58,88.35,251.14,0.7899,-1,-1,-1
486,58,1782.46,351.44,67.35,200.54,0.4609,-1,-1,-1
486,52,1729.00,175.51,66.11,171.58,0.3639,-1,-1,-1
487,3,1017.41,935.09,81.95,145.04,0.7062,-1,-1,-1
487,4,1681.58,456.62,113.15,210.69,0.3802,-1,-1,-1
487,13,216.81,713.92,91.12,262.34,0.7687,-1,-1,-1
487,35,932.35,2.36,51.13,128.17,0.2973,-1,-1,-1
487,41,999.58,-0.14,50.76,142.75,0.3556,-1,-1,-1
487,28,911.02,652.25,84.07,242.90,0.7374,-1,-1,-1
487,19,459.37,163.43,59.76,196.13,0.5257,-1,-1,-1
487,50,1003.89,673.22,69.08,223.60,0.6626,-1,-1,-1
487,26,300.73,744.49,83.12,250.71,0.7637,-1,-1,-1
487,54,808.09,145.74,46.58,175.61,0.4557,-1,-1,-1
487,2,798.08,598.32,91.40,251.14,0.7921,-1,-1,-1
487,43,798.08,598.32,91.40,251.14,0.7921,-1,-1,-1
487,58,1780.82,351.19,67.28,199.59,0.3965,-1,-1,-1
487,52,1729.90,175.79,65.23,174.95,0.3082,-1,-1,-1
487,57,1632.94,326.11,56.87,188.56,0.4475,-1,-1,-1
488,3,1017.69,936.10,82.04,143.99,0.7178,-1,-1,-1
488,4,1679.93,456.55,113.73,210.71,0.3571,-1,-1,-1
488,13,216.62,715.87,91.52,268.57,0.7679,-1,-1,-1
488,35,931.89,2.51,51.74,128.39,0.3151,-1,-1,-1
488,41,1000.07,-0.08,50.35,142.02,0.3833,-1,-1,-1
488,28,911.49,653.29,85.19,241.32,0.7080,-1,-1,-1
488,19,461.93,160.76,56.24,195.67,0.4919,-1,-1,-1
488,50,1006.18,675.47,68.42,224.03,0.6984,-1,-1,-1
488,26,299.74,747.77,82.56,247.73,0.7647,-1,-1,-1
488,54,808.21,146.26,47.42,175.48,0.4595,-1,-1,-1
488,2,797.27,599.75,93.16,249.93,0.7808,-1,-1,-1
488,43,797.27,599.75,93.16,249.93,0.7808,-1,-1,-1
488,58,1778.65,356.40,67.26,198.70,0.2397,-1,-1,-1
488,52,1730.24,176.26,65.25,176.08,0.3472,-1,-1,-1
488,57,1632.03,328.31,56.70,186.41,0.3779,-1,-1,-1
489,3,1017.35,936.53,82.86,143.49,0.7170,-1,-1,-1
489,4,1686.42,455.53,106.60,212.04,0.3653,-1,-1,-1
489,13,216.30,717.97,91.22,271.46,0.7682,-1,-1,-1
489,35,931.43,2.52,51.82,127.80,0.3420,-1,-1,-1
489,41,1001.03,1.99,49.07,139.85,0.3569,-1,-1,-1
489,28,911.92,654.28,86.47,239.25,0.6965,-1,-1,-1
489,19,463.18,159.82,53.92,192.41,0.4759,-1,-1,-1
489,50,1008.01,677.09,68.58,225.19,0.6845,-1,-1,-1
489,26,299.43,749.95,82.16,249.79,0.7601,-1,-1,-1
489,54,809.13,145.20,47.11,175.14,0.4410,-1,-1,-1
489,2,797.21,600.65,93.30,251.42,0.7882,-1,-1,-1
489,43,797.21,600.65,93.30,251.42,0.7882,-1,-1,-1
489,58,1776.27,361.42,66.75,195.57,0.2223,-1,-1,-1
489,52,1731.29,177.83,64.76,174.89,0.3642,-1,-1,-1
489,57,1633.30,332.54,54.00,182.10,0.3795,-1,-1,-1
490,3,1015.71,937.08,84.87,142.98,0.7002,-1,-1,-1
490,4,1694.27,455.08,97.91,212.91,0.3653,-1,-1,-1
490,13,215.09,720.53,92.82,274.81,0.7645,-1,-1,-1
490,35,930.94,2.54,51.96,127.15,0.3172,-1,-1,-1
490,41,1001.64,3.58,48.29,136.22,0.2834,-1,-1,-1
490,28,914.07,655.66,85.42,234.51,0.6989,-1,-1,-1
490,19,464.59,159.90,52.61,187.00,0.4466,-1,-1,-1
490,50,1009.79,678.27,68.88,226.55,0.7216,-1,-1,-1
490,26,299.46,751.85,80.62,251.63,0.7511,-1,-1,-1
490,54,810.55,144.74,46.32,175.69,0.3725,-1,-1,-1
490,2,796.98,601.24,94.18,254.62,0.7890,-1,-1,-1
490,43,796.98,601.24,94.18,254.62,0.7890,-1,-1,-1
490,58,1774.03,363.89,67.44,192.95,0.1572,-1,-1,-1
490,52,1731.97,179.93,63.58,171.63,0.4102,-1,-1,-1
490,57,1632.37,329.19,54.23,186.61,0.4465,-1,-1,-1
491,3,1016.46,937.73,84.43,142.29,0.6967,-1,-1,-1
491,4,1703.14,455.76,89.22,214.43,0.4169,-1,-1,-1
491,13,214.20,722.90,93.30,277.42,0.7585,-1,-1,-1
491,35,930.84,2.61,51.78,126.30,0.2642,-1,-1,-1
491,41,1001.98,5.79,47.85,133.00,0.3249,-1,-1,-1
491,28,918.57,659.60,81.87,238.25,0.7055,-1,-1,-1
491,19,462.51,158.00,56.18,186.38,0.4017,-1,-1,-1
491,50,1011.14,679.70,69.67,226.24,0.6903,-1,-1,-1
491,26,297.86,754.01,81.85,257.50,0.7474,-1,-1,-1
491,54,809.41,145.82,49.45,174.18,0.3819,-1,-1,-1
491,2,797.29,602.11,94.82,257.80,0.7818,-1,-1,-1
491,43,797.29,602.11,94.83,257.80,0.7818,-1,-1,-1
491,52,1732.82,181.39,62.55,170.21,0.3445,-1,-1,-1
491,57,1631.01,332.17,54.90,184.00,0.3469,-1,-1,-1
492,3,1016.81,938.10,84.18,141.91,0.7054,-1,-1,-1
492,4,1703.57,457.21,89.21,211.18,0.4306,-1,-1,-1
492,13,213.01,724.85,95.41,279.46,0.7729,-1,-1,-1
492,35,932.55,1.92,50.59,128.76,0.2300,-1,-1,-1
492,41,1002.30,6.40,46.75,129.55,0.2780,-1,-1,-1
492,28,920.24,661.48,80.62,239.64,0.7233,-1,-1,-1
492,19,464.69,157.80,54.51,186.05,0.3157,-1,-1,-1
492,50,1012.20,681.99,71.43,224.73,0.6825,-1,-1,-1
492,26,297.59,756.41,80.84,257.92,0.7412,-1,-1,-1
492,54,809.12,146.10,50.94,172.72,0.3531,-1,-1,-1
492,2,798.11,603.37,94.97,258.30,0.7875,-1,-1,-1
492,43,798.11,603.37,94.97,258.30,0.7875,-1,-1,-1
492,52,1733.63,182.17,61.67,168.33,0.4373,-1,-1,-1
492,57,1629.55,328.74,55.63,186.99,0.4033,-1,-1,-1
493,3,1016.82,938.25,84.49,141.75,0.6856,-1,-1,-1
493,4,1708.77,457.52,85.63,211.79,0.4886,-1,-1,-1
493,13,212.27,727.79,95.35,278.42,0.7796,-1,-1,-1
493,35,932.86,1.46,50.72,129.01,0.2270,-1,-1,-1
493,41,1002.47,6.40,46.31,129.23,0.2884,-1,-1,-1
493,28,920.59,663.43,81.08,241.72,0.7051,-1,-1,-1
493,19,467.09,158.60,52.82,184.87,0.2131,-1,-1,-1
493,50,1014.13,682.46,72.57,226.25,0.6379,-1,-1,-1
493,26,298.41,759.30,80.85,256.03,0.7377,-1,-1,-1
493,54,807.83,145.69,53.40,172.88,0.3331,-1,-1,-1
493,2,799.56,604.54,94.53,258.16,0.7697,-1,-1,-1
493,43,799.56,604.54,94.53,258.16,0.7697,-1,-1,-1
493,52,1734.14,184.23,61.35,167.16,0.4839,-1,-1,-1
493,57,1627.93,325.07,57.35,189.58,0.3521,-1,-1,-1
493,61,1812.31,169.90,72.62,183.32,0.3697,-1,-1,-1
494,3,1016.98,938.66,84.52,141.38,0.6787,-1,-1,-1
494,4,1715.31,454.56,79.53,215.83,0.5250,-1,-1,-1
494,13,212.48,730.10,95.10,278.43,0.7789,-1,-1,-1
494,41,1002.29,6.85,46.93,127.04,0.2620,-1,-1,-1
494,28,921.61,665.93,81.17,240.43,0.6699,-1,-1,-1
494,19,466.93,159.57,54.00,183.67,0.2070,-1,-1,-1
494,50,1015.46,684.43,74.59,222.25,0.6317,-1,-1,-1
494,26,298.78,762.77,79.56,255.39,0.7432,-1,-1,-1
494,54,806.63,145.63,55.67,172.05,0.3067,-1,-1,-1
494,2,800.68,605.84,94.36,256.84,0.7557,-1,-1,-1
494,43,800.68,605.84,94.36,256.84,0.7557,-1,-1,-1
494,52,1734.99,184.76,62.44,167.19,0.4626,-1,-1,-1
494,57,1626.88,323.16,58.10,191.00,0.4001,-1,-1,-1
494,61,1813.66,170.48,75.16,183.12,0.3292,-1,-1,-1
495,3,1017.58,938.09,84.50,141.91,0.6716,-1,-1,-1
495,4,1720.61,452.19,75.16,216.99,0.6059,-1,-1,-1
495,13,212.10,732.28,94.21,276.80,0.7756,-1,-1,-1
495,41,1002.47,7.14,47.08,126.17,0.2685,-1,-1,-1
495,28,921.78,667.89,81.54,243.61,0.6572,-1,-1,-1
495,19,468.20,163.62,54.54,178.83,0.1803,-1,-1,-1
495,50,1017.74,685.52,75.13,221.54,0.5855,-1,-1,-1
495,26,298.73,766.45,78.83,258.30,0.7374,-1,-1,-1
495,54,806.64,145.29,56.17,172.13,0.3361,-1,-1,-1
495,2,803.25,606.34,91.63,254.82,0.7530,-1,-1,-1
495,43,803.25,606.34,91.63,254.82,0.7530,-1,-1,-1
495,52,1734.56,186.17,63.82,170.89,0.4907,-1,-1,-1
495,57,1626.04,323.21,58.55,190.63,0.4036,-1,-1,-1
495,61,1815.00,172.93,77.49,182.37,0.3458,-1,-1,-1
496,3,1018.99,938.99,83.44,141.01,0.6837,-1,-1,-1
496,4,1724.19,451.92,72.60,217.28,0.5838,-1,-1,-1
496,13,211.50,735.33,94.27,274.12,0.7730,-1,-1,-1
496,41,1002.58,6.46,47.02,124.45,0.2781,-1,-1,-1
496,28,922.43,670.73,81.86,239.15,0.6908,-1,-1,-1
496,19,467.79,165.54,57.43,177.01,0.1946,-1,-1,-1
496,50,1018.72,686.86,75.10,221.03,0.5959,-1,-1,-1
496,26,297.24,768.70,80.11,259.13,0.7491,-1,-1,-1
496,54,805.79,144.76,56.78,171.95,0.3314,-1,-1,-1
496,2,807.55,606.37,86.97,251.14,0.7422,-1,-1,-1
496,43,807.55,606.37,86.97,251.14,0.7422,-1,-1,-1
496,52,1734.26,187.57,64.93,172.18,0.4693,-1,-1,-1
496,57,1624.86,322.19,58.26,189.53,0.4359,-1,-1,-1
496,61,1817.05,175.16,79.32,182.46,0.2577,-1,-1,-1
496,63,1630.15,584.33,104.57,227.71,0.5693,-1,-1,-1
496,5,1538.87,610.12,87.36,220.18,0.4067,-1,-1,-1
497,3,1020.49,939.08,81.96,140.87,0.6769,-1,-1,-1
497,4,1726.29,452.38,70.07,217.15,0.5625,-1,-1,-1
497,13,212.65,736.87,91.89,270.75,0.7470,-1,-1,-1
497,41,1002.93,6.04,46.96,125.49,0.3033,-1,-1,-1
497,28,923.26,673.43,81.54,237.79,0.6555,-1,-1,-1
497,19,467.60,162.85,59.45,180.36,0.2755,-1,-1,-1
497,50,1020.51,687.77,73.79,221.20,0.5573,-1,-1,-1
497,26,294.89,770.45,82.15,259.26,0.7610,-1,-1,-1
497,54,805.75,145.06,56.30,172.42,0.3694,-1,-1,-1
497,2,812.65,606.54,82.11,248.81,0.7185,-1,-1,-1
497,43,812.65,606.54,82.11,248.81,0.7185,-1,-1,-1
497,52,1734.17,188.27,65.69,172.15,0.4950,-1,-1,-1
497,57,1623.91,321.92,59.20,188.90,0.3742,-1,-1,-1
497,61,1818.27,175.67,81.19,183.78,0.3814,-1,-1,-1
497,63,1635.96,590.84,97.74,221.40,0.2912,-1,-1,-1
497,5,1538.84,609.70,87.60,220.43,0.4281,-1,-1,-1
498,3,1020.79,938.45,81.82,141.48,0.6605,-1,-1,-1
498,4,1728.11,453.24,69.04,215.88,0.5077,-1,-1,-1
498,13,212.89,738.54,90.84,267.57,0.7404,-1,-1,-1
498,41,1002.77,5.78,47.33,124.94,0.2654,-1,-1,-1
498,28,924.67,675.51,81.03,239.06,0.6441,-1,-1,-1
498,19,467.92,163.28,59.32,179.71,0.2870,-1,-1,-1
498,50,1020.20,689.31,76.94,221.00,0.5139,-1,-1,-1
498,26,294.60,772.18,82.23,258.01,0.7499,-1,-1,-1
498,54,804.52,145.45,56.73,172.49,0.3531,-1,-1,-1
498,2,815.44,606.66,80.11,247.26,0.7067,-1,-1,-1
498,43,815.44,606.66,80.11,247.26,0.7067,-1,-1,-1
498,52,1733.36,188.71,66.77,172.35,0.4558,-1,-1,-1
498,57,1623.55,321.39,58.42,189.76,0.3618,-1,-1,-1
498,61,1819.53,176.29,81.05,186.66,0.3469,-1,-1,-1
498,63,1640.94,593.44,94.83,220.62,0.4399,-1,-1,-1
498,5,1539.26,609.27,87.57,221.16,0.4626,-1,-1,-1
498,64,410.64,164.93,52.89,182.06,0.4130,-1,-1,-1
499,3,1022.45,937.81,80.13,142.12,0.6732,-1,-1,-1
499,4,1728.65,451.06,68.41,216.31,0.2580,-1,-1,-1
499,13,212.40,740.68,90.81,265.84,0.7520,-1,-1,-1
499,41,1002.70,5.46,47.35,125.29,0.2730,-1,-1,-1
499,28,925.36,677.79,81.10,238.35,0.6100,-1,-1,-1
499,19,468.90,163.35,59.30,176.36,0.3285,-1,-1,-1
499,50,1023.08,693.19,74.09,218.95,0.5122,-1,-1,-1
499,26,293.89,773.27,82.50,257.00,0.7418,-1,-1,-1
499,54,802.68,143.61,56.64,173.95,0.3386,-1,-1,-1
499,2,819.13,607.48,77.02,246.33,0.6847,-1,-1,-1
499,43,819.13,607.48,77.02,246.33,0.6847,-1,-1,-1
499,52,1732.55,188.81,67.96,170.35,0.4912,-1,-1,-1
499,57,1623.78,318.51,57.81,191.05,0.2792,-1,-1,-1
499,61,1820.52,177.57,81.43,186.68,0.3912,-1,-1,-1
499,63,1645.20,591.17,88.26,222.74,0.3687,-1,-1,-1
499,5,1539.08,609.79,87.67,220.20,0.4859,-1,-1,-1
499,64,408.87,165.27,56.14,182.15,0.4464,-1,-1,-1
500,3,1024.71,936.41,78.50,143.52,0.6738,-1,-1,-1
500,4,1728.91,450.49,67.16,217.52,0.4901,-1,-1,-1
500,13,209.89,742.10,92.80,266.63,0.7710,-1,-1,-1
500,41,1002.43,5.23,47.90,125.11,0.2597,-1,-1,-1
500,28,924.92,679.31,83.88,245.63,0.6179,-1,-1,-1
500,19,466.78,164.72,60.79,172.35,0.3288,-1,-1,-1
500,50,1024.22,696.87,72.25,213.13,0.4820,-1,-1,-1
500,26,293.44,774.10,81.82,255.88,0.7342,-1,-1,-1
500,54,802.41,142.48,55.92,175.74,0.3543,-1,-1,-1
500,2,821.10,607.85,75.78,245.04,0.6902,-1,-1,-1
500,43,821.10,607.85,75.78,245.04,0.6902,-1,-1,-1
500,52,1732.11,189.30,69.04,169.25,0.4946,-1,-1,-1
500,57,1623.25,315.31,58.86,180.21,0.3240,-1,-1,-1
500,61,1821.63,178.80,81.55,188.13,0.3862,-1,-1,-1
500,63,1654.60,594.42,78.49,219.66,0.4571,-1,-1,-1
500,5,1538.16,610.41,89.23,218.58,0.4119,-1,-1,-1
500,64,407.38,166.05,57.78,180.29,0.4767,-1,-1,-1
501,3,1027.51,935.55,76.66,144.39,0.6432,-1,-1,-1
501,4,1728.57,449.08,66.52,218.82,0.4573,-1,-1,-1
501,13,208.78,743.38,93.42,263.72,0.7792,-1,-1,-1
501,41,1002.39,4.87,48.01,124.39,0.2558,-1,-1,-1
501,28,927.01,680.22,83.20,250.33,0.6013,-1,-1,-1
501,19,465.72,162.50,62.78,174.38,0.3624,-1,-1,-1
501,50,1024.29,698.80,72.94,212.08,0.5129,-1,-1,-1
501,26,293.29,774.92,80.60,255.42,0.7210,-1,-1,-1
501,54,802.14,143.72,54.75,174.08,0.3577,-1,-1,-1
501,2,822.53,608.60,74.80,244.97,0.7023,-1,-1,-1
501,43,822.53,608.60,74.81,244.97,0.7023,-1,-1,-1
501,52,1731.70,189.33,70.00,169.77,0.4953,-1,-1,-1
501,57,1622.57,312.89,59.26,180.91,0.3603,-1,-1,-1
501,61,1823.04,179.88,81.25,191.04,0.3561,-1,-1,-1
501,63,1659.57,593.30,73.07,220.40,0.5218,-1,-1,-1
501,5,1538.47,610.97,87.92,215.04,0.3813,-1,-1,-1
501,64,407.17,167.82,58.30,178.91,0.5122,-1,-1,-1
502,3,1029.03,934.96,76.51,145.02,0.6754,-1,-1,-1
502,4,1729.56,449.27,64.50,219.43,0.4440,-1,-1,-1
502,13,208.23,744.99,93.73,262.69,0.7751,-1,-1,-1
502,41,1002.14,4.66,48.39,123.09,0.1982,-1,-1,-1
502,28,927.48,681.79,83.86,254.56,0.6326,-1,-1,-1
502,19,467.16,160.84,62.95,175.03,0.3316,-1,-1,-1
502,50,1025.40,701.19,73.35,208.71,0.5839,-1,-1,-1
502,26,292.58,775.62,80.80,254.35,0.7335,-1,-1,-1
502,54,800.69,144.20,54.51,174.52,0.3105,-1,-1,-1
502,2,822.95,609.11,74.50,245.98,0.7030,-1,-1,-1
502,43,822.95,609.11,74.50,245.98,0.7030,-1,-1,-1
502,52,1731.77,189.97,70.10,167.85,0.4921,-1,-1,-1
502,57,1621.43,310.90,58.70,179.66,0.2001,-1,-1,-1
502,61,1825.62,180.47,79.39,193.92,0.3016,-1,-1,-1
502,63,1663.17,595.73,69.40,219.84,0.4948,-1,-1,-1
502,5,1538.61,610.05,87.05,215.17,0.3939,-1,-1,-1
502,64,406.52,169.37,58.60,177.17,0.4807,-1,-1,-1
502,48,1662.59,596.25,70.07,219.91,0.4948,-1,-1,-1
503,3,1030.42,934.21,76.36,145.75,0.6442,-1,-1,-1
503,4,1730.19,446.55,63.31,222.21,0.4019,-1,-1,-1
503,13,208.29,746.53,93.10,263.46,0.7601,-1,-1,-1
503,41,1001.86,4.34,49.16,123.22,0.2219,-1,-1,-1
503,28,928.54,683.15,84.32,253.69,0.6174,-1,-1,-1
503,19,469.76,159.87,60.86,173.67,0.3064,-1,-1,-1
503,50,1026.31,703.69,73.12,203.40,0.5892,-1,-1,-1
503,26,289.69,776.42,80.94,254.51,0.7499,-1,-1,-1
503,54,800.19,145.13,52.79,174.31,0.3191,-1,-1,-1
503,2,822.73,609.35,74.74,246.46,0.7180,-1,-1,-1
503,43,822.73,609.35,74.74,246.46,0.7180,-1,-1,-1
503,52,1732.46,190.46,69.67,168.34,0.4668,-1,-1,-1
503,57,1621.12,308.43,59.02,180.46,0.3406,-1,-1,-1
503,61,1827.90,180.16,78.05,197.76,0.2998,-1,-1,-1
503,63,1667.96,600.24,64.81,214.18,0.4722,-1,-1,-1
503,5,1536.48,611.54,90.04,215.09,0.4751,-1,-1,-1
503,64,404.93,170.44,61.17,175.65,0.4875,-1,-1,-1
503,48,1667.83,600.07,66.59,215.75,0.4722,-1,-1,-1
504,3,1032.42,933.38,75.26,146.56,0.6372,-1,-1,-1
504,4,1730.02,446.68,63.20,223.46,0.3420,-1,-1,-1
504,13,209.58,747.89,91.34,268.02,0.7559,-1,-1,-1
504,41,1001.42,4.26,49.44,123.86,0.1997,-1,-1,-1
504,28,927.82,684.26,86.65,252.09,0.5851,-1,-1,-1
504,19,471.51,157.44,60.90,173.25,0.3165,-1,-1,-1
504,50,1028.64,705.01,70.79,211.36,0.5909,-1,-1,-1
504,26,286.87,777.45,81.30,253.51,0.7739,-1,-1,-1
504,54,800.57,146.09,50.81,173.86,0.2662,-1,-1,-1
504,2,822.71,609.68,74.37,247.36,0.6934,-1,-1,-1
504,43,822.71,609.68,74.37,247.36,0.6934,-1,-1,-1
504,52,1733.36,191.10,68.53,169.65,0.4794,-1,-1,-1
504,57,1620.33,306.23,59.50,183.47,0.2665,-1,-1,-1
504,61,1829.41,180.99,76.65,200.57,0.2858,-1,-1,-1
504,5,1534.92,611.64,91.96,214.81,0.3548,-1,-1,-1
504,64,403.74,170.78,64.22,174.14,0.4748,-1,-1,-1
504,48,1671.40,604.29,66.84,213.36,0.2579,-1,-1,-1
505,3,1033.38,933.72,74.89,146.26,0.6743,-1,-1,-1
505,4,1729.86,451.87,62.65,218.07,0.3934,-1,-1,-1
505,13,209.40,749.81,89.67,272.61,0.7351,-1,-1,-1
505,41,1001.01,3.81,50.70,124.12,0.2083,-1,-1,-1
505,28,928.24,684.81,86.68,251.84,0.5517,-1,-1,-1
505,19,470.22,152.99,62.38,176.10,0.4164,-1,-1,-1
505,50,1030.27,706.51,69.69,215.82,0.6074,-1,-1,-1
505,26,283.19,778.92,84.69,253.37,0.7732,-1,-1,-1
505,54,800.68,146.74,48.75,174.76,0.2528,-1,-1,-1
505,2,822.85,610.06,74.17,248.73,0.6721,-1,-1,-1
505,43,822.85,610.06,74.17,248.73,0.6721,-1,-1,-1
505,52,1736.60,190.78,65.24,170.54,0.4994,-1,-1,-1
505,57,1620.01,305.18,60.26,184.68,0.3245,-1,-1,-1
505,61,1830.95,181.69,78.31,202.20,0.2335,-1,-1,-1
505,5,1534.51,617.65,92.46,209.45,0.2792,-1,-1,-1
505,64,402.36,170.80,66.56,174.22,0.4759,-1,-1,-1
505,48,1672.81,610.41,70.22,210.36,0.1670,-1,-1,-1
506,3,1034.86,932.92,74.55,147.05,0.6661,-1,-1,-1
506,4,1729.53,456.86,62.60,212.48,0.4974,-1,-1,-1
506,13,209.26,751.47,87.93,277.38,0.7277,-1,-1,-1
506,41,1000.62,2.85,50.92,123.65,0.1741,-1,-1,-1
506,28,922.09,686.42,93.93,248.67,0.6137,-1,-1,-1
506,19,470.59,148.30,62.17,180.20,0.3819,-1,-1,-1
506,50,1030.97,707.60,70.25,219.42,0.6351,-1,-1,-1
506,26,279.93,780.41,87.63,254.92,0.7600,-1,-1,-1
506,54,800.14,147.31,47.83,175.58,0.3009,-1,-1,-1
506,2,822.63,610.19,74.95,250.23,0.6804,-1,-1,-1
506,43,822.63,610.19,74.95,250.23,0.6804,-1,-1,-1
506,52,1738.54,193.54,63.65,167.93,0.4973,-1,-1,-1
506,57,1619.84,304.68,59.78,185.62,0.4626,-1,-1,-1
506,61,1831.72,183.37,81.86,201.35,0.2672,-1,-1,-1
506,5,1534.24,621.34,92.78,202.62,0.2125,-1,-1,-1
506,64,401.13,170.92,67.74,175.51,0.4548,-1,-1,-1
507,3,1036.31,933.72,74.89,146.31,0.6485,-1,-1,-1
507,4,1728.69,458.03,63.08,211.49,0.3482,-1,-1,-1
507,13,208.79,753.49,87.05,278.94,0.7258,-1,-1,-1
507,41,999.02,2.71,52.24,123.13,0.1907,-1,-1,-1
507,28,927.05,687.48,90.61,246.29,0.6070,-1,-1,-1
507,19,469.91,151.42,60.64,174.73,0.3046,-1,-1,-1
507,50,1030.77,708.86,71.06,222.41,0.6143,-1,-1,-1
507,26,278.33,782.13,89.30,259.31,0.7624,-1,-1,-1
507,54,799.97,147.39,46.87,173.45,0.2695,-1,-1,-1
507,2,823.61,611.26,73.50,249.57,0.6980,-1,-1,-1
507,43,823.61,611.26,73.50,249.57,0.6980,-1,-1,-1
507,52,1739.48,194.28,62.51,166.27,0.4657,-1,-1,-1
507,57,1619.14,303.13,60.38,187.66,0.4309,-1,-1,-1
507,61,1831.99,184.26,82.96,201.04,0.2621,-1,-1,-1
507,5,1535.67,620.11,93.25,209.44,0.2477,-1,-1,-1
507,64,399.70,168.71,68.55,179.65,0.3873,-1,-1,-1
508,3,1037.38,933.51,75.47,146.50,0.6494,-1,-1,-1
508,4,1728.07,459.83,62.24,208.13,0.3734,-1,-1,-1
508,13,208.07,755.52,87.55,279.09,0.7430,-1,-1,-1
508,41,998.37,2.22,53.66,123.24,0.2128,-1,-1,-1
508,28,924.79,688.58,93.89,247.54,0.6072,-1,-1,-1
508,19,468.14,147.32,61.15,176.71,0.2806,-1,-1,-1
508,50,1030.74,710.27,71.86,223.68,0.6243,-1,-1,-1
508,26,277.02,784.01,91.26,263.12,0.7673,-1,-1,-1
508,54,799.92,147.73,45.76,173.65,0.2836,-1,-1,-1
508,2,825.02,611.61,72.22,249.20,0.7011,-1,-1,-1
508,43,825.02,611.61,72.22,249.20,0.7011,-1,-1,-1
508,52,1741.09,195.44,60.81,165.14,0.5250,-1,-1,-1
508,57,1618.83,303.42,60.95,187.18,0.4922,-1,-1,-1
508,61,1836.26,187.15,75.96,197.55,0.2739,-1,-1,-1
508,64,398.08,172.20,67.68,180.87,0.2451,-1,-1,-1
509,3,1038.77,933.25,75.50,146.78,0.6432,-1,-1,-1
509,4,1727.54,459.49,63.57,206.99,0.3610,-1,-1,-1
509,13,206.85,758.21,86.54,275.90,0.7324,-1,-1,-1
509,41,997.15,1.94,53.41,122.85,0.1936,-1,-1,-1
509,28,928.74,690.34,92.05,248.77,0.6223,-1,-1,-1
509,19,464.89,147.23,64.83,176.61,0.2821,-1,-1,-1
509,50,1031.15,710.74,74.18,228.10,0.6295,-1,-1,-1
509,26,278.25,787.49,88.30,261.10,0.7681,-1,-1,-1
509,54,798.62,146.66,46.66,173.94,0.2689,-1,-1,-1
509,2,825.88,611.77,71.64,249.62,0.7010,-1,-1,-1
509,43,825.88,611.77,71.64,249.62,0.7010,-1,-1,-1
509,52,1742.91,197.65,58.98,164.01,0.4767,-1,-1,-1
509,57,1618.92,301.26,58.83,188.01,0.4192,-1,-1,-1
509,61,1835.56,186.52,78.28,196.61,0.2577,-1,-1,-1
509,64,399.12,169.61,66.51,182.12,0.2535,-1,-1,-1
510,3,1039.88,934.14,76.19,145.92,0.6357,-1,-1,-1
510,4,1727.45,459.61,62.66,202.58,0.3776,-1,-1,-1
510,13,206.26,761.33,82.70,275.88,0.7396,-1,-1,-1
510,41,996.22,1.71,54.68,120.90,0.1973,-1,-1,-1
510,28,928.65,692.02,93.72,249.68,0.6186,-1,-1,-1
510,19,464.01,148.42,65.90,175.73,0.2368,-1,-1,-1
510,50,1029.73,711.88,78.84,228.23,0.5973,-1,-1,-1
510,26,278.96,791.07,86.85,257.65,0.7572,-1,-1,-1
510,54,796.14,146.20,47.79,175.19,0.2313,-1,-1,-1
510,2,826.50,611.85,70.86,249.92,0.7007,-1,-1,-1
510,43,826.50,611.85,70.86,249.92,0.7007,-1,-1,-1
510,52,1744.73,199.94,57.79,163.31,0.5356,-1,-1,-1
510,57,1618.60,300.72,57.96,189.08,0.4577,-1,-1,-1
510,61,1839.09,187.12,70.49,199.50,0.3137,-1,-1,-1
510,64,400.20,172.21,64.98,184.73,0.2664,-1,-1,-1
511,3,1041.41,932.52,75.53,147.54,0.6257,-1,-1,-1
511,4,1725.41,459.63,64.27,202.09,0.3958,-1,-1,-1
511,13,204.53,763.36,86.26,276.80,0.7622,-1,-1,-1
511,41,995.01,1.73,54.83,119.20,0.1957,-1,-1,-1
511,28,932.55,694.86,92.12,255.90,0.6370,-1,-1,-1
511,19,460.79,148.16,69.99,175.79,0.2721,-1,-1,-1
511,50,1030.64,713.69,78.86,220.42,0.5886,-1,-1,-1
511,26,280.02,795.99,83.82,255.27,0.7812,-1,-1,-1
511,54,792.74,146.94,51.16,173.72,0.2594,-1,-1,-1
511,2,826.94,612.13,70.87,249.76,0.6954,-1,-1,-1
511,43,826.94,612.13,70.87,249.76,0.6954,-1,-1,-1
511,52,1747.56,202.07,55.83,162.74,0.5109,-1,-1,-1
511,57,1617.65,298.82,57.03,191.13,0.3587,-1,-1,-1
511,61,1841.85,188.03,66.50,199.25,0.2784,-1,-1,-1
511,64,401.56,171.14,64.01,189.64,0.2565,-1,-1,-1
512,3,1042.02,931.85,75.39,148.17,0.6336,-1,-1,-1
512,4,1724.77,458.12,64.37,204.15,0.3425,-1,-1,-1
512,13,202.86,765.94,89.93,276.13,0.7602,-1,-1,-1
512,41,994.07,1.81,54.81,119.05,0.2010,-1,-1,-1
512,28,934.45,697.45,91.81,260.65,0.6316,-1,-1,-1
512,50,1031.96,715.44,77.65,215.60,0.5690,-1,-1,-1
512,26,280.15,798.56,82.18,258.45,0.7717,-1,-1,-1
512,54,788.80,144.85,53.61,176.13,0.2634,-1,-1,-1
512,2,827.30,612.27,70.45,249.46,0.6951,-1,-1,-1
512,43,827.30,612.27,70.45,249.46,0.6951,-1,-1,-1
512,52,1750.35,203.43,53.68,163.06,0.5363,-1,-1,-1
512,57,1616.53,299.45,56.63,190.11,0.3400,-1,-1,-1
512,61,1843.26,190.67,66.79,199.71,0.2195,-1,-1,-1
512,64,401.05,173.22,63.75,192.65,0.2324,-1,-1,-1
513,3,1042.03,932.66,76.03,146.89,0.6101,-1,-1,-1
513,4,1724.39,458.26,63.29,202.56,0.3493,-1,-1,-1
513,13,201.47,767.44,91.40,275.67,0.7579,-1,-1,-1
513,41,992.94,1.90,55.32,118.70,0.1721,-1,-1,-1
513,28,937.01,700.85,88.28,260.52,0.6129,-1,-1,-1
513,50,1034.55,717.35,75.95,222.88,0.5639,-1,-1,-1
513,26,280.04,800.64,80.58,262.38,0.7783,-1,-1,-1
513,54,786.44,141.71,55.13,178.62,0.2804,-1,-1,-1
513,2,827.61,611.96,69.76,250.22,0.6788,-1,-1,-1
513,43,827.61,611.96,69.76,250.22,0.6788,-1,-1,-1
513,52,1751.75,203.86,53.01,165.44,0.5091,-1,-1,-1
513,57,1615.69,299.97,55.92,189.71,0.3851,-1,-1,-1
513,61,1844.31,194.72,70.29,197.37,0.1558,-1,-1,-1
513,64,401.50,175.31,61.90,192.52,0.2793,-1,-1,-1
514,3,1042.63,932.24,75.37,147.03,0.6358,-1,-1,-1
514,4,1724.44,460.69,62.28,198.96,0.3390,-1,-1,-1
514,13,198.92,769.76,92.56,275.03,0.7548,-1,-1,-1
514,41,992.48,1.81,56.03,119.58,0.1834,-1,-1,-1
514,28,942.34,703.92,83.12,260.66,0.6253,-1,-1,-1
514,50,1035.88,718.80,74.93,225.28,0.5792,-1,-1,-1
514,26,278.90,801.45,79.28,263.66,0.7982,-1,-1,-1
514,54,786.20,140.04,54.45,179.88,0.2368,-1,-1,-1
514,2,827.43,611.81,69.88,250.46,0.6596,-1,-1,-1
514,43,827.43,611.81,69.88,250.46,0.6596,-1,-1,-1
514,52,1753.76,204.37,52.66,167.63,0.4573,-1,-1,-1
514,57,1615.56,300.81,54.30,189.42,0.3328,-1,-1,-1
514,64,401.72,173.81,61.00,194.53,0.2276,-1,-1,-1
515,3,1043.22,932.27,75.17,146.78,0.6430,-1,-1,-1
515,4,1724.35,460.02,61.22,198.72,0.3417,-1,-1,-1
515,13,197.09,771.17,94.33,273.19,0.7599,-1,-1,-1
515,41,992.15,1.81,57.15,117.63,0.1974,-1,-1,-1
515,28,938.74,706.21,87.95,257.42,0.5990,-1,-1,-1
515,50,1035.18,719.97,76.37,229.59,0.6184,-1,-1,-1
515,26,276.45,802.17,80.59,263.84,0.8026,-1,-1,-1
515,2,827.83,611.88,69.23,250.25,0.6521,-1,-1,-1
515,43,827.83,611.88,69.23,250.25,0.6521,-1,-1,-1
515,52,1755.25,205.60,52.71,167.71,0.4320,-1,-1,-1
515,57,1613.66,300.99,53.80,187.22,0.3137,-1,-1,-1
515,64,401.24,178.97,59.91,189.21,0.2593,-1,-1,-1
516,3,1044.16,932.35,74.51,146.84,0.6141,-1,-1,-1
516,4,1722.42,459.34,63.58,202.48,0.4061,-1,-1,-1
516,13,194.27,772.80,96.18,270.82,0.7642,-1,-1,-1
516,41,991.87,1.76,58.04,117.49,0.1511,-1,-1,-1
516,28,938.92,708.89,89.26,253.88,0.6534,-1,-1,-1
516,50,1036.48,721.50,75.15,237.86,0.6364,-1,-1,-1
516,26,274.15,802.67,81.27,263.06,0.8161,-1,-1,-1
516,2,828.45,612.25,68.17,249.86,0.6387,-1,-1,-1
516,43,828.45,612.25,68.17,249.86,0.6387,-1,-1,-1
516,52,1756.24,205.52,52.86,165.76,0.4432,-1,-1,-1
516,57,1612.68,299.28,52.76,188.46,0.2081,-1,-1,-1
516,64,399.96,181.83,59.42,185.85,0.2449,-1,-1,-1
517,3,1044.75,931.71,74.06,147.26,0.6180,-1,-1,-1
517,4,1723.23,457.46,63.56,206.02,0.3175,-1,-1,-1
517,13,192.99,775.07,94.57,266.18,0.7599,-1,-1,-1
517,41,991.26,1.81,58.50,117.20,0.1821,-1,-1,-1
517,28,938.69,711.15,90.71,253.89,0.6466,-1,-1,-1
517,50,1038.01,723.67,72.75,238.72,0.6408,-1,-1,-1
517,26,273.26,803.70,81.30,262.60,0.8189,-1,-1,-1
517,2,827.70,611.71,69.00,250.58,0.6503,-1,-1,-1
517,43,827.70,611.71,69.00,250.58,0.6503,-1,-1,-1
517,52,1758.42,204.94,52.68,159.48,0.4183,-1,-1,-1
517,57,1611.57,299.64,49.97,185.65,0.2645,-1,-1,-1
517,64,399.20,180.32,59.48,187.67,0.1938,-1,-1,-1
518,3,1044.95,930.14,73.14,148.65,0.6510,-1,-1,-1
518,4,1723.10,456.85,63.25,205.98,0.3672,-1,-1,-1
518,13,191.52,776.65,92.64,263.85,0.7938,-1,-1,-1
518,41,991.53,1.77,58.09,116.66,0.1544,-1,-1,-1
518,28,940.98,712.81,90.21,257.50,0.6359,-1,-1,-1
518,50,1039.70,726.18,70.89,233.32,0.6214,-1,-1,-1
518,26,271.59,804.13,82.24,261.59,0.8229,-1,-1,-1
518,2,827.81,611.13,68.31,251.08,0.6401,-1,-1,-1
518,43,827.81,611.13,68.31,251.08,0.6401,-1,-1,-1
518,52,1760.42,205.25,52.40,155.54,0.3887,-1,-1,-1
518,57,1610.69,297.70,49.00,185.90,0.2642,-1,-1,-1
518,64,397.63,174.14,60.67,194.38,0.2204,-1,-1,-1
519,3,1044.90,929.16,72.73,149.49,0.6274,-1,-1,-1
519,4,1722.70,458.89,65.83,206.36,0.3302,-1,-1,-1
519,13,190.10,778.40,92.33,262.14,0.7917,-1,-1,-1
519,41,992.06,1.72,57.36,116.11,0.1767,-1,-1,-1
519,28,943.02,714.16,88.61,259.02,0.6382,-1,-1,-1
519,50,1038.68,730.22,71.59,226.44,0.5528,-1,-1,-1
519,26,270.34,805.34,82.78,260.48,0.8198,-1,-1,-1
519,2,827.92,610.75,67.56,251.09,0.6216,-1,-1,-1
519,43,827.92,610.75,67.56,251.09,0.6216,-1,-1,-1
519,52,1759.84,204.94,56.01,164.41,0.3800,-1,-1,-1
519,57,1609.32,292.72,48.53,191.81,0.2032,-1,-1,-1
519,64,396.78,181.20,60.05,187.70,0.2826,-1,-1,-1
519,48,1728.10,629.46,82.09,218.26,0.3605,-1,-1,-1
519,19,463.52,137.16,62.75,177.98,0.3596,-1,-1,-1
520,3,1044.84,926.94,72.75,151.94,0.6482,-1,-1,-1
520,4,1721.00,458.99,67.63,209.34,0.3662,-1,-1,-1
520,13,189.07,779.95,92.36,261.74,0.7897,-1,-1,-1
520,41,992.75,1.84,56.45,116.48,0.2049,-1,-1,-1
520,28,943.98,715.11,87.16,259.55,0.6930,-1,-1,-1
520,50,1038.87,733.39,74.19,211.51,0.5969,-1,-1,-1
520,26,268.78,807.58,84.04,259.09,0.8218,-1,-1,-1
520,2,827.76,608.63,67.94,251.92,0.5871,-1,-1,-1
520,43,827.76,608.63,67.94,251.92,0.5871,-1,-1,-1
520,52,1760.12,205.42,58.49,167.36,0.3056,-1,-1,-1
520,57,1606.37,289.92,51.24,193.52,0.2030,-1,-1,-1
520,64,395.41,190.31,58.69,179.01,0.2749,-1,-1,-1
520,48,1732.24,629.93,81.86,222.05,0.4448,-1,-1,-1
520,19,466.04,136.66,59.47,174.46,0.3061,-1,-1,-1
521,3,1044.81,927.29,72.75,152.00,0.6573,-1,-1,-1
521,4,1718.32,460.11,69.78,209.75,0.3704,-1,-1,-1
521,13,188.32,780.69,94.15,266.41,0.7919,-1,-1,-1
521,41,992.43,1.93,55.54,114.95,0.1935,-1,-1,-1
521,28,947.40,717.62,84.91,257.92,0.6593,-1,-1,-1
521,50,1039.75,735.61,75.15,203.65,0.6016,-1,-1,-1
521,26,267.21,810.09,84.61,258.19,0.8144,-1,-1,-1
521,2,828.39,607.96,67.03,253.09,0.6098,-1,-1,-1
521,43,828.39,607.96,67.03,253.09,0.6098,-1,-1,-1
521,52,1761.35,206.67,59.59,170.64,0.2781,-1,-1,-1
521,64,394.26,196.71,57.37,173.55,0.2622,-1,-1,-1
521,48,1734.04,632.83,86.46,216.99,0.5706,-1,-1,-1
521,19,467.18,143.73,56.46,163.04,0.3294,-1,-1,-1
522,3,1044.69,928.45,72.51,151.13,0.6441,-1,-1,-1
522,4,1716.81,461.65,71.13,208.37,0.3265,-1,-1,-1
522,13,188.16,781.95,95.49,270.30,0.7775,-1,-1,-1
522,41,992.72,2.01,54.59,114.17,0.1996,-1,-1,-1
522,28,947.97,719.14,85.25,256.42,0.6861,-1,-1,-1
522,50,1040.69,738.69,76.08,202.82,0.6260,-1,-1,-1
522,26,267.47,812.88,83.95,256.54,0.7977,-1,-1,-1
522,2,828.40,607.05,66.59,254.08,0.6275,-1,-1,-1
522,43,828.40,607.05,66.59,254.08,0.6275,-1,-1,-1
522,52,1763.20,207.37,60.00,171.29,0.3367,-1,-1,-1
522,64,391.89,199.66,58.32,171.42,0.2053,-1,-1,-1
522,48,1737.39,635.22,89.56,214.89,0.5517,-1,-1,-1
522,19,468.05,143.71,54.92,161.20,0.3564,-1,-1,-1
523,3,1044.56,929.14,72.20,150.28,0.6095,-1,-1,-1
523,4,1717.61,461.30,69.60,207.10,0.3888,-1,-1,-1
523,13,187.63,783.51,96.58,273.65,0.7728,-1,-1,-1
523,41,993.17,2.23,53.09,113.81,0.2018,-1,-1,-1
523,28,949.73,720.05,85.38,256.13,0.6350,-1,-1,-1
523,50,1043.57,740.27,74.02,206.03,0.6184,-1,-1,-1
523,26,266.11,816.24,84.84,255.70,0.8008,-1,-1,-1
523,2,828.56,607.37,66.27,254.12,0.6334,-1,-1,-1
523,43,828.56,607.37,66.27,254.12,0.6334,-1,-1,-1
523,52,1764.96,209.22,59.86,168.32,0.3792,-1,-1,-1
523,64,391.35,201.77,58.19,171.57,0.1793,-1,-1,-1
523,48,1742.48,637.07,89.72,214.92,0.4899,-1,-1,-1
523,19,467.73,134.82,56.28,170.85,0.3459,-1,-1,-1
523,58,1711.90,313.08,76.33,180.84,0.3929,-1,-1,-1
524,3,1044.57,929.94,71.59,149.36,0.5856,-1,-1,-1
524,4,1719.54,461.73,68.07,206.14,0.3755,-1,-1,-1
524,13,188.40,785.11,93.28,275.52,0.7697,-1,-1,-1
524,41,993.24,2.21,52.29,113.40,0.2124,-1,-1,-1
524,28,952.55,720.68,83.57,251.22,0.5981,-1,-1,-1
524,50,1044.61,742.62,74.44,216.18,0.6170,-1,-1,-1
524,26,262.85,819.20,87.14,256.55,0.8096,-1,-1,-1
524,2,827.69,607.95,66.09,253.42,0.6293,-1,-1,-1
524,43,827.69,607.95,66.09,253.42,0.6293,-1,-1,-1
524,52,1766.95,210.83,59.84,171.24,0.3881,-1,-1,-1
524,64,390.16,203.97,58.68,171.44,0.1624,-1,-1,-1
524,48,1743.53,640.30,92.53,215.79,0.3423,-1,-1,-1
524,19,466.88,129.40,56.12,176.01,0.2146,-1,-1,-1
524,58,1710.93,309.48,74.55,189.86,0.4379,-1,-1,-1
525,3,1044.27,931.21,72.21,148.47,0.5424,-1,-1,-1
525,4,1717.25,461.48,70.61,205.87,0.4631,-1,-1,-1
525,13,188.12,786.17,94.33,280.05,0.7707,-1,-1,-1
525,41,993.13,2.36,51.63,112.10,0.1879,-1,-1,-1
525,28,957.25,721.34,80.37,240.45,0.5099,-1,-1,-1
525,50,1045.48,743.68,75.45,224.28,0.6215,-1,-1,-1
525,26,263.02,822.07,86.54,256.58,0.8101,-1,-1,-1
525,2,827.31,607.82,66.21,253.29,0.6575,-1,-1,-1
525,43,827.31,607.82,66.21,253.29,0.6575,-1,-1,-1
525,52,1767.62,212.21,60.22,170.30,0.4600,-1,-1,-1
525,64,390.64,205.08,57.08,171.57,0.1634,-1,-1,-1
525,48,1751.41,642.99,87.63,219.24,0.3493,-1,-1,-1
525,19,465.40,125.48,57.81,179.89,0.2526,-1,-1,-1
525,58,1709.72,307.49,73.36,190.44,0.4011,-1,-1,-1
526,3,1044.05,929.96,72.01,149.94,0.6028,-1,-1,-1
526,4,1715.12,460.69,73.36,206.09,0.4466,-1,-1,-1
526,13,188.40,788.12,92.98,281.01,0.7713,-1,-1,-1
526,41,993.34,2.26,51.38,111.68,0.1563,-1,-1,-1
526,28,959.68,719.64,76.53,245.38,0.4987,-1,-1,-1
526,50,1049.00,743.95,74.42,217.11,0.5207,-1,-1,-1
526,26,260.82,824.71,88.22,254.93,0.8047,-1,-1,-1
526,2,826.85,606.70,66.63,254.70,0.6679,-1,-1,-1
526,43,826.85,606.70,66.63,254.70,0.6679,-1,-1,-1
526,52,1767.87,211.98,61.94,177.38,0.4269,-1,-1,-1
526,64,389.02,202.10,58.71,176.06,0.2460,-1,-1,-1
526,48,1755.88,644.96,84.41,221.38,0.2079,-1,-1,-1
526,19,465.30,125.90,57.57,178.96,0.2723,-1,-1,-1
526,58,1707.30,305.93,73.54,188.96,0.3916,-1,-1,-1
527,3,1043.59,927.82,71.90,152.18,0.6514,-1,-1,-1
527,4,1714.72,460.58,74.48,206.05,0.4669,-1,-1,-1
527,13,188.59,789.12,92.81,283.05,0.7836,-1,-1,-1
527,41,994.28,2.54,50.60,110.79,0.1691,-1,-1,-1
527,28,959.83,722.73,76.78,243.94,0.4377,-1,-1,-1
527,50,1051.60,744.62,74.88,205.44,0.5255,-1,-1,-1
527,26,259.44,827.11,89.05,252.37,0.7870,-1,-1,-1
527,2,826.52,606.06,66.77,252.93,0.6681,-1,-1,-1
527,43,826.52,606.06,66.77,252.93,0.6681,-1,-1,-1
527,52,1767.39,213.62,64.27,176.86,0.4477,-1,-1,-1
527,64,386.72,200.10,61.34,180.69,0.3046,-1,-1,-1
527,48,1760.14,647.63,84.72,220.65,0.2687,-1,-1,-1
527,19,465.59,125.23,57.49,180.36,0.3053,-1,-1,-1
527,58,1703.86,305.24,75.61,187.68,0.4036,-1,-1,-1
527,54,778.05,140.42,56.18,179.72,0.3449,-1,-1,-1
528,3,1043.43,924.71,70.58,155.31,0.6971,-1,-1,-1
528,4,1714.54,460.24,76.44,206.55,0.5022,-1,-1,-1
528,13,189.05,790.63,90.43,282.99,0.7787,-1,-1,-1
528,28,963.28,726.26,75.27,251.17,0.3604,-1,-1,-1
528,50,1053.58,745.44,75.40,199.43,0.5261,-1,-1,-1
528,26,257.63,828.54,90.12,250.66,0.7950,-1,-1,-1
528,2,826.22,605.55,66.98,252.61,0.6930,-1,-1,-1
528,43,826.22,605.55,66.98,252.61,0.6930,-1,-1,-1
528,52,1768.20,214.74,65.56,170.94,0.5165,-1,-1,-1
528,64,387.03,203.01,61.22,180.62,0.3124,-1,-1,-1
528,19,466.90,125.32,56.40,181.38,0.3324,-1,-1,-1
528,58,1700.87,305.14,76.60,186.64,0.4194,-1,-1,-1
528,65,961.92,725.96,75.58,153.93,0.4186,-1,-1,-1
528,54,777.80,140.58,56.00,179.61,0.3188,-1,-1,-1
529,3,1042.12,924.77,70.93,155.23,0.7089,-1,-1,-1
529,4,1714.56,460.37,77.44,206.70,0.5142,-1,-1,-1
529,13,190.31,791.92,88.37,282.15,0.7746,-1,-1,-1
529,28,964.34,728.56,76.64,256.27,0.4726,-1,-1,-1
529,50,1055.75,746.16,75.41,201.36,0.5672,-1,-1,-1
529,26,256.90,829.60,89.60,248.58,0.7874,-1,-1,-1
529,2,825.65,605.48,67.27,252.15,0.7110,-1,-1,-1
529,43,825.65,605.48,67.27,252.15,0.7110,-1,-1,-1
529,52,1767.62,213.84,67.20,173.87,0.5195,-1,-1,-1
529,64,387.33,202.96,60.82,185.75,0.3331,-1,-1,-1
529,19,466.65,125.04,57.18,182.23,0.3418,-1,-1,-1
529,58,1697.46,305.02,78.51,186.57,0.3180,-1,-1,-1
529,65,963.20,727.40,76.63,152.92,0.3812,-1,-1,-1
529,54,774.81,141.88,60.07,178.84,0.3111,-1,-1,-1
530,3,1040.69,926.43,71.84,153.53,0.6417,-1,-1,-1
530,4,1714.51,459.58,77.62,208.08,0.5294,-1,-1,-1
530,13,190.95,793.04,87.49,281.58,0.7637,-1,-1,-1
530,28,965.26,731.57,77.33,254.64,0.6293,-1,-1,-1
530,50,1056.44,747.78,76.41,199.51,0.5645,-1,-1,-1
530,26,256.11,831.54,90.16,246.36,0.7872,-1,-1,-1
530,2,824.19,604.93,67.15,251.99,0.7134,-1,-1,-1
530,43,824.19,604.93,67.15,251.99,0.7134,-1,-1,-1
530,52,1766.54,214.02,69.34,174.43,0.5139,-1,-1,-1
530,64,387.12,202.14,60.87,188.58,0.3473,-1,-1,-1
530,19,464.95,124.77,58.98,178.48,0.2814,-1,-1,-1
530,58,1695.39,306.17,78.53,183.18,0.3629,-1,-1,-1
530,65,964.77,731.35,77.52,150.73,0.2404,-1,-1,-1
530,54,774.82,139.84,60.27,180.03,0.2869,-1,-1,-1
531,3,1039.67,928.81,72.02,151.14,0.6540,-1,-1,-1
531,4,1714.82,460.30,77.25,207.28,0.5395,-1,-1,-1
531,13,191.44,794.71,86.97,280.08,0.7520,-1,-1,-1
531,28,966.08,733.08,77.84,253.89,0.6371,-1,-1,-1
531,50,1058.24,749.23,75.77,204.49,0.5979,-1,-1,-1
531,26,256.21,832.90,89.66,245.23,0.7846,-1,-1,-1
531,2,821.98,604.14,68.04,252.76,0.7082,-1,-1,-1
531,43,821.98,604.14,68.04,252.76,0.7082,-1,-1,-1
531,52,1765.22,214.47,71.14,173.93,0.5198,-1,-1,-1
531,64,378.87,198.53,68.94,193.44,0.4185,-1,-1,-1
531,19,467.19,124.36,57.67,177.24,0.3102,-1,-1,-1
531,58,1694.65,305.52,77.57,183.06,0.3712,-1,-1,-1
531,65,966.06,733.09,76.58,150.86,0.1638,-1,-1,-1
531,54,775.16,137.95,59.73,181.07,0.2519,-1,-1,-1
532,3,1039.58,934.38,71.49,145.55,0.6100,-1,-1,-1
532,4,1714.31,459.88,76.34,210.26,0.6015,-1,-1,-1
532,13,191.65,796.49,86.88,277.28,0.7765,-1,-1,-1
532,28,966.96,735.80,81.36,254.11,0.6743,-1,-1,-1
532,50,1058.83,750.60,76.32,208.63,0.6407,-1,-1,-1
532,26,256.33,833.93,89.60,244.54,0.7903,-1,-1,-1
532,2,819.07,603.27,69.40,251.83,0.7102,-1,-1,-1
532,43,819.07,603.27,69.40,251.83,0.7102,-1,-1,-1
532,52,1764.65,215.35,73.01,174.59,0.5170,-1,-1,-1
532,64,376.88,195.90,71.20,195.35,0.4131,-1,-1,-1
532,19,468.21,122.57,57.43,179.92,0.3333,-1,-1,-1
532,58,1695.66,304.85,75.74,184.63,0.3395,-1,-1,-1
532,65,966.75,735.94,81.56,225.63,0.6743,-1,-1,-1
532,54,773.90,142.14,61.51,177.35,0.2505,-1,-1,-1
533,3,1039.21,942.29,71.40,137.65,0.5312,-1,-1,-1
533,4,1714.24,458.94,75.53,211.09,0.6046,-1,-1,-1
533,13,190.71,797.96,89.12,274.97,0.7657,-1,-1,-1
533,28,968.41,738.67,84.66,250.32,0.6903,-1,-1,-1
533,50,1060.31,752.97,76.78,210.15,0.6015,-1,-1,-1
533,26,256.23,835.22,89.48,243.75,0.7915,-1,-1,-1
533,2,814.86,602.63,69.82,253.62,0.7121,-1,-1,-1
533,43,814.86,602.63,69.82,253.62,0.7121,-1,-1,-1
533,52,1765.15,217.88,73.29,173.14,0.4872,-1,-1,-1
533,64,376.19,196.08,71.64,195.88,0.3684,-1,-1,-1
533,19,467.82,123.30,57.94,180.00,0.2680,-1,-1,-1
533,58,1697.02,304.67,72.65,184.44,0.3683,-1,-1,-1
533,65,968.17,738.71,85.30,246.33,0.6903,-1,-1,-1
533,54,772.34,143.34,62.99,175.82,0.2567,-1,-1,-1
534,3,1038.19,947.35,72.21,132.63,0.4491,-1,-1,-1
534,4,1713.38,458.83,76.38,210.87,0.5896,-1,-1,-1
534,13,190.00,799.46,91.18,271.74,0.7753,-1,-1,-1
534,28,967.99,740.62,87.70,248.72,0.6804,-1,-1,-1
534,50,1063.21,754.92,74.66,213.51,0.5564,-1,-1,-1
534,26,256.30,836.54,89.93,242.08,0.7831,-1,-1,-1
534,2,810.73,601.52,70.65,255.90,0.7303,-1,-1,-1
534,43,810.73,601.52,70.65,255.90,0.7303,-1,-1,-1
534,52,1765.73,219.60,74.20,171.49,0.5256,-1,-1,-1
534,64,379.76,197.68,69.11,193.83,0.3670,-1,-1,-1
534,19,467.56,122.90,57.11,176.47,0.3686,-1,-1,-1
534,58,1696.18,303.49,71.81,184.65,0.4172,-1,-1,-1
534,65,967.70,740.74,88.48,254.45,0.6804,-1,-1,-1
534,54,772.97,144.93,62.80,173.53,0.2546,-1,-1,-1
535,3,1037.38,953.28,72.83,126.66,0.2569,-1,-1,-1
535,4,1713.67,457.58,75.64,212.46,0.6182,-1,-1,-1
535,13,189.55,799.92,93.57,271.64,0.7962,-1,-1,-1
535,28,968.63,742.84,88.32,247.14,0.6603,-1,-1,-1
535,50,1062.02,757.30,77.11,222.98,0.4524,-1,-1,-1
535,26,256.47,837.59,90.27,240.50,0.7888,-1,-1,-1
535,2,806.07,600.19,72.53,255.16,0.7455,-1,-1,-1
535,43,806.07,600.19,72.53,255.16,0.7455,-1,-1,-1
535,52,1766.01,221.76,73.83,169.67,0.4706,-1,-1,-1
535,64,384.66,200.27,65.53,190.46,0.4045,-1,-1,-1
535,19,466.00,119.91,59.38,175.33,0.2768,-1,-1,-1
535,58,1694.58,300.67,72.66,186.73,0.3246,-1,-1,-1
535,65,968.35,742.95,89.05,255.92,0.6603,-1,-1,-1
535,54,773.92,149.06,61.97,170.05,0.2679,-1,-1,-1
536,3,1036.87,955.31,72.63,124.66,0.1570,-1,-1,-1
536,4,1714.16,458.41,75.32,211.16,0.6241,-1,-1,-1
536,13,189.79,800.65,94.05,273.98,0.8005,-1,-1,-1
536,28,971.78,743.47,87.33,250.02,0.6401,-1,-1,-1
536,50,1062.37,760.63,77.68,222.34,0.4689,-1,-1,-1
536,26,256.93,838.81,89.13,239.39,0.7894,-1,-1,-1
536,2,802.99,599.72,73.13,254.08,0.7307,-1,-1,-1
536,43,802.99,599.72,73.13,254.08,0.7307,-1,-1,-1
536,52,1765.87,222.96,73.87,168.38,0.5122,-1,-1,-1
536,64,388.01,199.60,63.32,191.24,0.3947,-1,-1,-1
536,19,466.04,123.27,59.03,169.69,0.2827,-1,-1,-1
536,58,1693.88,299.89,72.16,187.23,0.3125,-1,-1,-1
536,65,971.57,743.64,87.95,259.02,0.6401,-1,-1,-1
536,54,774.91,147.32,61.92,171.54,0.2405,-1,-1,-1
537,4,1715.27,459.72,74.49,210.35,0.6190,-1,-1,-1
537,13,190.97,801.59,93.29,276.95,0.7858,-1,-1,-1
537,28,972.66,745.74,89.32,248.49,0.6562,-1,-1,-1
537,50,1064.42,762.66,76.36,226.30,0.5258,-1,-1,-1
537,26,257.25,840.89,87.66,237.78,0.7761,-1,-1,-1
537,2,798.84,599.68,75.76,255.02,0.7275,-1,-1,-1
537,43,798.84,599.68,75.76,255.02,0.7275,-1,-1,-1
537,52,1767.26,223.65,73.38,167.85,0.5020,-1,-1,-1
537,64,388.96,200.04,62.75,190.40,0.4268,-1,-1,-1
537,19,466.30,121.33,58.04,169.47,0.2308,-1,-1,-1
537,58,1692.90,297.62,71.26,189.75,0.2933,-1,-1,-1
537,65,972.48,745.87,89.87,257.17,0.6562,-1,-1,-1
537,54,775.46,142.81,61.81,176.17,0.2524,-1,-1,-1
537,67,142.01,309.56,90.97,189.62,0.4452,-1,-1,-1
538,4,1716.47,460.50,73.07,209.35,0.6263,-1,-1,-1
538,13,192.27,802.97,92.45,277.07,0.7958,-1,-1,-1
538,28,974.53,747.63,90.19,246.24,0.6994,-1,-1,-1
538,50,1063.11,764.85,77.89,226.40,0.5725,-1,-1,-1
538,26,256.41,843.71,87.72,235.82,0.7829,-1,-1,-1
538,2,796.95,600.00,77.30,254.60,0.7364,-1,-1,-1
538,43,796.95,600.00,77.30,254.60,0.7364,-1,-1,-1
538,52,1770.29,223.91,69.59,167.41,0.5214,-1,-1,-1
538,64,389.73,197.05,61.91,193.90,0.3627,-1,-1,-1
538,19,465.21,120.35,58.47,167.36,0.2202,-1,-1,-1
538,58,1690.80,296.31,69.26,190.54,0.3836,-1,-1,-1
538,65,974.37,747.75,90.68,254.17,0.6994,-1,-1,-1
538,54,775.57,138.67,63.05,181.80,0.2253,-1,-1,-1
538,67,144.09,309.59,90.44,188.84,0.3826,-1,-1,-1
539,4,1716.23,460.38,73.45,209.13,0.6111,-1,-1,-1
539,13,193.02,804.68,92.06,275.84,0.7847,-1,-1,-1
539,28,975.77,748.94,89.86,244.59,0.7038,-1,-1,-1
539,50,1061.43,767.24,80.66,228.03,0.6100,-1,-1,-1
539,26,254.79,846.34,88.30,233.50,0.7833,-1,-1,-1
539,2,794.85,599.80,77.87,254.94,0.7299,-1,-1,-1
539,43,794.85,599.80,77.87,254.94,0.7299,-1,-1,-1
539,52,1773.67,224.71,66.12,166.57,0.4944,-1,-1,-1
539,64,389.91,192.71,61.31,198.93,0.4188,-1,-1,-1
539,19,464.81,123.16,58.13,160.91,0.1559,-1,-1,-1
539,58,1688.77,294.17,70.56,193.86,0.3630,-1,-1,-1
539,65,975.63,749.06,90.28,251.65,0.7038,-1,-1,-1
539,54,776.39,130.11,64.91,190.48,0.2545,-1,-1,-1
539,67,145.78,309.40,90.01,188.34,0.2832,-1,-1,-1
539,3,1030.14,942.96,79.82,137.38,0.5016,-1,-1,-1
540,4,1716.16,459.65,73.49,209.76,0.6310,-1,-1,-1
540,13,193.06,806.11,92.05,273.96,0.7670,-1,-1,-1
540,28,977.60,749.44,89.61,242.82,0.6748,-1,-1,-1
540,50,1061.96,769.30,81.33,223.22,0.5428,-1,-1,-1
540,26,254.11,848.71,87.41,230.11,0.7684,-1,-1,-1
540,2,792.54,599.65,79.10,254.40,0.7462,-1,-1,-1
540,43,792.54,599.65,79.10,254.40,0.7462,-1,-1,-1
540,52,1775.12,225.18,64.28,166.46,0.4515,-1,-1,-1
540,64,390.57,188.11,59.97,203.80,0.4428,-1,-1,-1
540,19,463.92,121.16,58.38,162.74,0.2354,-1,-1,-1
540,58,1685.19,291.50,71.50,196.14,0.4191,-1,-1,-1
540,65,977.48,749.57,89.97,249.07,0.6748,-1,-1,-1
540,54,776.21,109.00,67.40,211.77,0.2278,-1,-1,-1
540,67,145.93,308.48,90.44,188.99,0.2896,-1,-1,-1
540,3,1029.20,943.58,80.68,136.85,0.3974,-1,-1,-1
541,4,1716.32,458.97,73.34,209.83,0.6413,-1,-1,-1
541,13,195.64,808.78,90.46,271.46,0.7776,-1,-1,-1
541,28,981.16,751.02,86.66,239.28,0.6867,-1,-1,-1
541,50,1056.70,770.29,86.77,223.33,0.6332,-1,-1,-1
541,26,254.42,850.56,86.81,228.34,0.7683,-1,-1,-1
541,2,791.64,599.72,79.06,252.60,0.7223,-1,-1,-1
541,43,791.64,599.72,79.06,252.60,0.7223,-1,-1,-1
541,52,1776.39,225.75,63.40,166.33,0.4487,-1,-1,-1
541,64,390.24,187.18,60.03,206.45,0.4697,-1,-1,-1
541,19,462.24,116.80,60.15,165.89,0.2129,-1,-1,-1
541,58,1679.92,288.63,74.90,198.21,0.4113,-1,-1,-1
541,65,981.06,751.12,86.96,244.80,0.6867,-1,-1,-1
541,54,775.64,95.71,70.92,226.22,0.3066,-1,-1,-1
541,67,146.34,307.96,90.97,187.38,0.2085,-1,-1,-1
541,3,1027.68,940.46,82.18,139.99,0.5406,-1,-1,-1
542,4,1715.96,458.19,73.65,210.62,0.5986,-1,-1,-1
542,13,199.36,810.53,87.68,269.90,0.7557,-1,-1,-1
542,28,984.86,751.47,82.54,239.02,0.6707,-1,-1,-1
542,50,1064.90,771.63,79.80,223.98,0.5662,-1,-1,-1
542,26,255.70,852.67,84.74,226.71,0.7469,-1,-1,-1
542,2,790.20,599.19,78.78,252.11,0.7134,-1,-1,-1
542,43,790.20,599.19,78.78,252.11,0.7134,-1,-1,-1
542,52,1777.63,227.08,62.62,165.30,0.4335,-1,-1,-1
542,64,390.67,189.29,58.36,205.51,0.3996,-1,-1,-1
542,19,462.16,113.49,59.22,168.82,0.2740,-1,-1,-1
542,58,1676.44,285.29,78.29,201.45,0.4374,-1,-1,-1
542,65,984.78,751.57,82.79,243.79,0.6707,-1,-1,-1
542,54,775.35,91.69,73.42,230.23,0.3010,-1,-1,-1
542,67,146.43,307.51,92.13,189.78,0.2087,-1,-1,-1
542,3,1029.71,946.06,79.43,134.37,0.3613,-1,-1,-1
543,4,1715.12,457.12,74.84,211.62,0.5701,-1,-1,-1
543,13,202.38,811.86,86.01,268.63,0.7123,-1,-1,-1
543,28,988.19,753.16,81.48,233.23,0.6376,-1,-1,-1
543,50,1069.08,772.58,76.77,227.38,0.5954,-1,-1,-1
543,26,256.11,856.69,82.79,223.11,0.7139,-1,-1,-1
543,2,788.03,599.09,80.28,251.72,0.7080,-1,-1,-1
543,43,788.03,599.09,80.28,251.72,0.7080,-1,-1,-1
543,52,1779.44,227.59,61.62,165.77,0.4207,-1,-1,-1
543,64,390.74,202.80,56.34,193.53,0.3016,-1,-1,-1
543,19,461.94,111.45,59.42,169.65,0.2244,-1,-1,-1
543,58,1672.70,283.74,81.53,202.68,0.4393,-1,-1,-1
543,65,988.13,753.23,81.67,237.49,0.6376,-1,-1,-1
543,54,776.91,89.00,73.33,232.44,0.3146,-1,-1,-1
543,67,151.88,307.10,88.43,191.38,0.2117,-1,-1,-1
543,3,1029.65,945.48,79.20,134.93,0.4399,-1,-1,-1
544,4,1714.41,456.95,75.61,212.06,0.5609,-1,-1,-1
544,13,205.52,813.12,84.38,267.29,0.7177,-1,-1,-1
544,28,988.19,755.16,84.52,227.54,0.6523,-1,-1,-1
544,50,1070.88,773.13,76.85,227.37,0.6000,-1,-1,-1
544,26,256.10,861.46,82.36,217.73,0.6976,-1,-1,-1
544,2,784.67,598.83,82.38,252.15,0.7256,-1,-1,-1
544,43,784.67,598.83,82.38,252.15,0.7256,-1,-1,-1
544,52,1780.53,228.07,61.06,166.13,0.4218,-1,-1,-1
544,64,390.78,202.12,56.50,194.83,0.3191,-1,-1,-1
544,19,460.97,110.19,59.81,170.67,0.2309,-1,-1,-1
544,58,1669.73,283.14,84.32,202.90,0.4207,-1,-1,-1
544,65,988.14,755.22,84.69,231.23,0.6523,-1,-1,-1
544,54,778.24,86.15,72.82,234.62,0.3597,-1,-1,-1
544,67,162.94,303.90,80.35,194.51,0.1773,-1,-1,-1
544,3,1027.94,944.30,80.97,136.03,0.4525,-1,-1,-1
545,4,1713.68,457.90,75.99,209.84,0.6115,-1,-1,-1
545,13,207.98,814.72,82.81,265.70,0.6981,-1,-1,-1
545,28,990.97,756.91,83.39,225.21,0.6544,-1,-1,-1
545,50,1070.56,775.52,78.72,226.11,0.5959,-1,-1,-1
545,26,254.16,865.46,83.37,213.65,0.7241,-1,-1,-1
545,2,777.94,598.45,88.07,253.06,0.7369,-1,-1,-1
545,43,777.94,598.45,88.07,253.06,0.7369,-1,-1,-1
545,52,1783.43,227.95,59.35,169.16,0.4194,-1,-1,-1
545,64,390.84,209.44,56.38,189.92,0.3665,-1,-1,-1
545,19,460.92,110.69,59.01,170.41,0.1809,-1,-1,-1
545,58,1666.17,283.31,87.20,201.68,0.3908,-1,-1,-1
545,65,990.92,756.96,83.55,228.36,0.6544,-1,-1,-1
545,54,777.75,85.03,73.15,235.95,0.3541,-1,-1,-1
545,3,1021.08,942.87,87.26,137.45,0.5470,-1,-1,-1
546,4,1711.86,457.56,78.02,210.83,0.6226,-1,-1,-1
546,13,209.69,815.85,82.44,264.49,0.6790,-1,-1,-1
546,28,992.60,759.20,84.22,225.13,0.6303,-1,-1,-1
546,50,1072.46,776.92,78.66,227.63,0.6104,-1,-1,-1
546,26,252.48,868.54,83.47,211.00,0.7188,-1,-1,-1
546,2,772.44,598.31,92.06,253.03,0.7461,-1,-1,-1
546,43,772.44,598.31,92.06,253.03,0.7461,-1,-1,-1
546,52,1786.39,229.35,57.39,170.13,0.3932,-1,-1,-1
546,64,391.25,189.87,56.36,211.69,0.2925,-1,-1,-1
546,58,1665.51,283.48,87.47,201.51,0.3900,-1,-1,-1
546,65,992.56,759.23,84.36,227.84,0.6303,-1,-1,-1
546,54,778.79,83.77,72.21,236.50,0.4345,-1,-1,-1
546,3,1020.69,942.59,86.83,137.67,0.5615,-1,-1,-1
547,4,1711.66,457.14,81.76,211.20,0.5933,-1,-1,-1
547,13,211.15,817.32,82.52,262.97,0.6819,-1,-1,-1
547,28,994.85,761.53,85.22,220.41,0.6357,-1,-1,-1
547,50,1074.13,779.02,78.57,229.77,0.6292,-1,-1,-1
547,26,251.93,872.14,83.74,207.77,0.6904,-1,-1,-1
547,2,770.47,597.93,93.32,254.64,0.7608,-1,-1,-1
547,43,770.47,597.93,93.32,254.64,0.7608,-1,-1,-1
547,52,1788.25,231.34,57.92,171.38,0.3929,-1,-1,-1
547,64,389.56,207.89,57.07,195.71,0.2813,-1,-1,-1
547,58,1661.41,284.43,90.48,198.76,0.3398,-1,-1,-1
547,65,994.82,761.56,85.34,222.81,0.6357,-1,-1,-1
547,54,778.73,83.53,72.62,236.84,0.4516,-1,-1,-1
547,3,1024.81,943.88,82.54,136.37,0.5318,-1,-1,-1
548,4,1714.67,458.22,76.88,210.89,0.5886,-1,-1,-1
548,13,212.61,818.57,81.54,261.73,0.6486,-1,-1,-1
548,28,994.86,765.10,86.63,217.09,0.6597,-1,-1,-1
548,50,1069.65,781.33,85.30,235.74,0.6421,-1,-1,-1
548,26,251.82,875.23,81.67,204.84,0.6879,-1,-1,-1
548,2,768.86,598.00,94.21,255.65,0.7467,-1,-1,-1
548,43,768.86,598.00,94.21,255.65,0.7467,-1,-1,-1
548,52,1789.22,234.32,59.80,173.10,0.4258,-1,-1,-1
548,64,385.71,215.34,60.41,190.57,0.3725,-1,-1,-1
548,58,1659.90,284.80,92.01,197.21,0.3625,-1,-1,-1
548,65,994.83,765.12,86.74,219.15,0.6597,-1,-1,-1
548,54,779.11,82.66,72.50,238.97,0.4323,-1,-1,-1
548,3,1025.71,940.09,81.34,140.16,0.5494,-1,-1,-1
549,4,1719.19,458.88,71.26,209.33,0.6298,-1,-1,-1
549,13,213.77,819.99,81.63,260.25,0.5259,-1,-1,-1
549,28,996.82,768.16,84.36,212.43,0.5853,-1,-1,-1
549,50,1069.01,783.30,86.93,241.48,0.6423,-1,-1,-1
549,26,249.87,874.65,81.14,205.43,0.6309,-1,-1,-1
549,2,768.40,598.77,93.91,254.73,0.7491,-1,-1,-1
549,43,768.40,598.77,93.91,254.73,0.7491,-1,-1,-1
549,52,1790.40,236.31,61.12,174.27,0.3901,-1,-1,-1
549,64,386.31,223.10,57.90,184.73,0.4238,-1,-1,-1
549,58,1658.61,284.49,94.25,198.20,0.3838,-1,-1,-1
549,65,996.79,768.18,84.46,214.21,0.5853,-1,-1,-1
549,54,779.58,83.12,71.62,237.97,0.4420,-1,-1,-1
549,3,1024.60,936.12,82.45,144.08,0.5257,-1,-1,-1
550,4,1718.89,458.62,71.29,209.75,0.6138,-1,-1,-1
550,13,215.11,821.85,82.29,258.38,0.4104,-1,-1,-1
550,28,999.01,772.25,81.09,201.20,0.5138,-1,-1,-1
550,50,1068.46,786.32,88.94,244.25,0.5970,-1,-1,-1
550,26,247.60,874.74,81.21,205.37,0.5727,-1,-1,-1
550,2,766.85,599.57,94.71,253.46,0.7338,-1,-1,-1
550,43,766.85,599.57,94.71,253.46,0.7338,-1,-1,-1
550,52,1793.33,236.41,59.52,175.21,0.4182,-1,-1,-1
550,64,384.23,227.97,59.79,179.91,0.3814,-1,-1,-1
550,58,1658.06,283.84,94.35,197.59,0.4008,-1,-1,-1
550,65,998.99,772.26,81.17,202.77,0.5138,-1,-1,-1
550,54,781.49,83.60,70.71,237.77,0.4444,-1,-1,-1
550,3,1023.83,934.89,82.64,145.30,0.5162,-1,-1,-1
551,4,1720.52,459.06,69.41,209.30,0.6055,-1,-1,-1
551,13,217.34,823.43,84.48,256.72,0.3536,-1,-1,-1
551,28,1002.23,773.50,79.40,190.44,0.4896,-1,-1,-1
551,50,1073.74,789.49,86.87,242.95,0.5686,-1,-1,-1
551,26,241.63,874.92,86.60,205.13,0.5712,-1,-1,-1
551,2,766.17,598.82,93.75,254.66,0.7298,-1,-1,-1
551,43,766.17,598.82,93.75,254.66,0.7298,-1,-1,-1
551,52,1795.57,236.40,58.56,175.96,0.4387,-1,-1,-1
551,64,381.96,226.96,61.87,181.27,0.4703,-1,-1,-1
551,58,1659.02,282.31,93.41,201.37,0.4090,-1,-1,-1
551,65,1002.21,773.52,79.46,191.76,0.4896,-1,-1,-1
551,54,781.94,83.63,70.79,237.91,0.4781,-1,-1,-1
551,3,1020.30,935.69,85.54,144.45,0.5712,-1,-1,-1
552,4,1723.41,458.58,66.14,208.78,0.6063,-1,-1,-1
552,13,220.90,825.02,86.78,255.07,0.3888,-1,-1,-1
552,28,1006.55,775.57,77.04,178.61,0.4716,-1,-1,-1
552,50,1073.62,792.57,90.13,241.85,0.5723,-1,-1,-1
552,26,235.90,875.38,91.67,204.63,0.6561,-1,-1,-1
552,2,765.78,598.14,92.92,254.33,0.7424,-1,-1,-1
552,43,765.78,598.14,92.92,254.33,0.7424,-1,-1,-1
552,52,1797.07,236.98,57.96,176.60,0.3954,-1,-1,-1
552,64,380.44,226.52,63.71,181.66,0.4160,-1,-1,-1
552,58,1660.38,281.07,90.27,207.88,0.3974,-1,-1,-1
552,65,1006.54,775.59,77.10,179.71,0.4716,-1,-1,-1
552,54,783.83,82.83,70.62,238.62,0.4576,-1,-1,-1
552,3,1014.58,934.46,90.08,145.63,0.5272,-1,-1,-1
553,4,1722.87,458.76,66.51,208.24,0.5771,-1,-1,-1
553,13,224.41,826.33,86.36,253.76,0.3555,-1,-1,-1
553,28,1010.00,777.89,74.18,167.69,0.5098,-1,-1,-1
553,50,1073.31,794.91,94.19,243.43,0.5788,-1,-1,-1
553,26,234.29,876.04,92.00,203.98,0.6736,-1,-1,-1
553,2,765.52,596.48,92.46,254.44,0.7525,-1,-1,-1
553,43,765.52,596.48,92.46,254.44,0.7525,-1,-1,-1
553,52,1798.99,237.25,57.78,176.23,0.3763,-1,-1,-1
553,64,379.91,224.30,64.73,183.37,0.4126,-1,-1,-1
553,58,1660.71,279.16,89.82,216.62,0.3763,-1,-1,-1
553,65,1009.99,777.91,74.23,168.60,0.5098,-1,-1,-1
553,54,785.68,83.63,71.01,236.42,0.4188,-1,-1,-1
553,3,1001.80,929.87,102.98,150.10,0.5368,-1,-1,-1
554,4,1722.87,458.98,66.51,207.88,0.5988,-1,-1,-1
554,13,230.21,831.08,92.19,249.02,0.6362,-1,-1,-1
554,28,1004.30,781.08,75.43,205.47,0.1930,-1,-1,-1
554,50,1079.34,797.15,92.20,243.02,0.5162,-1,-1,-1
554,26,232.27,847.76,94.32,232.29,0.6362,-1,-1,-1
554,2,765.68,595.84,89.74,252.45,0.7514,-1,-1,-1
554,43,765.68,595.84,89.74,252.45,0.7514,-1,-1,-1
554,52,1802.42,236.91,56.42,176.17,0.3029,-1,-1,-1
554,64,377.88,221.33,66.37,185.72,0.5280,-1,-1,-1
554,58,1662.47,277.07,85.55,210.52,0.4119,-1,-1,-1
554,65,1010.20,781.10,72.25,166.45,0.3099,-1,-1,-1
554,54,787.80,84.29,71.45,234.90,0.4265,-1,-1,-1
554,3,999.24,920.37,105.85,159.69,0.2591,-1,-1,-1
555,4,1723.08,457.71,66.15,208.96,0.6001,-1,-1,-1
555,13,232.67,833.86,95.31,246.25,0.7014,-1,-1,-1
555,28,1011.01,782.47,73.14,177.52,0.3530,-1,-1,-1
555,50,1085.31,799.03,87.90,240.34,0.6163,-1,-1,-1
555,26,231.91,838.61,96.15,241.46,0.7014,-1,-1,-1
555,2,764.61,595.80,89.16,251.52,0.7346,-1,-1,-1
555,43,764.61,595.80,89.16,251.52,0.7346,-1,-1,-1
555,52,1804.48,236.92,57.75,176.61,0.2970,-1,-1,-1
555,64,376.84,219.24,66.37,187.97,0.5318,-1,-1,-1
555,58,1666.16,275.79,80.89,201.45,0.4646,-1,-1,-1
555,65,1013.24,782.39,71.98,161.21,0.3530,-1,-1,-1
555,54,787.65,83.93,73.66,235.20,0.4006,-1,-1,-1
555,3,1002.27,924.81,103.10,155.28,0.3205,-1,-1,-1
556,4,1723.46,456.49,65.18,208.23,0.6186,-1,-1,-1
556,13,236.49,863.48,93.49,216.42,0.6125,-1,-1,-1
556,28,1014.31,784.18,86.88,259.03,0.4639,-1,-1,-1
556,50,1092.90,799.75,83.67,239.55,0.5741,-1,-1,-1
556,26,234.79,862.41,93.79,217.45,0.6125,-1,-1,-1
556,2,762.99,594.30,88.16,250.57,0.7563,-1,-1,-1
556,43,762.99,594.30,88.16,250.57,0.7563,-1,-1,-1
556,52,1806.74,236.98,59.96,175.64,0.3255,-1,-1,-1
556,64,377.02,220.15,66.23,189.12,0.5024,-1,-1,-1
556,58,1666.80,274.02,77.50,196.39,0.4881,-1,-1,-1
556,65,1015.58,784.54,71.08,176.97,0.3028,-1,-1,-1
556,54,787.99,84.85,74.57,233.78,0.4129,-1,-1,-1
557,4,1724.31,457.38,66.49,207.24,0.6177,-1,-1,-1
557,13,238.99,846.58,94.68,233.45,0.7370,-1,-1,-1
557,28,1013.92,786.00,89.48,281.68,0.4509,-1,-1,-1
557,50,1099.43,800.98,80.01,236.95,0.5544,-1,-1,-1
557,26,237.12,845.33,94.79,234.68,0.7370,-1,-1,-1
557,2,760.89,593.78,87.35,248.00,0.7163,-1,-1,-1
557,43,760.89,593.78,87.35,248.00,0.7163,-1,-1,-1
557,52,1806.99,237.32,61.35,174.40,0.3463,-1,-1,-1
557,64,375.78,222.19,67.43,187.24,0.5121,-1,-1,-1
557,58,1667.94,273.43,77.89,194.94,0.5165,-1,-1,-1
557,65,1017.59,785.75,71.42,189.25,0.4143,-1,-1,-1
557,54,789.40,84.42,73.17,233.79,0.4480,-1,-1,-1
558,4,1722.17,456.31,66.87,209.05,0.6837,-1,-1,-1
558,13,240.14,841.62,97.74,238.37,0.7200,-1,-1,-1
558,28,1013.96,786.40,89.89,292.37,0.5366,-1,-1,-1
558,50,1102.02,801.10,80.15,235.05,0.6046,-1,-1,-1
558,26,238.30,839.86,97.77,240.11,0.7200,-1,-1,-1
558,2,757.91,593.83,87.16,245.09,0.7110,-1,-1,-1
558,43,757.91,593.83,87.16,245.09,0.7110,-1,-1,-1
558,52,1810.38,237.27,61.81,174.97,0.3609,-1,-1,-1
558,64,375.48,223.02,67.66,187.64,0.5436,-1,-1,-1
558,58,1668.72,271.73,76.12,193.90,0.5495,-1,-1,-1
558,65,1018.85,786.04,73.38,198.63,0.4129,-1,-1,-1
558,54,791.16,83.83,71.70,235.05,0.4342,-1,-1,-1
559,4,1724.30,457.58,65.63,206.51,0.6573,-1,-1,-1
559,13,240.66,873.53,96.86,206.49,0.7281,-1,-1,-1
559,28,1014.64,787.44,87.07,293.86,0.4256,-1,-1,-1
559,50,1102.52,801.92,83.11,234.08,0.6073,-1,-1,-1
559,26,238.93,871.03,96.86,208.96,0.7281,-1,-1,-1
559,2,755.21,593.40,84.02,243.22,0.6851,-1,-1,-1
559,43,755.21,593.40,84.02,243.22,0.6851,-1,-1,-1
559,52,1813.75,237.28,61.00,174.73,0.3664,-1,-1,-1
559,64,374.99,225.00,67.83,187.21,0.5578,-1,-1,-1
559,58,1669.35,271.47,75.01,193.81,0.5376,-1,-1,-1
559,65,1019.52,786.39,74.32,198.88,0.4997,-1,-1,-1
559,54,792.03,82.85,70.20,236.77,0.3933,-1,-1,-1
560,4,1725.51,458.47,64.89,203.64,0.6611,-1,-1,-1
560,13,241.22,887.28,94.95,192.76,0.7413,-1,-1,-1
560,28,1011.40,787.38,92.50,296.84,0.2737,-1,-1,-1
560,50,1103.43,802.39,84.15,233.01,0.5581,-1,-1,-1
560,26,239.67,885.11,94.94,194.91,0.7413,-1,-1,-1
560,2,752.61,591.47,80.94,243.91,0.6907,-1,-1,-1
560,43,752.61,591.47,80.94,243.91,0.6907,-1,-1,-1
560,52,1816.88,237.37,59.39,175.67,0.3579,-1,-1,-1
560,64,373.84,225.74,67.53,188.64,0.5485,-1,-1,-1
560,58,1668.45,270.88,74.71,192.95,0.5484,-1,-1,-1
560,65,1020.02,786.54,75.62,198.02,0.5250,-1,-1,-1
560,54,793.81,90.01,67.45,229.06,0.4048,-1,-1,-1
561,4,1724.81,458.26,63.88,203.31,0.6695,-1,-1,-1
561,13,243.16,894.50,92.68,185.46,0.6751,-1,-1,-1
561,28,1011.27,788.34,90.67,292.02,0.4548,-1,-1,-1
561,50,1104.99,803.26,83.17,232.49,0.5989,-1,-1,-1
561,26,241.80,892.68,92.66,187.26,0.6751,-1,-1,-1
561,2,749.91,590.92,76.03,242.40,0.6936,-1,-1,-1
561,43,749.91,590.92,76.03,242.40,0.6936,-1,-1,-1
561,52,1818.62,237.74,60.50,176.79,0.3351,-1,-1,-1
561,64,373.52,227.63,67.26,188.13,0.5734,-1,-1,-1
561,58,1667.16,270.78,75.11,192.73,0.5643,-1,-1,-1
561,65,1019.62,787.86,77.70,198.97,0.4825,-1,-1,-1
561,54,794.77,83.96,66.48,234.79,0.4369,-1,-1,-1
561,19,462.32,92.82,56.98,174.52,0.3464,-1,-1,-1
562,4,1723.61,457.28,63.76,205.37,0.6457,-1,-1,-1
562,13,257.68,859.34,85.02,215.50,0.3431,-1,-1,-1
562,28,1015.76,790.75,84.79,233.22,0.6254,-1,-1,-1
562,50,1105.86,805.17,85.26,234.16,0.6006,-1,-1,-1
562,26,243.50,897.66,92.20,181.92,0.6626,-1,-1,-1
562,2,747.38,592.32,72.42,237.70,0.6955,-1,-1,-1
562,43,747.38,592.32,72.42,237.70,0.6955,-1,-1,-1
562,52,1820.35,238.08,61.75,179.24,0.3340,-1,-1,-1
562,64,373.21,230.32,67.70,186.88,0.5964,-1,-1,-1
562,58,1664.75,270.44,76.42,192.13,0.5679,-1,-1,-1
562,65,1018.81,790.53,80.07,198.13,0.6254,-1,-1,-1
562,54,794.46,80.31,67.08,237.85,0.4269,-1,-1,-1
562,19,463.95,92.67,55.42,170.31,0.2768,-1,-1,-1
562,3,991.92,937.80,104.09,141.55,0.6196,-1,-1,-1
563,4,1721.70,456.60,69.55,206.78,0.6371,-1,-1,-1
563,13,265.37,847.82,84.20,224.71,0.5090,-1,-1,-1
563,28,1017.15,793.15,85.30,227.31,0.5463,-1,-1,-1
563,50,1106.68,808.52,87.63,235.92,0.5832,-1,-1,-1
563,26,244.65,901.95,85.55,177.78,0.6877,-1,-1,-1
563,2,742.16,591.16,74.08,239.96,0.7024,-1,-1,-1
563,43,742.16,591.16,74.08,239.96,0.7024,-1,-1,-1
563,52,1820.73,241.03,62.50,177.89,0.3145,-1,-1,-1
563,64,374.45,233.49,67.01,185.41,0.5622,-1,-1,-1
563,58,1663.57,270.19,75.90,189.87,0.5085,-1,-1,-1
563,65,1018.19,792.98,83.70,215.59,0.5463,-1,-1,-1
563,54,795.37,79.04,66.52,239.42,0.3975,-1,-1,-1
563,19,465.65,90.89,53.79,169.93,0.2634,-1,-1,-1
563,3,989.48,936.72,105.79,142.09,0.5191,-1,-1,-1
564,4,1720.78,454.67,69.34,208.13,0.6448,-1,-1,-1
564,13,268.74,844.12,85.73,228.36,0.5923,-1,-1,-1
564,28,1019.71,796.03,83.23,244.95,0.5993,-1,-1,-1
564,50,1106.88,811.33,87.45,240.40,0.5645,-1,-1,-1
564,26,245.88,905.53,81.43,174.38,0.7045,-1,-1,-1
564,2,736.66,590.00,76.85,241.71,0.6929,-1,-1,-1
564,43,736.66,590.00,76.85,241.71,0.6929,-1,-1,-1
564,52,1822.06,242.35,65.23,178.86,0.3455,-1,-1,-1
564,64,374.78,234.49,66.50,188.25,0.6133,-1,-1,-1
564,58,1663.29,269.51,74.91,189.08,0.5102,-1,-1,-1
564,65,1019.94,795.87,82.89,240.38,0.5993,-1,-1,-1
564,54,796.12,77.36,67.08,241.56,0.4453,-1,-1,-1
564,19,466.67,90.36,53.32,168.68,0.2925,-1,-1,-1
564,3,986.76,936.39,108.62,142.24,0.5765,-1,-1,-1
565,4,1719.55,455.93,73.38,207.73,0.6395,-1,-1,-1
565,13,270.12,843.53,89.94,230.88,0.5831,-1,-1,-1
565,28,1020.12,798.09,85.83,260.58,0.6418,-1,-1,-1
565,50,1106.91,813.88,89.04,242.37,0.6163,-1,-1,-1
565,26,247.63,907.30,79.85,172.46,0.7141,-1,-1,-1
565,2,733.50,589.37,78.35,242.13,0.6093,-1,-1,-1
565,43,733.50,589.37,78.35,242.13,0.6093,-1,-1,-1
565,52,1823.54,244.64,66.57,177.13,0.3829,-1,-1,-1
565,64,375.12,235.77,65.11,190.31,0.6523,-1,-1,-1
565,58,1664.05,268.77,73.48,189.60,0.4923,-1,-1,-1
565,65,1020.10,797.98,85.86,259.09,0.6418,-1,-1,-1
565,54,796.80,75.93,67.72,243.63,0.4427,-1,-1,-1
565,19,469.77,89.93,50.96,168.62,0.2755,-1,-1,-1
565,3,985.03,936.84,107.81,141.38,0.4406,-1,-1,-1
566,4,1718.33,456.03,75.36,208.21,0.6358,-1,-1,-1
566,13,271.34,844.90,95.90,232.11,0.6400,-1,-1,-1
566,28,1021.56,800.80,85.96,266.07,0.5948,-1,-1,-1
566,50,1103.62,816.75,93.44,243.71,0.6231,-1,-1,-1
566,26,248.50,909.27,79.36,170.62,0.7455,-1,-1,-1
566,2,732.78,590.09,76.98,240.91,0.6121,-1,-1,-1
566,43,732.78,590.09,76.98,240.91,0.6121,-1,-1,-1
566,52,1824.96,246.44,67.52,173.47,0.4087,-1,-1,-1
566,64,375.30,235.74,64.24,191.40,0.6638,-1,-1,-1
566,58,1666.32,269.28,69.74,184.45,0.5114,-1,-1,-1
566,65,1021.43,800.69,86.16,266.06,0.5948,-1,-1,-1
566,54,797.34,75.77,68.05,243.50,0.4451,-1,-1,-1
566,19,472.27,89.58,49.26,168.15,0.2925,-1,-1,-1
566,3,984.23,934.24,105.59,144.51,0.5272,-1,-1,-1
567,4,1717.01,456.60,78.39,209.46,0.6468,-1,-1,-1
567,13,271.66,846.57,101.81,232.21,0.6445,-1,-1,-1
567,28,1025.41,804.60,83.31,262.36,0.4896,-1,-1,-1
567,50,1110.26,819.62,87.84,241.68,0.4851,-1,-1,-1
567,26,249.02,911.39,78.87,168.56,0.7540,-1,-1,-1
567,2,730.22,590.34,77.86,242.01,0.5702,-1,-1,-1
567,43,730.22,590.34,77.86,242.01,0.5702,-1,-1,-1
567,52,1825.80,248.72,67.79,171.43,0.4126,-1,-1,-1
567,64,374.96,236.52,63.82,191.58,0.6655,-1,-1,-1
567,58,1667.86,269.74,66.18,181.89,0.5394,-1,-1,-1
567,65,1025.23,804.47,83.58,263.10,0.4896,-1,-1,-1
567,54,796.71,76.34,69.62,242.84,0.4453,-1,-1,-1
567,19,473.73,89.60,48.82,167.83,0.3047,-1,-1,-1
567,3,984.44,932.47,102.46,145.99,0.6049,-1,-1,-1
568,4,1716.60,456.56,78.16,210.18,0.6970,-1,-1,-1
568,13,272.60,848.05,105.56,231.16,0.6576,-1,-1,-1
568,28,1027.08,808.21,83.61,261.74,0.4821,-1,-1,-1
568,50,1112.79,821.98,85.94,240.73,0.4961,-1,-1,-1
568,26,249.01,913.30,80.00,166.66,0.7601,-1,-1,-1
568,2,729.52,589.33,76.92,243.69,0.6221,-1,-1,-1
568,43,729.52,589.33,76.92,243.69,0.6221,-1,-1,-1
568,52,1825.90,251.33,67.78,171.24,0.3851,-1,-1,-1
568,64,375.25,237.74,63.68,190.82,0.6413,-1,-1,-1
568,58,1668.92,270.14,62.99,181.62,0.5739,-1,-1,-1
568,65,1026.91,808.07,83.86,262.67,0.4821,-1,-1,-1
568,54,795.64,75.62,72.01,243.70,0.4738,-1,-1,-1
568,19,474.68,91.97,48.71,165.64,0.2423,-1,-1,-1
568,3,984.64,933.13,100.52,144.43,0.3818,-1,-1,-1
568,68,1566.91,587.97,110.14,237.01,0.4067,-1,-1,-1
569,4,1715.73,457.14,78.83,209.91,0.6943,-1,-1,-1
569,13,276.90,850.01,106.84,229.56,0.6481,-1,-1,-1
569,28,1031.29,810.26,82.87,263.96,0.5718,-1,-1,-1
569,50,1115.13,824.90,84.08,240.14,0.4759,-1,-1,-1
569,26,249.06,914.84,80.56,165.16,0.7553,-1,-1,-1
569,2,726.42,588.26,78.87,245.30,0.6257,-1,-1,-1
569,43,726.42,588.26,78.87,245.30,0.6257,-1,-1,-1
569,52,1826.76,252.92,67.65,172.34,0.3848,-1,-1,-1
569,64,374.98,237.37,65.19,192.33,0.6377,-1,-1,-1
569,58,1668.15,267.84,61.90,183.37,0.5481,-1,-1,-1
569,65,1032.37,810.98,80.77,187.01,0.3441,-1,-1,-1
569,54,795.98,74.66,72.59,244.83,0.4441,-1,-1,-1
569,19,475.32,89.98,49.87,163.15,0.2706,-1,-1,-1
569,3,986.75,933.92,94.43,143.70,0.2890,-1,-1,-1
569,68,1569.31,593.95,109.46,231.97,0.4379,-1,-1,-1
570,4,1714.93,457.05,79.23,209.56,0.6846,-1,-1,-1
570,13,280.18,851.64,108.38,228.25,0.6639,-1,-1,-1
570,28,1033.89,812.20,82.03,265.20,0.6023,-1,-1,-1
570,50,1118.43,826.60,83.88,241.39,0.5843,-1,-1,-1
570,26,248.99,916.26,80.51,163.76,0.7439,-1,-1,-1
570,2,724.22,586.84,80.18,248.22,0.6128,-1,-1,-1
570,43,724.22,586.84,80.18,248.22,0.6128,-1,-1,-1
570,52,1827.14,254.18,68.69,173.51,0.3349,-1,-1,-1
570,64,375.15,237.50,65.73,192.69,0.6364,-1,-1,-1
570,58,1667.22,266.38,61.52,182.20,0.5400,-1,-1,-1
570,65,1034.18,813.24,81.79,156.23,0.3709,-1,-1,-1
570,54,795.51,73.06,73.95,246.86,0.4930,-1,-1,-1
570,19,477.05,89.89,48.32,160.83,0.2152,-1,-1,-1
570,3,989.15,933.02,88.93,144.95,0.3439,-1,-1,-1
570,68,1569.91,594.09,108.08,231.65,0.5578,-1,-1,-1
571,4,1714.69,456.06,80.53,209.46,0.6720,-1,-1,-1
571,13,283.02,854.21,107.55,225.83,0.6722,-1,-1,-1
571,28,1038.91,814.12,78.97,264.61,0.6699,-1,-1,-1
571,50,1125.81,828.62,78.05,242.41,0.6648,-1,-1,-1
571,26,247.98,918.91,80.98,161.15,0.7476,-1,-1,-1
571,2,720.05,587.26,83.84,247.41,0.5531,-1,-1,-1
571,43,720.05,587.26,83.84,247.41,0.5531,-1,-1,-1
571,52,1828.55,254.74,68.77,175.15,0.2818,-1,-1,-1
571,64,374.97,236.96,66.48,192.24,0.6209,-1,-1,-1
571,58,1665.01,263.80,61.51,180.31,0.5546,-1,-1,-1
571,65,1037.43,814.98,80.23,152.42,0.3293,-1,-1,-1
571,54,794.69,71.46,76.38,247.93,0.4734,-1,-1,-1
571,3,992.71,931.74,82.60,146.27,0.4016,-1,-1,-1
571,68,1563.12,589.47,114.72,235.77,0.5830,-1,-1,-1
572,4,1714.71,457.18,80.64,208.61,0.6375,-1,-1,-1
572,13,291.37,856.27,102.02,223.78,0.6900,-1,-1,-1
572,28,1041.95,816.84,78.41,261.04,0.6379,-1,-1,-1
572,50,1124.84,829.99,79.35,241.85,0.6075,-1,-1,-1
572,26,248.84,919.62,81.52,160.26,0.7485,-1,-1,-1
572,2,715.56,586.86,87.44,249.19,0.5187,-1,-1,-1
572,43,715.56,586.86,87.44,249.19,0.5187,-1,-1,-1
572,52,1829.98,253.23,69.94,178.40,0.2196,-1,-1,-1
572,64,376.48,238.40,65.09,189.27,0.6146,-1,-1,-1
572,58,1663.67,261.03,62.99,180.23,0.5112,-1,-1,-1
572,65,1040.62,817.79,79.18,161.76,0.3532,-1,-1,-1
572,54,793.37,71.48,78.55,247.61,0.4484,-1,-1,-1
572,3,992.24,930.13,81.94,148.47,0.5683,-1,-1,-1
572,68,1565.01,590.02,113.04,235.75,0.5153,-1,-1,-1
573,4,1714.68,457.03,81.71,209.88,0.6218,-1,-1,-1
573,13,293.23,858.43,97.34,221.24,0.6917,-1,-1,-1
573,28,1044.58,819.09,79.29,256.71,0.6235,-1,-1,-1
573,50,1125.33,831.67,78.96,244.29,0.6404,-1,-1,-1
573,26,247.71,924.26,82.47,155.74,0.7365,-1,-1,-1
573,2,712.79,586.93,88.20,249.61,0.6436,-1,-1,-1
573,43,712.79,586.93,88.20,249.61,0.6436,-1,-1,-1
573,52,1831.05,253.98,68.88,179.08,0.2517,-1,-1,-1
573,64,377.05,240.03,64.35,185.91,0.6206,-1,-1,-1
573,58,1661.09,258.79,63.82,182.26,0.5210,-1,-1,-1
573,65,1043.76,820.34,78.37,165.75,0.3560,-1,-1,-1
573,54,792.93,70.32,80.27,248.91,0.4699,-1,-1,-1
573,3,993.14,929.76,80.49,149.03,0.6001,-1,-1,-1
573,68,1563.23,588.16,115.72,237.33,0.4874,-1,-1,-1
574,4,1715.46,457.52,81.04,208.57,0.6435,-1,-1,-1
574,13,296.29,860.23,97.31,219.67,0.6987,-1,-1,-1
574,28,1046.61,820.08,80.50,253.58,0.6012,-1,-1,-1
574,50,1125.46,832.61,80.10,244.87,0.6195,-1,-1,-1
574,26,247.91,927.72,82.58,152.28,0.7368,-1,-1,-1
574,2,709.50,585.79,89.52,249.61,0.6974,-1,-1,-1
574,43,709.50,585.79,89.52,249.61,0.6974,-1,-1,-1
574,52,1832.79,254.84,67.99,176.33,0.2441,-1,-1,-1
574,64,377.67,241.07,63.65,184.70,0.6426,-1,-1,-1
574,58,1660.07,257.10,65.75,183.76,0.5345,-1,-1,-1
574,65,1046.16,821.35,79.10,168.43,0.3496,-1,-1,-1
574,54,791.92,69.44,81.85,250.80,0.4654,-1,-1,-1
574,3,995.40,929.07,77.63,149.49,0.6001,-1,-1,-1
574,68,1565.04,594.29,115.62,232.28,0.4320,-1,-1,-1
575,4,1715.57,456.77,80.83,208.66,0.6432,-1,-1,-1
575,13,298.16,862.38,95.72,217.61,0.6982,-1,-1,-1
575,28,1047.31,820.90,82.39,253.43,0.6201,-1,-1,-1
575,50,1123.21,834.38,86.05,244.29,0.6432,-1,-1,-1
575,26,248.87,926.83,81.32,153.18,0.7335,-1,-1,-1
575,2,707.94,584.57,89.76,249.50,0.6842,-1,-1,-1
575,43,707.94,584.57,89.76,249.50,0.6842,-1,-1,-1
575,52,1834.31,254.97,67.08,176.10,0.2571,-1,-1,-1
575,64,377.79,240.92,64.10,186.47,0.6442,-1,-1,-1
575,58,1658.73,255.55,67.23,185.50,0.5480,-1,-1,-1
575,65,1047.04,820.65,81.82,164.43,0.2933,-1,-1,-1
575,54,797.50,69.68,76.90,249.71,0.4358,-1,-1,-1
575,3,998.74,928.55,73.84,149.53,0.5781,-1,-1,-1
575,68,1564.94,598.74,114.14,228.20,0.5417,-1,-1,-1
576,4,1715.86,456.71,81.25,209.53,0.6144,-1,-1,-1
576,13,298.55,864.97,94.33,214.90,0.6982,-1,-1,-1
576,28,1048.22,821.57,81.98,252.74,0.5830,-1,-1,-1
576,50,1124.19,835.45,88.43,242.77,0.5985,-1,-1,-1
576,26,249.02,929.57,81.51,150.38,0.7418,-1,-1,-1
576,2,706.39,583.20,89.99,250.83,0.7065,-1,-1,-1
576,43,706.39,583.20,89.99,250.83,0.7065,-1,-1,-1
576,52,1835.64,254.90,67.71,176.37,0.2589,-1,-1,-1
576,64,377.77,243.45,64.37,187.12,0.6619,-1,-1,-1
576,58,1657.21,254.05,68.89,185.79,0.5615,-1,-1,-1
576,65,1048.29,821.26,81.25,160.38,0.2943,-1,-1,-1
576,54,802.29,69.64,72.35,249.11,0.4040,-1,-1,-1
576,3,1003.67,927.96,67.13,149.53,0.4802,-1,-1,-1
576,68,1566.37,598.84,111.01,226.84,0.6100,-1,-1,-1
577,4,1716.30,457.48,81.09,208.84,0.5885,-1,-1,-1
577,13,298.81,868.96,96.57,210.78,0.6996,-1,-1,-1
577,28,1049.83,823.21,80.91,249.87,0.5016,-1,-1,-1
577,50,1122.29,837.68,94.09,240.16,0.5132,-1,-1,-1
577,26,248.80,934.35,82.55,145.60,0.7435,-1,-1,-1
577,2,704.51,581.28,89.79,249.62,0.7008,-1,-1,-1
577,43,704.51,581.28,89.79,249.62,0.7008,-1,-1,-1
577,52,1837.59,255.28,66.41,177.04,0.2853,-1,-1,-1
577,64,378.36,246.56,63.81,187.33,0.6276,-1,-1,-1
577,58,1655.45,252.00,70.83,187.16,0.5228,-1,-1,-1
577,65,1050.07,822.81,80.08,159.48,0.2859,-1,-1,-1
577,54,804.71,69.92,70.57,248.22,0.4472,-1,-1,-1
577,3,1004.89,927.21,66.36,150.05,0.5721,-1,-1,-1
577,68,1564.53,600.15,112.68,226.32,0.5663,-1,-1,-1
578,4,1716.45,458.22,80.90,209.29,0.5580,-1,-1,-1
578,13,298.67,871.53,96.23,207.92,0.6974,-1,-1,-1
578,28,1052.81,824.33,78.92,246.91,0.4860,-1,-1,-1
578,50,1125.22,839.72,86.07,238.55,0.4750,-1,-1,-1
578,26,248.92,939.57,82.43,140.43,0.7392,-1,-1,-1
578,2,702.93,578.02,89.05,247.32,0.6782,-1,-1,-1
578,43,702.93,578.02,89.05,247.32,0.6782,-1,-1,-1
578,52,1839.70,254.98,64.37,175.04,0.2692,-1,-1,-1
578,64,377.95,249.05,63.78,188.10,0.6463,-1,-1,-1
578,58,1654.39,250.43,72.42,188.82,0.5601,-1,-1,-1
578,65,1053.84,824.73,76.85,166.77,0.2276,-1,-1,-1
578,54,807.37,70.01,68.41,247.43,0.4349,-1,-1,-1
578,3,1005.55,926.65,68.03,150.62,0.5383,-1,-1,-1
578,68,1562.92,601.35,112.88,225.91,0.5778,-1,-1,-1
579,4,1716.79,458.86,80.53,209.13,0.5641,-1,-1,-1
579,13,298.54,873.53,95.98,205.38,0.6985,-1,-1,-1
579,28,1053.56,826.16,81.29,247.74,0.5004,-1,-1,-1
579,50,1127.32,840.15,89.64,237.95,0.5749,-1,-1,-1
579,26,248.80,943.63,82.17,136.36,0.7282,-1,-1,-1
579,2,702.45,575.80,84.94,236.79,0.5914,-1,-1,-1
579,43,702.45,575.80,84.94,236.79,0.5914,-1,-1,-1
579,52,1841.72,255.67,63.16,174.20,0.3461,-1,-1,-1
579,64,377.88,250.46,63.64,187.98,0.6680,-1,-1,-1
579,58,1651.13,248.71,76.46,191.64,0.5493,-1,-1,-1
579,65,1054.49,826.98,78.75,163.14,0.2086,-1,-1,-1
579,54,808.56,69.33,67.18,248.12,0.4629,-1,-1,-1
579,3,1006.99,925.72,70.15,151.11,0.5384,-1,-1,-1
579,68,1562.90,602.03,113.01,225.27,0.6086,-1,-1,-1
580,4,1716.92,459.00,80.10,210.83,0.5836,-1,-1,-1
580,13,296.80,874.67,96.30,204.94,0.7240,-1,-1,-1
580,28,1055.26,828.33,80.71,246.73,0.4894,-1,-1,-1
580,50,1128.90,841.54,85.36,238.00,0.5570,-1,-1,-1
580,26,247.48,946.13,82.79,133.48,0.7221,-1,-1,-1
580,2,702.82,575.12,80.77,245.22,0.5804,-1,-1,-1
580,43,702.82,575.12,80.77,245.22,0.5804,-1,-1,-1
580,52,1844.02,255.99,64.52,175.42,0.3614,-1,-1,-1
580,64,377.70,252.43,63.34,187.37,0.6875,-1,-1,-1
580,58,1649.14,248.12,78.34,191.19,0.5548,-1,-1,-1
580,65,1055.58,828.59,79.80,218.44,0.4894,-1,-1,-1
580,54,807.78,67.77,67.68,250.07,0.4916,-1,-1,-1
580,3,1006.52,925.63,74.47,150.93,0.5673,-1,-1,-1
580,68,1561.67,602.25,114.85,225.34,0.6064,-1,-1,-1
581,4,1717.68,458.29,78.22,210.77,0.5736,-1,-1,-1
581,13,295.41,875.98,98.63,203.85,0.7252,-1,-1,-1
581,28,1058.00,831.06,80.73,243.15,0.5537,-1,-1,-1
581,50,1130.69,841.95,92.80,238.22,0.5230,-1,-1,-1
581,26,248.08,948.09,82.04,131.59,0.7272,-1,-1,-1
581,2,702.95,573.91,76.12,248.29,0.6004,-1,-1,-1
581,43,702.95,573.91,76.12,248.29,0.6004,-1,-1,-1
581,52,1847.33,255.66,62.69,178.92,0.3796,-1,-1,-1
581,64,377.20,254.64,63.62,185.54,0.6499,-1,-1,-1
581,58,1647.73,246.78,78.83,191.45,0.4982,-1,-1,-1
581,65,1058.09,831.03,80.45,234.41,0.5537,-1,-1,-1
581,54,807.77,68.01,67.19,249.51,0.4390,-1,-1,-1
581,3,1006.41,925.33,77.04,151.14,0.5917,-1,-1,-1
581,68,1561.87,601.66,114.88,225.68,0.5768,-1,-1,-1
582,4,1719.22,458.11,77.26,208.67,0.5340,-1,-1,-1
582,13,296.32,877.61,100.02,202.40,0.7381,-1,-1,-1
582,28,1060.49,834.44,79.95,237.23,0.5556,-1,-1,-1
582,50,1130.26,844.63,96.59,235.91,0.5297,-1,-1,-1
582,26,247.65,949.15,82.00,130.59,0.7115,-1,-1,-1
582,2,702.79,571.80,73.50,242.63,0.4722,-1,-1,-1
582,43,702.79,571.80,73.50,242.63,0.4722,-1,-1,-1
582,52,1850.12,255.51,61.95,181.64,0.2855,-1,-1,-1
582,64,376.36,255.82,64.25,186.08,0.6425,-1,-1,-1
582,58,1646.57,246.50,79.29,191.74,0.4711,-1,-1,-1
582,65,1060.49,834.27,79.91,237.00,0.5556,-1,-1,-1
582,54,808.02,67.18,66.80,250.23,0.4477,-1,-1,-1
582,3,1005.22,925.45,81.93,152.03,0.6062,-1,-1,-1
582,68,1562.87,602.89,113.97,224.03,0.5272,-1,-1,-1
583,4,1719.77,457.82,76.50,208.64,0.5863,-1,-1,-1
583,13,297.75,879.50,98.60,200.54,0.7510,-1,-1,-1
583,28,1063.58,837.97,78.91,237.51,0.6570,-1,-1,-1
583,50,1138.00,845.85,91.91,234.76,0.6567,-1,-1,-1
583,26,246.77,949.69,82.24,130.20,0.7091,-1,-1,-1
583,2,702.22,570.36,69.69,234.06,0.4291,-1,-1,-1
583,43,702.22,570.36,69.69,234.06,0.4291,-1,-1,-1
583,52,1851.48,256.86,63.22,182.49,0.3636,-1,-1,-1
583,64,375.11,256.88,65.57,187.94,0.6739,-1,-1,-1
583,58,1645.74,246.40,80.24,190.86,0.4974,-1,-1,-1
583,65,1063.55,837.76,78.95,240.07,0.6570,-1,-1,-1
583,54,808.11,65.83,66.71,251.55,0.4599,-1,-1,-1
583,3,1005.21,926.02,80.65,152.10,0.5773,-1,-1,-1
583,68,1560.34,605.30,112.71,223.87,0.4257,-1,-1,-1
584,4,1718.88,455.14,78.29,211.59,0.6192,-1,-1,-1
584,13,299.30,881.21,96.94,198.81,0.7556,-1,-1,-1
584,28,1062.42,841.43,81.47,237.48,0.6876,-1,-1,-1
584,50,1139.53,847.97,91.36,232.63,0.6702,-1,-1,-1
584,26,246.01,950.46,81.70,129.50,0.7004,-1,-1,-1
584,2,701.57,568.94,64.81,233.64,0.2693,-1,-1,-1
584,52,1853.52,256.14,64.88,184.41,0.2580,-1,-1,-1
584,64,373.44,257.64,66.42,189.45,0.6974,-1,-1,-1
584,58,1645.25,246.71,80.45,189.43,0.5116,-1,-1,-1
584,65,1062.40,841.21,81.53,240.92,0.6876,-1,-1,-1
584,54,809.80,66.27,64.99,250.90,0.4436,-1,-1,-1
584,3,1004.52,926.22,69.76,152.25,0.5640,-1,-1,-1
584,68,1560.95,603.54,112.40,224.46,0.5083,-1,-1,-1
585,4,1719.76,456.04,76.60,209.08,0.6335,-1,-1,-1
585,13,299.84,883.23,95.92,196.87,0.7541,-1,-1,-1
585,28,1062.45,843.90,80.08,235.91,0.7318,-1,-1,-1
585,50,1140.83,851.13,90.58,229.43,0.7214,-1,-1,-1
585,26,245.80,951.59,81.45,128.28,0.7089,-1,-1,-1
585,2,700.03,568.34,62.30,238.91,0.2959,-1,-1,-1
585,52,1853.06,257.36,65.70,185.50,0.2873,-1,-1,-1
585,64,372.49,258.28,66.50,189.26,0.7125,-1,-1,-1
585,58,1644.15,246.89,82.27,188.43,0.5325,-1,-1,-1
585,65,1062.42,843.73,80.15,239.51,0.7318,-1,-1,-1
585,54,809.27,67.61,65.36,249.87,0.4729,-1,-1,-1
585,3,1003.74,927.03,65.60,151.11,0.5903,-1,-1,-1
585,68,1559.82,605.59,112.19,223.98,0.4355,-1,-1,-1
586,4,1719.78,456.52,74.90,207.03,0.6227,-1,-1,-1
586,13,300.98,885.86,94.79,194.23,0.7593,-1,-1,-1
586,28,1062.88,846.16,80.32,232.98,0.7108,-1,-1,-1
586,50,1144.54,854.21,89.15,226.28,0.6962,-1,-1,-1
586,26,244.41,952.95,82.59,126.91,0.7045,-1,-1,-1
586,52,1854.34,257.14,64.66,186.35,0.2879,-1,-1,-1
586,64,372.15,258.52,65.82,189.62,0.7197,-1,-1,-1
586,58,1645.11,247.24,81.45,187.25,0.5349,-1,-1,-1
586,65,1062.86,846.01,80.38,236.44,0.7108,-1,-1,-1
586,54,809.26,68.46,64.89,249.59,0.4834,-1,-1,-1
586,3,1004.37,927.86,61.60,150.33,0.6021,-1,-1,-1
586,68,1562.25,604.11,113.25,224.00,0.5350,-1,-1,-1
587,4,1721.12,455.44,73.72,209.07,0.6412,-1,-1,-1
587,13,302.30,888.28,94.37,191.66,0.7585,-1,-1,-1
587,28,1065.26,847.90,79.16,230.56,0.7135,-1,-1,-1
587,50,1148.26,857.67,88.83,222.76,0.6701,-1,-1,-1
587,26,245.78,954.97,81.74,125.00,0.7240,-1,-1,-1
587,52,1854.91,257.37,64.59,186.26,0.3111,-1,-1,-1
587,64,371.38,258.87,65.71,189.50,0.7014,-1,-1,-1
587,58,1645.51,247.09,81.10,186.25,0.5092,-1,-1,-1
587,65,1065.24,847.79,79.22,233.72,0.7135,-1,-1,-1
587,54,808.62,69.99,64.94,248.86,0.4748,-1,-1,-1
587,3,1003.38,928.89,61.88,149.32,0.6297,-1,-1,-1
587,68,1561.18,603.38,112.69,226.45,0.5417,-1,-1,-1
588,4,1721.64,453.64,69.49,212.37,0.6281,-1,-1,-1
588,13,302.86,890.85,93.95,189.15,0.7552,-1,-1,-1
588,28,1067.25,850.02,77.79,226.36,0.7056,-1,-1,-1
588,50,1149.77,858.43,91.65,221.94,0.6636,-1,-1,-1
588,26,246.30,957.46,81.70,122.55,0.7204,-1,-1,-1
588,52,1856.91,257.06,62.85,186.23,0.3227,-1,-1,-1
588,64,371.18,259.03,65.67,189.58,0.7076,-1,-1,-1
588,58,1647.06,245.67,79.47,186.74,0.5003,-1,-1,-1
588,65,1067.23,849.92,77.84,229.25,0.7056,-1,-1,-1
588,54,808.60,70.02,64.59,248.72,0.4552,-1,-1,-1
588,3,1002.15,929.86,62.53,149.47,0.6200,-1,-1,-1
588,68,1562.47,602.98,112.64,225.17,0.5317,-1,-1,-1
589,4,1723.26,455.11,69.62,209.46,0.6438,-1,-1,-1
589,13,302.90,894.27,93.86,185.75,0.7672,-1,-1,-1
589,28,1067.55,851.14,78.40,226.29,0.7153,-1,-1,-1
589,50,1153.60,858.72,91.37,221.59,0.6853,-1,-1,-1
589,26,246.65,960.60,82.13,119.42,0.7212,-1,-1,-1
589,52,1858.35,255.53,61.25,187.47,0.2408,-1,-1,-1
589,64,370.56,260.01,65.53,187.89,0.7049,-1,-1,-1
589,58,1649.57,243.44,77.18,183.75,0.5038,-1,-1,-1
589,65,1067.53,851.07,78.45,228.79,0.7153,-1,-1,-1
589,54,809.23,74.49,63.38,243.33,0.4090,-1,-1,-1
589,3,1002.33,930.54,61.36,149.28,0.6254,-1,-1,-1
589,68,1560.42,603.45,112.58,226.16,0.5510,-1,-1,-1
590,4,1723.00,455.56,71.35,209.17,0.6049,-1,-1,-1
590,13,304.73,895.91,92.74,183.70,0.7619,-1,-1,-1
590,28,1068.05,852.53,80.22,225.68,0.7313,-1,-1,-1
590,50,1156.69,861.38,90.33,218.86,0.6951,-1,-1,-1
590,26,246.41,963.10,82.13,116.92,0.6996,-1,-1,-1
590,52,1857.35,253.78,62.50,190.11,0.2629,-1,-1,-1
590,64,370.04,261.41,65.26,186.45,0.7152,-1,-1,-1
590,58,1652.61,241.15,74.62,183.62,0.5254,-1,-1,-1
590,65,1068.04,852.48,80.26,227.89,0.7313,-1,-1,-1
590,54,809.06,73.28,62.73,244.63,0.3703,-1,-1,-1
590,3,1001.77,931.00,61.20,148.98,0.6390,-1,-1,-1
590,68,1559.70,603.84,112.33,226.06,0.5486,-1,-1,-1
590,69,284.89,118.77,58.96,176.50,0.3604,-1,-1,-1
591,4,1723.25,457.05,71.38,207.30,0.6264,-1,-1,-1
591,13,306.16,897.91,91.85,180.39,0.7610,-1,-1,-1
591,28,1068.98,853.49,81.80,225.17,0.7237,-1,-1,-1
591,50,1158.73,863.05,90.41,217.12,0.6916,-1,-1,-1
591,26,246.17,966.16,82.21,113.77,0.7021,-1,-1,-1
591,52,1858.65,254.29,61.23,191.64,0.2881,-1,-1,-1
591,64,369.08,262.61,66.01,185.33,0.7221,-1,-1,-1
591,58,1654.63,239.82,73.35,182.98,0.5822,-1,-1,-1
591,65,1068.97,853.45,81.83,227.12,0.7237,-1,-1,-1
591,54,808.72,76.26,60.97,241.31,0.3320,-1,-1,-1
591,3,1001.39,931.87,59.69,148.12,0.6284,-1,-1,-1
591,68,1560.00,603.81,112.21,225.79,0.5713,-1,-1,-1
591,69,284.29,120.28,58.87,175.57,0.3588,-1,-1,-1
592,4,1722.78,457.25,71.41,206.86,0.6263,-1,-1,-1
592,13,307.77,901.34,90.71,177.05,0.7391,-1,-1,-1
592,28,1070.06,854.74,81.41,222.94,0.7156,-1,-1,-1
592,50,1158.24,865.62,92.69,214.54,0.6863,-1,-1,-1
592,26,247.65,968.82,82.23,111.17,0.7215,-1,-1,-1
592,52,1860.83,252.75,59.06,194.61,0.2188,-1,-1,-1
592,64,368.35,264.27,65.93,182.84,0.7179,-1,-1,-1
592,58,1655.93,237.92,73.61,185.33,0.6353,-1,-1,-1
592,65,1070.05,854.70,81.44,224.67,0.7156,-1,-1,-1
592,54,809.00,81.61,59.05,235.46,0.3066,-1,-1,-1
592,3,1000.72,932.72,59.42,147.32,0.5844,-1,-1,-1
592,68,1560.20,603.31,112.36,226.48,0.5077,-1,-1,-1
592,69,284.66,118.83,57.83,176.35,0.3561,-1,-1,-1
593,4,1721.34,455.37,70.45,211.23,0.6504,-1,-1,-1
593,13,308.37,906.66,91.12,172.79,0.7726,-1,-1,-1
593,28,1071.59,855.74,80.65,221.35,0.7245,-1,-1,-1
593,50,1161.25,868.13,91.08,212.01,0.6766,-1,-1,-1
593,26,248.91,971.41,82.27,108.62,0.7292,-1,-1,-1
593,52,1864.73,255.59,55.18,191.49,0.2379,-1,-1,-1
593,64,367.62,265.25,66.24,183.62,0.7254,-1,-1,-1
593,58,1656.12,235.76,73.21,185.45,0.6658,-1,-1,-1
593,65,1071.58,855.72,80.68,222.87,0.7245,-1,-1,-1
593,54,809.46,83.34,58.37,233.75,0.3161,-1,-1,-1
593,3,1000.72,933.30,59.00,146.45,0.5827,-1,-1,-1
593,68,1560.64,603.35,111.48,226.36,0.4757,-1,-1,-1
593,69,283.92,118.06,58.45,177.59,0.3419,-1,-1,-1
594,4,1720.81,455.03,69.98,212.49,0.6489,-1,-1,-1
594,13,309.32,909.96,92.67,169.89,0.7758,-1,-1,-1
594,28,1072.91,856.89,79.72,221.57,0.7190,-1,-1,-1
594,50,1163.13,870.36,90.09,209.78,0.6685,-1,-1,-1
594,26,249.75,974.84,84.54,105.20,0.7220,-1,-1,-1
594,52,1866.80,254.20,52.91,191.16,0.2189,-1,-1,-1
594,64,367.24,266.71,65.66,185.43,0.7211,-1,-1,-1
594,58,1657.09,233.36,71.90,186.44,0.6366,-1,-1,-1
594,65,1072.90,856.87,79.75,222.88,0.7190,-1,-1,-1
594,54,809.33,88.64,57.79,228.41,0.2784,-1,-1,-1
594,3,1000.96,934.70,58.18,145.27,0.5750,-1,-1,-1
594,68,1561.41,605.09,110.14,224.27,0.4863,-1,-1,-1
594,69,283.48,117.09,58.76,179.14,0.3421,-1,-1,-1
595,4,1720.84,454.00,70.33,213.32,0.6800,-1,-1,-1
595,13,310.26,911.87,94.41,168.09,0.7620,-1,-1,-1
595,28,1074.10,858.74,80.19,220.89,0.7200,-1,-1,-1
595,50,1165.27,872.11,88.87,208.02,0.6598,-1,-1,-1
595,26,250.30,978.25,83.44,101.76,0.7020,-1,-1,-1
595,52,1869.78,255.44,49.83,188.81,0.1726,-1,-1,-1
595,64,366.34,269.07,65.95,187.66,0.7234,-1,-1,-1
595,58,1657.89,231.25,71.03,188.02,0.6292,-1,-1,-1
595,65,1074.09,858.72,80.21,222.05,0.7200,-1,-1,-1
595,54,809.89,91.67,56.60,225.56,0.2652,-1,-1,-1
595,3,1000.62,935.42,57.38,144.60,0.5941,-1,-1,-1
595,68,1562.07,605.34,109.55,223.93,0.4459,-1,-1,-1
595,69,282.98,115.18,59.25,180.46,0.3434,-1,-1,-1
596,4,1719.31,453.33,72.28,214.54,0.7024,-1,-1,-1
596,13,311.80,913.16,94.73,166.86,0.7694,-1,-1,-1
596,28,1074.54,860.89,81.27,219.18,0.7214,-1,-1,-1
596,50,1169.15,873.95,85.27,206.19,0.6876,-1,-1,-1
596,26,251.02,981.13,83.46,98.89,0.7025,-1,-1,-1
596,64,365.46,269.99,66.11,190.73,0.7262,-1,-1,-1
596,58,1657.81,229.72,70.67,187.83,0.6111,-1,-1,-1
596,65,1074.54,860.87,81.29,220.21,0.7214,-1,-1,-1
596,54,810.00,120.48,54.73,196.91,0.2139,-1,-1,-1
596,3,1000.01,935.35,57.61,143.35,0.5733,-1,-1,-1
596,68,1562.30,606.05,109.27,223.81,0.4592,-1,-1,-1
596,69,283.02,116.78,59.29,178.90,0.3260,-1,-1,-1
597,4,1717.98,454.00,73.90,213.68,0.6875,-1,-1,-1
597,13,313.73,913.73,94.52,166.30,0.7387,-1,-1,-1
597,28,1076.12,863.25,79.12,216.95,0.6759,-1,-1,-1
597,50,1171.77,875.75,83.48,204.36,0.6501,-1,-1,-1
597,26,251.32,982.76,83.94,97.26,0.6962,-1,-1,-1
597,64,364.52,271.67,66.49,191.19,0.7106,-1,-1,-1
597,58,1658.37,227.72,70.23,188.65,0.5951,-1,-1,-1
597,65,1076.12,863.23,79.14,217.85,0.6759,-1,-1,-1
597,54,808.53,104.90,56.12,212.79,0.2374,-1,-1,-1
597,3,999.41,935.83,58.39,142.11,0.6181,-1,-1,-1
597,68,1561.30,608.17,110.21,221.91,0.4120,-1,-1,-1
597,69,281.97,116.55,60.15,179.41,0.2909,-1,-1,-1
598,4,1716.22,453.86,75.85,213.46,0.7063,-1,-1,-1
598,13,314.20,914.22,97.17,165.12,0.7352,-1,-1,-1
598,28,1077.33,865.02,79.50,215.18,0.6634,-1,-1,-1
598,50,1170.29,877.67,86.49,202.40,0.6632,-1,-1,-1
598,26,251.90,984.32,83.97,95.65,0.6773,-1,-1,-1
598,64,363.99,272.69,66.63,190.91,0.7066,-1,-1,-1
598,58,1657.64,226.62,69.82,189.23,0.5922,-1,-1,-1
598,65,1077.33,865.00,79.52,215.96,0.6634,-1,-1,-1
598,54,808.69,127.49,55.50,189.78,0.2296,-1,-1,-1
598,3,999.41,936.41,60.63,141.26,0.6254,-1,-1,-1
598,68,1560.26,610.63,111.14,219.63,0.3836,-1,-1,-1
598,69,281.05,115.69,60.79,180.82,0.2910,-1,-1,-1
599,4,1714.52,453.82,78.25,213.18,0.7034,-1,-1,-1
599,13,314.06,915.97,100.13,162.86,0.7267,-1,-1,-1
599,28,1078.45,867.21,81.19,212.97,0.6204,-1,-1,-1
599,50,1171.62,880.40,86.38,199.65,0.6587,-1,-1,-1
599,26,253.10,985.46,81.20,94.50,0.6594,-1,-1,-1
599,64,364.38,273.13,66.15,191.64,0.6717,-1,-1,-1
599,58,1655.13,226.92,70.30,188.61,0.5511,-1,-1,-1
599,65,1078.45,867.20,81.20,213.66,0.6204,-1,-1,-1
599,54,807.30,116.80,57.05,200.55,0.2484,-1,-1,-1
599,3,998.75,936.81,60.63,140.79,0.6467,-1,-1,-1
599,68,1559.86,609.40,112.04,221.18,0.3647,-1,-1,-1
599,69,280.97,114.94,60.89,181.64,0.3124,-1,-1,-1
600,4,1714.10,453.90,79.01,212.07,0.7204,-1,-1,-1
600,13,314.58,918.01,103.31,160.11,0.7043,-1,-1,-1
600,28,1079.88,869.38,81.65,210.83,0.6535,-1,-1,-1
600,50,1176.34,883.93,82.29,196.15,0.6591,-1,-1,-1
600,26,253.32,986.53,82.69,93.50,0.6489,-1,-1,-1
600,64,364.81,274.77,65.79,192.04,0.6772,-1,-1,-1
600,58,1652.61,226.64,70.94,186.10,0.5438,-1,-1,-1
600,65,1079.88,869.37,81.66,211.43,0.6535,-1,-1,-1
600,54,808.05,136.28,55.90,180.96,0.2056,-1,-1,-1
600,3,998.58,938.27,60.44,139.46,0.6408,-1,-1,-1
600,68,1560.32,608.09,112.33,221.25,0.3528,-1,-1,-1
600,69,280.63,112.56,61.20,183.54,0.2716,-1,-1,-1
600,70,429.57,74.29,53.98,160.66,0.3703,-1,-1,-1
601,4,1713.93,453.94,80.05,212.92,0.7017,-1,-1,-1
601,13,314.87,919.72,103.84,158.38,0.7212,-1,-1,-1
601,28,1081.02,871.92,84.18,208.26,0.6060,-1,-1,-1
601,50,1176.11,886.42,83.18,193.64,0.6566,-1,-1,-1
601,26,253.45,986.86,84.08,93.14,0.6266,-1,-1,-1
601,64,364.22,274.97,65.54,195.70,0.7022,-1,-1,-1
601,58,1649.11,226.40,72.37,186.35,0.5774,-1,-1,-1
601,65,1081.01,871.90,84.19,208.78,0.6060,-1,-1,-1
601,54,807.81,145.60,56.30,171.79,0.2299,-1,-1,-1
601,3,998.54,939.54,59.06,138.17,0.6214,-1,-1,-1
601,68,1561.47,603.90,111.34,224.15,0.3933,-1,-1,-1
601,69,281.17,113.41,59.54,183.58,0.2343,-1,-1,-1
601,70,430.94,71.73,52.91,163.86,0.2835,-1,-1,-1
602,4,1712.38,454.95,82.02,212.19,0.6953,-1,-1,-1
602,13,315.96,921.41,104.55,156.11,0.7221,-1,-1,-1
602,28,1080.27,874.85,86.94,205.27,0.6728,-1,-1,-1
602,50,1175.75,888.51,84.45,191.51,0.6502,-1,-1,-1
602,26,253.61,988.52,84.71,91.43,0.6102,-1,-1,-1
602,64,364.89,274.80,64.30,196.60,0.6821,-1,-1,-1
602,58,1648.00,226.87,72.05,184.12,0.5902,-1,-1,-1
602,65,1080.27,874.84,86.95,205.73,0.6728,-1,-1,-1
602,54,807.72,147.55,56.18,169.95,0.2865,-1,-1,-1
602,3,996.75,940.27,59.79,137.53,0.6519,-1,-1,-1
602,68,1562.13,600.53,113.94,225.94,0.5921,-1,-1,-1
602,69,280.25,113.97,60.39,183.44,0.2532,-1,-1,-1
602,70,431.94,69.32,52.89,168.71,0.2639,-1,-1,-1
603,4,1711.16,455.18,83.74,213.67,0.7159,-1,-1,-1
603,13,316.66,924.19,104.63,153.81,0.7364,-1,-1,-1
603,28,1080.84,877.74,87.67,202.38,0.6609,-1,-1,-1
603,50,1176.46,890.84,83.53,189.19,0.6052,-1,-1,-1
603,26,254.08,990.97,84.68,89.01,0.6238,-1,-1,-1
603,64,363.99,276.28,65.43,195.69,0.6959,-1,-1,-1
603,58,1647.29,227.55,70.38,183.17,0.6228,-1,-1,-1
603,65,1080.84,877.73,87.68,202.78,0.6609,-1,-1,-1
603,54,807.73,145.66,56.23,171.47,0.2880,-1,-1,-1
603,3,996.08,940.90,59.39,136.93,0.6631,-1,-1,-1
603,68,1562.87,600.05,112.92,226.75,0.4900,-1,-1,-1
603,69,279.18,113.59,61.21,183.33,0.2619,-1,-1,-1
603,70,432.28,68.10,53.61,172.60,0.1928,-1,-1,-1
604,4,1709.73,454.80,85.25,212.32,0.7134,-1,-1,-1
604,13,317.77,926.90,104.63,151.31,0.7544,-1,-1,-1
604,28,1080.60,880.63,90.43,199.45,0.6020,-1,-1,-1
604,50,1178.51,893.14,80.87,186.87,0.5323,-1,-1,-1
604,26,254.59,992.81,84.89,87.19,0.6277,-1,-1,-1
604,64,364.68,276.86,64.74,196.27,0.6816,-1,-1,-1
604,58,1648.54,227.45,67.01,182.23,0.6065,-1,-1,-1
604,65,1080.60,880.62,90.44,199.80,0.6020,-1,-1,-1
604,54,807.65,145.12,56.59,172.00,0.2742,-1,-1,-1
604,3,996.32,942.15,59.28,136.03,0.6402,-1,-1,-1
604,68,1563.20,599.01,112.72,227.86,0.4372,-1,-1,-1
604,69,278.41,111.78,62.20,184.51,0.2299,-1,-1,-1
605,4,1710.21,454.32,85.20,213.24,0.7033,-1,-1,-1
605,13,319.72,929.76,102.29,148.69,0.7467,-1,-1,-1
605,28,1083.93,883.07,89.86,197.02,0.5592,-1,-1,-1
605,50,1182.02,895.89,75.36,184.13,0.5168,-1,-1,-1
605,26,254.67,994.67,85.42,85.33,0.6281,-1,-1,-1
605,64,363.65,276.99,66.26,196.05,0.6851,-1,-1,-1
605,58,1648.23,227.93,66.20,179.61,0.5556,-1,-1,-1
605,65,1083.93,883.06,89.86,197.31,0.5592,-1,-1,-1
605,54,807.10,146.82,56.80,170.61,0.2439,-1,-1,-1
605,3,996.43,943.35,59.12,135.31,0.6219,-1,-1,-1
605,68,1563.99,601.37,109.65,225.60,0.3545,-1,-1,-1
605,69,278.17,111.58,62.42,185.05,0.2459,-1,-1,-1
606,4,1711.00,454.70,84.96,213.04,0.6996,-1,-1,-1
606,13,321.73,932.86,99.70,146.48,0.7545,-1,-1,-1
606,28,1088.48,885.81,86.73,194.26,0.5631,-1,-1,-1
606,50,1181.68,898.15,75.74,181.87,0.5187,-1,-1,-1
606,26,254.34,997.34,85.31,82.66,0.6127,-1,-1,-1
606,64,363.06,277.46,66.76,195.47,0.6937,-1,-1,-1
606,58,1647.16,228.05,66.17,178.12,0.5480,-1,-1,-1
606,65,1088.48,885.81,86.73,194.52,0.5631,-1,-1,-1
606,54,807.00,146.02,57.47,170.50,0.2843,-1,-1,-1
606,3,996.09,944.53,58.70,134.78,0.5917,-1,-1,-1
606,68,1562.16,605.49,109.82,223.50,0.5028,-1,-1,-1
606,69,278.00,111.11,62.72,185.76,0.2704,-1,-1,-1
607,4,1710.12,455.07,86.31,212.57,0.7111,-1,-1,-1
607,13,322.96,935.67,97.41,144.13,0.7349,-1,-1,-1
607,28,1093.45,887.42,84.63,192.64,0.5641,-1,-1,-1
607,50,1182.09,898.36,75.96,181.65,0.4730,-1,-1,-1
607,26,254.12,1000.04,84.16,79.94,0.6118,-1,-1,-1
607,64,363.35,278.18,66.41,194.49,0.6977,-1,-1,-1
607,58,1646.44,227.40,65.62,177.67,0.5489,-1,-1,-1
607,65,1093.45,887.42,84.63,192.86,0.5641,-1,-1,-1
607,54,806.69,144.79,57.74,172.34,0.2861,-1,-1,-1
607,3,995.52,945.33,58.81,134.21,0.5981,-1,-1,-1
607,68,1562.97,608.80,108.79,220.76,0.4505,-1,-1,-1
607,69,276.73,109.11,64.00,187.86,0.2859,-1,-1,-1
607,70,433.66,71.73,51.62,172.83,0.4024,-1,-1,-1
608,4,1709.93,454.63,86.72,213.15,0.7107,-1,-1,-1
608,13,323.24,939.94,97.28,140.05,0.7447,-1,-1,-1
608,28,1097.97,889.37,81.88,190.70,0.5830,-1,-1,-1
608,50,1183.71,899.34,74.06,180.68,0.5008,-1,-1,-1
608,26,253.53,1002.28,84.56,77.74,0.6201,-1,-1,-1
608,64,362.44,278.16,66.63,193.72,0.6770,-1,-1,-1
608,58,1645.84,226.35,64.10,180.13,0.5324,-1,-1,-1
608,65,1097.97,889.36,81.88,190.89,0.5830,-1,-1,-1
608,54,806.40,143.28,58.48,173.67,0.3171,-1,-1,-1
608,3,995.16,945.75,59.30,134.15,0.5933,-1,-1,-1
608,68,1562.71,610.27,108.60,219.15,0.4526,-1,-1,-1
608,69,275.45,109.03,64.93,187.97,0.2687,-1,-1,-1
608,70,434.49,71.88,51.18,173.79,0.3621,-1,-1,-1
609,4,1711.02,454.49,85.26,212.59,0.7434,-1,-1,-1
609,13,320.55,943.46,99.47,136.27,0.7329,-1,-1,-1
609,28,1100.51,890.30,80.98,189.75,0.5880,-1,-1,-1
609,50,1183.34,900.31,78.85,179.70,0.5189,-1,-1,-1
609,26,253.58,1005.10,84.06,74.74,0.6140,-1,-1,-1
609,64,362.43,277.75,66.34,193.97,0.6863,-1,-1,-1
609,58,1642.99,223.81,66.14,185.04,0.5494,-1,-1,-1
609,65,1100.51,890.30,80.98,189.92,0.5880,-1,-1,-1
609,54,806.80,139.32,58.37,177.30,0.2570,-1,-1,-1
609,3,994.03,946.56,60.37,133.46,0.6189,-1,-1,-1
609,68,1562.54,608.54,108.22,221.39,0.4519,-1,-1,-1
609,69,274.78,110.65,66.22,186.29,0.2702,-1,-1,-1
609,70,435.23,71.12,51.11,175.29,0.3805,-1,-1,-1
610,4,1711.40,454.34,84.84,212.26,0.7386,-1,-1,-1
610,13,321.06,945.67,97.96,132.12,0.7272,-1,-1,-1
610,28,1101.80,890.62,80.73,189.40,0.5698,-1,-1,-1
610,50,1183.41,900.71,79.66,179.28,0.5108,-1,-1,-1
610,26,253.64,1008.20,81.48,71.18,0.5554,-1,-1,-1
610,64,361.83,278.33,66.48,193.82,0.6984,-1,-1,-1
610,58,1640.87,221.95,66.76,183.77,0.5346,-1,-1,-1
610,65,1101.80,890.62,80.73,189.55,0.5698,-1,-1,-1
610,54,807.83,138.22,57.50,177.70,0.2597,-1,-1,-1
610,3,992.70,946.54,61.10,133.49,0.6250,-1,-1,-1
610,68,1563.83,600.95,110.59,226.26,0.3990,-1,-1,-1
610,69,275.97,111.51,65.13,185.18,0.2397,-1,-1,-1
610,70,435.46,72.53,51.43,173.92,0.3621,-1,-1,-1
610,71,592.43,552.92,85.49,228.53,0.5016,-1,-1,-1
611,4,1710.92,454.52,85.34,212.95,0.7413,-1,-1,-1
611,13,320.09,948.20,96.94,130.97,0.7310,-1,-1,-1
611,28,1102.93,891.28,82.14,188.72,0.5776,-1,-1,-1
611,50,1183.33,902.05,81.03,177.92,0.5084,-1,-1,-1
611,26,254.10,1011.47,77.46,67.64,0.5005,-1,-1,-1
611,64,360.93,279.92,67.40,193.03,0.7041,-1,-1,-1
611,58,1639.70,219.15,66.50,184.05,0.5446,-1,-1,-1
611,65,1102.93,891.27,82.14,188.85,0.5776,-1,-1,-1
611,54,805.63,131.44,58.74,186.35,0.2645,-1,-1,-1
611,3,991.54,946.34,61.77,133.67,0.6315,-1,-1,-1
611,68,1564.85,596.55,111.56,228.97,0.5368,-1,-1,-1
611,69,274.02,105.72,67.10,190.90,0.2924,-1,-1,-1
611,70,436.20,74.85,51.65,171.72,0.3358,-1,-1,-1
611,71,586.63,549.46,91.32,232.73,0.5647,-1,-1,-1
612,4,1709.91,453.90,86.45,213.15,0.7549,-1,-1,-1
612,13,319.65,949.47,96.86,130.25,0.7594,-1,-1,-1
612,28,1105.74,892.46,80.21,187.54,0.5754,-1,-1,-1
612,50,1181.77,903.97,82.97,176.00,0.5088,-1,-1,-1
612,26,253.44,1014.54,76.81,65.05,0.4778,-1,-1,-1
612,64,359.85,282.21,67.83,192.31,0.6713,-1,-1,-1
612,58,1637.94,216.51,67.10,185.43,0.5595,-1,-1,-1
612,65,1105.74,892.45,80.21,187.66,0.5754,-1,-1,-1
612,54,804.69,130.31,59.52,187.79,0.3188,-1,-1,-1
612,3,990.75,946.26,62.33,133.76,0.6084,-1,-1,-1
612,68,1565.89,600.13,109.77,225.84,0.4846,-1,-1,-1
612,69,273.26,108.74,67.68,187.93,0.2582,-1,-1,-1
612,70,437.24,76.14,50.69,171.01,0.2595,-1,-1,-1
612,71,580.71,548.20,97.35,234.69,0.6292,-1,-1,-1
613,4,1710.90,453.50,85.04,213.40,0.7487,-1,-1,-1
613,13,319.78,951.68,95.84,128.15,0.7306,-1,-1,-1
613,28,1106.79,893.55,80.06,186.42,0.5127,-1,-1,-1
613,50,1183.19,906.60,83.20,173.35,0.3369,-1,-1,-1
613,26,253.51,1017.10,75.94,62.64,0.3954,-1,-1,-1
613,64,359.83,285.18,66.88,192.98,0.6758,-1,-1,-1
613,58,1636.51,213.78,67.49,187.98,0.5713,-1,-1,-1
613,65,1106.79,893.54,80.06,186.52,0.5127,-1,-1,-1
613,54,804.56,134.25,59.85,184.25,0.3796,-1,-1,-1
613,3,989.59,946.97,63.03,133.02,0.6229,-1,-1,-1
613,68,1564.51,604.58,108.57,223.52,0.5294,-1,-1,-1
613,69,271.44,98.71,69.64,197.59,0.2090,-1,-1,-1
613,70,438.68,77.49,49.87,170.48,0.2062,-1,-1,-1
613,71,578.92,547.84,99.80,235.44,0.6570,-1,-1,-1
614,4,1711.71,453.12,83.92,213.38,0.7398,-1,-1,-1
614,13,319.76,953.08,95.94,126.91,0.7289,-1,-1,-1
614,28,1107.66,896.24,82.00,183.78,0.5917,-1,-1,-1
614,50,1185.65,909.97,81.35,170.03,0.4911,-1,-1,-1
614,26,254.00,1020.08,74.83,59.85,0.3786,-1,-1,-1
614,64,358.81,285.79,67.19,196.11,0.6761,-1,-1,-1
614,58,1634.65,212.15,68.17,185.93,0.5784,-1,-1,-1
614,65,1107.66,896.23,82.00,183.87,0.5917,-1,-1,-1
614,54,806.05,137.24,58.49,181.07,0.3855,-1,-1,-1
614,3,988.07,946.49,64.10,133.54,0.6454,-1,-1,-1
614,68,1563.34,607.76,108.59,221.66,0.4839,-1,-1,-1
614,71,576.47,548.20,101.69,236.07,0.6429,-1,-1,-1
615,4,1712.13,452.52,83.29,214.73,0.7525,-1,-1,-1
615,13,319.91,955.68,94.81,124.37,0.7238,-1,-1,-1
615,28,1107.69,898.31,81.89,181.73,0.5795,-1,-1,-1
615,50,1189.10,913.50,80.00,166.52,0.4075,-1,-1,-1
615,26,252.22,1023.69,72.30,56.32,0.3559,-1,-1,-1
615,64,357.54,286.64,67.59,197.42,0.6715,-1,-1,-1
615,58,1632.41,210.40,69.15,185.11,0.5848,-1,-1,-1
615,65,1107.69,898.30,81.89,181.81,0.5795,-1,-1,-1
615,54,806.06,140.76,58.29,178.48,0.3918,-1,-1,-1
615,3,987.20,946.25,64.05,133.81,0.6482,-1,-1,-1
615,68,1562.51,607.20,109.24,222.47,0.4943,-1,-1,-1
615,71,575.88,548.12,100.87,235.87,0.6240,-1,-1,-1
616,4,1712.89,452.27,82.50,215.74,0.7284,-1,-1,-1
616,13,320.19,958.38,93.95,121.58,0.7308,-1,-1,-1
616,28,1109.03,900.91,83.15,179.07,0.6109,-1,-1,-1
616,50,1194.37,915.61,77.90,164.15,0.4823,-1,-1,-1
616,26,254.71,1023.86,70.03,56.07,0.3790,-1,-1,-1
616,64,356.17,287.14,68.93,197.46,0.6790,-1,-1,-1
616,58,1630.75,209.70,70.05,183.93,0.5465,-1,-1,-1
616,65,1109.03,900.91,83.15,179.14,0.6109,-1,-1,-1
616,54,805.77,142.71,58.62,177.01,0.3826,-1,-1,-1
616,3,985.42,946.95,64.23,133.05,0.6759,-1,-1,-1
616,68,1561.63,606.14,110.41,223.69,0.5200,-1,-1,-1
616,71,576.44,547.22,97.38,233.31,0.5554,-1,-1,-1
617,4,1713.20,452.64,82.36,214.97,0.7017,-1,-1,-1
617,13,320.73,960.66,94.04,119.37,0.7206,-1,-1,-1
617,28,1110.00,902.94,81.82,177.09,0.6098,-1,-1,-1
617,50,1194.50,918.17,78.75,161.76,0.3875,-1,-1,-1
617,26,254.08,1025.99,67.94,54.01,0.3569,-1,-1,-1
617,64,355.28,289.85,68.21,196.41,0.6576,-1,-1,-1
617,58,1629.30,208.94,71.14,185.35,0.5323,-1,-1,-1
617,65,1110.00,902.94,81.82,177.15,0.6098,-1,-1,-1
617,54,806.15,144.21,58.41,176.31,0.3682,-1,-1,-1
617,3,983.09,946.12,65.33,133.92,0.6920,-1,-1,-1
617,68,1560.81,602.72,112.06,226.87,0.5690,-1,-1,-1
617,71,577.29,545.50,81.14,232.66,0.4820,-1,-1,-1
618,4,1714.21,453.23,80.88,212.89,0.6882,-1,-1,-1
618,13,320.47,963.27,94.73,116.80,0.7013,-1,-1,-1
618,28,1111.70,906.47,79.47,173.56,0.6355,-1,-1,-1
618,50,1193.84,920.35,79.80,159.65,0.4319,-1,-1,-1
618,26,254.45,1027.36,65.29,52.68,0.3312,-1,-1,-1
618,64,354.47,291.57,67.88,195.99,0.6654,-1,-1,-1
618,58,1627.44,208.60,72.68,185.75,0.4850,-1,-1,-1
618,65,1111.70,906.47,79.47,173.62,0.6355,-1,-1,-1
618,54,807.34,144.82,58.25,174.64,0.3665,-1,-1,-1
618,3,981.44,945.42,65.74,134.63,0.6974,-1,-1,-1
618,68,1561.81,603.19,110.46,226.09,0.4435,-1,-1,-1
618,71,574.97,542.20,73.88,234.54,0.5773,-1,-1,-1
619,4,1714.86,452.81,80.08,213.52,0.6915,-1,-1,-1
619,13,320.61,965.87,95.23,114.18,0.6984,-1,-1,-1
619,28,1112.42,910.35,79.19,169.67,0.6639,-1,-1,-1
619,50,1193.85,922.08,82.08,157.63,0.5311,-1,-1,-1
619,26,255.09,1028.60,60.90,51.43,0.3193,-1,-1,-1
619,64,353.25,294.11,67.61,195.69,0.6110,-1,-1,-1
619,58,1624.84,207.99,75.23,188.80,0.4463,-1,-1,-1
619,65,1112.42,910.35,79.19,169.71,0.6639,-1,-1,-1
619,54,807.31,146.01,57.42,173.01,0.3633,-1,-1,-1
619,3,978.77,944.20,66.09,135.83,0.7037,-1,-1,-1
619,68,1560.97,607.65,110.46,222.16,0.3749,-1,-1,-1
619,71,572.58,540.93,70.86,236.61,0.6154,-1,-1,-1
620,4,1715.22,453.10,79.76,212.59,0.6931,-1,-1,-1
620,13,321.24,968.62,95.88,110.93,0.6984,-1,-1,-1
620,28,1113.33,913.65,77.76,166.33,0.6601,-1,-1,-1
620,50,1192.78,922.76,84.61,157.02,0.5658,-1,-1,-1
620,26,257.31,1028.53,55.31,51.00,0.3051,-1,-1,-1
620,64,353.33,294.80,66.40,196.89,0.5675,-1,-1,-1
620,58,1623.02,208.15,77.14,187.95,0.4158,-1,-1,-1
620,65,1113.33,913.65,77.76,166.37,0.6601,-1,-1,-1
620,54,807.13,145.94,59.07,172.25,0.3254,-1,-1,-1
620,3,976.07,943.66,66.44,136.33,0.6947,-1,-1,-1
620,68,1562.68,606.49,108.53,223.40,0.4075,-1,-1,-1
620,71,570.91,539.50,71.77,237.48,0.6445,-1,-1,-1
621,4,1715.42,452.38,79.50,213.06,0.7089,-1,-1,-1
621,13,320.97,971.68,97.31,107.70,0.6487,-1,-1,-1
621,28,1113.67,915.99,75.98,164.00,0.6785,-1,-1,-1
621,50,1192.58,924.13,85.59,155.37,0.4725,-1,-1,-1
621,26,257.69,1032.51,53.00,47.34,0.3093,-1,-1,-1
621,64,352.07,294.56,66.82,197.61,0.6343,-1,-1,-1
621,58,1621.55,209.00,77.82,185.08,0.4495,-1,-1,-1
621,65,1113.67,915.99,75.98,164.03,0.6785,-1,-1,-1
621,54,807.07,145.23,59.56,172.88,0.3381,-1,-1,-1
621,3,973.87,943.26,66.37,136.76,0.6659,-1,-1,-1
621,68,1562.62,607.49,108.61,221.97,0.4366,-1,-1,-1
621,71,569.41,538.27,69.36,237.92,0.6573,-1,-1,-1
622,4,1716.55,452.23,78.13,212.59,0.6981,-1,-1,-1
622,13,321.21,974.91,97.33,104.73,0.6333,-1,-1,-1
622,28,1114.29,917.71,73.94,162.07,0.6792,-1,-1,-1
622,50,1193.57,925.05,85.06,153.97,0.3607,-1,-1,-1
622,26,258.98,1036.60,52.66,43.38,0.3254,-1,-1,-1
622,64,351.16,294.75,66.85,197.66,0.5806,-1,-1,-1
622,58,1621.12,209.48,78.12,183.25,0.4798,-1,-1,-1
622,65,1114.29,917.71,73.94,162.10,0.6792,-1,-1,-1
622,54,806.92,144.66,59.78,174.16,0.3440,-1,-1,-1
622,3,971.60,943.03,65.27,136.99,0.6663,-1,-1,-1
622,68,1562.71,609.83,108.39,219.25,0.3882,-1,-1,-1
622,71,566.69,537.24,63.89,238.43,0.7022,-1,-1,-1
623,4,1717.60,452.34,77.26,212.63,0.6940,-1,-1,-1
623,13,321.75,978.82,96.08,101.18,0.6841,-1,-1,-1
623,28,1114.84,919.10,75.32,160.45,0.6543,-1,-1,-1
623,50,1194.08,926.27,88.00,152.39,0.3896,-1,-1,-1
623,26,260.27,1040.07,49.78,39.81,0.3110,-1,-1,-1
623,64,348.50,294.17,67.40,197.76,0.5881,-1,-1,-1
623,58,1621.03,209.84,77.25,182.09,0.4725,-1,-1,-1
623,65,1114.84,919.10,75.32,160.47,0.6543,-1,-1,-1
623,54,806.66,145.90,58.59,173.56,0.3247,-1,-1,-1
623,3,969.46,943.51,64.48,136.59,0.6765,-1,-1,-1
623,68,1562.08,612.14,108.68,217.28,0.3153,-1,-1,-1
623,71,562.92,537.55,61.23,241.74,0.6765,-1,-1,-1
624,4,1718.02,452.12,76.98,212.97,0.6893,-1,-1,-1
624,13,323.06,981.95,94.34,98.07,0.6977,-1,-1,-1
624,28,1114.91,920.44,75.90,159.40,0.6741,-1,-1,-1
624,50,1195.13,927.59,88.76,150.55,0.4413,-1,-1,-1
624,26,260.90,1043.08,47.78,36.17,0.2833,-1,-1,-1
624,64,346.16,294.49,68.82,196.97,0.5788,-1,-1,-1
624,58,1621.53,208.70,76.47,182.26,0.4559,-1,-1,-1
624,65,1114.91,920.44,75.91,159.42,0.6741,-1,-1,-1
624,54,806.61,144.64,59.16,174.86,0.3643,-1,-1,-1
624,3,965.25,942.61,65.34,137.45,0.6752,-1,-1,-1
624,68,1561.74,610.68,109.58,218.78,0.4436,-1,-1,-1
624,71,559.94,537.16,61.26,242.41,0.6923,-1,-1,-1
625,4,1718.29,452.20,77.42,214.13,0.6919,-1,-1,-1
625,13,323.55,984.89,93.36,95.14,0.6977,-1,-1,-1
625,28,1115.54,922.15,76.16,157.83,0.6688,-1,-1,-1
625,50,1196.51,930.86,87.75,147.18,0.5400,-1,-1,-1
625,26,261.23,1046.42,46.65,32.84,0.2134,-1,-1,-1
625,64,345.52,294.38,68.43,196.77,0.5624,-1,-1,-1
625,58,1622.10,207.95,74.88,184.28,0.4253,-1,-1,-1
625,65,1115.54,922.15,76.16,157.85,0.6688,-1,-1,-1
625,54,807.01,143.91,58.87,175.22,0.3863,-1,-1,-1
625,3,962.48,939.91,65.17,140.14,0.6795,-1,-1,-1
625,68,1562.07,608.63,109.11,220.90,0.3757,-1,-1,-1
625,71,555.09,537.33,62.62,242.41,0.7068,-1,-1,-1
626,4,1718.59,451.94,77.31,214.00,0.6844,-1,-1,-1
626,13,323.67,987.88,93.51,92.16,0.6839,-1,-1,-1
626,28,1115.27,922.21,77.94,157.79,0.6552,-1,-1,-1
626,50,1196.47,932.31,88.25,146.08,0.4691,-1,-1,-1
626,26,261.26,1049.78,46.27,30.01,0.1688,-1,-1,-1
626,64,343.83,294.70,68.75,196.72,0.6193,-1,-1,-1
626,58,1622.75,206.05,74.02,181.90,0.4390,-1,-1,-1
626,65,1115.27,922.21,77.94,157.81,0.6552,-1,-1,-1
626,54,806.14,143.07,59.77,176.40,0.3899,-1,-1,-1
626,3,959.01,938.65,65.72,141.38,0.6713,-1,-1,-1
626,68,1562.28,606.71,108.70,222.88,0.4676,-1,-1,-1
626,71,547.94,537.97,66.75,241.24,0.6986,-1,-1,-1
627,4,1718.61,452.78,77.64,213.58,0.6831,-1,-1,-1
627,13,324.74,990.78,93.36,89.17,0.6585,-1,-1,-1
627,28,1115.85,923.31,77.76,156.66,0.6884,-1,-1,-1
627,50,1194.29,933.73,91.55,144.73,0.6070,-1,-1,-1
627,64,342.99,295.36,69.04,196.02,0.6244,-1,-1,-1
627,58,1625.14,205.77,70.74,181.92,0.4343,-1,-1,-1
627,65,1115.85,923.31,77.76,156.68,0.6884,-1,-1,-1
627,54,806.27,142.61,59.47,176.11,0.3771,-1,-1,-1
627,3,957.91,937.51,64.20,142.47,0.6849,-1,-1,-1
627,68,1562.07,605.20,108.11,224.25,0.3559,-1,-1,-1
627,71,531.16,538.59,83.72,241.79,0.6551,-1,-1,-1
628,4,1718.67,451.88,77.42,214.65,0.6624,-1,-1,-1
628,13,325.01,992.35,94.00,87.63,0.6309,-1,-1,-1
628,28,1115.41,924.37,79.90,155.62,0.6676,-1,-1,-1
628,50,1195.37,934.87,91.28,144.09,0.5785,-1,-1,-1
628,64,342.41,295.57,69.04,195.95,0.6483,-1,-1,-1
628,58,1625.91,202.32,69.59,186.93,0.3924,-1,-1,-1
628,65,1115.41,924.37,79.90,155.64,0.6676,-1,-1,-1
628,54,806.70,142.64,59.19,175.32,0.3742,-1,-1,-1
628,3,956.13,936.29,62.59,143.71,0.6826,-1,-1,-1
628,68,1563.21,604.07,106.86,225.16,0.3660,-1,-1,-1
628,71,516.53,538.51,98.09,241.38,0.7210,-1,-1,-1
629,4,1718.80,451.61,77.04,215.51,0.6921,-1,-1,-1
629,13,324.72,994.84,94.65,85.18,0.6712,-1,-1,-1
629,28,1115.24,924.93,81.61,155.08,0.7075,-1,-1,-1
629,50,1194.58,936.32,94.69,143.21,0.6308,-1,-1,-1
629,64,342.35,296.45,68.56,195.57,0.6601,-1,-1,-1
629,58,1625.98,202.24,70.06,187.13,0.4385,-1,-1,-1
629,65,1115.24,924.93,81.61,155.09,0.7075,-1,-1,-1
629,54,806.62,142.72,58.36,175.62,0.3711,-1,-1,-1
629,3,954.06,934.96,61.96,145.05,0.6796,-1,-1,-1
629,68,1563.93,601.65,106.47,227.65,0.4921,-1,-1,-1
629,71,506.11,538.06,108.74,240.64,0.7400,-1,-1,-1
630,4,1717.98,450.90,78.41,215.64,0.6911,-1,-1,-1
630,13,324.28,997.69,95.73,82.28,0.6846,-1,-1,-1
630,28,1115.09,926.24,83.76,153.74,0.7038,-1,-1,-1
630,50,1195.01,939.76,95.60,139.55,0.5785,-1,-1,-1
630,64,341.15,296.72,69.04,196.92,0.6675,-1,-1,-1
630,58,1626.15,201.03,69.26,186.69,0.5133,-1,-1,-1
630,65,1115.09,926.24,83.76,153.75,0.7038,-1,-1,-1
630,54,808.12,143.03,56.33,174.81,0.4156,-1,-1,-1
630,3,952.59,933.55,60.28,146.42,0.6851,-1,-1,-1
630,68,1564.11,603.71,106.09,225.12,0.4074,-1,-1,-1
630,71,499.62,537.76,114.36,239.31,0.7701,-1,-1,-1
631,4,1717.55,450.90,78.70,216.59,0.6825,-1,-1,-1
631,13,324.39,998.94,96.15,81.04,0.6660,-1,-1,-1
631,28,1115.28,927.71,86.20,152.27,0.6890,-1,-1,-1
631,50,1196.77,942.52,93.57,135.74,0.5444,-1,-1,-1
631,64,340.33,297.73,69.53,199.82,0.6776,-1,-1,-1
631,58,1626.60,199.70,68.69,184.03,0.5337,-1,-1,-1
631,65,1115.28,927.71,86.21,152.28,0.6890,-1,-1,-1
631,54,808.32,142.74,56.13,173.60,0.3791,-1,-1,-1
631,3,950.55,932.16,59.68,147.56,0.6878,-1,-1,-1
631,68,1563.49,603.36,106.99,224.95,0.4549,-1,-1,-1
631,71,497.12,538.92,116.72,237.40,0.7584,-1,-1,-1
631,72,1440.76,1001.68,76.28,77.03,0.3642,-1,-1,-1
632,4,1717.16,451.35,79.80,216.34,0.7068,-1,-1,-1
632,13,323.92,1001.29,97.20,78.70,0.6479,-1,-1,-1
632,28,1115.11,930.28,91.55,149.37,0.7016,-1,-1,-1
632,50,1197.90,944.44,91.38,133.01,0.5042,-1,-1,-1
632,64,339.61,298.15,69.55,202.98,0.6921,-1,-1,-1
632,58,1627.03,197.06,67.97,182.17,0.5561,-1,-1,-1
632,65,1115.11,930.28,91.55,149.38,0.7016,-1,-1,-1
632,54,807.20,143.70,57.23,173.21,0.4199,-1,-1,-1
632,3,948.65,930.75,59.57,149.13,0.7067,-1,-1,-1
632,68,1563.49,606.36,106.65,222.15,0.3844,-1,-1,-1
632,71,492.73,539.75,121.57,237.28,0.7760,-1,-1,-1
632,72,1438.19,995.85,76.39,82.82,0.3549,-1,-1,-1
632,73,1512.43,979.30,94.69,97.94,0.3799,-1,-1,-1
633,4,1717.51,451.16,79.73,216.15,0.7139,-1,-1,-1
633,13,324.87,1002.28,96.26,77.42,0.6304,-1,-1,-1
633,28,1115.36,933.55,95.86,145.77,0.6816,-1,-1,-1
633,50,1201.02,947.82,86.99,128.80,0.3322,-1,-1,-1
633,64,339.37,299.07,68.86,204.30,0.6830,-1,-1,-1
633,58,1627.67,194.69,66.20,182.25,0.5704,-1,-1,-1
633,65,1115.36,933.55,95.86,145.78,0.6816,-1,-1,-1
633,54,805.95,144.46,58.39,173.37,0.3768,-1,-1,-1
633,3,947.01,929.68,59.36,150.32,0.6644,-1,-1,-1
633,68,1564.66,603.57,107.21,223.74,0.4584,-1,-1,-1
633,71,490.99,540.02,121.92,236.98,0.7858,-1,-1,-1
633,72,1436.54,989.60,75.57,90.06,0.3079,-1,-1,-1
633,73,1508.35,976.07,96.77,101.81,0.4568,-1,-1,-1
634,4,1717.04,450.38,80.36,215.99,0.7257,-1,-1,-1
634,13,324.96,1004.51,96.30,74.76,0.6333,-1,-1,-1
634,28,1114.75,937.54,98.83,141.72,0.7039,-1,-1,-1
634,50,1203.88,950.93,82.39,125.94,0.3165,-1,-1,-1
634,64,339.01,299.96,68.63,205.19,0.7078,-1,-1,-1
634,58,1627.94,192.71,65.39,182.83,0.5688,-1,-1,-1
634,65,1114.75,937.54,98.83,141.72,0.7039,-1,-1,-1
634,54,806.61,144.97,57.73,173.24,0.3948,-1,-1,-1
634,3,945.55,928.65,58.95,151.31,0.6844,-1,-1,-1
634,68,1563.39,601.70,107.81,226.89,0.4657,-1,-1,-1
634,71,490.53,540.06,122.41,236.88,0.7750,-1,-1,-1
634,72,1434.16,988.22,75.12,91.80,0.2583,-1,-1,-1
634,73,1503.16,972.14,98.35,106.59,0.3797,-1,-1,-1
635,4,1716.70,450.56,80.66,215.43,0.7386,-1,-1,-1
635,13,325.27,1007.30,95.71,71.72,0.6349,-1,-1,-1
635,28,1114.04,940.17,101.36,139.47,0.6976,-1,-1,-1
635,50,1203.16,954.37,81.75,123.32,0.3277,-1,-1,-1
635,64,339.14,302.02,67.54,205.39,0.7044,-1,-1,-1
635,58,1626.99,191.93,65.37,182.64,0.5661,-1,-1,-1
635,65,1114.04,940.17,101.36,139.48,0.6976,-1,-1,-1
635,54,806.57,145.04,57.90,173.19,0.4200,-1,-1,-1
635,3,941.74,928.32,61.14,151.72,0.6760,-1,-1,-1
635,68,1563.01,603.71,107.36,225.57,0.3780,-1,-1,-1
635,71,490.17,538.86,122.60,238.32,0.7708,-1,-1,-1
635,72,1431.03,984.92,76.99,95.23,0.2533,-1,-1,-1
635,73,1500.71,968.25,96.42,110.82,0.4735,-1,-1,-1
636,4,1716.37,450.91,81.22,215.63,0.7294,-1,-1,-1
636,13,326.44,1010.43,93.33,68.80,0.6309,-1,-1,-1
636,28,1113.71,943.10,102.78,136.84,0.6899,-1,-1,-1
636,50,1201.90,956.88,81.54,121.55,0.4319,-1,-1,-1
636,64,338.59,305.24,68.08,204.70,0.7113,-1,-1,-1
636,58,1626.27,190.66,65.08,183.29,0.5489,-1,-1,-1
636,65,1113.71,943.10,102.78,136.84,0.6899,-1,-1,-1
636,54,806.87,145.53,57.35,173.74,0.3972,-1,-1,-1
636,3,940.40,928.52,60.08,151.23,0.6555,-1,-1,-1
636,68,1562.42,604.93,108.12,224.61,0.3694,-1,-1,-1
636,71,491.70,538.86,118.46,237.86,0.7662,-1,-1,-1
636,72,1427.32,980.01,78.49,100.18,0.4353,-1,-1,-1
636,73,1497.37,963.89,97.33,115.99,0.5068,-1,-1,-1
637,4,1716.45,450.76,81.20,216.32,0.7388,-1,-1,-1
637,13,327.72,1014.17,91.07,65.65,0.6050,-1,-1,-1
637,28,1113.62,946.59,105.24,133.47,0.6874,-1,-1,-1
637,50,1202.29,957.82,79.76,120.58,0.4508,-1,-1,-1
637,64,338.85,307.37,67.93,204.31,0.7040,-1,-1,-1
637,58,1625.47,189.62,64.75,184.22,0.5966,-1,-1,-1
637,65,1113.62,946.59,105.24,133.47,0.6874,-1,-1,-1
637,54,806.80,145.38,57.59,174.79,0.4148,-1,-1,-1
637,3,937.83,928.67,61.02,150.37,0.6502,-1,-1,-1
637,68,1562.61,606.89,107.28,222.00,0.2854,-1,-1,-1
637,71,493.72,538.88,115.35,236.99,0.7364,-1,-1,-1
637,72,1425.36,977.99,78.21,102.22,0.3235,-1,-1,-1
637,73,1495.45,959.31,94.69,119.91,0.5609,-1,-1,-1
638,4,1716.72,451.00,80.29,215.69,0.7221,-1,-1,-1
638,13,328.80,1019.02,88.20,60.96,0.5723,-1,-1,-1
638,28,1114.02,949.47,107.91,130.61,0.6376,-1,-1,-1
638,50,1201.84,959.99,76.82,119.16,0.3874,-1,-1,-1
638,64,338.69,308.80,68.10,205.43,0.7077,-1,-1,-1
638,58,1625.14,190.30,63.75,182.98,0.5924,-1,-1,-1
638,65,1114.02,949.47,107.91,130.61,0.6376,-1,-1,-1
638,54,806.73,145.30,57.84,174.75,0.4127,-1,-1,-1
638,3,936.56,928.86,60.47,150.41,0.6524,-1,-1,-1
638,68,1562.31,606.16,108.79,221.82,0.2708,-1,-1,-1
638,71,495.06,539.22,107.05,236.48,0.7299,-1,-1,-1
638,72,1422.26,977.23,76.75,102.95,0.5277,-1,-1,-1
638,73,1494.66,956.26,93.86,122.50,0.5616,-1,-1,-1
639,4,1716.95,451.65,79.88,215.91,0.7482,-1,-1,-1
639,13,330.60,1023.77,83.67,56.26,0.5293,-1,-1,-1
639,28,1115.08,951.62,112.79,128.44,0.5284,-1,-1,-1
639,50,1201.30,961.70,74.52,118.09,0.3354,-1,-1,-1
639,64,338.63,309.92,67.80,205.88,0.7236,-1,-1,-1
639,58,1624.84,190.59,63.16,182.38,0.6119,-1,-1,-1
639,65,1115.08,951.62,112.79,128.45,0.5284,-1,-1,-1
639,54,806.30,144.25,58.21,176.18,0.4026,-1,-1,-1
639,3,934.28,928.45,60.48,151.10,0.6441,-1,-1,-1
639,68,1563.12,611.79,105.41,215.20,0.2093,-1,-1,-1
639,71,497.24,539.77,98.54,235.87,0.7102,-1,-1,-1
639,72,1418.30,977.36,77.26,102.78,0.5721,-1,-1,-1
639,73,1492.47,952.48,94.79,126.40,0.4890,-1,-1,-1
640,4,1716.55,451.88,80.29,215.27,0.7392,-1,-1,-1
640,13,333.23,1027.73,74.68,52.29,0.4234,-1,-1,-1
640,28,1116.57,954.10,109.60,125.92,0.5275,-1,-1,-1
640,50,1199.04,963.11,75.10,116.87,0.3441,-1,-1,-1
640,64,338.46,310.51,68.44,206.59,0.7187,-1,-1,-1
640,58,1625.24,190.84,61.54,182.11,0.6059,-1,-1,-1
640,65,1116.57,954.10,109.60,125.92,0.5275,-1,-1,-1
640,54,806.47,144.58,58.24,176.03,0.4139,-1,-1,-1
640,3,931.91,928.14,61.24,151.70,0.6264,-1,-1,-1
640,68,1564.12,608.74,106.86,218.28,0.3089,-1,-1,-1
640,71,498.58,539.79,90.03,236.09,0.7169,-1,-1,-1
640,72,1414.76,976.48,77.85,103.60,0.5623,-1,-1,-1
640,73,1490.63,950.10,95.45,128.90,0.4899,-1,-1,-1
641,4,1716.33,452.15,80.81,214.44,0.7385,-1,-1,-1
641,13,338.42,1031.86,56.23,48.11,0.2845,-1,-1,-1
641,28,1118.61,956.30,101.57,123.71,0.6081,-1,-1,-1
641,50,1197.44,962.96,75.71,116.73,0.4454,-1,-1,-1
641,64,338.05,311.41,68.60,205.37,0.7136,-1,-1,-1
641,58,1624.80,189.33,61.25,182.18,0.5629,-1,-1,-1
641,65,1118.61,956.30,101.57,123.71,0.6081,-1,-1,-1
641,54,806.35,144.11,58.60,176.35,0.4098,-1,-1,-1
641,3,930.09,927.78,61.81,152.07,0.6152,-1,-1,-1
641,68,1564.60,605.55,107.77,221.59,0.3214,-1,-1,-1
641,71,498.83,539.51,83.52,236.15,0.7126,-1,-1,-1
641,72,1412.24,974.71,77.76,105.36,0.5785,-1,-1,-1
641,73,1486.20,948.01,98.16,130.69,0.5459,-1,-1,-1
641,75,209.97,249.23,61.27,175.56,0.3869,-1,-1,-1
642,4,1716.26,452.51,80.51,214.43,0.7297,-1,-1,-1
642,13,343.78,1034.54,43.99,45.44,0.3238,-1,-1,-1
642,28,1121.53,957.84,92.20,122.16,0.6296,-1,-1,-1
642,50,1194.52,964.33,78.09,115.60,0.5287,-1,-1,-1
642,64,337.95,311.64,68.99,204.97,0.7166,-1,-1,-1
642,58,1625.20,189.84,59.41,180.40,0.5614,-1,-1,-1
642,65,1121.53,957.84,92.20,122.16,0.6296,-1,-1,-1
642,54,806.01,144.77,59.06,175.59,0.4084,-1,-1,-1
642,3,927.21,927.55,62.29,152.39,0.6157,-1,-1,-1
642,68,1562.78,609.09,108.96,218.22,0.2915,-1,-1,-1
642,71,496.15,539.00,77.73,237.37,0.7328,-1,-1,-1
642,72,1410.24,972.33,76.53,107.72,0.6044,-1,-1,-1
642,73,1484.65,945.90,96.12,132.77,0.5387,-1,-1,-1
642,75,211.53,243.38,58.56,180.91,0.3443,-1,-1,-1
643,4,1715.65,453.62,80.90,213.47,0.7251,-1,-1,-1
643,13,345.21,1037.49,39.62,42.46,0.2227,-1,-1,-1
643,28,1123.52,959.00,86.27,120.98,0.5930,-1,-1,-1
643,50,1194.06,966.32,77.85,113.41,0.3810,-1,-1,-1
643,64,337.89,312.55,69.18,203.89,0.6937,-1,-1,-1
643,58,1624.44,189.60,58.82,182.33,0.5623,-1,-1,-1
643,65,1123.52,959.00,86.27,120.98,0.5930,-1,-1,-1
643,54,805.92,145.33,59.12,175.15,0.4263,-1,-1,-1
643,3,925.50,927.37,62.05,151.89,0.6343,-1,-1,-1
643,68,1563.16,616.78,106.23,210.73,0.2655,-1,-1,-1
643,71,492.23,539.00,70.37,237.00,0.7056,-1,-1,-1
643,72,1407.13,969.71,78.01,110.30,0.6175,-1,-1,-1
643,73,1482.34,943.92,94.57,134.25,0.6202,-1,-1,-1
643,75,212.58,251.28,55.92,170.64,0.2101,-1,-1,-1
644,4,1715.36,452.81,81.23,213.85,0.7204,-1,-1,-1
644,13,344.87,1040.18,37.54,39.57,0.1810,-1,-1,-1
644,28,1123.34,960.17,85.86,119.82,0.5945,-1,-1,-1
644,50,1196.60,966.80,75.07,113.13,0.3696,-1,-1,-1
644,64,337.20,313.37,70.05,202.70,0.7102,-1,-1,-1
644,58,1624.04,188.78,57.74,180.60,0.6121,-1,-1,-1
644,65,1123.34,960.17,85.86,119.82,0.5945,-1,-1,-1
644,54,805.89,145.60,59.00,175.71,0.4293,-1,-1,-1
644,3,923.58,927.91,61.64,151.52,0.6792,-1,-1,-1
644,68,1563.08,617.68,106.26,211.10,0.2647,-1,-1,-1
644,71,485.87,539.25,66.42,237.42,0.7519,-1,-1,-1
644,72,1403.48,966.31,79.54,113.70,0.6077,-1,-1,-1
644,73,1479.76,943.14,94.39,135.13,0.5810,-1,-1,-1
644,75,214.37,253.29,54.59,169.38,0.2795,-1,-1,-1
645,4,1715.66,452.85,81.10,213.87,0.7231,-1,-1,-1
645,28,1122.38,961.05,89.43,118.88,0.4906,-1,-1,-1
645,50,1197.34,965.93,73.92,114.02,0.2511,-1,-1,-1
645,64,337.14,314.55,70.16,200.75,0.6923,-1,-1,-1
645,58,1623.45,188.13,57.11,179.26,0.6221,-1,-1,-1
645,65,1122.38,961.05,89.43,118.88,0.4906,-1,-1,-1
645,54,805.83,145.55,58.97,175.53,0.4718,-1,-1,-1
645,3,921.49,928.35,62.10,150.86,0.6907,-1,-1,-1
645,68,1563.59,619.30,105.73,208.62,0.2449,-1,-1,-1
645,71,477.91,539.60,68.06,238.17,0.7677,-1,-1,-1
645,72,1400.33,963.37,79.52,116.61,0.6033,-1,-1,-1
645,73,1475.24,942.59,95.84,136.02,0.5265,-1,-1,-1
645,75,215.25,251.90,52.79,170.78,0.2890,-1,-1,-1
646,4,1715.44,453.77,81.63,213.35,0.7335,-1,-1,-1
646,28,1124.10,962.47,82.27,117.49,0.5779,-1,-1,-1
646,50,1196.41,968.70,74.69,111.30,0.4402,-1,-1,-1
646,64,336.62,316.83,70.39,198.70,0.7013,-1,-1,-1
646,58,1622.67,186.52,57.65,178.53,0.6406,-1,-1,-1
646,65,1124.10,962.47,82.27,117.50,0.5779,-1,-1,-1
646,54,806.26,145.68,58.52,174.70,0.4738,-1,-1,-1
646,3,919.39,928.28,62.61,150.82,0.6763,-1,-1,-1
646,68,1562.72,610.49,106.83,218.87,0.3781,-1,-1,-1
646,71,470.70,538.96,72.52,239.09,0.7730,-1,-1,-1
646,72,1395.30,959.56,82.32,120.43,0.6705,-1,-1,-1
646,73,1470.16,941.30,97.39,137.51,0.4554,-1,-1,-1
646,75,214.79,247.17,53.15,176.95,0.1836,-1,-1,-1
647,4,1715.41,453.30,82.04,213.87,0.7304,-1,-1,-1
647,28,1125.51,963.70,76.17,116.27,0.5153,-1,-1,-1
647,50,1197.53,971.58,73.40,108.44,0.3717,-1,-1,-1
647,64,336.01,319.60,69.93,197.29,0.7113,-1,-1,-1
647,58,1622.08,184.45,58.31,180.60,0.6475,-1,-1,-1
647,65,1125.51,963.70,76.17,116.28,0.5153,-1,-1,-1
647,54,806.46,145.76,58.23,174.11,0.4341,-1,-1,-1
647,3,915.08,928.46,64.95,150.24,0.6718,-1,-1,-1
647,68,1562.26,612.15,107.65,218.04,0.3857,-1,-1,-1
647,71,466.50,538.51,74.54,239.45,0.7620,-1,-1,-1
647,72,1389.98,955.43,86.62,124.32,0.7058,-1,-1,-1
647,73,1467.97,939.51,94.78,140.06,0.5778,-1,-1,-1
647,75,216.52,251.44,50.19,170.99,0.1898,-1,-1,-1
648,4,1716.00,453.09,81.23,213.04,0.7305,-1,-1,-1
648,28,1125.46,965.64,76.19,114.30,0.5525,-1,-1,-1
648,50,1198.16,975.21,72.23,104.76,0.4522,-1,-1,-1
648,64,335.99,320.49,68.96,197.78,0.7189,-1,-1,-1
648,58,1620.83,182.72,59.15,177.67,0.6565,-1,-1,-1
648,65,1125.46,965.64,76.19,114.30,0.5525,-1,-1,-1
648,54,806.49,145.71,58.02,173.84,0.4483,-1,-1,-1
648,3,911.39,929.05,67.88,149.51,0.6894,-1,-1,-1
648,68,1562.81,608.43,107.02,221.41,0.3638,-1,-1,-1
648,71,461.97,537.94,77.27,239.62,0.7501,-1,-1,-1
648,72,1386.69,951.99,88.42,127.37,0.7037,-1,-1,-1
648,73,1466.53,937.42,92.40,141.56,0.6302,-1,-1,-1
648,75,217.48,253.14,49.56,167.71,0.2360,-1,-1,-1
649,4,1716.52,453.51,82.33,213.22,0.7306,-1,-1,-1
649,28,1124.98,967.91,78.57,112.04,0.5293,-1,-1,-1
649,50,1196.71,977.65,73.04,102.33,0.4532,-1,-1,-1
649,64,335.25,321.37,68.50,199.56,0.7243,-1,-1,-1
649,58,1619.50,181.41,60.31,178.15,0.6599,-1,-1,-1
649,65,1124.98,967.91,78.57,112.04,0.5293,-1,-1,-1
649,54,806.49,145.43,58.24,173.98,0.4676,-1,-1,-1
649,3,907.36,929.39,69.88,149.17,0.7046,-1,-1,-1
649,68,1562.88,605.54,107.44,222.98,0.2825,-1,-1,-1
649,71,458.95,538.45,78.71,238.30,0.7670,-1,-1,-1
649,72,1383.28,950.22,88.90,128.59,0.6952,-1,-1,-1
649,73,1462.24,933.71,94.07,144.32,0.6278,-1,-1,-1
649,75,218.37,252.67,48.43,168.56,0.2637,-1,-1,-1
650,4,1717.19,453.39,80.75,212.93,0.7362,-1,-1,-1
650,28,1125.68,970.77,74.81,108.85,0.4843,-1,-1,-1
650,50,1194.57,981.36,74.68,98.66,0.4100,-1,-1,-1
650,64,334.90,322.54,67.41,202.99,0.7117,-1,-1,-1
650,58,1618.46,180.08,61.53,178.95,0.6247,-1,-1,-1
650,65,1125.68,970.77,74.81,108.85,0.4843,-1,-1,-1
650,54,806.28,144.63,58.28,175.54,0.4636,-1,-1,-1
650,3,904.42,931.03,70.80,147.54,0.7194,-1,-1,-1
650,68,1562.74,605.24,109.39,223.05,0.3275,-1,-1,-1
650,71,455.13,537.37,81.00,238.80,0.7777,-1,-1,-1
650,72,1378.99,947.43,88.31,131.13,0.7019,-1,-1,-1
650,73,1456.91,929.91,95.72,148.15,0.6493,-1,-1,-1
650,75,218.73,251.02,50.12,171.94,0.1693,-1,-1,-1
651,4,1717.39,453.68,80.41,212.56,0.7265,-1,-1,-1
651,28,1125.22,972.68,77.31,107.19,0.5224,-1,-1,-1
651,50,1193.53,983.23,75.00,96.80,0.4308,-1,-1,-1
651,64,334.05,323.31,67.34,204.64,0.7222,-1,-1,-1
651,58,1617.14,177.91,63.23,178.30,0.6211,-1,-1,-1
651,65,1125.22,972.68,77.31,107.19,0.5224,-1,-1,-1
651,54,805.62,143.81,59.01,176.83,0.4499,-1,-1,-1
651,3,902.09,931.25,71.43,147.65,0.7265,-1,-1,-1
651,68,1561.59,603.25,111.52,224.93,0.3183,-1,-1,-1
651,71,453.18,537.18,81.95,238.66,0.7806,-1,-1,-1
651,72,1372.66,945.57,89.91,133.10,0.6959,-1,-1,-1
651,73,1455.59,927.24,94.23,151.76,0.6641,-1,-1,-1
651,75,219.40,248.93,50.00,174.32,0.1578,-1,-1,-1
652,4,1717.46,453.74,79.48,212.44,0.7176,-1,-1,-1
652,28,1125.82,975.58,69.62,104.39,0.4876,-1,-1,-1
652,50,1188.29,987.02,78.67,93.02,0.4598,-1,-1,-1
652,64,333.44,325.24,66.81,205.28,0.7094,-1,-1,-1
652,58,1616.40,175.34,63.90,178.58,0.6515,-1,-1,-1
652,65,1125.82,975.58,69.62,104.39,0.4876,-1,-1,-1
652,54,806.92,143.99,58.06,176.15,0.4761,-1,-1,-1
652,3,900.09,931.02,71.30,147.26,0.6999,-1,-1,-1
652,68,1561.01,601.97,109.97,227.14,0.3300,-1,-1,-1
652,71,451.42,536.77,83.22,238.64,0.7729,-1,-1,-1
652,72,1368.46,943.56,91.47,135.14,0.6666,-1,-1,-1
652,73,1454.42,923.89,92.38,154.81,0.6130,-1,-1,-1
653,4,1718.16,453.17,79.11,212.97,0.7315,-1,-1,-1
653,28,1124.70,979.53,71.36,100.26,0.5602,-1,-1,-1
653,50,1189.70,989.15,77.19,90.15,0.5713,-1,-1,-1
653,64,333.49,326.96,65.68,205.53,0.7245,-1,-1,-1
653,58,1615.76,174.55,65.01,176.22,0.6823,-1,-1,-1
653,65,1124.70,979.53,71.36,100.26,0.5602,-1,-1,-1
653,54,806.48,144.78,58.21,175.41,0.5207,-1,-1,-1
653,3,898.56,931.54,69.71,146.25,0.6970,-1,-1,-1
653,68,1560.93,598.84,111.11,229.48,0.3987,-1,-1,-1
653,71,449.78,536.56,85.02,238.35,0.7785,-1,-1,-1
653,72,1365.00,941.53,92.36,136.80,0.7054,-1,-1,-1
653,73,1451.08,918.46,92.25,160.67,0.6486,-1,-1,-1
654,4,1718.75,452.78,78.88,212.86,0.7319,-1,-1,-1
654,28,1124.00,982.71,69.14,96.72,0.5160,-1,-1,-1
654,50,1194.04,991.44,73.01,86.98,0.5472,-1,-1,-1
654,64,333.83,328.55,64.12,206.13,0.7103,-1,-1,-1
654,58,1614.98,173.57,66.41,176.89,0.6418,-1,-1,-1
654,65,1124.00,982.71,69.14,96.73,0.5160,-1,-1,-1
654,54,806.60,145.09,58.07,174.07,0.5027,-1,-1,-1
654,3,898.03,932.16,66.46,145.50,0.6881,-1,-1,-1
654,68,1560.97,597.97,111.28,229.81,0.4418,-1,-1,-1
654,71,450.58,536.24,84.69,238.51,0.7814,-1,-1,-1
654,72,1361.22,939.76,92.27,137.51,0.6924,-1,-1,-1
654,73,1448.97,914.90,91.54,164.42,0.6318,-1,-1,-1
655,4,1718.57,452.57,78.95,213.23,0.7280,-1,-1,-1
655,28,1123.06,985.83,74.74,93.50,0.5835,-1,-1,-1
655,50,1198.40,993.72,70.02,84.30,0.5788,-1,-1,-1
655,64,333.29,330.21,63.68,205.29,0.6951,-1,-1,-1
655,58,1614.33,169.36,67.92,180.81,0.5925,-1,-1,-1
655,65,1123.06,985.83,74.74,93.50,0.5835,-1,-1,-1
655,54,806.38,145.06,58.29,174.41,0.4859,-1,-1,-1
655,3,895.30,932.19,66.06,145.29,0.6859,-1,-1,-1
655,68,1562.14,598.35,110.60,229.94,0.4138,-1,-1,-1
655,71,451.33,536.09,83.25,238.60,0.7841,-1,-1,-1
655,72,1359.12,938.03,92.10,139.26,0.6734,-1,-1,-1
655,73,1445.76,914.16,91.64,165.58,0.6456,-1,-1,-1
656,4,1718.78,452.18,78.53,213.89,0.7410,-1,-1,-1
656,28,1122.79,988.27,72.83,90.34,0.5594,-1,-1,-1
656,50,1199.87,995.31,70.19,82.89,0.5793,-1,-1,-1
656,64,332.07,331.53,64.52,206.02,0.6913,-1,-1,-1
656,58,1613.70,167.05,69.05,181.33,0.5936,-1,-1,-1
656,65,1122.79,988.27,72.83,90.34,0.5594,-1,-1,-1
656,54,807.21,144.89,57.38,174.86,0.4742,-1,-1,-1
656,3,892.00,932.36,66.65,144.94,0.7032,-1,-1,-1
656,68,1561.28,595.87,110.54,231.96,0.3194,-1,-1,-1
656,71,453.00,535.06,81.08,239.41,0.7883,-1,-1,-1
656,72,1357.90,935.78,91.71,141.51,0.6802,-1,-1,-1
656,73,1441.06,911.17,93.94,168.59,0.6139,-1,-1,-1
657,4,1718.67,452.10,79.04,213.93,0.7387,-1,-1,-1
657,28,1122.14,990.07,68.71,88.22,0.5345,-1,-1,-1
657,50,1198.01,996.74,73.17,81.69,0.5641,-1,-1,-1
657,64,330.49,332.90,64.97,206.00,0.6785,-1,-1,-1
657,58,1612.63,167.73,70.82,178.77,0.6015,-1,-1,-1
657,65,1122.14,990.07,68.71,88.22,0.5345,-1,-1,-1
657,54,805.63,145.27,59.09,175.47,0.4420,-1,-1,-1
657,3,888.29,932.05,67.86,145.61,0.6986,-1,-1,-1
657,68,1562.20,593.66,110.32,233.78,0.3872,-1,-1,-1
657,71,453.95,534.99,79.44,239.62,0.7760,-1,-1,-1
657,72,1357.85,933.07,90.70,144.58,0.6724,-1,-1,-1
657,73,1435.58,907.90,96.45,171.37,0.6418,-1,-1,-1
658,4,1719.04,451.92,78.21,214.70,0.7170,-1,-1,-1
658,28,1119.55,990.68,70.54,87.46,0.5451,-1,-1,-1
658,50,1196.02,998.23,76.93,80.49,0.5981,-1,-1,-1
658,64,328.83,333.69,65.24,205.80,0.6805,-1,-1,-1
658,58,1611.45,167.43,72.64,177.04,0.6007,-1,-1,-1
658,65,1119.55,990.68,70.54,87.46,0.5451,-1,-1,-1
658,54,805.95,144.38,59.11,175.25,0.4297,-1,-1,-1
658,3,885.42,932.36,68.80,145.73,0.7055,-1,-1,-1
658,68,1561.68,594.86,110.58,232.74,0.3071,-1,-1,-1
658,71,453.10,533.99,78.91,240.57,0.7582,-1,-1,-1
658,72,1355.08,929.62,90.91,147.68,0.6752,-1,-1,-1
658,73,1432.21,905.70,96.27,173.18,0.6659,-1,-1,-1
659,4,1718.45,452.10,79.33,214.70,0.7405,-1,-1,-1
659,28,1117.95,991.85,75.44,86.57,0.6020,-1,-1,-1
659,50,1195.25,999.58,80.04,79.97,0.6218,-1,-1,-1
659,64,325.71,333.11,67.65,206.41,0.7250,-1,-1,-1
659,58,1611.10,167.07,74.10,176.50,0.6068,-1,-1,-1
659,65,1117.95,991.85,75.44,86.57,0.6020,-1,-1,-1
659,54,806.16,143.87,58.97,176.62,0.4360,-1,-1,-1
659,3,882.78,932.60,68.46,145.26,0.7054,-1,-1,-1
659,68,1563.86,597.84,105.30,229.46,0.2887,-1,-1,-1
659,71,451.89,531.69,79.16,241.77,0.7662,-1,-1,-1
659,72,1352.40,926.77,91.21,150.61,0.6726,-1,-1,-1
659,73,1429.38,904.62,96.00,173.64,0.6160,-1,-1,-1
660,4,1718.20,451.79,79.06,214.63,0.7282,-1,-1,-1
660,28,1115.99,993.53,77.31,84.94,0.6370,-1,-1,-1
660,50,1194.22,1001.84,82.90,77.98,0.6211,-1,-1,-1
660,64,323.33,333.37,68.90,205.89,0.7230,-1,-1,-1
660,58,1612.04,166.45,74.10,177.89,0.6505,-1,-1,-1
660,65,1115.99,993.53,77.31,84.94,0.6370,-1,-1,-1
660,54,805.72,144.43,59.13,176.04,0.4488,-1,-1,-1
660,3,880.58,932.21,67.77,145.30,0.6981,-1,-1,-1
660,68,1562.46,598.56,108.01,228.68,0.2818,-1,-1,-1
660,71,449.84,530.52,77.59,240.61,0.7580,-1,-1,-1
660,72,1350.12,923.51,91.61,153.03,0.6755,-1,-1,-1
660,73,1426.80,902.55,98.09,175.40,0.6230,-1,-1,-1
661,4,1718.25,451.86,79.52,213.64,0.7524,-1,-1,-1
661,28,1113.37,994.23,75.47,84.49,0.5998,-1,-1,-1
661,50,1192.70,1004.83,85.85,75.18,0.5826,-1,-1,-1
661,64,321.80,333.80,69.26,204.84,0.6932,-1,-1,-1
661,58,1613.38,166.44,74.33,175.86,0.6525,-1,-1,-1
661,65,1113.37,994.23,75.47,84.49,0.5998,-1,-1,-1
661,54,806.36,144.36,58.67,175.48,0.4399,-1,-1,-1
661,3,878.76,931.44,66.26,146.99,0.6722,-1,-1,-1
661,68,1560.08,601.58,112.38,225.34,0.3092,-1,-1,-1
661,71,447.96,530.47,71.79,239.71,0.7662,-1,-1,-1
661,72,1348.31,920.79,90.37,155.41,0.6762,-1,-1,-1
661,73,1425.06,900.82,98.93,176.84,0.6332,-1,-1,-1
662,4,1717.98,451.74,79.88,213.72,0.7501,-1,-1,-1
662,28,1111.79,996.14,74.95,82.62,0.6013,-1,-1,-1
662,50,1192.69,1005.83,86.79,73.86,0.5341,-1,-1,-1
662,64,320.71,333.95,69.31,204.64,0.7005,-1,-1,-1
662,58,1613.49,165.84,75.18,175.71,0.6391,-1,-1,-1
662,65,1111.79,996.14,74.95,82.62,0.6013,-1,-1,-1
662,54,806.20,143.38,58.64,175.54,0.4635,-1,-1,-1
662,3,876.24,930.30,65.35,148.72,0.6629,-1,-1,-1
662,68,1560.36,597.21,114.11,230.42,0.3863,-1,-1,-1
662,71,443.81,530.18,70.37,240.03,0.7833,-1,-1,-1
662,72,1345.83,916.33,87.94,159.94,0.6173,-1,-1,-1
662,73,1423.13,898.48,100.21,179.52,0.4918,-1,-1,-1
663,4,1717.89,452.24,81.26,213.02,0.7383,-1,-1,-1
663,28,1110.65,997.77,70.21,80.91,0.5351,-1,-1,-1
663,50,1192.93,1007.82,85.87,71.42,0.5122,-1,-1,-1
663,64,320.48,334.24,68.72,204.16,0.7133,-1,-1,-1
663,58,1615.20,164.86,74.25,175.16,0.6152,-1,-1,-1
663,65,1110.65,997.77,70.21,80.91,0.5351,-1,-1,-1
663,54,806.78,143.29,58.04,175.14,0.4407,-1,-1,-1
663,3,874.54,929.64,63.76,149.23,0.6635,-1,-1,-1
663,68,1562.18,599.60,112.85,227.28,0.3760,-1,-1,-1
663,71,439.55,529.28,68.91,239.60,0.8057,-1,-1,-1
663,72,1342.55,911.61,87.23,165.72,0.6736,-1,-1,-1
663,73,1421.82,895.96,98.63,183.29,0.6289,-1,-1,-1
664,4,1717.77,452.53,82.09,213.36,0.7256,-1,-1,-1
664,28,1109.20,1000.25,66.46,78.60,0.5252,-1,-1,-1
664,50,1193.41,1009.69,84.56,69.79,0.4593,-1,-1,-1
664,64,320.14,335.08,68.22,203.19,0.7020,-1,-1,-1
664,58,1616.23,163.90,74.03,178.00,0.6266,-1,-1,-1
664,65,1109.20,1000.25,66.46,78.60,0.5252,-1,-1,-1
664,54,805.87,143.10,58.52,175.32,0.4364,-1,-1,-1
664,3,872.09,929.52,64.05,148.68,0.6800,-1,-1,-1
664,68,1560.51,611.38,111.31,216.68,0.3218,-1,-1,-1
664,71,435.17,528.17,67.60,240.71,0.7959,-1,-1,-1
664,72,1340.45,907.76,86.01,170.43,0.6328,-1,-1,-1
664,73,1420.89,892.91,95.78,186.83,0.6076,-1,-1,-1
665,4,1718.04,452.44,82.09,213.25,0.7290,-1,-1,-1
665,28,1106.49,1001.98,73.60,77.51,0.5656,-1,-1,-1
665,50,1194.85,1012.39,76.57,67.48,0.4697,-1,-1,-1
665,64,317.92,335.05,69.44,203.14,0.6935,-1,-1,-1
665,58,1617.60,162.52,73.18,182.10,0.5985,-1,-1,-1
665,65,1106.49,1001.98,73.60,77.51,0.5656,-1,-1,-1
665,54,806.79,143.21,57.66,175.16,0.4677,-1,-1,-1
665,3,869.12,930.28,64.99,148.48,0.6747,-1,-1,-1
665,68,1560.62,602.77,112.58,224.23,0.3466,-1,-1,-1
665,71,431.75,526.78,63.98,243.12,0.7424,-1,-1,-1
665,72,1338.31,904.38,83.49,173.96,0.6507,-1,-1,-1
665,73,1417.57,886.96,97.45,193.02,0.6330,-1,-1,-1
666,4,1717.92,452.19,81.86,213.97,0.7041,-1,-1,-1
666,28,1104.62,1004.57,76.97,74.72,0.5722,-1,-1,-1
666,50,1194.82,1014.69,72.42,65.32,0.4935,-1,-1,-1
666,64,314.19,335.66,72.34,203.68,0.6717,-1,-1,-1
666,58,1618.61,161.15,72.66,182.97,0.6059,-1,-1,-1
666,65,1104.62,1004.57,76.97,74.72,0.5722,-1,-1,-1
666,54,807.40,143.15,56.78,173.86,0.4451,-1,-1,-1
666,3,866.99,930.20,65.56,148.30,0.6918,-1,-1,-1
666,68,1559.96,600.95,114.43,226.43,0.3520,-1,-1,-1
666,71,428.58,526.52,62.90,246.17,0.7490,-1,-1,-1
666,72,1334.65,902.44,82.37,175.79,0.6551,-1,-1,-1
666,73,1413.85,883.01,100.48,197.05,0.6423,-1,-1,-1
667,4,1717.23,452.64,82.62,214.11,0.6939,-1,-1,-1
667,28,1103.50,1007.09,72.72,71.59,0.5469,-1,-1,-1
667,50,1195.69,1017.23,68.17,62.84,0.5360,-1,-1,-1
667,64,309.45,337.85,77.26,203.51,0.7024,-1,-1,-1
667,58,1619.79,159.70,72.16,183.96,0.6142,-1,-1,-1
667,65,1103.50,1007.09,72.72,71.59,0.5469,-1,-1,-1
667,54,807.09,144.19,57.09,173.50,0.4432,-1,-1,-1
667,3,864.48,930.01,66.05,148.43,0.6827,-1,-1,-1
667,68,1559.73,599.41,114.18,227.34,0.4151,-1,-1,-1
667,71,425.87,526.26,62.61,247.68,0.7497,-1,-1,-1
667,72,1331.81,899.77,81.66,179.07,0.6586,-1,-1,-1
667,73,1409.37,880.26,99.75,199.85,0.6891,-1,-1,-1
668,4,1717.06,452.69,83.48,214.10,0.7212,-1,-1,-1
668,28,1103.32,1009.75,70.82,68.14,0.5579,-1,-1,-1
668,50,1195.80,1020.00,64.09,59.81,0.5497,-1,-1,-1
668,64,309.29,340.70,77.12,204.03,0.6967,-1,-1,-1
668,58,1621.43,157.31,72.15,183.29,0.5992,-1,-1,-1
668,65,1103.32,1009.75,70.82,68.14,0.5579,-1,-1,-1
668,54,807.89,143.31,56.16,173.63,0.4506,-1,-1,-1
668,3,862.27,929.72,66.37,148.57,0.6844,-1,-1,-1
668,68,1559.75,600.83,114.38,226.48,0.3894,-1,-1,-1
668,71,422.93,526.62,63.29,246.26,0.7644,-1,-1,-1
668,72,1330.09,898.40,81.82,180.46,0.6544,-1,-1,-1
668,73,1406.50,876.85,99.25,203.25,0.6794,-1,-1,-1
668,70,479.07,122.38,51.90,166.12,0.3396,-1,-1,-1
669,4,1717.60,452.03,83.10,215.37,0.6934,-1,-1,-1
669,28,1104.11,1012.80,63.14,64.20,0.4827,-1,-1,-1
669,50,1196.05,1024.45,60.88,55.32,0.4724,-1,-1,-1
669,64,310.21,344.40,76.18,203.97,0.7223,-1,-1,-1
669,58,1622.34,154.26,72.43,184.25,0.6099,-1,-1,-1
669,65,1104.11,1012.80,63.14,64.20,0.4827,-1,-1,-1
669,54,807.50,144.35,56.68,173.21,0.4306,-1,-1,-1
669,3,859.56,930.06,67.09,148.45,0.6620,-1,-1,-1
669,68,1560.00,601.36,114.57,226.02,0.3869,-1,-1,-1
669,71,417.96,526.96,67.31,246.50,0.7524,-1,-1,-1
669,72,1328.90,897.38,80.74,181.36,0.6978,-1,-1,-1
669,73,1404.27,874.41,98.88,205.65,0.7232,-1,-1,-1
669,70,479.41,124.24,53.26,164.23,0.3490,-1,-1,-1
670,4,1717.00,452.19,84.11,214.96,0.7125,-1,-1,-1
670,28,1104.38,1016.03,62.77,60.73,0.4967,-1,-1,-1
670,50,1196.54,1028.10,57.88,51.09,0.4303,-1,-1,-1
670,64,310.93,346.31,74.57,205.17,0.7316,-1,-1,-1
670,58,1623.74,153.17,71.99,184.13,0.6214,-1,-1,-1
670,65,1104.38,1016.03,62.77,60.73,0.4967,-1,-1,-1
670,54,806.41,144.71,57.81,173.98,0.4427,-1,-1,-1
670,3,857.39,929.65,67.72,149.04,0.6723,-1,-1,-1
670,68,1561.56,599.71,112.37,226.88,0.3971,-1,-1,-1
670,71,411.39,527.41,72.83,245.74,0.7739,-1,-1,-1
670,72,1326.72,896.01,80.22,182.86,0.7185,-1,-1,-1
670,73,1401.46,871.06,101.38,209.00,0.6871,-1,-1,-1
670,70,479.40,118.22,54.43,170.14,0.3427,-1,-1,-1
671,4,1716.70,452.59,84.96,214.55,0.7192,-1,-1,-1
671,28,1103.80,1019.84,55.70,57.39,0.5073,-1,-1,-1
671,50,1197.31,1031.77,52.97,47.73,0.3957,-1,-1,-1
671,64,310.93,347.73,73.97,207.60,0.7610,-1,-1,-1
671,58,1625.12,152.12,70.91,182.69,0.6200,-1,-1,-1
671,65,1103.80,1019.84,55.70,57.39,0.5073,-1,-1,-1
671,54,806.63,144.62,57.45,174.02,0.4937,-1,-1,-1
671,3,855.42,929.97,68.12,148.69,0.6828,-1,-1,-1
671,68,1561.79,601.01,113.12,226.32,0.3998,-1,-1,-1
671,71,406.29,527.43,76.67,245.69,0.7842,-1,-1,-1
671,72,1324.84,894.98,78.64,184.00,0.7096,-1,-1,-1
671,73,1400.03,866.87,101.41,213.03,0.6964,-1,-1,-1
671,70,478.88,117.67,55.79,171.06,0.3797,-1,-1,-1
672,4,1716.65,452.03,84.88,214.76,0.7041,-1,-1,-1
672,28,1105.53,1024.35,49.47,54.03,0.4840,-1,-1,-1
672,50,1197.42,1034.48,49.44,45.29,0.3785,-1,-1,-1
672,64,311.28,348.96,72.87,207.71,0.7653,-1,-1,-1
672,58,1626.78,154.81,69.03,177.15,0.5874,-1,-1,-1
672,65,1105.53,1024.35,49.47,54.03,0.4840,-1,-1,-1
672,54,806.27,143.97,57.68,175.47,0.4743,-1,-1,-1
672,3,854.18,929.40,67.61,149.10,0.6779,-1,-1,-1
672,68,1560.79,599.86,113.78,227.61,0.3607,-1,-1,-1
672,71,402.80,528.40,79.46,244.49,0.7850,-1,-1,-1
672,72,1320.09,894.10,80.93,185.44,0.7342,-1,-1,-1
672,73,1399.88,862.45,100.69,217.58,0.7253,-1,-1,-1
672,70,480.09,123.24,53.62,166.52,0.3252,-1,-1,-1
673,4,1716.42,452.58,85.81,214.80,0.7266,-1,-1,-1
673,28,1107.34,1028.97,45.56,50.37,0.4310,-1,-1,-1
673,50,1197.24,1036.18,44.86,43.66,0.3755,-1,-1,-1
673,64,311.55,350.85,71.97,207.91,0.7736,-1,-1,-1
673,58,1627.50,155.68,68.16,175.93,0.5825,-1,-1,-1
673,65,1107.34,1028.97,45.56,50.37,0.4310,-1,-1,-1
673,54,807.20,144.12,56.71,175.63,0.4713,-1,-1,-1
673,3,853.30,929.63,66.69,149.42,0.6821,-1,-1,-1
673,68,1560.27,600.24,112.97,226.94,0.3475,-1,-1,-1
673,71,400.25,529.95,81.64,243.51,0.7857,-1,-1,-1
673,72,1316.80,892.04,81.66,187.90,0.7127,-1,-1,-1
673,73,1400.97,860.73,96.69,219.35,0.6950,-1,-1,-1
673,70,480.67,126.83,53.05,164.71,0.3661,-1,-1,-1
673,76,428.72,134.73,45.43,153.36,0.3563,-1,-1,-1
673,75,228.23,233.75,59.79,173.59,0.3534,-1,-1,-1
674,4,1715.88,452.64,87.33,215.03,0.7272,-1,-1,-1
674,28,1108.67,1031.61,42.75,48.30,0.4069,-1,-1,-1
674,50,1196.82,1037.39,42.82,42.62,0.3221,-1,-1,-1
674,64,311.12,351.85,72.26,208.81,0.7631,-1,-1,-1
674,58,1628.04,156.16,67.49,173.98,0.5289,-1,-1,-1
674,65,1108.67,1031.61,42.75,48.30,0.4069,-1,-1,-1
674,54,807.20,144.49,56.77,175.08,0.4514,-1,-1,-1
674,3,851.31,929.26,65.88,150.32,0.6866,-1,-1,-1
674,68,1563.19,599.48,106.64,227.53,0.4020,-1,-1,-1
674,71,397.45,530.36,83.88,243.60,0.7804,-1,-1,-1
674,72,1313.10,889.22,82.21,190.84,0.7253,-1,-1,-1
674,73,1399.81,858.92,93.79,221.20,0.5808,-1,-1,-1
674,70,480.12,128.57,52.85,166.02,0.4239,-1,-1,-1
674,76,428.99,134.41,45.57,155.03,0.3384,-1,-1,-1
674,75,228.64,232.29,61.96,173.66,0.2758,-1,-1,-1
675,4,1715.68,452.60,87.78,214.03,0.7089,-1,-1,-1
675,28,1109.14,1035.59,41.30,44.52,0.3528,-1,-1,-1
675,50,1196.37,1041.05,42.48,39.03,0.3339,-1,-1,-1
675,64,311.57,353.18,72.00,209.88,0.7547,-1,-1,-1
675,58,1627.94,156.12,67.14,174.06,0.5499,-1,-1,-1
675,65,1109.14,1035.59,41.30,44.52,0.3528,-1,-1,-1
675,54,806.60,144.54,57.51,175.37,0.4833,-1,-1,-1
675,3,850.76,930.16,63.82,149.82,0.6796,-1,-1,-1
675,68,1561.26,609.47,109.82,219.07,0.4204,-1,-1,-1
675,71,393.97,529.39,87.27,244.95,0.7813,-1,-1,-1
675,72,1307.12,886.45,84.32,193.32,0.7486,-1,-1,-1
675,73,1394.66,860.65,102.86,219.48,0.5471,-1,-1,-1
675,70,479.62,127.65,53.67,170.22,0.4515,-1,-1,-1
675,76,429.62,134.44,45.61,158.09,0.3502,-1,-1,-1
675,75,229.97,231.25,63.23,176.36,0.3060,-1,-1,-1
676,4,1716.27,453.15,87.03,213.10,0.7209,-1,-1,-1
676,28,1109.42,1038.88,40.33,41.30,0.2575,-1,-1,-1
676,50,1196.03,1043.32,43.49,36.81,0.3285,-1,-1,-1
676,64,311.78,355.18,71.20,209.40,0.7457,-1,-1,-1
676,58,1627.94,155.26,66.51,178.50,0.5776,-1,-1,-1
676,54,807.16,144.88,56.94,174.88,0.4158,-1,-1,-1
676,3,849.39,930.65,62.29,149.52,0.6683,-1,-1,-1
676,68,1561.06,623.59,108.32,205.26,0.2872,-1,-1,-1
676,71,390.27,530.49,90.74,244.44,0.7892,-1,-1,-1
676,72,1302.80,883.52,84.41,196.55,0.7678,-1,-1,-1
676,73,1385.00,860.95,105.67,219.23,0.6202,-1,-1,-1
676,70,480.23,128.86,54.72,171.44,0.4880,-1,-1,-1
676,76,428.30,139.41,47.66,154.34,0.3070,-1,-1,-1
676,75,232.13,232.68,65.57,172.82,0.2949,-1,-1,-1
677,4,1716.07,453.21,87.29,213.22,0.7147,-1,-1,-1
677,28,1109.21,1041.78,40.07,38.20,0.2349,-1,-1,-1
677,50,1195.82,1045.30,45.61,34.74,0.3253,-1,-1,-1
677,64,311.52,355.69,71.89,209.42,0.7473,-1,-1,-1
677,58,1627.25,156.03,65.92,175.82,0.5573,-1,-1,-1
677,54,806.55,145.39,57.14,173.47,0.4296,-1,-1,-1
677,3,847.94,930.50,62.19,149.49,0.6737,-1,-1,-1
677,68,1561.24,608.92,108.99,219.01,0.2919,-1,-1,-1
677,71,384.75,530.80,95.56,244.41,0.7921,-1,-1,-1
677,72,1299.68,879.79,84.72,199.41,0.7789,-1,-1,-1
677,73,1376.30,859.37,106.40,220.72,0.6729,-1,-1,-1
677,70,479.59,129.63,55.86,173.49,0.4872,-1,-1,-1
677,76,426.59,141.52,48.39,153.98,0.3169,-1,-1,-1
677,75,232.91,230.31,65.68,175.39,0.3567,-1,-1,-1
678,4,1716.14,453.30,87.35,213.43,0.6946,-1,-1,-1
678,28,1108.33,1043.46,40.46,36.21,0.2322,-1,-1,-1
678,50,1194.92,1047.74,48.22,32.29,0.3038,-1,-1,-1
678,64,311.51,356.73,71.74,209.26,0.7371,-1,-1,-1
678,58,1625.85,156.36,66.60,174.05,0.5409,-1,-1,-1
678,54,806.58,144.98,57.09,173.32,0.4275,-1,-1,-1
678,3,846.47,929.62,62.64,150.15,0.6762,-1,-1,-1
678,68,1560.99,607.40,109.30,220.00,0.3385,-1,-1,-1
678,71,379.15,531.37,101.04,243.84,0.7887,-1,-1,-1
678,72,1293.63,876.77,86.36,202.98,0.7788,-1,-1,-1
678,73,1371.05,859.03,107.38,221.03,0.6414,-1,-1,-1
678,70,479.95,130.61,56.34,173.70,0.4902,-1,-1,-1
678,76,425.87,143.33,48.96,152.19,0.2852,-1,-1,-1
678,75,234.70,232.31,61.06,172.69,0.3679,-1,-1,-1
679,4,1715.94,452.71,86.61,212.97,0.6952,-1,-1,-1
679,28,1107.16,1045.23,41.07,34.22,0.2605,-1,-1,-1
679,50,1194.95,1049.35,50.37,30.67,0.2803,-1,-1,-1
679,64,311.98,356.44,70.11,209.74,0.7149,-1,-1,-1
679,58,1625.26,156.57,66.60,173.60,0.5729,-1,-1,-1
679,54,806.20,145.19,57.24,173.20,0.4358,-1,-1,-1
679,3,844.60,927.82,64.64,152.14,0.6985,-1,-1,-1
679,68,1561.39,601.99,110.78,225.39,0.4560,-1,-1,-1
679,71,373.28,531.42,106.14,243.91,0.7831,-1,-1,-1
679,72,1288.32,873.98,88.76,205.98,0.7924,-1,-1,-1
679,73,1369.79,857.86,105.32,222.19,0.6365,-1,-1,-1
679,70,480.67,131.64,55.58,173.79,0.5014,-1,-1,-1
679,76,425.30,145.32,49.56,150.14,0.2631,-1,-1,-1
679,75,236.41,233.54,58.25,169.42,0.3743,-1,-1,-1
680,4,1715.92,453.02,87.47,213.39,0.7333,-1,-1,-1
680,28,1105.91,1046.72,40.84,33.14,0.2697,-1,-1,-1
680,50,1194.90,1050.86,50.36,29.16,0.2330,-1,-1,-1
680,64,311.04,356.95,71.18,208.57,0.7217,-1,-1,-1
680,58,1624.79,155.50,66.51,172.90,0.5885,-1,-1,-1
680,54,805.99,145.29,56.61,173.47,0.4522,-1,-1,-1
680,3,843.72,927.50,64.15,152.55,0.7237,-1,-1,-1
680,68,1560.49,613.65,109.56,214.93,0.3482,-1,-1,-1
680,71,368.17,530.80,109.96,244.61,0.7844,-1,-1,-1
680,72,1284.97,871.11,88.88,208.93,0.7653,-1,-1,-1
680,73,1367.55,856.91,102.50,223.14,0.6467,-1,-1,-1
680,70,479.77,132.84,57.17,173.56,0.4888,-1,-1,-1
680,76,425.59,144.45,47.98,151.46,0.1913,-1,-1,-1
680,75,238.09,233.17,56.12,167.84,0.3302,-1,-1,-1
681,4,1716.63,453.22,86.85,213.32,0.7225,-1,-1,-1
681,28,1104.70,1047.76,40.88,32.20,0.2726,-1,-1,-1
681,50,1195.10,1052.91,49.19,27.08,0.1528,-1,-1,-1
681,64,311.38,357.13,70.92,207.56,0.7010,-1,-1,-1
681,58,1623.92,156.33,66.11,171.98,0.6208,-1,-1,-1
681,54,807.71,145.19,54.60,172.42,0.4538,-1,-1,-1
681,3,841.75,926.17,66.89,153.47,0.7212,-1,-1,-1
681,68,1559.85,620.98,109.99,207.83,0.3385,-1,-1,-1
681,71,360.98,530.65,116.20,244.79,0.8077,-1,-1,-1
681,72,1280.14,868.34,89.75,211.23,0.7401,-1,-1,-1
681,73,1367.79,854.44,97.79,225.57,0.6772,-1,-1,-1
681,70,479.32,132.68,57.37,174.35,0.4733,-1,-1,-1
681,76,425.16,143.54,47.64,151.64,0.1913,-1,-1,-1
681,75,239.23,233.46,55.52,165.58,0.4025,-1,-1,-1
682,4,1716.45,453.29,86.71,213.54,0.7354,-1,-1,-1
682,28,1103.40,1048.84,40.61,31.12,0.2520,-1,-1,-1
682,64,310.47,357.93,71.96,207.16,0.7170,-1,-1,-1
682,58,1623.53,155.52,66.31,173.36,0.5938,-1,-1,-1
682,54,807.28,144.83,54.53,173.08,0.4275,-1,-1,-1
682,3,839.15,924.65,69.72,154.85,0.7309,-1,-1,-1
682,68,1561.26,609.85,108.92,218.01,0.3483,-1,-1,-1
682,71,357.51,530.58,119.43,244.33,0.8014,-1,-1,-1
682,72,1276.91,865.46,90.40,214.11,0.7595,-1,-1,-1
682,73,1369.25,851.06,92.74,228.92,0.7174,-1,-1,-1
682,70,479.32,132.28,57.84,174.61,0.4577,-1,-1,-1
682,76,426.05,144.89,46.58,150.47,0.2174,-1,-1,-1
682,75,238.84,231.94,59.27,168.76,0.3067,-1,-1,-1
683,4,1716.71,453.70,86.55,213.19,0.7298,-1,-1,-1
683,28,1101.94,1050.53,39.47,29.42,0.2117,-1,-1,-1
683,64,310.45,357.57,71.20,207.30,0.7245,-1,-1,-1
683,58,1622.20,155.26,65.87,175.68,0.5770,-1,-1,-1
683,54,808.46,145.05,53.36,171.98,0.4264,-1,-1,-1
683,3,836.68,924.09,72.17,155.34,0.7292,-1,-1,-1
683,68,1562.03,605.37,110.00,222.38,0.3803,-1,-1,-1
683,71,353.52,530.37,122.52,244.81,0.7994,-1,-1,-1
683,72,1272.19,863.46,92.89,215.96,0.7657,-1,-1,-1
683,73,1366.95,846.11,91.50,233.82,0.7207,-1,-1,-1
683,70,480.19,131.55,56.77,175.62,0.4440,-1,-1,-1
683,76,426.80,145.29,45.83,150.01,0.2641,-1,-1,-1
683,75,240.03,230.07,59.33,171.49,0.2757,-1,-1,-1
684,4,1716.26,453.38,86.15,213.81,0.7209,-1,-1,-1
684,28,1099.93,1052.48,38.84,27.53,0.1711,-1,-1,-1
684,64,310.08,357.89,70.51,207.03,0.7258,-1,-1,-1
684,58,1620.99,155.23,65.01,177.32,0.5947,-1,-1,-1
684,54,807.25,145.11,54.12,172.99,0.4360,-1,-1,-1
684,3,834.27,923.46,74.36,156.08,0.7271,-1,-1,-1
684,68,1560.86,613.56,109.03,215.32,0.3499,-1,-1,-1
684,71,351.73,528.59,122.29,246.65,0.7924,-1,-1,-1
684,72,1267.52,861.50,94.96,216.82,0.7919,-1,-1,-1
684,73,1361.37,841.30,93.11,238.67,0.7312,-1,-1,-1
684,70,481.15,134.43,56.29,172.54,0.4283,-1,-1,-1
684,76,426.30,143.78,46.35,151.96,0.3503,-1,-1,-1
684,75,241.54,224.85,57.68,176.17,0.2190,-1,-1,-1
685,4,1715.90,452.74,85.52,214.23,0.7324,-1,-1,-1
685,64,310.01,359.18,69.91,206.70,0.7167,-1,-1,-1
685,58,1620.42,154.13,64.05,180.64,0.5787,-1,-1,-1
685,54,807.67,145.11,53.34,172.37,0.3857,-1,-1,-1
685,3,830.58,923.30,77.87,156.10,0.7387,-1,-1,-1
685,68,1561.95,605.93,108.72,222.23,0.4152,-1,-1,-1
685,71,350.68,527.75,121.47,248.10,0.7990,-1,-1,-1
685,72,1265.65,859.64,93.59,217.79,0.7937,-1,-1,-1
685,73,1358.67,838.13,92.08,241.77,0.7495,-1,-1,-1
685,70,480.33,135.35,57.63,171.52,0.4334,-1,-1,-1
685,76,426.09,146.81,46.78,149.22,0.2718,-1,-1,-1
685,75,243.21,223.67,56.74,177.09,0.2314,-1,-1,-1
686,4,1715.62,451.88,85.99,214.81,0.7439,-1,-1,-1
686,64,309.54,361.99,68.72,206.68,0.7141,-1,-1,-1
686,58,1619.28,152.26,64.46,181.60,0.5288,-1,-1,-1
686,54,807.49,145.05,52.88,171.88,0.3850,-1,-1,-1
686,3,828.54,922.36,80.02,156.44,0.7462,-1,-1,-1
686,68,1560.98,611.97,109.05,217.29,0.3939,-1,-1,-1
686,71,350.52,528.26,118.69,248.01,0.8010,-1,-1,-1
686,72,1263.57,857.48,94.05,220.32,0.7993,-1,-1,-1
686,73,1356.40,833.45,91.50,245.86,0.7472,-1,-1,-1
686,70,480.23,136.19,57.26,170.48,0.4761,-1,-1,-1
686,76,424.87,144.78,48.44,153.45,0.3442,-1,-1,-1
686,75,244.64,223.68,56.99,176.60,0.2045,-1,-1,-1
687,4,1715.68,451.79,86.30,214.33,0.7527,-1,-1,-1
687,64,309.85,365.28,67.20,206.82,0.7049,-1,-1,-1
687,58,1618.04,150.42,63.96,182.18,0.5444,-1,-1,-1
687,54,808.06,144.75,51.77,171.23,0.3752,-1,-1,-1
687,3,827.14,922.45,81.04,156.38,0.7349,-1,-1,-1
687,68,1560.36,604.37,110.88,223.79,0.4140,-1,-1,-1
687,71,351.04,528.83,112.92,248.32,0.7979,-1,-1,-1
687,72,1261.62,855.78,92.20,223.32,0.7733,-1,-1,-1
687,73,1353.06,830.25,91.35,249.07,0.7662,-1,-1,-1
687,70,479.58,135.18,58.55,170.89,0.5021,-1,-1,-1
687,76,425.27,147.41,47.83,151.44,0.3641,-1,-1,-1
687,75,244.76,222.81,57.80,176.54,0.2372,-1,-1,-1
688,4,1715.48,452.48,87.49,214.29,0.7615,-1,-1,-1
688,64,310.17,368.05,66.00,206.99,0.7050,-1,-1,-1
688,58,1615.56,147.96,64.24,178.01,0.5622,-1,-1,-1
688,54,807.54,143.84,51.97,171.60,0.3822,-1,-1,-1
688,3,824.82,922.82,83.06,155.95,0.7342,-1,-1,-1
688,68,1560.36,610.00,110.22,218.87,0.4338,-1,-1,-1
688,71,352.01,528.72,108.01,249.08,0.8145,-1,-1,-1
688,72,1260.72,853.43,89.51,226.18,0.7831,-1,-1,-1
688,73,1348.93,829.39,91.31,250.27,0.7938,-1,-1,-1
688,70,480.52,135.20,57.77,170.97,0.4926,-1,-1,-1
688,76,426.89,148.15,46.33,151.54,0.2489,-1,-1,-1
688,75,245.82,224.91,59.31,173.17,0.1717,-1,-1,-1
689,4,1715.29,451.96,86.57,214.86,0.7513,-1,-1,-1
689,64,310.53,369.44,64.36,206.50,0.7070,-1,-1,-1
689,58,1614.46,145.48,64.74,177.83,0.5716,-1,-1,-1
689,54,807.55,143.31,51.21,171.79,0.3372,-1,-1,-1
689,3,822.70,923.46,84.53,155.33,0.7299,-1,-1,-1
689,68,1559.34,601.80,112.70,226.18,0.4649,-1,-1,-1
689,71,354.30,529.23,103.58,248.80,0.8144,-1,-1,-1
689,72,1259.16,851.00,87.36,228.82,0.7728,-1,-1,-1
689,73,1345.23,827.16,93.23,252.65,0.7900,-1,-1,-1
689,70,481.27,133.96,57.38,172.25,0.5101,-1,-1,-1
689,76,426.59,146.78,47.15,154.83,0.3169,-1,-1,-1
689,75,246.71,225.08,58.67,172.71,0.1973,-1,-1,-1
690,4,1715.59,451.26,87.07,216.39,0.7247,-1,-1,-1
690,64,310.36,371.98,63.14,207.27,0.6980,-1,-1,-1
690,58,1612.93,143.74,65.34,178.27,0.5985,-1,-1,-1
690,54,806.31,141.47,50.49,171.42,0.3099,-1,-1,-1
690,3,821.66,924.87,85.89,153.54,0.7444,-1,-1,-1
690,68,1560.75,598.38,112.72,228.88,0.4764,-1,-1,-1
690,71,357.07,529.18,98.46,249.88,0.8186,-1,-1,-1
690,72,1257.71,848.30,86.88,231.66,0.7249,-1,-1,-1
690,73,1341.17,824.32,92.86,255.60,0.7715,-1,-1,-1
690,70,480.99,133.60,57.75,173.49,0.4952,-1,-1,-1
690,76,426.56,148.62,47.31,154.92,0.3629,-1,-1,-1
690,75,247.18,223.65,57.18,175.10,0.1633,-1,-1,-1
691,4,1715.81,451.70,87.35,216.66,0.7421,-1,-1,-1
691,64,309.80,374.62,63.24,207.64,0.7127,-1,-1,-1
691,58,1611.05,141.90,65.28,178.76,0.6325,-1,-1,-1
691,54,804.75,140.74,51.04,171.11,0.3556,-1,-1,-1
691,3,821.96,925.71,85.40,152.27,0.7384,-1,-1,-1
691,68,1563.32,597.85,111.05,229.74,0.5045,-1,-1,-1
691,71,362.26,530.75,91.53,249.43,0.8252,-1,-1,-1
691,72,1256.54,845.47,85.73,233.69,0.7878,-1,-1,-1
691,73,1335.98,823.08,95.89,256.89,0.7802,-1,-1,-1
691,70,479.74,134.00,59.26,175.93,0.4977,-1,-1,-1
691,76,426.38,148.16,47.59,157.65,0.4162,-1,-1,-1
691,75,247.59,219.47,59.63,179.45,0.1647,-1,-1,-1
692,4,1716.13,452.40,87.27,215.54,0.7368,-1,-1,-1
692,64,308.93,375.00,63.59,210.30,0.7242,-1,-1,-1
692,58,1609.37,140.64,65.81,179.20,0.6502,-1,-1,-1
692,54,805.09,141.21,51.05,172.78,0.3669,-1,-1,-1
692,3,822.13,927.43,84.57,149.62,0.7438,-1,-1,-1
692,68,1562.64,599.90,112.07,227.68,0.4439,-1,-1,-1
692,71,367.25,532.85,85.90,249.22,0.8118,-1,-1,-1
692,72,1255.71,842.17,83.79,236.14,0.7951,-1,-1,-1
692,73,1332.37,822.32,95.98,257.67,0.7622,-1,-1,-1
692,70,480.50,135.11,58.78,178.64,0.5247,-1,-1,-1
692,76,427.07,150.39,47.01,157.45,0.4644,-1,-1,-1
692,75,249.75,219.48,57.50,177.20,0.1805,-1,-1,-1
693,4,1716.19,451.60,86.72,216.22,0.7276,-1,-1,-1
693,64,307.72,374.82,63.82,213.42,0.7134,-1,-1,-1
693,58,1608.34,138.78,65.73,178.90,0.6572,-1,-1,-1
693,54,804.97,141.33,50.85,173.00,0.3685,-1,-1,-1
693,3,822.64,927.98,83.86,148.89,0.7415,-1,-1,-1
693,68,1562.42,600.69,112.34,226.82,0.4971,-1,-1,-1
693,71,372.01,534.04,80.28,250.22,0.8113,-1,-1,-1
693,72,1253.88,838.74,82.43,240.55,0.8200,-1,-1,-1
693,73,1329.62,820.58,94.58,259.41,0.7654,-1,-1,-1
693,70,481.08,137.62,57.60,178.85,0.4968,-1,-1,-1
693,76,427.47,153.85,46.61,155.65,0.4493,-1,-1,-1
693,75,251.32,218.73,57.16,177.46,0.2062,-1,-1,-1
694,4,1715.93,451.59,87.10,216.92,0.7423,-1,-1,-1
694,64,306.30,375.06,64.61,215.14,0.7027,-1,-1,-1
694,58,1606.78,136.36,66.10,179.18,0.6387,-1,-1,-1
694,54,805.07,140.78,50.09,173.41,0.3448,-1,-1,-1
694,3,822.42,928.48,84.91,148.29,0.7645,-1,-1,-1
694,68,1562.54,600.44,111.93,227.08,0.5119,-1,-1,-1
694,71,376.41,534.77,75.92,249.81,0.8164,-1,-1,-1
694,72,1252.24,835.21,81.18,243.78,0.8164,-1,-1,-1
694,73,1327.30,818.97,94.19,261.03,0.7709,-1,-1,-1
694,70,481.09,139.81,57.27,178.40,0.5083,-1,-1,-1
694,76,427.39,154.82,46.96,155.84,0.4798,-1,-1,-1
694,75,252.62,217.16,57.06,179.81,0.1779,-1,-1,-1
695,4,1716.70,452.16,86.47,215.93,0.7256,-1,-1,-1
695,64,305.57,375.05,64.99,215.44,0.6674,-1,-1,-1
695,58,1606.28,135.42,65.71,178.93,0.6304,-1,-1,-1
695,54,805.03,138.60,49.08,174.83,0.3661,-1,-1,-1
695,3,822.27,930.08,85.60,147.10,0.7507,-1,-1,-1
695,68,1562.28,599.88,111.67,227.81,0.4227,-1,-1,-1
695,71,379.41,535.16,72.58,250.01,0.8111,-1,-1,-1
695,72,1249.80,831.72,80.84,246.71,0.7897,-1,-1,-1
695,73,1326.56,817.59,93.13,262.34,0.7506,-1,-1,-1
695,70,480.52,142.27,58.64,177.26,0.5267,-1,-1,-1
695,76,428.10,155.61,46.23,154.99,0.4007,-1,-1,-1
695,75,254.25,216.30,52.83,179.07,0.1829,-1,-1,-1
696,4,1717.04,452.17,86.41,215.15,0.7149,-1,-1,-1
696,64,303.58,375.29,66.90,215.07,0.6338,-1,-1,-1
696,58,1605.27,134.62,65.76,179.67,0.6070,-1,-1,-1
696,54,804.96,137.71,48.33,174.97,0.3307,-1,-1,-1
696,3,822.82,931.20,85.32,146.62,0.7373,-1,-1,-1
696,68,1561.70,600.73,112.43,226.42,0.4149,-1,-1,-1
696,71,381.52,535.42,69.54,250.71,0.8032,-1,-1,-1
696,72,1245.59,829.66,81.27,248.35,0.7859,-1,-1,-1
696,73,1325.10,815.50,92.64,264.50,0.7584,-1,-1,-1
696,70,481.19,146.32,58.11,173.82,0.5447,-1,-1,-1
696,76,427.74,157.52,46.73,152.42,0.4011,-1,-1,-1
696,75,254.86,216.18,52.04,178.78,0.2046,-1,-1,-1
697,4,1716.63,452.43,87.03,214.94,0.7076,-1,-1,-1
697,64,300.63,375.83,69.65,214.99,0.6344,-1,-1,-1
697,58,1602.89,134.72,67.29,178.65,0.5447,-1,-1,-1
697,54,804.24,138.31,47.72,176.44,0.3469,-1,-1,-1
697,3,824.00,932.47,84.47,145.68,0.7475,-1,-1,-1
697,68,1561.67,601.21,112.00,225.32,0.4160,-1,-1,-1
697,71,382.67,536.36,68.03,250.32,0.7922,-1,-1,-1
697,72,1242.33,828.08,81.75,250.08,0.7672,-1,-1,-1
697,73,1321.90,812.69,94.16,267.35,0.7816,-1,-1,-1
697,70,480.52,148.82,58.63,172.50,0.5393,-1,-1,-1
697,76,428.04,157.73,47.11,152.52,0.4388,-1,-1,-1
697,75,255.36,215.39,51.52,180.12,0.2063,-1,-1,-1
698,4,1717.25,452.48,86.18,214.67,0.7373,-1,-1,-1
698,64,299.33,376.34,71.06,214.55,0.6226,-1,-1,-1
698,58,1602.41,134.49,67.41,178.32,0.5211,-1,-1,-1
698,54,805.05,137.35,46.27,176.47,0.3730,-1,-1,-1
698,3,825.59,932.08,83.32,146.35,0.7644,-1,-1,-1
698,68,1560.35,606.67,112.86,221.04,0.4404,-1,-1,-1
698,71,383.86,537.22,67.06,249.29,0.7955,-1,-1,-1
698,72,1238.76,827.00,82.25,250.97,0.7715,-1,-1,-1
698,73,1318.55,809.86,95.35,270.15,0.7909,-1,-1,-1
698,70,480.18,150.42,58.21,171.28,0.5218,-1,-1,-1
698,76,427.52,156.09,47.91,154.26,0.4169,-1,-1,-1
698,75,256.27,219.15,51.62,174.28,0.2599,-1,-1,-1
699,4,1717.83,452.34,85.05,215.08,0.7186,-1,-1,-1
699,64,298.33,376.47,72.03,213.60,0.6507,-1,-1,-1
699,58,1600.43,133.78,68.96,180.52,0.4067,-1,-1,-1
699,54,804.88,137.49,45.84,177.74,0.3276,-1,-1,-1
699,3,826.53,932.48,83.11,146.02,0.7652,-1,-1,-1
699,68,1563.32,602.18,111.50,224.58,0.4249,-1,-1,-1
699,71,384.62,537.67,65.14,248.49,0.7808,-1,-1,-1
699,72,1233.94,824.94,84.96,252.71,0.7674,-1,-1,-1
699,73,1316.77,805.87,92.77,273.08,0.8005,-1,-1,-1
699,70,479.58,151.17,59.41,170.76,0.5516,-1,-1,-1
699,76,426.10,154.60,49.72,156.02,0.4553,-1,-1,-1
699,75,257.04,219.30,51.62,172.80,0.2472,-1,-1,-1
700,4,1717.92,452.56,84.73,214.19,0.7240,-1,-1,-1
700,64,297.01,376.40,72.52,213.20,0.6562,-1,-1,-1
700,58,1598.65,133.54,70.56,180.77,0.3634,-1,-1,-1
700,54,803.61,135.29,46.97,179.53,0.3099,-1,-1,-1
700,3,828.24,932.77,82.52,145.90,0.7655,-1,-1,-1
700,68,1561.95,609.33,110.77,218.06,0.4456,-1,-1,-1
700,71,385.15,538.73,64.20,247.67,0.7897,-1,-1,-1
700,72,1230.80,823.04,86.46,253.15,0.7670,-1,-1,-1
700,73,1314.51,802.56,91.35,274.57,0.7932,-1,-1,-1
700,70,479.42,150.61,59.70,171.53,0.5275,-1,-1,-1
700,76,427.06,153.92,49.03,156.61,0.3923,-1,-1,-1
700,75,257.54,214.96,51.07,175.85,0.1940,-1,-1,-1
701,4,1717.42,452.42,85.78,215.25,0.7204,-1,-1,-1
701,64,295.92,377.28,73.71,211.42,0.6505,-1,-1,-1
701,58,1597.40,134.39,71.90,180.48,0.3542,-1,-1,-1
701,54,803.04,136.13,47.40,177.72,0.3476,-1,-1,-1
701,3,829.33,932.39,84.26,146.07,0.7714,-1,-1,-1
701,68,1561.61,603.55,112.71,223.45,0.3886,-1,-1,-1
701,71,385.48,539.22,62.87,246.52,0.7569,-1,-1,-1
701,72,1227.37,820.12,88.86,256.01,0.8027,-1,-1,-1
701,73,1312.70,798.85,92.27,274.41,0.7866,-1,-1,-1
701,70,479.73,150.84,59.50,171.14,0.5435,-1,-1,-1
701,76,428.19,153.74,47.36,156.87,0.3804,-1,-1,-1
701,75,257.42,210.55,51.77,181.58,0.2623,-1,-1,-1
702,4,1717.25,451.71,86.32,215.65,0.7402,-1,-1,-1
702,64,295.59,376.83,74.08,211.97,0.6843,-1,-1,-1
702,58,1597.58,134.68,71.23,180.19,0.3896,-1,-1,-1
702,54,800.16,137.12,50.61,176.89,0.3631,-1,-1,-1
702,3,831.70,933.15,83.38,145.44,0.7707,-1,-1,-1
702,68,1560.86,618.50,111.65,208.91,0.3462,-1,-1,-1
702,71,386.12,539.87,60.83,245.44,0.7413,-1,-1,-1
702,72,1222.27,817.45,92.77,257.71,0.7634,-1,-1,-1
702,73,1310.49,794.05,92.88,266.81,0.7729,-1,-1,-1
702,70,480.36,149.95,58.52,171.44,0.5420,-1,-1,-1
702,76,429.53,152.25,47.09,159.04,0.3211,-1,-1,-1
702,75,258.03,207.77,51.06,183.43,0.2491,-1,-1,-1
703,4,1717.26,451.65,86.34,216.46,0.7374,-1,-1,-1
703,64,295.06,377.16,74.60,213.13,0.6905,-1,-1,-1
703,58,1599.50,131.65,69.21,184.30,0.4396,-1,-1,-1
703,54,799.52,137.73,51.19,175.94,0.3602,-1,-1,-1
703,3,833.77,933.71,83.16,144.68,0.7772,-1,-1,-1
703,68,1560.51,608.10,112.79,219.20,0.3822,-1,-1,-1
703,71,387.05,540.40,58.99,244.84,0.7365,-1,-1,-1
703,72,1220.48,815.65,91.57,258.54,0.7740,-1,-1,-1
703,73,1308.79,789.67,93.15,263.07,0.7817,-1,-1,-1
703,70,479.84,149.44,58.91,170.44,0.5236,-1,-1,-1
703,76,428.32,155.54,47.39,154.14,0.3400,-1,-1,-1
703,75,258.58,206.72,51.07,185.72,0.2736,-1,-1,-1
704,4,1716.97,451.47,87.15,215.23,0.7353,-1,-1,-1
704,64,294.34,378.54,75.15,214.32,0.6920,-1,-1,-1
704,58,1599.21,132.76,68.65,183.12,0.5402,-1,-1,-1
704,54,799.01,137.99,52.13,174.14,0.3671,-1,-1,-1
704,3,835.72,933.96,83.93,144.38,0.7790,-1,-1,-1
704,68,1560.57,604.10,114.09,223.29,0.3545,-1,-1,-1
704,71,387.67,540.70,58.71,245.71,0.7337,-1,-1,-1
704,72,1219.43,814.10,89.70,259.83,0.7762,-1,-1,-1
704,73,1308.69,786.33,91.68,263.68,0.7790,-1,-1,-1
704,70,479.21,149.60,59.57,169.41,0.5280,-1,-1,-1
704,76,427.54,157.00,48.02,155.40,0.3921,-1,-1,-1
704,75,259.24,206.68,51.11,186.58,0.3150,-1,-1,-1
705,4,1717.51,452.12,86.46,213.62,0.7270,-1,-1,-1
705,64,295.19,379.16,75.30,218.21,0.7034,-1,-1,-1
705,58,1600.85,131.80,67.56,184.24,0.5513,-1,-1,-1
705,54,797.78,137.84,53.20,173.99,0.3712,-1,-1,-1
705,3,838.05,934.13,83.80,144.35,0.7728,-1,-1,-1
705,68,1561.83,598.22,114.00,226.98,0.6041,-1,-1,-1
705,71,388.83,540.63,58.32,246.49,0.7419,-1,-1,-1
705,72,1218.51,812.16,87.65,262.24,0.7861,-1,-1,-1
705,73,1309.81,784.30,88.80,265.14,0.7675,-1,-1,-1
705,70,478.54,150.00,61.13,170.01,0.5472,-1,-1,-1
705,76,428.13,157.01,50.03,156.72,0.3691,-1,-1,-1
705,75,259.67,207.30,50.67,184.77,0.2885,-1,-1,-1
706,4,1717.34,452.29,86.45,213.90,0.7149,-1,-1,-1
706,64,293.94,382.41,77.26,219.29,0.7100,-1,-1,-1
706,58,1602.01,130.58,66.16,184.73,0.5998,-1,-1,-1
706,54,796.94,138.71,53.52,173.31,0.3667,-1,-1,-1
706,3,839.71,933.70,83.72,145.17,0.7781,-1,-1,-1
706,68,1562.86,595.94,113.96,228.84,0.4994,-1,-1,-1
706,71,389.37,540.89,58.76,245.61,0.7468,-1,-1,-1
706,72,1216.03,808.87,87.59,266.32,0.7791,-1,-1,-1
706,73,1308.87,782.73,86.48,266.09,0.7691,-1,-1,-1
706,70,478.80,151.53,60.06,168.36,0.5295,-1,-1,-1
706,76,427.26,159.01,50.20,157.57,0.3894,-1,-1,-1
706,75,259.46,207.26,51.56,185.08,0.2888,-1,-1,-1
707,4,1717.86,452.80,85.78,213.43,0.7275,-1,-1,-1
707,64,294.10,386.95,76.32,216.75,0.7156,-1,-1,-1
707,58,1602.50,129.34,65.35,182.40,0.6224,-1,-1,-1
707,54,795.84,138.56,53.69,173.40,0.4005,-1,-1,-1
707,3,841.63,934.12,84.22,145.54,0.7793,-1,-1,-1
707,68,1564.38,596.84,112.81,228.58,0.4607,-1,-1,-1
707,71,389.48,541.30,58.85,245.54,0.7638,-1,-1,-1
707,72,1214.07,806.30,86.40,264.30,0.7618,-1,-1,-1
707,73,1306.58,781.77,85.92,266.50,0.7677,-1,-1,-1
707,70,479.32,151.90,58.38,168.50,0.5195,-1,-1,-1
707,76,425.92,157.90,51.18,161.84,0.4237,-1,-1,-1
707,75,259.55,205.89,52.98,186.69,0.3239,-1,-1,-1
708,4,1717.58,452.73,85.91,213.74,0.7247,-1,-1,-1
708,64,294.53,389.86,74.87,215.37,0.7164,-1,-1,-1
708,58,1602.51,128.63,64.80,177.62,0.6101,-1,-1,-1
708,54,795.08,139.13,54.13,173.23,0.3952,-1,-1,-1
708,3,842.85,934.28,85.07,145.66,0.7766,-1,-1,-1
708,68,1564.62,595.85,112.27,228.75,0.5026,-1,-1,-1
708,71,390.49,541.71,57.83,246.03,0.7498,-1,-1,-1
708,72,1211.83,803.06,86.10,264.17,0.7518,-1,-1,-1
708,73,1303.32,780.45,86.91,266.00,0.7724,-1,-1,-1
708,70,479.33,153.23,57.57,167.78,0.4922,-1,-1,-1
708,76,425.38,156.63,51.14,165.41,0.4019,-1,-1,-1
708,75,260.29,204.16,50.83,183.45,0.3310,-1,-1,-1
709,4,1717.75,451.90,85.94,214.12,0.7200,-1,-1,-1
709,64,294.69,392.25,73.50,214.55,0.7234,-1,-1,-1
709,58,1602.44,127.05,64.96,174.42,0.6339,-1,-1,-1
709,54,795.00,139.31,53.79,173.42,0.4196,-1,-1,-1
709,3,843.91,934.46,85.85,145.64,0.7836,-1,-1,-1
709,68,1564.13,595.29,112.17,230.28,0.4487,-1,-1,-1
709,71,391.26,542.30,58.20,245.04,0.7567,-1,-1,-1
709,72,1209.07,799.93,84.82,261.98,0.7685,-1,-1,-1
709,73,1297.99,780.53,90.89,263.95,0.7592,-1,-1,-1
709,70,479.18,155.00,58.72,167.28,0.4914,-1,-1,-1
709,76,425.24,154.35,52.21,168.92,0.4155,-1,-1,-1
709,75,260.39,202.91,50.18,183.59,0.3040,-1,-1,-1
710,4,1718.28,452.05,85.74,213.95,0.7333,-1,-1,-1
710,64,295.29,393.97,72.34,215.11,0.7368,-1,-1,-1
710,58,1602.52,125.80,64.51,173.89,0.6535,-1,-1,-1
710,54,794.10,139.46,52.95,172.58,0.3818,-1,-1,-1
710,3,845.01,935.35,85.54,144.78,0.7713,-1,-1,-1
710,68,1565.15,593.60,111.79,231.30,0.5049,-1,-1,-1
710,71,391.39,542.72,59.95,243.31,0.7454,-1,-1,-1
710,72,1206.76,796.14,83.28,261.24,0.7846,-1,-1,-1
710,73,1290.14,780.32,96.24,264.14,0.7589,-1,-1,-1
710,70,479.27,158.08,58.48,167.12,0.5070,-1,-1,-1
710,76,425.08,155.14,50.50,169.22,0.3796,-1,-1,-1
710,75,260.86,205.43,51.36,182.33,0.3294,-1,-1,-1
711,4,1718.29,452.39,85.96,213.75,0.7144,-1,-1,-1
711,64,295.50,394.51,71.37,218.37,0.7368,-1,-1,-1
711,58,1602.44,123.43,64.42,173.85,0.6322,-1,-1,-1
711,54,793.84,140.16,50.52,172.76,0.3787,-1,-1,-1
711,3,845.83,934.69,85.47,145.38,0.7832,-1,-1,-1
711,68,1565.27,598.50,109.46,227.30,0.3705,-1,-1,-1
711,71,391.19,543.54,62.92,241.96,0.7453,-1,-1,-1
711,72,1203.45,793.63,83.91,259.98,0.7883,-1,-1,-1
711,73,1279.99,780.05,103.09,265.35,0.7514,-1,-1,-1
711,70,478.80,158.23,58.88,169.30,0.5225,-1,-1,-1
711,76,425.07,163.46,50.29,162.51,0.2810,-1,-1,-1
711,75,261.42,205.59,50.08,183.20,0.2982,-1,-1,-1
712,4,1717.76,451.73,86.95,215.82,0.7096,-1,-1,-1
712,64,296.47,395.72,71.09,219.29,0.7125,-1,-1,-1
712,58,1602.86,122.42,63.87,174.38,0.6192,-1,-1,-1
712,54,793.62,140.26,49.48,171.08,0.3160,-1,-1,-1
712,3,847.26,934.58,85.04,145.53,0.7795,-1,-1,-1
712,68,1565.29,598.88,109.62,226.94,0.4530,-1,-1,-1
712,71,391.48,544.14,65.04,241.14,0.7234,-1,-1,-1
712,72,1200.21,791.46,83.41,258.00,0.7995,-1,-1,-1
712,73,1276.18,779.38,103.22,265.93,0.7518,-1,-1,-1
712,70,478.70,159.27,59.25,170.14,0.5247,-1,-1,-1
712,76,423.88,170.05,50.51,156.97,0.2740,-1,-1,-1
712,75,261.51,206.32,49.27,182.33,0.2604,-1,-1,-1
713,4,1718.03,451.77,86.23,214.86,0.6982,-1,-1,-1
713,64,297.06,397.35,71.61,218.95,0.6888,-1,-1,-1
713,58,1602.83,121.53,63.06,174.70,0.6734,-1,-1,-1
713,54,792.53,139.60,48.90,172.09,0.3765,-1,-1,-1
713,3,848.84,934.38,84.52,145.76,0.7791,-1,-1,-1
713,68,1568.14,598.23,108.05,226.51,0.6177,-1,-1,-1
713,71,392.12,544.59,68.83,239.76,0.6747,-1,-1,-1
713,72,1195.06,790.06,85.59,259.08,0.7921,-1,-1,-1
713,73,1275.22,778.49,100.14,263.77,0.7626,-1,-1,-1
713,70,478.23,161.28,59.65,170.13,0.5196,-1,-1,-1
713,76,423.50,168.42,49.13,158.12,0.3028,-1,-1,-1
713,75,261.22,207.02,52.46,181.01,0.2740,-1,-1,-1
714,4,1718.09,451.67,86.35,214.70,0.6929,-1,-1,-1
714,64,297.08,400.34,71.58,220.61,0.6894,-1,-1,-1
714,58,1602.47,120.50,62.73,175.50,0.6534,-1,-1,-1
714,54,791.91,139.72,48.47,173.19,0.3279,-1,-1,-1
714,3,851.28,934.45,83.17,145.63,0.7793,-1,-1,-1
714,68,1570.88,597.36,105.08,226.90,0.6245,-1,-1,-1
714,71,391.68,544.95,73.32,239.19,0.6889,-1,-1,-1
714,72,1191.13,788.02,87.29,261.74,0.7902,-1,-1,-1
714,73,1273.65,776.58,97.81,259.87,0.7393,-1,-1,-1
714,70,477.82,162.47,59.21,171.44,0.5320,-1,-1,-1
714,76,423.08,166.98,49.65,159.32,0.2884,-1,-1,-1
714,75,261.95,207.60,52.18,181.58,0.3215,-1,-1,-1
715,4,1717.89,452.00,85.92,214.79,0.6747,-1,-1,-1
715,64,297.72,401.62,70.89,221.05,0.6822,-1,-1,-1
715,58,1601.65,119.89,63.24,177.25,0.6156,-1,-1,-1
715,54,791.30,139.59,48.18,173.75,0.3434,-1,-1,-1
715,3,852.55,934.82,82.00,145.25,0.7796,-1,-1,-1
715,68,1572.47,597.71,103.73,226.82,0.6125,-1,-1,-1
715,71,392.11,544.74,77.50,239.57,0.6998,-1,-1,-1
715,72,1189.79,786.58,83.48,262.88,0.7981,-1,-1,-1
715,73,1273.02,772.63,93.89,256.87,0.7944,-1,-1,-1
715,70,478.02,163.95,58.75,172.14,0.5137,-1,-1,-1
715,76,423.09,173.55,49.52,153.09,0.2623,-1,-1,-1
715,75,261.75,206.73,53.16,179.88,0.3237,-1,-1,-1
716,4,1717.26,452.26,86.40,214.06,0.6656,-1,-1,-1
716,64,297.88,402.22,71.04,220.93,0.6749,-1,-1,-1
716,58,1601.30,119.41,62.53,179.12,0.6100,-1,-1,-1
716,54,790.33,139.87,48.56,172.59,0.3867,-1,-1,-1
716,3,853.39,935.32,81.49,144.76,0.7728,-1,-1,-1
716,68,1572.38,598.18,103.26,226.20,0.5777,-1,-1,-1
716,71,392.23,545.72,81.81,239.29,0.7125,-1,-1,-1
716,72,1188.19,785.70,82.03,264.21,0.7996,-1,-1,-1
716,73,1272.02,769.20,91.27,255.78,0.8014,-1,-1,-1
716,70,477.17,164.57,59.58,172.40,0.4759,-1,-1,-1
716,76,423.10,174.87,47.74,153.60,0.2730,-1,-1,-1
716,75,262.38,206.13,52.92,180.73,0.3202,-1,-1,-1
717,4,1718.11,451.72,85.95,214.26,0.6953,-1,-1,-1
717,64,298.33,403.08,71.82,219.99,0.6757,-1,-1,-1
717,58,1600.70,119.09,61.87,179.51,0.5444,-1,-1,-1
717,54,789.63,140.06,48.73,171.54,0.4004,-1,-1,-1
717,3,854.46,935.52,80.32,144.53,0.7799,-1,-1,-1
717,68,1571.52,598.61,105.18,226.07,0.5817,-1,-1,-1
717,71,391.79,546.03,85.52,239.16,0.7082,-1,-1,-1
717,72,1185.97,784.58,82.67,264.58,0.8038,-1,-1,-1
717,73,1270.33,764.12,90.34,257.84,0.7824,-1,-1,-1
717,70,475.37,161.96,61.82,176.92,0.4705,-1,-1,-1
717,76,423.43,172.25,47.36,158.56,0.2800,-1,-1,-1
717,75,262.71,205.63,53.52,179.19,0.2913,-1,-1,-1
718,4,1718.48,450.83,85.76,214.86,0.6957,-1,-1,-1
718,64,298.43,403.57,72.36,219.39,0.6789,-1,-1,-1
718,58,1600.42,118.76,61.08,180.77,0.5512,-1,-1,-1
718,54,789.55,140.62,47.96,169.15,0.4085,-1,-1,-1
718,3,854.31,935.69,80.57,144.34,0.7747,-1,-1,-1
718,68,1571.28,599.39,105.44,224.93,0.5943,-1,-1,-1
718,71,391.77,546.45,87.17,239.42,0.7152,-1,-1,-1
718,72,1184.09,783.34,82.89,265.63,0.7979,-1,-1,-1
718,73,1267.60,759.96,88.27,255.89,0.7456,-1,-1,-1
718,70,474.08,161.61,62.84,178.58,0.5020,-1,-1,-1
718,76,422.75,167.27,48.44,161.12,0.2859,-1,-1,-1
718,75,262.77,203.66,53.99,181.77,0.2908,-1,-1,-1
719,4,1718.05,451.42,85.95,214.55,0.7023,-1,-1,-1
719,64,299.13,403.90,72.00,214.53,0.6657,-1,-1,-1
719,58,1600.55,118.01,59.46,180.89,0.4594,-1,-1,-1
719,54,790.21,140.83,46.69,168.90,0.3424,-1,-1,-1
719,3,853.87,936.10,80.79,143.93,0.7828,-1,-1,-1
719,68,1569.43,596.86,107.21,227.67,0.5259,-1,-1,-1
719,71,391.83,547.00,89.16,240.68,0.6984,-1,-1,-1
719,72,1182.65,782.60,82.52,264.98,0.7966,-1,-1,-1
719,73,1265.39,756.00,87.02,257.42,0.7411,-1,-1,-1
719,70,474.90,162.59,61.57,178.40,0.4777,-1,-1,-1
719,76,421.42,162.43,50.06,165.67,0.3048,-1,-1,-1
719,75,263.83,205.60,52.45,180.71,0.2954,-1,-1,-1
720,4,1718.30,451.60,85.53,214.45,0.7066,-1,-1,-1
720,64,299.40,405.70,72.24,210.68,0.7028,-1,-1,-1
720,58,1600.34,118.12,58.88,179.72,0.4611,-1,-1,-1
720,54,788.00,139.83,48.83,169.53,0.3392,-1,-1,-1
720,3,853.07,937.47,81.23,142.58,0.7855,-1,-1,-1
720,68,1576.54,600.04,97.57,226.26,0.5023,-1,-1,-1
720,71,392.20,547.84,89.70,240.68,0.6963,-1,-1,-1
720,72,1180.99,781.26,82.76,265.68,0.7847,-1,-1,-1
720,73,1263.68,751.44,85.40,260.56,0.7354,-1,-1,-1
720,70,475.35,165.04,60.18,174.35,0.4789,-1,-1,-1
720,76,420.57,160.84,51.10,169.78,0.3331,-1,-1,-1
720,75,264.94,204.79,50.38,179.62,0.2786,-1,-1,-1
721,4,1717.54,451.87,86.51,214.26,0.6969,-1,-1,-1
721,64,299.53,407.65,72.80,210.59,0.7202,-1,-1,-1
721,58,1600.18,118.88,58.29,177.29,0.5481,-1,-1,-1
721,54,788.76,140.22,47.58,169.32,0.3123,-1,-1,-1
721,3,852.50,938.04,81.68,142.02,0.7843,-1,-1,-1
721,68,1571.33,598.55,103.16,226.66,0.5820,-1,-1,-1
721,71,393.30,548.78,92.38,241.47,0.6844,-1,-1,-1
721,72,1179.43,779.38,81.57,265.95,0.7744,-1,-1,-1
721,73,1261.99,748.60,84.65,264.21,0.7342,-1,-1,-1
721,70,475.52,166.04,60.33,172.47,0.5111,-1,-1,-1
721,76,419.41,157.29,52.72,174.61,0.4129,-1,-1,-1
721,75,264.97,211.30,49.93,172.42,0.2946,-1,-1,-1
722,4,1717.93,452.18,86.68,213.85,0.7182,-1,-1,-1
722,64,299.37,409.14,72.89,212.54,0.7362,-1,-1,-1
722,58,1600.31,119.30,57.26,175.51,0.5212,-1,-1,-1
722,54,788.29,138.55,47.72,170.02,0.2893,-1,-1,-1
722,3,851.57,938.50,82.32,141.52,0.7859,-1,-1,-1
722,68,1569.52,596.09,105.75,229.00,0.5766,-1,-1,-1
722,71,394.52,549.97,93.88,241.25,0.7132,-1,-1,-1
722,72,1177.64,774.85,79.61,267.86,0.7864,-1,-1,-1
722,73,1257.31,747.18,86.78,262.34,0.7686,-1,-1,-1
722,70,474.73,164.94,60.72,172.12,0.5142,-1,-1,-1
722,76,419.54,157.07,53.66,175.53,0.4089,-1,-1,-1
722,75,265.18,214.77,49.59,169.34,0.2223,-1,-1,-1
722,78,551.00,114.28,61.52,172.92,0.4478,-1,-1,-1
723,4,1718.37,451.50,85.80,215.24,0.7181,-1,-1,-1
723,64,299.19,410.27,73.18,215.38,0.7559,-1,-1,-1
723,58,1600.23,118.23,56.53,176.29,0.3239,-1,-1,-1
723,54,788.59,138.81,47.57,171.41,0.3045,-1,-1,-1
723,3,851.33,938.58,81.67,141.42,0.7834,-1,-1,-1
723,68,1567.17,594.75,107.73,230.45,0.5547,-1,-1,-1
723,71,395.40,551.00,94.95,242.02,0.7220,-1,-1,-1
723,72,1175.69,771.33,78.67,262.84,0.7742,-1,-1,-1
723,73,1253.87,745.61,87.61,266.50,0.7719,-1,-1,-1
723,70,474.57,165.82,61.22,170.88,0.5334,-1,-1,-1
723,76,419.01,159.83,53.87,173.94,0.4888,-1,-1,-1
723,75,265.15,210.35,50.47,173.96,0.3318,-1,-1,-1
723,78,550.83,111.55,60.69,176.54,0.4176,-1,-1,-1
724,4,1718.89,451.72,85.69,215.36,0.6994,-1,-1,-1
724,64,299.06,411.85,72.98,217.46,0.7639,-1,-1,-1
724,58,1599.63,117.04,56.28,177.79,0.3465,-1,-1,-1
724,54,789.51,140.80,46.40,170.04,0.2151,-1,-1,-1
724,3,849.96,938.99,82.18,141.01,0.7881,-1,-1,-1
724,68,1566.31,593.17,108.62,231.81,0.5175,-1,-1,-1
724,71,396.96,551.58,93.84,242.94,0.7248,-1,-1,-1
724,72,1173.88,768.17,76.62,251.49,0.7739,-1,-1,-1
724,73,1249.62,744.30,86.84,267.33,0.7719,-1,-1,-1
724,70,473.41,165.52,61.66,171.24,0.5623,-1,-1,-1
724,76,418.08,162.43,54.00,174.75,0.4976,-1,-1,-1
724,75,265.15,211.40,50.23,173.36,0.2012,-1,-1,-1
724,78,550.43,116.31,59.49,171.47,0.4559,-1,-1,-1
725,4,1718.53,451.94,85.99,215.00,0.6963,-1,-1,-1
725,64,299.31,414.11,72.98,217.48,0.7557,-1,-1,-1
725,58,1598.94,116.33,56.46,177.09,0.3823,-1,-1,-1
725,3,848.68,940.69,82.48,139.33,0.7785,-1,-1,-1
725,68,1565.80,594.68,108.85,230.01,0.5293,-1,-1,-1
725,71,400.26,551.58,92.85,242.58,0.7182,-1,-1,-1
725,72,1171.75,764.57,76.20,249.07,0.7733,-1,-1,-1
725,73,1244.67,744.10,88.79,267.96,0.7703,-1,-1,-1
725,70,472.35,167.22,63.03,171.09,0.5596,-1,-1,-1
725,76,418.15,164.34,52.72,174.46,0.4812,-1,-1,-1
725,75,264.64,212.08,48.50,173.12,0.2202,-1,-1,-1
725,78,550.23,116.25,59.13,171.14,0.4513,-1,-1,-1
726,4,1717.92,452.19,86.00,214.36,0.7001,-1,-1,-1
726,64,299.34,415.82,72.56,217.61,0.7594,-1,-1,-1
726,58,1598.49,115.56,55.91,176.55,0.4369,-1,-1,-1
726,3,846.85,941.98,83.47,138.03,0.7848,-1,-1,-1
726,68,1564.92,593.73,110.06,230.75,0.5170,-1,-1,-1
726,71,402.81,552.34,93.44,242.74,0.7407,-1,-1,-1
726,72,1170.16,760.55,76.61,247.60,0.7819,-1,-1,-1
726,73,1241.70,743.35,88.84,269.40,0.7936,-1,-1,-1
726,70,472.58,168.91,62.30,172.88,0.5721,-1,-1,-1
726,76,418.23,166.61,52.87,174.12,0.5196,-1,-1,-1
726,75,264.36,213.85,48.63,171.38,0.3040,-1,-1,-1
726,78,549.66,118.84,58.72,169.01,0.4492,-1,-1,-1
727,4,1718.94,451.91,84.89,214.40,0.7043,-1,-1,-1
727,64,299.64,418.30,72.28,216.84,0.7687,-1,-1,-1
727,58,1598.25,113.70,55.24,177.24,0.4516,-1,-1,-1
727,3,845.42,942.84,83.81,137.14,0.7869,-1,-1,-1
727,68,1564.17,596.42,110.56,229.15,0.4527,-1,-1,-1
727,71,403.43,552.69,94.58,244.21,0.7692,-1,-1,-1
727,72,1167.67,756.69,77.63,244.37,0.7973,-1,-1,-1
727,73,1239.14,742.10,90.45,269.19,0.8174,-1,-1,-1
727,70,473.29,170.95,60.90,173.97,0.5439,-1,-1,-1
727,76,417.02,171.76,53.75,169.23,0.5383,-1,-1,-1
727,75,264.04,213.43,49.69,171.46,0.2775,-1,-1,-1
727,78,549.78,119.30,58.28,168.76,0.3400,-1,-1,-1
728,4,1718.84,452.19,85.08,213.55,0.7059,-1,-1,-1
728,64,298.96,419.26,72.96,219.71,0.7558,-1,-1,-1
728,58,1597.86,112.36,55.58,178.79,0.5464,-1,-1,-1
728,3,843.77,942.66,84.44,137.31,0.7849,-1,-1,-1
728,68,1574.69,600.16,99.08,225.57,0.4388,-1,-1,-1
728,71,404.38,552.32,94.27,245.04,0.7879,-1,-1,-1
728,72,1164.41,753.86,78.95,247.12,0.8114,-1,-1,-1
728,73,1237.39,741.70,90.69,268.84,0.8208,-1,-1,-1
728,70,473.57,171.25,59.62,176.15,0.5212,-1,-1,-1
728,76,418.28,173.89,54.32,170.45,0.4943,-1,-1,-1
728,75,263.58,214.54,49.46,170.15,0.3161,-1,-1,-1
728,78,549.30,116.25,58.74,171.48,0.3395,-1,-1,-1
729,4,1718.55,451.49,85.59,214.53,0.7097,-1,-1,-1
729,64,298.84,420.41,72.22,221.28,0.7513,-1,-1,-1
729,58,1597.55,110.35,55.58,178.54,0.5598,-1,-1,-1
729,3,842.03,943.85,85.48,136.15,0.7930,-1,-1,-1
729,68,1568.60,598.20,106.84,227.68,0.4962,-1,-1,-1
729,71,404.40,552.63,93.81,244.10,0.7757,-1,-1,-1
729,72,1162.39,750.91,78.26,251.03,0.8183,-1,-1,-1
729,73,1235.21,740.72,91.20,267.45,0.8279,-1,-1,-1
729,70,473.59,171.56,59.24,178.95,0.5291,-1,-1,-1
729,76,419.62,177.71,52.77,167.49,0.4528,-1,-1,-1
729,75,262.79,216.07,49.97,169.09,0.2364,-1,-1,-1
729,78,549.20,115.86,58.44,171.80,0.3838,-1,-1,-1
730,4,1718.59,451.76,86.19,214.48,0.7112,-1,-1,-1
730,64,298.61,421.35,71.83,222.51,0.7342,-1,-1,-1
730,58,1597.50,108.63,55.33,177.33,0.4596,-1,-1,-1
730,3,840.37,944.08,86.32,135.72,0.7834,-1,-1,-1
730,68,1577.18,598.03,97.07,228.05,0.4971,-1,-1,-1
730,71,405.91,552.84,92.35,243.78,0.7976,-1,-1,-1
730,72,1158.79,749.28,78.99,255.33,0.8186,-1,-1,-1
730,73,1232.47,739.36,92.04,268.68,0.8113,-1,-1,-1
730,70,471.24,169.12,60.86,182.65,0.4249,-1,-1,-1
730,76,418.49,180.63,53.92,165.64,0.4714,-1,-1,-1
730,75,262.31,214.48,51.16,172.83,0.3766,-1,-1,-1
730,78,549.16,116.54,58.59,170.78,0.4118,-1,-1,-1
731,4,1718.82,452.15,85.83,214.17,0.7045,-1,-1,-1
731,64,298.09,421.79,71.65,222.04,0.7156,-1,-1,-1
731,58,1597.94,107.02,54.96,176.97,0.4634,-1,-1,-1
731,3,838.78,944.09,86.77,135.75,0.7831,-1,-1,-1
731,68,1570.38,596.93,105.05,228.02,0.5681,-1,-1,-1
731,71,407.48,553.22,91.06,243.15,0.8103,-1,-1,-1
731,72,1155.84,747.73,78.85,257.51,0.8074,-1,-1,-1
731,73,1230.30,737.21,90.22,269.97,0.7997,-1,-1,-1
731,70,470.35,168.83,61.54,184.15,0.4304,-1,-1,-1
731,76,417.58,182.74,53.89,163.96,0.4708,-1,-1,-1
731,75,262.08,212.99,50.92,173.76,0.3870,-1,-1,-1
731,78,549.16,118.72,58.95,167.75,0.3689,-1,-1,-1
732,4,1717.89,452.00,86.94,214.64,0.6975,-1,-1,-1
732,64,297.55,422.12,72.27,221.79,0.6781,-1,-1,-1
732,58,1599.14,105.52,54.03,176.74,0.5169,-1,-1,-1
732,3,838.25,944.65,85.95,135.24,0.7824,-1,-1,-1
732,68,1567.73,595.64,107.76,229.38,0.5135,-1,-1,-1
732,71,411.37,553.29,88.65,243.34,0.8058,-1,-1,-1
732,72,1153.00,746.24,79.35,259.71,0.8078,-1,-1,-1
732,73,1228.89,734.82,89.44,269.20,0.8156,-1,-1,-1
732,70,470.12,172.07,62.16,182.27,0.4673,-1,-1,-1
732,76,417.22,182.24,53.40,165.02,0.4672,-1,-1,-1
732,75,262.50,213.61,50.04,172.47,0.3592,-1,-1,-1
732,78,549.00,115.30,59.84,171.24,0.4502,-1,-1,-1
732,79,321.68,208.65,58.80,164.19,0.3864,-1,-1,-1
733,4,1717.32,451.93,87.54,215.10,0.6990,-1,-1,-1
733,64,296.75,422.71,72.85,220.95,0.6550,-1,-1,-1
733,58,1600.27,104.67,53.35,175.48,0.4992,-1,-1,-1
733,3,836.94,944.81,86.17,134.87,0.7717,-1,-1,-1
733,68,1566.48,593.59,109.54,231.26,0.5167,-1,-1,-1
733,71,414.43,552.90,86.22,243.79,0.7860,-1,-1,-1
733,72,1150.29,745.36,79.62,262.27,0.7686,-1,-1,-1
733,73,1227.40,730.89,87.26,261.04,0.7858,-1,-1,-1
733,70,471.21,172.79,61.10,182.85,0.4830,-1,-1,-1
733,76,417.10,185.05,51.74,158.91,0.4660,-1,-1,-1
733,75,263.72,213.53,47.94,170.67,0.2890,-1,-1,-1
733,78,549.07,114.11,59.60,172.71,0.3822,-1,-1,-1
733,79,322.42,209.86,57.55,162.11,0.3589,-1,-1,-1
734,4,1717.23,452.05,87.47,216.94,0.7049,-1,-1,-1
734,64,296.20,423.30,73.26,219.79,0.6437,-1,-1,-1
734,58,1600.87,103.90,53.65,175.44,0.3561,-1,-1,-1
734,3,836.14,944.92,86.17,134.61,0.7787,-1,-1,-1
734,68,1575.50,597.37,98.28,228.94,0.4537,-1,-1,-1
734,71,419.22,552.96,82.31,245.16,0.7892,-1,-1,-1
734,72,1147.81,746.09,80.37,261.51,0.7762,-1,-1,-1
734,73,1226.87,727.91,84.51,252.25,0.7813,-1,-1,-1
734,70,471.78,173.21,60.52,182.62,0.4481,-1,-1,-1
734,76,418.97,183.94,49.47,159.25,0.4036,-1,-1,-1
734,75,264.03,213.88,47.29,167.91,0.3280,-1,-1,-1
734,78,549.19,113.14,58.96,174.15,0.4291,-1,-1,-1
734,79,324.01,208.67,57.93,163.76,0.4058,-1,-1,-1
735,4,1718.16,452.33,86.68,215.02,0.6874,-1,-1,-1
735,64,295.26,424.40,73.61,217.68,0.6151,-1,-1,-1
735,58,1600.98,103.14,54.08,174.78,0.2926,-1,-1,-1
735,3,834.87,945.25,86.97,134.30,0.7785,-1,-1,-1
735,68,1583.57,597.81,89.41,229.15,0.5276,-1,-1,-1
735,71,423.86,553.57,79.31,245.23,0.7807,-1,-1,-1
735,72,1144.05,744.65,82.68,262.83,0.7572,-1,-1,-1
735,73,1223.47,722.51,85.03,248.48,0.7749,-1,-1,-1
735,70,471.13,174.49,61.47,181.72,0.4439,-1,-1,-1
735,76,419.23,185.10,48.46,157.00,0.4332,-1,-1,-1
735,75,263.63,213.63,47.00,168.92,0.3011,-1,-1,-1
735,78,549.13,114.29,59.37,172.39,0.3823,-1,-1,-1
735,79,325.13,206.77,57.87,165.13,0.4053,-1,-1,-1
736,4,1718.32,451.72,86.35,214.04,0.6988,-1,-1,-1
736,64,294.69,425.29,73.91,216.51,0.6422,-1,-1,-1
736,58,1600.95,103.43,54.19,173.72,0.2869,-1,-1,-1
736,3,834.03,945.26,87.46,134.55,0.7757,-1,-1,-1
736,68,1573.66,596.64,101.22,228.73,0.5906,-1,-1,-1
736,71,430.53,553.64,74.58,245.84,0.8009,-1,-1,-1
736,72,1141.98,741.93,84.33,261.39,0.7666,-1,-1,-1
736,73,1220.66,717.49,84.87,247.32,0.7765,-1,-1,-1
736,70,472.25,173.69,60.76,183.29,0.4606,-1,-1,-1
736,76,419.08,185.89,48.48,156.28,0.4226,-1,-1,-1
736,75,264.04,212.53,46.86,168.81,0.2749,-1,-1,-1
736,78,548.57,113.03,60.80,174.55,0.4187,-1,-1,-1
736,79,325.80,207.12,57.55,165.94,0.4054,-1,-1,-1
737,4,1718.50,451.55,86.28,214.04,0.7118,-1,-1,-1
737,64,294.67,426.41,73.42,214.55,0.6179,-1,-1,-1
737,58,1600.72,103.16,54.61,173.54,0.2985,-1,-1,-1
737,3,834.16,946.25,87.03,133.51,0.7825,-1,-1,-1
737,68,1580.77,596.17,93.92,230.21,0.5010,-1,-1,-1
737,71,435.50,554.19,71.95,246.07,0.7949,-1,-1,-1
737,72,1139.19,739.61,85.75,260.83,0.7512,-1,-1,-1
737,73,1220.13,712.54,83.37,250.59,0.7646,-1,-1,-1
737,70,472.47,174.58,60.69,181.65,0.4148,-1,-1,-1
737,76,418.58,186.48,48.91,155.93,0.4045,-1,-1,-1
737,75,265.35,214.11,45.12,164.65,0.2271,-1,-1,-1
737,78,548.35,112.64,61.59,175.46,0.4127,-1,-1,-1
737,79,327.03,208.81,57.07,165.50,0.4225,-1,-1,-1
738,4,1718.38,451.42,86.13,213.79,0.7171,-1,-1,-1
738,64,294.36,427.20,73.89,214.30,0.6742,-1,-1,-1
738,58,1600.47,103.25,55.09,171.88,0.2654,-1,-1,-1
738,3,834.30,946.28,86.92,133.32,0.7772,-1,-1,-1
738,68,1573.21,595.35,102.01,229.95,0.5404,-1,-1,-1
738,71,439.54,554.66,69.73,247.45,0.8002,-1,-1,-1
738,72,1136.70,737.29,84.69,263.35,0.7498,-1,-1,-1
738,73,1219.99,709.59,80.89,254.62,0.7671,-1,-1,-1
738,70,471.93,170.56,59.82,185.42,0.3636,-1,-1,-1
738,76,416.87,186.55,49.92,156.95,0.3806,-1,-1,-1
738,75,264.76,216.93,45.14,161.17,0.2201,-1,-1,-1
738,78,548.53,110.65,62.85,177.95,0.4257,-1,-1,-1
738,79,327.82,211.31,57.57,162.77,0.4164,-1,-1,-1
739,4,1719.32,450.76,85.45,214.10,0.7207,-1,-1,-1
739,64,294.34,427.98,74.10,215.07,0.6562,-1,-1,-1
739,58,1600.48,103.53,54.88,170.41,0.2879,-1,-1,-1
739,3,834.19,946.21,87.30,133.62,0.7798,-1,-1,-1
739,68,1572.04,590.86,103.70,233.87,0.6002,-1,-1,-1
739,71,443.18,555.13,68.39,249.44,0.7882,-1,-1,-1
739,72,1135.04,735.42,83.08,260.31,0.7800,-1,-1,-1
739,73,1219.19,707.46,79.88,258.24,0.7538,-1,-1,-1
739,70,471.15,172.14,60.84,183.88,0.4533,-1,-1,-1
739,76,414.85,186.04,50.71,157.86,0.4274,-1,-1,-1
739,75,264.77,219.04,45.45,159.17,0.2407,-1,-1,-1
739,78,548.50,113.64,63.40,175.12,0.4712,-1,-1,-1
739,79,328.09,210.98,58.35,163.26,0.4295,-1,-1,-1
740,4,1718.55,452.05,86.25,213.02,0.7354,-1,-1,-1
740,64,294.18,429.81,75.39,217.19,0.6929,-1,-1,-1
740,58,1600.62,103.06,55.43,170.81,0.2612,-1,-1,-1
740,3,834.40,946.14,87.32,133.72,0.7757,-1,-1,-1
740,68,1571.02,593.34,104.15,230.99,0.6088,-1,-1,-1
740,71,445.76,555.06,68.26,250.29,0.7677,-1,-1,-1
740,72,1132.87,733.13,83.63,255.06,0.7810,-1,-1,-1
740,73,1217.94,706.01,79.03,261.61,0.7536,-1,-1,-1
740,70,470.42,170.24,61.59,185.63,0.4466,-1,-1,-1
740,76,413.27,186.87,52.14,159.42,0.4271,-1,-1,-1
740,75,265.02,217.27,45.62,160.01,0.2157,-1,-1,-1
740,78,548.82,112.37,63.59,176.21,0.5206,-1,-1,-1
740,79,328.68,208.18,58.77,165.92,0.3749,-1,-1,-1
741,4,1718.42,451.97,86.40,213.03,0.7294,-1,-1,-1
741,64,294.20,431.71,75.71,220.01,0.6895,-1,-1,-1
741,58,1600.82,102.73,55.34,170.71,0.2682,-1,-1,-1
741,3,834.94,946.36,87.28,133.67,0.7820,-1,-1,-1
741,68,1572.01,593.49,102.73,230.92,0.6251,-1,-1,-1
741,71,447.94,556.43,67.50,251.17,0.7569,-1,-1,-1
741,72,1130.79,730.70,81.86,250.44,0.7657,-1,-1,-1
741,73,1216.36,705.35,78.86,261.53,0.7451,-1,-1,-1
741,70,469.89,171.02,61.34,185.03,0.4807,-1,-1,-1
741,76,411.62,189.52,53.11,160.96,0.4193,-1,-1,-1
741,75,264.97,218.45,46.49,157.27,0.2093,-1,-1,-1
741,78,549.93,111.69,63.34,176.92,0.4607,-1,-1,-1
741,79,329.99,208.22,57.79,164.03,0.3606,-1,-1,-1
742,4,1718.71,452.37,85.57,213.28,0.7063,-1,-1,-1
742,64,294.88,434.00,73.95,220.11,0.6951,-1,-1,-1
742,58,1600.90,102.88,55.04,169.24,0.2678,-1,-1,-1
742,3,835.54,946.44,87.47,133.63,0.7763,-1,-1,-1
742,68,1572.61,593.43,102.46,231.26,0.6467,-1,-1,-1
742,71,450.05,556.49,67.60,252.10,0.7699,-1,-1,-1
742,72,1127.66,727.53,80.54,248.89,0.7712,-1,-1,-1
742,73,1210.39,704.95,83.47,261.68,0.7564,-1,-1,-1
742,70,469.01,171.51,61.84,184.45,0.4607,-1,-1,-1
742,76,409.71,194.31,55.34,158.60,0.5111,-1,-1,-1
742,75,264.92,218.81,48.30,157.94,0.2158,-1,-1,-1
742,78,551.48,111.59,61.92,177.06,0.3321,-1,-1,-1
742,79,332.13,209.05,55.95,161.05,0.3222,-1,-1,-1
743,4,1719.33,452.18,83.86,213.49,0.7186,-1,-1,-1
743,64,295.29,436.84,73.66,219.96,0.7121,-1,-1,-1
743,58,1600.14,102.12,55.79,169.97,0.1981,-1,-1,-1
743,3,836.49,946.66,87.15,133.36,0.7722,-1,-1,-1
743,68,1571.79,591.94,103.49,232.55,0.5913,-1,-1,-1
743,71,452.87,557.19,71.96,251.38,0.7576,-1,-1,-1
743,72,1124.47,723.68,80.34,249.06,0.7671,-1,-1,-1
743,73,1204.95,704.86,86.20,261.14,0.7493,-1,-1,-1
743,70,468.44,169.45,59.83,187.74,0.3450,-1,-1,-1
743,76,409.69,198.72,55.01,156.14,0.5358,-1,-1,-1
743,75,266.14,217.28,48.46,159.41,0.1585,-1,-1,-1
743,78,552.05,106.83,61.67,181.65,0.3091,-1,-1,-1
743,79,333.58,209.99,55.29,158.53,0.2963,-1,-1,-1
744,4,1719.58,453.09,83.85,213.29,0.7287,-1,-1,-1
744,64,296.02,439.78,72.82,219.40,0.7052,-1,-1,-1
744,58,1600.35,101.49,55.44,167.68,0.1632,-1,-1,-1
744,3,837.49,947.36,86.73,132.63,0.7749,-1,-1,-1
744,68,1571.67,592.91,102.83,231.51,0.6371,-1,-1,-1
744,71,454.57,558.96,78.97,248.79,0.7517,-1,-1,-1
744,72,1122.73,721.16,79.51,248.83,0.7699,-1,-1,-1
744,73,1201.03,704.42,86.29,260.67,0.7384,-1,-1,-1
744,70,466.90,173.94,59.76,185.31,0.3917,-1,-1,-1
744,76,409.75,200.79,54.59,156.05,0.5226,-1,-1,-1
744,75,266.21,216.40,49.71,161.70,0.1609,-1,-1,-1
744,78,552.44,110.12,61.63,178.94,0.3504,-1,-1,-1
744,79,334.00,209.84,54.99,159.09,0.3412,-1,-1,-1
745,4,1719.02,452.87,84.75,213.38,0.7263,-1,-1,-1
745,64,296.85,442.05,72.11,220.14,0.6985,-1,-1,-1
745,3,838.57,947.87,86.91,132.22,0.7742,-1,-1,-1
745,68,1572.28,592.86,102.55,231.70,0.6421,-1,-1,-1
745,71,455.99,560.44,85.99,245.90,0.7885,-1,-1,-1
745,72,1121.66,719.11,79.07,251.54,0.7693,-1,-1,-1
745,73,1198.52,704.73,86.31,258.46,0.7430,-1,-1,-1
745,70,465.20,175.54,60.49,187.60,0.4134,-1,-1,-1
745,76,409.79,202.78,53.63,157.42,0.5490,-1,-1,-1
745,75,267.29,217.79,51.69,157.84,0.1578,-1,-1,-1
745,78,552.68,110.44,61.32,178.86,0.3841,-1,-1,-1
745,79,334.62,211.50,54.00,157.76,0.3424,-1,-1,-1
746,4,1719.13,453.37,85.59,212.53,0.7104,-1,-1,-1
746,64,297.78,444.00,71.42,221.65,0.6981,-1,-1,-1
746,3,840.03,948.14,86.58,131.84,0.7823,-1,-1,-1
746,68,1573.53,595.09,101.45,229.55,0.6681,-1,-1,-1
746,71,456.90,561.43,92.86,244.76,0.8047,-1,-1,-1
746,72,1119.41,717.81,80.03,253.33,0.7651,-1,-1,-1
746,73,1195.43,702.93,86.92,259.01,0.7509,-1,-1,-1
746,70,463.73,179.61,63.67,185.17,0.5116,-1,-1,-1
746,76,409.42,202.33,51.69,159.90,0.5129,-1,-1,-1
746,75,265.92,219.43,50.32,157.67,0.2060,-1,-1,-1
746,78,553.12,109.96,60.66,178.76,0.2571,-1,-1,-1
746,79,334.87,213.90,54.59,154.24,0.3256,-1,-1,-1
747,4,1719.32,453.04,85.12,212.73,0.7112,-1,-1,-1
747,64,298.85,445.12,70.78,223.57,0.7239,-1,-1,-1
747,3,841.92,948.29,86.02,131.68,0.7861,-1,-1,-1
747,68,1571.63,592.32,103.99,232.38,0.5983,-1,-1,-1
747,71,457.65,562.01,97.14,245.47,0.8201,-1,-1,-1
747,72,1117.56,715.77,78.86,255.26,0.7764,-1,-1,-1
747,73,1190.60,700.90,88.07,262.42,0.7580,-1,-1,-1
747,70,464.26,183.11,62.49,182.85,0.5623,-1,-1,-1
747,76,409.30,203.65,51.72,157.91,0.5433,-1,-1,-1
747,75,265.82,221.71,49.39,155.46,0.2118,-1,-1,-1
747,78,553.54,109.49,61.20,179.21,0.2654,-1,-1,-1
747,79,334.86,213.87,55.16,154.28,0.3565,-1,-1,-1
748,4,1718.96,453.75,84.49,212.42,0.7002,-1,-1,-1
748,64,299.04,445.86,71.30,223.16,0.7090,-1,-1,-1
748,3,843.61,948.67,85.39,131.37,0.7900,-1,-1,-1
748,68,1567.62,595.17,105.69,231.18,0.5225,-1,-1,-1
748,71,457.72,563.34,101.45,245.51,0.8215,-1,-1,-1
748,72,1115.86,714.42,77.83,255.76,0.8039,-1,-1,-1
748,73,1187.63,698.73,86.85,260.00,0.8099,-1,-1,-1
748,70,463.65,186.22,62.74,180.71,0.5505,-1,-1,-1
748,76,409.15,203.54,50.74,159.06,0.5541,-1,-1,-1
748,75,264.54,217.51,52.21,158.35,0.2376,-1,-1,-1
748,78,554.10,108.17,60.15,180.24,0.1803,-1,-1,-1
748,79,334.54,209.87,56.71,158.46,0.4273,-1,-1,-1
749,4,1719.30,454.20,83.55,213.30,0.6842,-1,-1,-1
749,64,300.06,446.17,71.42,223.85,0.6986,-1,-1,-1
749,3,845.69,949.72,84.74,130.30,0.7892,-1,-1,-1
749,68,1569.85,590.52,105.07,234.48,0.5869,-1,-1,-1
749,71,458.48,564.66,104.53,246.20,0.8096,-1,-1,-1
749,72,1114.56,712.38,76.34,255.89,0.8258,-1,-1,-1
749,73,1184.72,696.65,86.41,252.09,0.8109,-1,-1,-1
749,70,463.91,187.90,60.43,181.16,0.5753,-1,-1,-1
749,76,409.02,204.51,49.30,158.02,0.5306,-1,-1,-1
749,75,265.53,216.42,50.67,159.00,0.2457,-1,-1,-1
749,78,553.65,109.73,60.97,178.92,0.2185,-1,-1,-1
749,79,334.20,210.00,56.56,159.16,0.3669,-1,-1,-1
750,4,1718.73,453.79,84.59,213.81,0.7087,-1,-1,-1
750,64,300.59,446.86,71.84,223.08,0.6982,-1,-1,-1
750,3,848.32,951.22,83.31,128.80,0.7690,-1,-1,-1
750,68,1571.56,591.51,103.27,233.11,0.6232,-1,-1,-1
750,71,459.20,565.09,106.18,247.16,0.8154,-1,-1,-1
750,72,1112.94,711.43,75.89,257.20,0.8173,-1,-1,-1
750,73,1182.48,693.71,86.19,255.47,0.7884,-1,-1,-1
750,70,463.51,187.26,60.13,184.20,0.5023,-1,-1,-1
750,76,408.39,203.76,50.98,159.69,0.5514,-1,-1,-1
750,75,267.26,214.49,52.59,159.32,0.2954,-1,-1,-1
750,78,552.41,101.55,63.28,187.19,0.1855,-1,-1,-1
750,79,334.26,208.28,55.81,160.59,0.3707,-1,-1,-1
751,4,1717.10,454.64,85.61,212.12,0.6835,-1,-1,-1
751,64,301.17,447.15,73.48,221.97,0.7018,-1,-1,-1
751,3,850.82,952.19,82.86,127.80,0.7665,-1,-1,-1
751,68,1571.67,592.03,103.73,232.35,0.6181,-1,-1,-1
751,71,459.84,565.67,106.87,246.87,0.8108,-1,-1,-1
751,72,1110.50,709.42,73.44,255.20,0.8049,-1,-1,-1
751,73,1180.73,689.37,83.90,248.07,0.7996,-1,-1,-1
751,70,462.73,193.22,60.29,180.92,0.4755,-1,-1,-1
751,76,408.94,203.90,49.69,158.24,0.5040,-1,-1,-1
751,75,266.94,209.29,56.15,163.10,0.4227,-1,-1,-1
751,78,552.79,106.03,62.07,182.64,0.2278,-1,-1,-1
751,79,334.08,206.49,55.72,161.09,0.3885,-1,-1,-1
752,4,1716.83,454.07,85.44,213.07,0.6906,-1,-1,-1
752,64,301.40,447.72,74.85,221.77,0.7231,-1,-1,-1
752,3,852.69,952.25,83.00,127.66,0.7692,-1,-1,-1
752,68,1569.19,594.28,103.92,231.49,0.5350,-1,-1,-1
752,71,463.15,565.80,105.11,246.42,0.7862,-1,-1,-1
752,72,1107.53,709.42,73.87,254.85,0.7866,-1,-1,-1
752,73,1179.17,685.34,82.13,244.06,0.7705,-1,-1,-1
752,70,461.85,194.77,61.34,180.99,0.4692,-1,-1,-1
752,76,408.89,204.49,48.99,158.05,0.4702,-1,-1,-1
752,75,267.10,208.01,56.68,164.16,0.4071,-1,-1,-1
752,79,334.31,204.87,55.25,162.19,0.3599,-1,-1,-1
753,4,1716.45,453.19,85.09,214.15,0.6776,-1,-1,-1
753,64,301.27,448.61,76.44,220.42,0.7257,-1,-1,-1
753,3,854.57,952.56,82.89,127.41,0.7729,-1,-1,-1
753,68,1570.42,592.41,104.55,232.21,0.5779,-1,-1,-1
753,71,466.93,566.23,102.19,246.13,0.7558,-1,-1,-1
753,72,1106.01,707.83,72.56,255.65,0.7787,-1,-1,-1
753,73,1175.28,680.66,82.78,248.29,0.7476,-1,-1,-1
753,70,460.76,194.63,61.10,182.12,0.4563,-1,-1,-1
753,76,408.43,205.72,48.39,155.41,0.5114,-1,-1,-1
753,75,268.07,206.18,55.89,165.87,0.3667,-1,-1,-1
753,79,333.30,201.99,56.28,165.14,0.3525,-1,-1,-1
754,4,1715.96,453.75,85.48,212.87,0.6709,-1,-1,-1
754,64,300.96,449.88,77.97,217.68,0.7198,-1,-1,-1
754,3,856.24,952.50,83.30,127.25,0.7782,-1,-1,-1
754,68,1570.10,591.72,104.66,232.91,0.5081,-1,-1,-1
754,71,473.11,566.47,95.82,246.21,0.7271,-1,-1,-1
754,72,1103.93,704.86,72.74,259.67,0.7824,-1,-1,-1
754,73,1172.72,676.91,83.17,250.97,0.7509,-1,-1,-1
754,70,460.75,193.58,60.78,183.66,0.4170,-1,-1,-1
754,76,407.48,205.08,48.19,156.53,0.5000,-1,-1,-1
754,75,268.08,204.60,52.26,169.20,0.3814,-1,-1,-1
754,79,332.59,201.83,56.71,165.48,0.3119,-1,-1,-1
755,4,1716.47,452.67,83.50,213.76,0.6762,-1,-1,-1
755,64,300.97,451.11,78.92,216.00,0.7357,-1,-1,-1
755,3,858.30,952.41,83.11,127.51,0.7787,-1,-1,-1
755,68,1571.45,590.97,103.55,233.93,0.5953,-1,-1,-1
755,71,479.17,567.41,88.01,246.50,0.7221,-1,-1,-1
755,72,1101.60,702.28,72.84,259.71,0.7653,-1,-1,-1
755,73,1170.21,673.26,83.03,255.43,0.7577,-1,-1,-1
755,70,458.04,192.18,62.87,186.70,0.4011,-1,-1,-1
755,76,406.15,207.15,49.97,154.36,0.4305,-1,-1,-1
755,75,268.49,203.48,55.08,169.28,0.3183,-1,-1,-1
755,79,332.19,201.36,56.98,165.71,0.2704,-1,-1,-1
756,4,1716.72,453.45,82.49,214.21,0.6736,-1,-1,-1
756,64,301.02,452.48,80.85,215.01,0.7345,-1,-1,-1
756,3,859.07,952.18,84.47,127.56,0.7794,-1,-1,-1
756,68,1571.18,589.87,103.50,235.00,0.5745,-1,-1,-1
756,71,487.63,567.43,78.86,247.25,0.6995,-1,-1,-1
756,72,1099.85,698.26,72.70,252.69,0.7610,-1,-1,-1
756,73,1168.38,671.58,83.06,257.94,0.7705,-1,-1,-1
756,70,457.36,192.67,62.96,185.04,0.4604,-1,-1,-1
756,76,404.66,207.12,50.80,154.49,0.4656,-1,-1,-1
756,75,269.02,202.33,55.89,169.26,0.3262,-1,-1,-1
756,79,331.81,200.42,56.98,166.19,0.2877,-1,-1,-1
757,4,1717.50,453.41,80.93,213.64,0.6817,-1,-1,-1
757,64,300.98,454.78,81.46,216.57,0.7448,-1,-1,-1
757,3,859.91,953.15,85.56,126.77,0.7813,-1,-1,-1
757,68,1570.70,593.26,103.57,232.41,0.4609,-1,-1,-1
757,71,496.92,567.29,72.10,246.05,0.7101,-1,-1,-1
757,72,1097.62,694.49,74.07,248.57,0.7605,-1,-1,-1
757,73,1167.50,670.58,82.75,258.84,0.7720,-1,-1,-1
757,70,454.44,190.82,65.80,186.61,0.5046,-1,-1,-1
757,76,403.99,205.38,50.90,157.85,0.4469,-1,-1,-1
757,75,270.04,204.91,55.51,166.75,0.2709,-1,-1,-1
757,79,330.81,200.20,54.95,165.36,0.2910,-1,-1,-1
758,4,1717.97,453.05,79.69,213.34,0.7093,-1,-1,-1
758,64,300.71,457.71,81.56,218.82,0.7486,-1,-1,-1
758,3,860.91,953.52,86.26,126.47,0.7723,-1,-1,-1
758,68,1569.73,591.31,105.96,233.36,0.4397,-1,-1,-1
758,71,502.51,566.07,70.04,247.55,0.7184,-1,-1,-1
758,72,1095.19,691.03,76.08,240.36,0.7666,-1,-1,-1
758,73,1165.69,670.39,84.37,258.99,0.7699,-1,-1,-1
758,70,453.85,189.34,65.86,189.41,0.4780,-1,-1,-1
758,76,404.08,205.07,49.89,161.22,0.4710,-1,-1,-1
758,75,271.20,202.07,54.49,169.31,0.3173,-1,-1,-1
758,79,331.72,200.47,55.17,165.38,0.2268,-1,-1,-1
759,4,1718.36,452.91,78.59,213.24,0.6917,-1,-1,-1
759,64,300.73,459.03,81.42,221.98,0.7501,-1,-1,-1
759,3,862.51,954.33,87.15,125.64,0.7557,-1,-1,-1
759,68,1569.53,593.12,106.22,231.12,0.5484,-1,-1,-1
759,71,507.61,565.47,68.25,248.81,0.7152,-1,-1,-1
759,72,1093.48,688.11,76.24,240.22,0.7504,-1,-1,-1
759,73,1162.62,670.16,87.69,259.79,0.7584,-1,-1,-1
759,70,452.77,188.82,66.88,189.36,0.4775,-1,-1,-1
759,76,404.31,205.63,49.40,162.55,0.5151,-1,-1,-1
759,75,272.99,205.24,52.39,165.71,0.2909,-1,-1,-1
759,79,332.15,201.27,54.71,164.06,0.2241,-1,-1,-1
760,4,1718.51,452.95,77.88,212.99,0.6997,-1,-1,-1
760,64,300.93,461.87,81.22,223.53,0.7343,-1,-1,-1
760,3,864.03,954.68,88.82,125.31,0.7562,-1,-1,-1
760,68,1570.72,593.85,104.93,230.27,0.6342,-1,-1,-1
760,71,511.82,565.15,68.78,249.55,0.7248,-1,-1,-1
760,72,1091.58,686.49,76.84,242.86,0.7466,-1,-1,-1
760,73,1160.58,669.13,88.86,259.63,0.7647,-1,-1,-1
760,70,451.26,187.29,68.23,189.24,0.4796,-1,-1,-1
760,76,404.47,206.87,50.57,165.73,0.4917,-1,-1,-1
760,75,274.43,205.20,50.86,165.97,0.3739,-1,-1,-1
760,79,333.40,207.70,53.78,158.24,0.2355,-1,-1,-1
761,4,1717.02,453.13,78.73,212.13,0.7154,-1,-1,-1
761,64,300.88,464.39,81.10,223.22,0.7136,-1,-1,-1
761,3,865.37,954.77,90.27,125.24,0.7729,-1,-1,-1
761,68,1570.28,594.48,105.13,229.58,0.6090,-1,-1,-1
761,71,515.23,565.35,70.14,248.91,0.7491,-1,-1,-1
761,72,1089.51,685.12,76.83,243.45,0.7418,-1,-1,-1
761,73,1158.08,667.87,89.69,260.97,0.7653,-1,-1,-1
761,70,450.04,189.22,69.65,186.56,0.4994,-1,-1,-1
761,76,404.29,207.85,51.55,167.59,0.4128,-1,-1,-1
761,75,275.37,203.27,49.87,167.75,0.2962,-1,-1,-1
761,79,333.60,212.83,52.68,153.69,0.2163,-1,-1,-1
762,4,1717.22,453.69,78.51,210.87,0.7047,-1,-1,-1
762,64,301.13,466.82,80.39,223.06,0.7277,-1,-1,-1
762,3,866.90,955.23,89.66,124.80,0.7770,-1,-1,-1
762,68,1570.81,594.26,104.67,230.27,0.6271,-1,-1,-1
762,71,518.08,566.87,72.49,247.36,0.7714,-1,-1,-1
762,72,1087.97,683.22,75.86,244.91,0.7446,-1,-1,-1
762,73,1156.11,666.84,89.57,261.87,0.7528,-1,-1,-1
762,70,450.64,191.49,69.17,185.85,0.5039,-1,-1,-1
762,76,404.60,208.89,52.75,169.41,0.5100,-1,-1,-1
762,75,276.09,203.81,48.71,166.52,0.3851,-1,-1,-1
762,79,333.16,213.00,53.50,154.10,0.2612,-1,-1,-1
763,4,1718.13,454.45,78.58,211.53,0.7115,-1,-1,-1
763,64,301.13,468.85,78.80,224.05,0.7423,-1,-1,-1
763,3,867.73,955.76,89.52,124.33,0.7778,-1,-1,-1
763,68,1570.48,594.33,104.58,230.21,0.6038,-1,-1,-1
763,71,520.46,567.75,74.17,246.26,0.7639,-1,-1,-1
763,72,1083.08,682.27,78.89,246.65,0.7477,-1,-1,-1
763,73,1154.60,664.75,87.24,261.04,0.7503,-1,-1,-1
763,70,452.66,199.18,65.12,179.98,0.4845,-1,-1,-1
763,76,405.02,209.58,52.48,170.28,0.5250,-1,-1,-1
763,75,276.96,201.12,48.45,168.75,0.4194,-1,-1,-1
763,79,331.77,206.38,55.11,160.97,0.3041,-1,-1,-1
764,4,1718.29,454.00,78.80,211.95,0.7215,-1,-1,-1
764,64,299.97,469.36,77.98,226.64,0.7417,-1,-1,-1
764,3,868.35,956.30,89.12,123.72,0.7732,-1,-1,-1
764,68,1570.59,593.41,104.28,231.08,0.5376,-1,-1,-1
764,71,522.00,568.25,76.00,245.51,0.7567,-1,-1,-1
764,72,1081.37,680.02,77.93,250.79,0.7463,-1,-1,-1
764,73,1152.22,661.03,87.01,261.65,0.7564,-1,-1,-1
764,70,453.80,202.90,62.75,178.89,0.5306,-1,-1,-1
764,76,404.43,208.98,52.83,172.57,0.5255,-1,-1,-1
764,75,277.70,197.21,47.54,172.48,0.3956,-1,-1,-1
764,79,331.61,204.47,55.24,161.78,0.2975,-1,-1,-1
765,4,1718.76,453.48,78.13,213.04,0.7136,-1,-1,-1
765,64,299.37,469.96,76.58,228.92,0.7126,-1,-1,-1
765,3,868.81,956.91,88.45,123.11,0.7691,-1,-1,-1
765,68,1570.85,593.02,104.29,231.25,0.5523,-1,-1,-1
765,71,522.61,568.48,81.67,245.70,0.7482,-1,-1,-1
765,72,1079.17,678.24,77.45,253.13,0.7342,-1,-1,-1
765,73,1149.97,659.85,86.61,259.85,0.7426,-1,-1,-1
765,70,454.44,204.98,61.55,179.30,0.5458,-1,-1,-1
765,76,402.29,209.25,54.59,173.64,0.5030,-1,-1,-1
765,75,278.56,191.38,47.65,178.37,0.3456,-1,-1,-1
765,79,331.72,199.09,55.11,166.95,0.2653,-1,-1,-1
765,78,540.47,107.78,72.72,181.88,0.3546,-1,-1,-1
766,4,1718.70,454.83,77.63,210.75,0.7410,-1,-1,-1
766,64,298.06,470.74,74.86,228.85,0.6358,-1,-1,-1
766,3,869.56,957.03,87.72,123.00,0.7582,-1,-1,-1
766,68,1570.63,591.67,104.35,232.79,0.6040,-1,-1,-1
766,71,524.01,569.41,88.68,245.53,0.7488,-1,-1,-1
766,72,1076.27,677.28,79.64,255.08,0.7218,-1,-1,-1
766,73,1146.82,657.15,88.36,257.56,0.7226,-1,-1,-1
766,70,454.26,204.17,60.69,183.46,0.4862,-1,-1,-1
766,76,400.82,210.61,55.28,172.42,0.4880,-1,-1,-1
766,75,279.00,196.37,48.89,173.24,0.3808,-1,-1,-1
766,79,328.19,195.14,56.01,170.61,0.3618,-1,-1,-1
766,78,541.27,106.19,71.00,183.36,0.2259,-1,-1,-1
767,4,1718.65,455.24,77.62,211.18,0.7280,-1,-1,-1
767,64,296.59,471.96,74.37,228.00,0.5975,-1,-1,-1
767,3,869.45,957.40,87.97,122.62,0.7593,-1,-1,-1
767,68,1578.75,595.99,94.33,229.78,0.5036,-1,-1,-1
767,71,525.25,569.76,89.67,246.38,0.7565,-1,-1,-1
767,72,1074.26,675.53,80.19,255.49,0.7359,-1,-1,-1
767,73,1144.95,653.94,86.89,253.95,0.7167,-1,-1,-1
767,70,454.02,203.62,60.12,185.70,0.4780,-1,-1,-1
767,76,400.47,211.08,55.50,172.54,0.4536,-1,-1,-1
767,75,279.10,196.97,50.01,171.08,0.3819,-1,-1,-1
767,79,328.36,193.61,56.19,171.85,0.3805,-1,-1,-1
767,78,541.89,104.54,69.84,186.63,0.2713,-1,-1,-1
768,4,1719.70,453.70,76.70,212.77,0.7127,-1,-1,-1
768,64,295.09,472.80,74.22,227.00,0.6010,-1,-1,-1
768,3,869.71,957.47,87.99,122.48,0.7703,-1,-1,-1
768,68,1573.44,592.28,101.04,232.67,0.5483,-1,-1,-1
768,71,525.56,569.83,90.39,246.86,0.7619,-1,-1,-1
768,72,1073.44,673.68,79.64,255.75,0.7420,-1,-1,-1
768,73,1142.52,650.81,85.73,249.04,0.7494,-1,-1,-1
768,70,452.81,200.28,61.15,191.53,0.5073,-1,-1,-1
768,76,401.59,209.74,54.12,174.07,0.3984,-1,-1,-1
768,75,279.58,193.87,50.76,173.37,0.3628,-1,-1,-1
768,79,327.02,192.90,56.85,169.99,0.3652,-1,-1,-1
768,78,542.06,108.23,68.23,182.46,0.2508,-1,-1,-1
769,4,1720.01,454.00,76.21,211.14,0.7264,-1,-1,-1
769,64,294.19,473.28,75.01,226.80,0.6545,-1,-1,-1
769,3,869.56,958.09,88.92,121.87,0.7754,-1,-1,-1
769,68,1574.31,593.87,95.54,232.29,0.3883,-1,-1,-1
769,71,525.67,571.45,91.57,245.09,0.7596,-1,-1,-1
769,72,1070.49,670.92,80.05,254.44,0.7825,-1,-1,-1
769,73,1141.03,648.03,82.91,244.98,0.7916,-1,-1,-1
769,70,452.76,196.68,60.90,195.79,0.4059,-1,-1,-1
769,76,402.24,206.43,54.26,177.53,0.3592,-1,-1,-1
769,75,280.25,195.87,49.94,170.51,0.3351,-1,-1,-1
769,79,328.55,193.02,55.80,168.34,0.3353,-1,-1,-1
769,78,541.09,110.41,69.62,181.33,0.2408,-1,-1,-1
770,4,1720.56,454.84,75.90,209.95,0.7271,-1,-1,-1
770,64,293.78,474.28,75.34,225.31,0.6362,-1,-1,-1
770,3,869.86,957.71,89.76,122.33,0.7878,-1,-1,-1
770,68,1577.36,594.83,93.96,231.41,0.4259,-1,-1,-1
770,71,525.74,571.96,92.87,244.79,0.7696,-1,-1,-1
770,72,1066.84,669.37,80.39,251.74,0.7980,-1,-1,-1
770,73,1139.77,646.10,80.48,241.56,0.8173,-1,-1,-1
770,70,452.27,197.49,61.06,195.02,0.3882,-1,-1,-1
770,76,403.33,207.64,52.73,177.73,0.3614,-1,-1,-1
770,75,280.23,198.43,50.02,167.42,0.3311,-1,-1,-1
770,79,327.96,192.77,55.61,167.13,0.3099,-1,-1,-1
770,78,542.16,113.28,68.28,178.46,0.2966,-1,-1,-1
771,4,1721.96,453.37,75.14,212.50,0.7261,-1,-1,-1
771,64,292.81,474.49,74.95,224.58,0.6697,-1,-1,-1
771,3,870.08,957.71,90.09,122.27,0.7913,-1,-1,-1
771,68,1567.81,598.33,103.73,228.59,0.4362,-1,-1,-1
771,71,526.32,572.15,92.57,244.09,0.7606,-1,-1,-1
771,72,1063.87,667.17,81.02,244.71,0.8048,-1,-1,-1
771,73,1138.07,644.27,79.41,241.93,0.8070,-1,-1,-1
771,70,452.25,199.61,60.11,194.22,0.5152,-1,-1,-1
771,76,403.62,207.54,51.98,178.05,0.3454,-1,-1,-1
771,75,280.79,200.34,49.27,164.17,0.3336,-1,-1,-1
771,79,329.84,194.55,58.22,166.63,0.3072,-1,-1,-1
771,78,543.32,113.57,67.14,178.02,0.2784,-1,-1,-1
772,4,1722.61,453.34,74.88,212.24,0.7257,-1,-1,-1
772,64,292.51,475.61,74.40,223.40,0.6669,-1,-1,-1
772,3,870.37,957.95,91.05,122.02,0.7939,-1,-1,-1
772,68,1568.33,590.51,105.84,234.71,0.5423,-1,-1,-1
772,71,528.03,571.60,91.50,243.55,0.7495,-1,-1,-1
772,72,1061.71,664.67,82.06,241.82,0.8002,-1,-1,-1
772,73,1136.36,642.03,79.36,244.62,0.7856,-1,-1,-1
772,70,452.37,201.73,59.82,192.02,0.5197,-1,-1,-1
772,76,403.65,211.21,51.23,174.48,0.4031,-1,-1,-1
772,75,281.39,199.94,48.47,163.10,0.2699,-1,-1,-1
772,79,326.49,193.66,58.51,165.90,0.2941,-1,-1,-1
772,78,543.98,115.34,65.06,174.79,0.2505,-1,-1,-1
773,4,1722.43,452.28,73.96,212.03,0.7322,-1,-1,-1
773,64,292.22,476.40,74.84,222.77,0.6817,-1,-1,-1
773,3,870.83,957.99,90.76,121.95,0.8031,-1,-1,-1
773,68,1570.72,597.32,101.75,228.65,0.4882,-1,-1,-1
773,71,532.60,570.53,88.43,243.63,0.7286,-1,-1,-1
773,72,1060.52,661.44,79.44,239.12,0.8114,-1,-1,-1
773,73,1134.95,640.62,78.58,245.60,0.7659,-1,-1,-1
773,70,451.99,205.14,60.04,188.05,0.4464,-1,-1,-1
773,76,403.55,212.93,50.65,170.58,0.4171,-1,-1,-1
773,75,281.79,198.55,47.78,165.18,0.2836,-1,-1,-1
773,79,324.92,193.10,59.09,166.58,0.2768,-1,-1,-1
773,78,544.58,112.86,65.09,177.72,0.1913,-1,-1,-1
774,4,1723.34,452.12,72.78,212.03,0.7194,-1,-1,-1
774,64,291.41,477.48,76.56,222.14,0.7175,-1,-1,-1
774,3,871.05,957.93,91.14,122.01,0.7988,-1,-1,-1
774,68,1571.99,599.18,100.05,227.24,0.5107,-1,-1,-1
774,71,536.78,569.85,84.62,244.10,0.7214,-1,-1,-1
774,72,1059.04,660.12,76.54,237.56,0.7760,-1,-1,-1
774,73,1132.65,639.53,79.92,245.93,0.7610,-1,-1,-1
774,70,452.13,204.44,59.52,187.78,0.3816,-1,-1,-1
774,76,402.73,213.11,50.38,171.45,0.3981,-1,-1,-1
774,75,282.61,198.15,48.26,165.34,0.2907,-1,-1,-1
774,79,329.70,192.85,59.36,167.91,0.2394,-1,-1,-1
774,78,544.97,110.56,64.71,180.23,0.2316,-1,-1,-1
775,4,1723.50,452.82,72.36,210.43,0.7304,-1,-1,-1
775,64,290.73,478.63,76.96,222.18,0.7414,-1,-1,-1
775,3,871.32,957.91,91.36,122.09,0.8051,-1,-1,-1
775,68,1568.34,597.47,103.12,229.20,0.4850,-1,-1,-1
775,71,541.83,570.12,80.87,243.74,0.7012,-1,-1,-1
775,72,1056.65,658.13,75.15,237.98,0.7550,-1,-1,-1
775,73,1127.91,638.66,83.56,248.99,0.7757,-1,-1,-1
775,70,451.52,203.63,59.49,187.99,0.4347,-1,-1,-1
775,76,401.76,217.46,51.42,168.80,0.4487,-1,-1,-1
775,75,283.02,195.83,47.70,167.96,0.2510,-1,-1,-1
775,79,325.72,192.37,58.27,168.98,0.2150,-1,-1,-1
775,78,545.05,112.14,63.04,178.24,0.2651,-1,-1,-1
776,4,1723.36,452.52,72.21,210.87,0.7380,-1,-1,-1
776,64,290.00,479.91,77.01,222.69,0.7494,-1,-1,-1
776,3,871.45,958.59,91.05,121.41,0.7919,-1,-1,-1
776,68,1569.23,597.88,102.35,228.64,0.5502,-1,-1,-1
776,71,547.36,570.96,75.84,242.96,0.6932,-1,-1,-1
776,72,1054.53,654.91,73.53,239.87,0.7634,-1,-1,-1
776,73,1127.30,636.96,82.15,251.70,0.7789,-1,-1,-1
776,70,450.75,201.90,60.10,189.48,0.3957,-1,-1,-1
776,76,401.44,216.44,50.46,170.74,0.4293,-1,-1,-1
776,75,282.63,195.86,47.27,166.47,0.2709,-1,-1,-1
776,79,330.82,191.71,58.40,170.06,0.1594,-1,-1,-1
776,78,546.02,117.12,61.04,172.60,0.2199,-1,-1,-1
777,4,1723.84,452.41,71.79,210.42,0.7363,-1,-1,-1
777,64,289.37,480.79,76.96,225.39,0.7678,-1,-1,-1
777,3,872.19,959.15,90.45,120.82,0.7869,-1,-1,-1
777,68,1569.25,595.96,103.13,229.99,0.4943,-1,-1,-1
777,71,552.14,571.32,72.25,243.88,0.7102,-1,-1,-1
777,72,1051.89,652.07,74.32,243.64,0.7516,-1,-1,-1
777,73,1125.63,635.40,81.38,253.62,0.7136,-1,-1,-1
777,70,449.43,202.78,60.58,188.50,0.2714,-1,-1,-1
777,76,401.94,217.96,49.83,169.59,0.3460,-1,-1,-1
777,75,283.04,192.04,48.53,170.85,0.2336,-1,-1,-1
777,78,546.40,119.01,61.93,170.49,0.2223,-1,-1,-1
778,4,1723.68,452.50,72.09,210.38,0.7490,-1,-1,-1
778,64,289.56,483.46,76.20,225.05,0.7586,-1,-1,-1
778,3,872.60,959.27,90.58,120.76,0.7887,-1,-1,-1
778,68,1569.40,592.66,104.63,232.25,0.5980,-1,-1,-1
778,71,559.03,571.75,66.74,244.90,0.7171,-1,-1,-1
778,72,1050.54,649.74,74.12,246.51,0.7583,-1,-1,-1
778,73,1125.32,633.86,80.03,253.47,0.7314,-1,-1,-1
778,70,448.44,203.27,61.25,187.57,0.3158,-1,-1,-1
778,76,401.01,217.82,50.18,170.85,0.2927,-1,-1,-1
778,75,282.94,192.72,47.15,170.24,0.2391,-1,-1,-1
778,78,546.16,119.61,62.41,169.94,0.3343,-1,-1,-1
779,4,1722.96,452.21,72.87,210.90,0.7452,-1,-1,-1
779,64,289.29,486.34,75.44,224.59,0.7575,-1,-1,-1
779,3,873.18,959.23,90.38,120.80,0.7903,-1,-1,-1
779,68,1570.87,589.40,103.99,234.99,0.6009,-1,-1,-1
779,71,564.68,571.98,64.40,248.23,0.7202,-1,-1,-1
779,72,1049.05,646.93,73.92,249.64,0.7558,-1,-1,-1
779,73,1120.04,632.03,83.09,254.22,0.7268,-1,-1,-1
779,70,447.97,209.02,60.56,184.32,0.2513,-1,-1,-1
779,76,399.30,221.44,52.04,171.04,0.3514,-1,-1,-1
779,75,283.05,197.64,46.75,166.56,0.2384,-1,-1,-1
779,78,546.64,121.75,61.04,167.05,0.2137,-1,-1,-1
780,4,1723.11,452.14,72.99,211.39,0.7450,-1,-1,-1
780,64,289.42,489.14,74.73,225.01,0.7531,-1,-1,-1
780,3,873.24,959.35,90.20,120.66,0.7829,-1,-1,-1
780,68,1570.49,588.16,104.50,235.83,0.6149,-1,-1,-1
780,71,568.64,572.51,62.77,247.29,0.7032,-1,-1,-1
780,72,1047.46,645.62,74.27,250.87,0.7532,-1,-1,-1
780,73,1117.54,629.64,83.47,255.54,0.7426,-1,-1,-1
780,70,448.31,216.19,57.36,179.46,0.2786,-1,-1,-1
780,76,399.15,224.34,52.17,170.41,0.3894,-1,-1,-1
780,75,283.29,200.09,46.54,165.35,0.2218,-1,-1,-1
780,78,546.60,118.70,60.10,170.01,0.2344,-1,-1,-1
781,4,1723.59,451.73,72.33,211.40,0.7392,-1,-1,-1
781,64,289.28,490.90,74.40,226.30,0.7641,-1,-1,-1
781,3,873.76,959.11,89.40,120.88,0.7807,-1,-1,-1
781,68,1571.59,589.96,103.26,233.71,0.6610,-1,-1,-1
781,71,571.10,571.22,62.71,252.13,0.6859,-1,-1,-1
781,72,1045.03,647.28,76.25,245.39,0.7503,-1,-1,-1
781,73,1113.83,627.30,83.92,255.56,0.7636,-1,-1,-1
781,70,449.48,216.61,55.55,182.20,0.3350,-1,-1,-1
781,76,399.91,224.48,52.13,171.14,0.3661,-1,-1,-1
781,75,283.24,200.06,47.00,165.70,0.2046,-1,-1,-1
781,78,546.36,121.12,60.75,167.49,0.2019,-1,-1,-1
782,4,1722.95,451.33,73.00,211.18,0.7389,-1,-1,-1
782,64,289.60,492.57,74.08,229.56,0.7720,-1,-1,-1
782,3,874.43,958.80,88.41,121.21,0.7724,-1,-1,-1
782,68,1570.69,591.37,103.73,232.43,0.5865,-1,-1,-1
782,71,571.47,572.03,64.92,256.04,0.6349,-1,-1,-1
782,72,1043.99,645.51,74.87,247.51,0.7433,-1,-1,-1
782,73,1111.12,624.97,82.61,249.10,0.7756,-1,-1,-1
782,70,448.03,216.21,56.98,184.92,0.3244,-1,-1,-1
782,76,399.85,226.48,52.90,169.15,0.3826,-1,-1,-1
782,75,283.13,199.45,47.14,166.12,0.2260,-1,-1,-1
782,78,545.44,123.82,61.80,165.15,0.1803,-1,-1,-1
783,4,1722.94,451.92,74.02,211.01,0.7194,-1,-1,-1
783,64,289.88,493.84,73.77,232.85,0.7752,-1,-1,-1
783,3,875.29,958.41,87.26,121.63,0.7678,-1,-1,-1
783,68,1571.44,592.56,103.53,231.33,0.6515,-1,-1,-1
783,71,573.07,572.60,66.38,258.44,0.6391,-1,-1,-1
783,72,1043.34,644.58,73.91,248.17,0.7382,-1,-1,-1
783,73,1109.81,622.41,80.55,244.02,0.7566,-1,-1,-1
783,70,446.23,216.80,58.58,187.70,0.3804,-1,-1,-1
783,76,398.79,224.53,52.49,169.96,0.3816,-1,-1,-1
783,75,282.92,199.40,47.40,166.58,0.2288,-1,-1,-1
783,78,545.82,123.92,61.51,164.66,0.1771,-1,-1,-1
784,4,1722.74,451.89,74.26,211.96,0.7112,-1,-1,-1
784,64,289.90,495.00,74.00,234.13,0.7648,-1,-1,-1
784,3,876.15,958.31,85.86,121.77,0.7529,-1,-1,-1
784,68,1572.50,595.83,101.88,228.13,0.6968,-1,-1,-1
784,71,575.44,573.13,66.58,249.37,0.5588,-1,-1,-1
784,72,1042.86,643.45,71.47,246.08,0.7442,-1,-1,-1
784,73,1107.08,619.31,79.91,239.61,0.7697,-1,-1,-1
784,70,445.73,217.72,61.14,188.70,0.3645,-1,-1,-1
784,76,399.59,227.06,51.45,168.96,0.4667,-1,-1,-1
784,75,283.55,194.54,46.90,169.57,0.2323,-1,-1,-1
784,78,545.98,123.74,61.20,165.35,0.1807,-1,-1,-1
785,4,1722.63,451.99,74.61,211.65,0.7246,-1,-1,-1
785,64,290.30,495.93,73.82,234.08,0.7664,-1,-1,-1
785,3,877.55,957.12,83.85,122.93,0.7630,-1,-1,-1
785,68,1572.08,594.32,102.16,229.78,0.6284,-1,-1,-1
785,71,579.71,573.52,64.65,245.34,0.5798,-1,-1,-1
785,72,1041.79,642.09,71.19,246.04,0.7484,-1,-1,-1
785,73,1104.78,616.24,79.74,239.30,0.7506,-1,-1,-1
785,70,444.91,218.45,62.71,190.06,0.4172,-1,-1,-1
785,76,399.48,227.45,50.93,169.02,0.4637,-1,-1,-1
785,75,283.88,191.19,47.40,172.45,0.2362,-1,-1,-1
785,78,545.21,120.24,62.66,169.08,0.2091,-1,-1,-1
786,4,1722.82,451.44,73.53,211.79,0.7277,-1,-1,-1
786,64,290.15,496.99,74.28,233.31,0.7663,-1,-1,-1
786,3,878.39,956.50,82.04,123.53,0.7569,-1,-1,-1
786,68,1571.46,594.08,102.10,230.24,0.6496,-1,-1,-1
786,71,582.85,575.15,65.11,241.41,0.5842,-1,-1,-1
786,72,1040.39,640.01,70.83,245.06,0.7317,-1,-1,-1
786,73,1102.71,614.93,77.42,238.27,0.7509,-1,-1,-1
786,70,444.63,220.20,62.59,189.74,0.4392,-1,-1,-1
786,76,399.22,229.14,50.75,167.03,0.4728,-1,-1,-1
786,75,283.89,191.64,46.43,171.21,0.2247,-1,-1,-1
786,78,545.28,120.19,62.14,169.31,0.2276,-1,-1,-1
787,4,1723.01,452.33,74.14,211.33,0.7240,-1,-1,-1
787,64,290.06,498.06,75.46,231.85,0.7489,-1,-1,-1
787,3,879.38,955.90,80.12,124.20,0.7694,-1,-1,-1
787,68,1571.48,594.95,102.61,229.46,0.6596,-1,-1,-1
787,71,584.97,577.15,72.14,238.64,0.5933,-1,-1,-1
787,72,1038.25,637.07,70.76,244.40,0.7427,-1,-1,-1
787,73,1101.82,612.18,75.41,241.90,0.7829,-1,-1,-1
787,70,442.95,221.39,64.54,187.36,0.4265,-1,-1,-1
787,76,398.73,231.88,50.69,164.55,0.4859,-1,-1,-1
787,75,283.45,191.03,46.28,173.45,0.3067,-1,-1,-1
787,78,545.64,115.56,61.95,174.20,0.2916,-1,-1,-1
787,80,468.94,71.97,63.87,178.15,0.4263,-1,-1,-1
788,4,1723.03,452.57,73.92,211.61,0.7081,-1,-1,-1
788,64,289.36,499.38,76.98,230.26,0.7402,-1,-1,-1
788,3,879.20,955.55,79.72,124.61,0.7729,-1,-1,-1
788,68,1572.97,594.56,102.01,229.66,0.6776,-1,-1,-1
788,71,587.62,578.97,73.95,238.03,0.5397,-1,-1,-1
788,72,1035.74,634.32,71.06,239.90,0.7381,-1,-1,-1
788,73,1099.93,610.63,75.17,244.62,0.7646,-1,-1,-1
788,70,443.08,222.51,62.99,187.19,0.4998,-1,-1,-1
788,76,396.56,226.73,52.05,169.05,0.4637,-1,-1,-1
788,75,283.29,189.98,46.20,173.63,0.2711,-1,-1,-1
788,78,545.51,113.19,62.55,177.66,0.3172,-1,-1,-1
788,80,469.18,73.03,63.38,179.30,0.4464,-1,-1,-1
789,4,1723.55,452.87,73.68,212.74,0.7224,-1,-1,-1
789,64,288.45,500.71,78.49,228.38,0.7459,-1,-1,-1
789,3,879.00,955.60,79.39,124.51,0.7687,-1,-1,-1
789,68,1571.38,594.51,103.20,229.97,0.6659,-1,-1,-1
789,71,589.67,580.70,75.70,236.43,0.5921,-1,-1,-1
789,72,1032.36,631.33,72.99,235.86,0.7269,-1,-1,-1
789,73,1096.74,608.88,76.76,248.68,0.7916,-1,-1,-1
789,70,443.61,223.11,60.31,186.52,0.4825,-1,-1,-1
789,76,396.14,228.23,54.02,168.64,0.4561,-1,-1,-1
789,75,283.33,185.74,46.44,177.87,0.2314,-1,-1,-1
789,78,545.49,114.61,61.88,177.65,0.3203,-1,-1,-1
789,80,468.79,73.95,64.46,183.77,0.4625,-1,-1,-1
790,4,1723.59,452.36,72.43,212.52,0.7280,-1,-1,-1
790,64,288.50,501.79,78.80,225.61,0.7443,-1,-1,-1
790,3,878.85,954.24,79.55,125.83,0.7740,-1,-1,-1
790,68,1571.23,594.15,103.17,229.96,0.6715,-1,-1,-1
790,71,591.97,582.14,75.62,235.52,0.5953,-1,-1,-1
790,72,1030.44,629.30,73.49,225.06,0.7183,-1,-1,-1
790,73,1094.89,607.34,77.95,250.70,0.7811,-1,-1,-1
790,70,444.15,224.69,59.13,185.39,0.4166,-1,-1,-1
790,76,397.50,230.90,53.92,168.46,0.4162,-1,-1,-1
790,75,283.65,186.88,45.85,177.38,0.2588,-1,-1,-1
790,78,545.96,114.43,61.91,177.58,0.3045,-1,-1,-1
790,80,470.77,73.76,63.14,183.69,0.4613,-1,-1,-1
791,4,1722.94,452.78,73.64,212.91,0.7331,-1,-1,-1
791,64,288.28,502.66,79.06,225.06,0.7396,-1,-1,-1
791,3,880.01,953.94,77.61,126.13,0.7571,-1,-1,-1
791,68,1570.61,593.59,103.04,230.68,0.7027,-1,-1,-1
791,71,594.62,583.29,75.93,234.07,0.6073,-1,-1,-1
791,72,1028.67,626.91,74.30,224.92,0.7302,-1,-1,-1
791,73,1092.78,606.54,80.41,252.74,0.7688,-1,-1,-1
791,70,442.73,223.76,60.61,185.61,0.4584,-1,-1,-1
791,76,396.86,231.64,54.15,169.00,0.4138,-1,-1,-1
791,75,283.63,186.26,46.46,178.03,0.2695,-1,-1,-1
791,78,546.19,112.84,62.02,178.78,0.3372,-1,-1,-1
791,80,471.44,72.90,62.49,183.00,0.4287,-1,-1,-1
792,4,1722.57,452.56,73.74,212.59,0.7486,-1,-1,-1
792,64,288.02,503.68,79.19,224.52,0.7441,-1,-1,-1
792,3,881.30,953.35,74.89,126.67,0.7582,-1,-1,-1
792,68,1569.60,591.05,103.87,233.22,0.6776,-1,-1,-1
792,71,596.27,584.14,76.36,233.12,0.5915,-1,-1,-1
792,72,1026.95,624.15,74.57,231.46,0.7442,-1,-1,-1
792,73,1091.47,606.10,82.41,254.88,0.7663,-1,-1,-1
792,70,442.19,224.92,60.89,185.32,0.4490,-1,-1,-1
792,76,395.66,233.03,55.58,170.15,0.4274,-1,-1,-1
792,75,283.74,183.64,47.15,180.38,0.2993,-1,-1,-1
792,78,547.17,112.77,60.83,179.07,0.3226,-1,-1,-1
792,80,471.31,72.38,62.72,186.37,0.3991,-1,-1,-1
793,4,1722.89,452.51,73.02,212.22,0.7372,-1,-1,-1
793,64,288.14,506.13,79.11,225.33,0.7207,-1,-1,-1
793,3,881.74,952.63,73.39,127.41,0.7588,-1,-1,-1
793,68,1569.62,591.72,103.74,232.35,0.7008,-1,-1,-1
793,71,598.93,585.32,75.09,229.93,0.5972,-1,-1,-1
793,72,1024.94,620.86,75.00,237.80,0.7596,-1,-1,-1
793,73,1090.43,605.47,83.24,255.72,0.7804,-1,-1,-1
793,70,441.91,225.87,60.12,184.66,0.4414,-1,-1,-1
793,76,394.85,235.45,55.38,169.96,0.4423,-1,-1,-1
793,75,284.04,182.44,46.63,181.96,0.4087,-1,-1,-1
793,78,547.39,113.46,60.03,177.74,0.3213,-1,-1,-1
793,80,470.71,72.34,63.85,191.25,0.3899,-1,-1,-1
794,4,1722.53,452.61,74.35,212.60,0.7554,-1,-1,-1
794,64,288.27,508.87,79.20,227.77,0.7036,-1,-1,-1
794,3,882.14,951.25,70.50,128.78,0.7507,-1,-1,-1
794,68,1569.67,590.28,103.66,233.71,0.6845,-1,-1,-1
794,71,601.58,585.10,73.75,235.77,0.5285,-1,-1,-1
794,72,1023.47,618.70,75.67,241.72,0.7604,-1,-1,-1
794,73,1088.93,605.56,85.24,255.58,0.7445,-1,-1,-1
794,70,440.64,226.92,61.17,184.62,0.4771,-1,-1,-1
794,76,395.51,239.07,53.72,167.30,0.4551,-1,-1,-1
794,75,284.10,183.40,46.73,181.20,0.3818,-1,-1,-1
794,78,548.10,114.54,59.56,176.83,0.2520,-1,-1,-1
794,80,469.63,72.99,65.56,192.00,0.4194,-1,-1,-1
795,4,1722.22,452.69,73.95,211.49,0.7576,-1,-1,-1
795,64,288.38,510.75,78.10,230.76,0.7139,-1,-1,-1
795,3,882.67,949.87,67.49,130.04,0.7327,-1,-1,-1
795,68,1569.30,589.73,104.37,234.58,0.6856,-1,-1,-1
795,71,603.98,584.19,72.82,252.91,0.4703,-1,-1,-1
795,72,1021.20,616.14,76.36,244.30,0.7833,-1,-1,-1
795,73,1087.08,604.14,86.62,256.25,0.7674,-1,-1,-1
795,70,439.26,225.57,62.51,186.46,0.4583,-1,-1,-1
795,76,394.90,235.73,55.29,172.90,0.4293,-1,-1,-1
795,75,284.31,182.89,47.03,181.95,0.3835,-1,-1,-1
795,80,470.11,73.46,65.68,192.52,0.4331,-1,-1,-1
796,4,1722.93,452.23,73.45,211.75,0.7578,-1,-1,-1
796,64,288.25,513.11,77.88,233.27,0.7401,-1,-1,-1
796,3,882.68,949.26,65.60,130.71,0.7516,-1,-1,-1
796,68,1570.11,588.51,103.73,236.21,0.6231,-1,-1,-1
796,71,607.03,584.78,72.20,272.00,0.4865,-1,-1,-1
796,72,1019.22,615.48,75.62,245.06,0.8025,-1,-1,-1
796,73,1085.85,602.80,85.32,254.96,0.7896,-1,-1,-1
796,70,440.00,226.85,61.60,186.22,0.4971,-1,-1,-1
796,76,394.46,238.50,53.97,171.77,0.4843,-1,-1,-1
796,75,284.28,184.06,47.48,181.18,0.3458,-1,-1,-1
796,80,469.41,74.76,67.39,189.78,0.3839,-1,-1,-1
796,79,342.25,186.08,48.53,172.09,0.3595,-1,-1,-1
797,4,1723.40,451.60,73.10,213.29,0.7454,-1,-1,-1
797,64,287.99,515.35,76.79,233.36,0.7354,-1,-1,-1
797,3,882.26,948.23,64.79,131.74,0.7463,-1,-1,-1
797,68,1569.62,590.24,102.53,236.03,0.5980,-1,-1,-1
797,71,609.79,584.72,70.69,278.62,0.4510,-1,-1,-1
797,72,1017.30,614.50,74.99,246.84,0.8130,-1,-1,-1
797,73,1084.99,600.68,83.51,255.42,0.8017,-1,-1,-1
797,70,442.86,232.89,55.93,181.94,0.5165,-1,-1,-1
797,76,395.07,240.56,52.81,170.45,0.4833,-1,-1,-1
797,75,284.08,185.42,47.54,177.06,0.3089,-1,-1,-1
797,80,470.17,75.84,67.04,183.48,0.3104,-1,-1,-1
797,79,342.78,186.84,47.57,171.21,0.3619,-1,-1,-1
798,4,1723.37,451.72,72.92,212.84,0.7495,-1,-1,-1
798,64,287.36,516.47,76.81,235.54,0.7572,-1,-1,-1
798,3,882.18,946.83,63.39,133.13,0.7297,-1,-1,-1
798,68,1571.11,590.50,102.31,234.85,0.6819,-1,-1,-1
798,71,611.90,585.47,68.43,275.76,0.4425,-1,-1,-1
798,72,1016.04,613.57,74.84,247.13,0.8079,-1,-1,-1
798,73,1083.45,598.67,83.27,255.00,0.8041,-1,-1,-1
798,70,443.76,234.82,54.55,182.99,0.5095,-1,-1,-1
798,76,395.17,238.79,54.02,173.83,0.4816,-1,-1,-1
798,75,284.17,184.91,47.37,178.10,0.3235,-1,-1,-1
798,80,471.66,76.78,64.85,179.02,0.2669,-1,-1,-1
798,79,342.61,186.86,47.89,171.04,0.3554,-1,-1,-1
799,4,1723.92,451.85,71.90,212.39,0.7435,-1,-1,-1
799,64,286.67,518.97,76.66,234.44,0.7685,-1,-1,-1
799,3,882.22,945.49,61.92,134.43,0.7114,-1,-1,-1
799,68,1570.69,586.83,103.05,238.04,0.6095,-1,-1,-1
799,71,612.60,586.27,67.30,280.82,0.1593,-1,-1,-1
799,72,1014.32,614.96,73.49,245.85,0.7764,-1,-1,-1
799,73,1082.16,595.25,82.43,253.21,0.7764,-1,-1,-1
799,70,443.87,236.87,55.30,183.76,0.5632,-1,-1,-1
799,76,395.00,239.64,54.07,173.78,0.5212,-1,-1,-1
799,75,283.69,185.66,48.00,177.47,0.3133,-1,-1,-1
799,80,473.21,77.70,62.44,173.47,0.2888,-1,-1,-1
799,79,343.21,187.29,47.41,166.84,0.2717,-1,-1,-1
800,4,1723.43,452.04,72.30,211.60,0.7390,-1,-1,-1
800,64,285.39,521.90,76.86,236.23,0.7764,-1,-1,-1
800,3,882.46,944.39,60.95,135.59,0.6972,-1,-1,-1
800,68,1570.95,587.40,103.02,237.65,0.6169,-1,-1,-1
800,72,1012.19,614.91,73.91,245.10,0.7838,-1,-1,-1
800,73,1081.45,591.66,82.33,245.15,0.7348,-1,-1,-1
800,70,442.29,236.16,56.58,186.89,0.5494,-1,-1,-1
800,76,395.10,239.23,54.16,174.45,0.5139,-1,-1,-1
800,75,283.45,186.10,48.14,175.10,0.2993,-1,-1,-1
800,80,473.96,79.31,62.36,173.20,0.3130,-1,-1,-1
800,79,344.00,187.95,47.40,166.47,0.3345,-1,-1,-1
801,4,1722.83,452.37,72.79,212.15,0.7342,-1,-1,-1
801,64,283.89,523.22,77.08,236.70,0.8032,-1,-1,-1
801,3,881.88,943.05,61.03,136.95,0.6648,-1,-1,-1
801,68,1570.50,592.61,102.30,234.68,0.5835,-1,-1,-1
801,72,1009.21,613.27,74.60,244.38,0.7726,-1,-1,-1
801,73,1078.98,588.49,82.30,238.27,0.7593,-1,-1,-1
801,70,442.02,236.82,57.08,188.32,0.5199,-1,-1,-1
801,76,396.32,240.67,52.68,171.85,0.5211,-1,-1,-1
801,75,283.29,185.73,48.46,177.25,0.2864,-1,-1,-1
801,80,475.49,81.13,60.88,175.31,0.3023,-1,-1,-1
801,79,345.18,188.78,47.26,164.54,0.2847,-1,-1,-1
802,4,1722.73,452.02,72.84,211.79,0.7445,-1,-1,-1
802,64,282.65,524.34,76.53,235.66,0.8040,-1,-1,-1
802,3,882.03,941.82,59.78,138.13,0.6458,-1,-1,-1
802,68,1568.74,594.23,103.40,234.01,0.5785,-1,-1,-1
802,72,1008.56,611.68,73.24,245.27,0.7646,-1,-1,-1
802,73,1077.18,585.23,80.57,233.12,0.7484,-1,-1,-1
802,70,442.19,236.89,56.95,189.68,0.5693,-1,-1,-1
802,76,395.83,239.75,54.11,173.21,0.4900,-1,-1,-1
802,75,283.24,186.87,48.87,174.58,0.2526,-1,-1,-1
802,80,476.56,82.74,59.34,171.06,0.2242,-1,-1,-1
802,79,346.18,189.15,46.58,164.31,0.2900,-1,-1,-1
803,4,1722.60,452.56,72.84,211.99,0.7411,-1,-1,-1
803,64,281.63,525.40,76.77,235.01,0.7998,-1,-1,-1
803,3,881.39,942.12,59.10,137.87,0.6704,-1,-1,-1
803,68,1567.96,596.35,103.95,231.48,0.5045,-1,-1,-1
803,72,1006.62,609.24,73.89,246.67,0.7584,-1,-1,-1
803,73,1076.56,582.70,77.84,234.29,0.7596,-1,-1,-1
803,70,442.25,238.26,56.42,189.41,0.5482,-1,-1,-1
803,76,395.73,239.05,53.85,174.13,0.4962,-1,-1,-1
803,75,283.33,187.95,48.69,174.21,0.2562,-1,-1,-1
803,80,475.68,83.83,60.14,179.78,0.3119,-1,-1,-1
803,79,347.01,190.52,45.61,161.54,0.2451,-1,-1,-1
804,4,1722.42,452.56,73.00,212.21,0.7467,-1,-1,-1
804,64,280.80,526.77,75.76,233.46,0.7954,-1,-1,-1
804,3,880.70,941.33,59.65,138.69,0.6739,-1,-1,-1
804,68,1567.24,596.29,104.77,231.39,0.5816,-1,-1,-1
804,72,1004.32,606.26,74.08,245.87,0.7368,-1,-1,-1
804,73,1076.10,579.77,75.55,236.82,0.7577,-1,-1,-1
804,70,442.43,239.30,56.14,189.34,0.5598,-1,-1,-1
804,76,395.75,239.66,53.35,173.35,0.5355,-1,-1,-1
804,75,283.12,187.58,48.79,173.68,0.2707,-1,-1,-1
804,80,475.98,84.32,59.22,183.68,0.4085,-1,-1,-1
804,79,347.66,192.26,44.87,158.22,0.2699,-1,-1,-1
805,4,1721.72,452.99,73.92,212.34,0.7364,-1,-1,-1
805,64,279.26,527.63,76.37,232.69,0.8018,-1,-1,-1
805,3,880.57,939.75,59.98,140.29,0.6636,-1,-1,-1
805,68,1567.16,595.29,105.20,232.16,0.6021,-1,-1,-1
805,72,1002.30,602.89,72.76,241.73,0.7572,-1,-1,-1
805,73,1075.49,577.43,74.19,240.78,0.7711,-1,-1,-1
805,70,442.69,240.35,56.79,188.28,0.6111,-1,-1,-1
805,76,395.48,241.65,52.34,171.58,0.5294,-1,-1,-1
805,75,282.83,181.25,48.97,180.67,0.2594,-1,-1,-1
805,80,475.37,83.79,59.50,185.64,0.3929,-1,-1,-1
805,79,347.49,193.12,44.33,155.94,0.2781,-1,-1,-1
806,4,1721.63,452.70,74.17,212.36,0.7466,-1,-1,-1
806,64,277.90,528.59,77.07,231.81,0.8027,-1,-1,-1
806,3,880.39,938.64,60.35,141.45,0.6659,-1,-1,-1
806,68,1568.91,595.74,103.35,232.10,0.6064,-1,-1,-1
806,72,1000.17,600.04,72.08,238.95,0.7666,-1,-1,-1
806,73,1075.66,575.19,72.42,244.04,0.7757,-1,-1,-1
806,70,443.64,239.84,56.03,188.50,0.4947,-1,-1,-1
806,76,394.76,238.46,53.39,175.84,0.4836,-1,-1,-1
806,75,283.15,177.05,49.56,185.70,0.2647,-1,-1,-1
806,80,474.54,83.71,60.35,187.02,0.4027,-1,-1,-1
806,79,347.81,193.11,44.11,156.87,0.3199,-1,-1,-1
807,4,1721.71,453.72,75.05,212.78,0.7262,-1,-1,-1
807,64,277.22,529.34,77.38,230.53,0.7922,-1,-1,-1
807,3,880.29,937.55,59.86,142.48,0.6365,-1,-1,-1
807,68,1569.37,597.47,102.61,230.32,0.6058,-1,-1,-1
807,72,998.03,597.45,71.78,235.96,0.7670,-1,-1,-1
807,73,1074.81,573.83,72.13,245.00,0.7761,-1,-1,-1
807,70,443.95,239.35,55.60,188.04,0.4909,-1,-1,-1
807,76,393.96,238.47,54.48,178.03,0.4867,-1,-1,-1
807,75,282.90,182.98,49.91,180.03,0.3116,-1,-1,-1
807,80,475.96,83.54,60.06,188.15,0.3517,-1,-1,-1
807,79,348.02,192.97,43.57,155.37,0.2598,-1,-1,-1
808,4,1721.93,453.91,75.20,212.52,0.7253,-1,-1,-1
808,64,276.90,530.32,76.98,229.37,0.7946,-1,-1,-1
808,3,880.18,936.60,59.54,143.41,0.6369,-1,-1,-1
808,68,1570.24,594.23,103.87,231.71,0.6528,-1,-1,-1
808,72,997.21,595.29,70.40,232.52,0.7694,-1,-1,-1
808,73,1072.49,572.92,73.59,245.07,0.7735,-1,-1,-1
808,70,442.83,240.98,57.60,186.58,0.5659,-1,-1,-1
808,76,393.35,244.01,54.47,173.86,0.4972,-1,-1,-1
808,75,282.88,185.43,50.05,175.98,0.3020,-1,-1,-1
808,80,475.42,84.78,61.85,190.60,0.3449,-1,-1,-1
808,79,348.88,202.50,42.26,145.54,0.2173,-1,-1,-1
809,4,1721.80,455.10,75.01,210.70,0.7303,-1,-1,-1
809,64,276.05,531.67,77.34,228.65,0.8010,-1,-1,-1
809,3,880.38,936.66,59.13,143.20,0.6371,-1,-1,-1
809,68,1570.10,594.88,103.81,230.18,0.6828,-1,-1,-1
809,72,996.12,593.56,68.83,233.52,0.7701,-1,-1,-1
809,73,1069.95,572.59,75.27,245.77,0.7829,-1,-1,-1
809,70,440.41,240.84,60.56,186.58,0.5262,-1,-1,-1
809,76,392.09,247.14,54.73,174.19,0.4406,-1,-1,-1
809,75,283.03,186.68,49.81,177.01,0.3138,-1,-1,-1
809,80,473.88,84.33,63.99,192.30,0.2673,-1,-1,-1
809,79,349.04,199.73,42.91,148.90,0.2013,-1,-1,-1
810,4,1722.19,453.26,74.07,212.72,0.7345,-1,-1,-1
810,64,275.58,533.19,77.33,228.76,0.7917,-1,-1,-1
810,3,880.00,936.10,59.72,143.05,0.6508,-1,-1,-1
810,68,1570.09,595.73,104.01,229.24,0.6898,-1,-1,-1
810,72,994.76,592.21,69.11,235.61,0.7628,-1,-1,-1
810,73,1067.23,572.56,76.63,244.74,0.7693,-1,-1,-1
810,70,439.61,243.78,61.57,183.86,0.5846,-1,-1,-1
810,76,391.07,252.22,54.79,172.88,0.4382,-1,-1,-1
810,75,283.44,182.51,49.64,180.24,0.2835,-1,-1,-1
810,80,473.30,84.67,64.19,190.33,0.3254,-1,-1,-1
811,4,1722.39,452.64,73.40,212.20,0.7318,-1,-1,-1
811,64,275.09,535.06,77.86,230.58,0.7993,-1,-1,-1
811,3,879.13,935.56,61.96,143.38,0.6633,-1,-1,-1
811,68,1570.78,597.99,103.28,226.50,0.7006,-1,-1,-1
811,72,992.54,591.46,68.85,236.41,0.7656,-1,-1,-1
811,73,1065.70,571.44,77.05,245.52,0.7718,-1,-1,-1
811,70,439.62,244.42,61.94,183.82,0.5257,-1,-1,-1
811,76,390.95,252.83,55.24,174.55,0.4031,-1,-1,-1
811,75,283.85,179.73,49.55,181.22,0.2838,-1,-1,-1
811,80,473.05,84.40,66.00,193.96,0.3106,-1,-1,-1
812,4,1723.14,452.09,72.93,213.05,0.7283,-1,-1,-1
812,64,274.77,536.67,77.87,232.61,0.7988,-1,-1,-1
812,3,878.67,935.30,62.50,143.60,0.6738,-1,-1,-1
812,68,1571.27,595.38,102.43,228.80,0.6667,-1,-1,-1
812,72,991.47,590.48,67.54,238.04,0.7569,-1,-1,-1
812,73,1063.89,570.58,76.15,245.32,0.7602,-1,-1,-1
812,70,440.60,244.47,60.80,182.76,0.5493,-1,-1,-1
812,76,390.45,254.66,54.09,172.71,0.4492,-1,-1,-1
812,75,283.79,179.41,50.56,180.81,0.2839,-1,-1,-1
812,80,471.79,84.91,68.69,192.43,0.2406,-1,-1,-1
813,4,1723.30,451.99,72.75,213.11,0.7347,-1,-1,-1
813,64,273.91,538.28,78.19,236.12,0.7924,-1,-1,-1
813,3,877.99,935.42,63.48,143.56,0.6732,-1,-1,-1
813,68,1570.90,596.77,103.45,227.50,0.6668,-1,-1,-1
813,72,989.14,590.15,67.73,238.94,0.7704,-1,-1,-1
813,73,1063.10,569.29,74.56,246.86,0.7512,-1,-1,-1
813,70,440.22,242.86,60.94,184.30,0.4715,-1,-1,-1
813,76,389.63,256.18,53.67,173.47,0.4938,-1,-1,-1
813,75,283.61,175.89,50.87,182.16,0.2780,-1,-1,-1
813,80,472.05,87.31,67.12,187.16,0.2986,-1,-1,-1
814,4,1723.65,452.41,72.52,212.49,0.7235,-1,-1,-1
814,64,272.96,539.87,78.70,235.61,0.7851,-1,-1,-1
814,3,877.38,935.16,63.72,143.57,0.6512,-1,-1,-1
814,68,1571.10,597.17,103.27,227.46,0.6820,-1,-1,-1
814,72,986.91,589.33,67.30,236.93,0.7693,-1,-1,-1
814,73,1061.90,567.32,73.84,243.70,0.7255,-1,-1,-1
814,70,439.45,244.66,61.60,182.90,0.5468,-1,-1,-1
814,76,388.96,257.51,52.83,175.96,0.4730,-1,-1,-1
814,75,284.02,176.05,50.95,181.19,0.2727,-1,-1,-1
814,80,472.05,88.90,66.27,185.10,0.3130,-1,-1,-1
815,4,1723.75,452.75,72.40,211.69,0.7360,-1,-1,-1
815,64,272.37,541.97,78.71,235.47,0.7999,-1,-1,-1
815,3,877.22,934.86,63.86,144.15,0.6601,-1,-1,-1
815,68,1571.37,596.42,103.82,227.98,0.6793,-1,-1,-1
815,72,985.55,589.20,67.04,233.17,0.7669,-1,-1,-1
815,73,1061.09,565.50,71.72,235.71,0.7498,-1,-1,-1
815,70,438.45,244.48,62.75,185.45,0.4962,-1,-1,-1
815,76,388.28,259.82,52.34,174.87,0.4826,-1,-1,-1
815,75,284.38,181.74,51.53,176.54,0.3370,-1,-1,-1
815,80,471.97,89.70,64.94,184.67,0.3861,-1,-1,-1
816,4,1724.18,452.28,71.75,212.69,0.7310,-1,-1,-1
816,64,271.46,544.76,79.47,237.58,0.8065,-1,-1,-1
816,3,876.54,934.21,64.14,144.84,0.6882,-1,-1,-1
816,68,1571.82,596.55,103.09,227.93,0.6859,-1,-1,-1
816,72,983.45,588.38,67.96,228.00,0.7580,-1,-1,-1
816,73,1060.12,564.09,69.85,230.85,0.7788,-1,-1,-1
816,70,437.09,247.71,63.50,186.04,0.5226,-1,-1,-1
816,76,386.95,261.54,53.91,174.15,0.4872,-1,-1,-1
816,75,284.65,184.08,52.51,174.17,0.3140,-1,-1,-1
816,80,472.24,89.89,63.12,183.64,0.3836,-1,-1,-1
817,4,1723.74,454.18,72.49,210.24,0.7360,-1,-1,-1
817,64,270.95,547.64,80.04,236.46,0.8118,-1,-1,-1
817,3,875.96,933.92,63.61,144.91,0.6946,-1,-1,-1
817,68,1571.14,597.18,103.67,227.26,0.6837,-1,-1,-1
817,72,981.58,586.79,67.83,223.45,0.7638,-1,-1,-1
817,73,1058.45,561.34,67.82,229.63,0.8024,-1,-1,-1
817,70,437.45,250.72,62.38,184.90,0.5884,-1,-1,-1
817,76,386.29,264.03,54.66,170.58,0.5317,-1,-1,-1
817,75,285.27,184.54,53.28,172.86,0.2867,-1,-1,-1
817,80,472.66,91.35,61.77,184.03,0.4443,-1,-1,-1
818,4,1723.00,452.74,72.89,212.79,0.7294,-1,-1,-1
818,64,271.28,550.10,79.95,238.48,0.8095,-1,-1,-1
818,3,874.77,933.58,64.35,145.55,0.7192,-1,-1,-1
818,68,1569.96,594.54,104.45,230.32,0.6828,-1,-1,-1
818,72,980.61,585.58,67.16,218.31,0.7791,-1,-1,-1
818,73,1055.98,558.76,67.77,229.83,0.7993,-1,-1,-1
818,70,437.71,254.68,61.46,184.15,0.5605,-1,-1,-1
818,76,385.75,266.36,53.39,167.63,0.5095,-1,-1,-1
818,75,285.61,185.04,53.77,172.50,0.3163,-1,-1,-1
818,80,473.56,93.18,59.32,183.62,0.3773,-1,-1,-1
819,4,1723.17,452.75,72.66,212.57,0.7257,-1,-1,-1
819,64,271.84,551.69,79.25,238.92,0.7908,-1,-1,-1
819,3,873.66,934.11,65.80,145.20,0.7204,-1,-1,-1
819,68,1570.52,596.32,103.31,228.52,0.7103,-1,-1,-1
819,72,979.43,583.97,65.34,216.58,0.8200,-1,-1,-1
819,73,1052.08,555.01,70.61,233.38,0.8178,-1,-1,-1
819,70,436.88,255.95,61.29,185.93,0.6076,-1,-1,-1
819,76,384.75,265.56,53.85,167.55,0.5215,-1,-1,-1
819,75,286.19,185.21,55.79,173.04,0.2886,-1,-1,-1
819,80,473.10,94.71,59.03,186.42,0.4016,-1,-1,-1
820,4,1722.89,454.92,73.41,210.38,0.7247,-1,-1,-1
820,64,272.66,552.41,78.37,239.59,0.8015,-1,-1,-1
820,3,873.00,934.56,65.20,145.15,0.7122,-1,-1,-1
820,68,1570.66,596.21,103.58,228.40,0.7059,-1,-1,-1
820,72,977.34,580.52,65.51,217.92,0.8338,-1,-1,-1
820,73,1047.47,553.17,73.98,235.02,0.8186,-1,-1,-1
820,70,436.60,259.45,61.70,184.51,0.6609,-1,-1,-1
820,76,383.67,265.56,54.67,168.39,0.5373,-1,-1,-1
820,75,286.56,186.13,56.90,172.79,0.2760,-1,-1,-1
820,80,473.17,93.85,58.46,190.97,0.5043,-1,-1,-1
820,82,789.36,131.21,64.56,180.18,0.3457,-1,-1,-1
821,4,1723.34,453.28,72.74,212.13,0.7162,-1,-1,-1
821,64,272.81,553.06,78.39,238.83,0.7834,-1,-1,-1
821,3,872.87,934.60,65.15,145.31,0.7217,-1,-1,-1
821,68,1570.61,596.84,103.41,227.83,0.6984,-1,-1,-1
821,72,975.27,577.30,66.22,219.50,0.8350,-1,-1,-1
821,73,1044.27,551.58,77.04,235.82,0.8373,-1,-1,-1
821,70,435.51,260.57,62.85,187.12,0.6441,-1,-1,-1
821,76,382.18,265.26,55.32,169.96,0.5345,-1,-1,-1
821,75,286.91,185.03,57.59,174.68,0.2930,-1,-1,-1
821,80,472.83,90.45,59.14,198.52,0.4894,-1,-1,-1
821,82,789.18,132.58,64.57,179.31,0.3234,-1,-1,-1
822,4,1722.92,453.26,73.38,212.34,0.7223,-1,-1,-1
822,64,272.87,554.29,78.99,238.12,0.7678,-1,-1,-1
822,3,872.41,935.23,65.55,144.77,0.7198,-1,-1,-1
822,68,1571.68,596.41,102.64,228.08,0.7127,-1,-1,-1
822,72,973.25,574.19,67.29,216.17,0.8117,-1,-1,-1
822,73,1041.68,550.31,79.90,236.90,0.8329,-1,-1,-1
822,70,435.76,261.58,62.74,187.24,0.6093,-1,-1,-1
822,76,382.95,264.78,54.01,170.67,0.4871,-1,-1,-1
822,75,287.53,182.75,56.57,178.09,0.2753,-1,-1,-1
822,80,472.74,90.05,58.89,201.48,0.4763,-1,-1,-1
822,82,788.48,133.74,65.33,177.39,0.3749,-1,-1,-1
823,4,1722.60,453.29,73.42,212.48,0.7329,-1,-1,-1
823,64,273.02,555.08,79.25,237.19,0.7801,-1,-1,-1
823,3,871.94,936.02,65.21,143.99,0.7139,-1,-1,-1
823,68,1571.23,595.68,102.99,228.62,0.6900,-1,-1,-1
823,72,971.69,570.28,68.05,222.82,0.8129,-1,-1,-1
823,73,1040.47,549.20,82.03,239.57,0.8219,-1,-1,-1
823,70,436.89,262.14,61.47,187.19,0.6337,-1,-1,-1
823,76,381.63,267.38,55.36,168.61,0.5640,-1,-1,-1
823,75,288.17,183.53,57.10,176.92,0.2550,-1,-1,-1
823,80,471.94,91.02,59.86,201.62,0.4623,-1,-1,-1
823,82,788.36,134.17,65.73,177.33,0.3529,-1,-1,-1
824,4,1722.42,455.34,73.98,210.73,0.7126,-1,-1,-1
824,64,272.76,555.73,80.14,236.58,0.7701,-1,-1,-1
824,3,871.12,936.45,66.00,142.70,0.7264,-1,-1,-1
824,68,1570.82,596.20,103.81,228.33,0.6786,-1,-1,-1
824,72,968.13,568.26,68.96,228.63,0.7734,-1,-1,-1
824,73,1037.37,547.84,86.17,242.38,0.7981,-1,-1,-1
824,70,436.98,262.49,61.09,187.39,0.6670,-1,-1,-1
824,76,382.11,269.94,54.67,167.27,0.5498,-1,-1,-1
824,75,289.43,184.89,55.83,175.50,0.2143,-1,-1,-1
824,80,472.27,92.03,59.23,201.44,0.4809,-1,-1,-1
824,82,788.29,133.50,66.27,178.12,0.3813,-1,-1,-1
825,4,1721.83,454.68,75.03,211.58,0.7155,-1,-1,-1
825,64,272.31,557.19,80.81,234.79,0.7746,-1,-1,-1
825,3,870.35,937.16,65.94,142.26,0.6988,-1,-1,-1
825,68,1571.52,598.41,102.48,225.96,0.6949,-1,-1,-1
825,72,966.26,566.57,68.42,231.53,0.7747,-1,-1,-1
825,73,1035.92,547.67,90.13,244.09,0.7936,-1,-1,-1
825,70,436.57,262.97,61.25,187.49,0.6562,-1,-1,-1
825,76,381.88,271.30,54.36,168.07,0.5604,-1,-1,-1
825,75,290.49,182.08,55.82,177.83,0.3282,-1,-1,-1
825,80,471.87,93.65,59.74,200.50,0.4359,-1,-1,-1
825,82,790.00,133.87,64.82,177.97,0.3886,-1,-1,-1
826,4,1720.70,455.49,76.25,209.87,0.7347,-1,-1,-1
826,64,272.08,559.00,81.30,232.84,0.7891,-1,-1,-1
826,3,868.99,937.70,66.94,142.16,0.7044,-1,-1,-1
826,68,1572.14,597.26,102.27,226.77,0.6846,-1,-1,-1
826,72,964.06,565.06,68.40,233.63,0.7711,-1,-1,-1
826,73,1035.05,547.19,91.85,242.75,0.7724,-1,-1,-1
826,70,435.48,263.95,62.09,186.87,0.6908,-1,-1,-1
826,76,381.87,272.14,53.77,167.60,0.5283,-1,-1,-1
826,75,293.25,179.14,53.83,179.81,0.2600,-1,-1,-1
826,80,471.63,93.28,60.41,200.00,0.4361,-1,-1,-1
826,82,793.59,133.97,60.83,178.85,0.3372,-1,-1,-1
827,4,1720.89,454.75,76.31,210.82,0.7305,-1,-1,-1
827,64,271.80,560.30,81.74,231.57,0.7894,-1,-1,-1
827,3,868.77,938.82,67.32,141.23,0.7117,-1,-1,-1
827,68,1571.63,596.94,103.21,227.15,0.6705,-1,-1,-1
827,72,962.82,563.66,67.79,232.38,0.7661,-1,-1,-1
827,73,1033.71,546.49,92.99,242.16,0.7692,-1,-1,-1
827,70,435.73,264.79,61.52,185.71,0.6707,-1,-1,-1
827,76,380.16,271.91,55.85,169.15,0.5153,-1,-1,-1
827,75,294.92,181.57,55.31,176.61,0.2238,-1,-1,-1
827,80,471.23,95.57,61.07,197.04,0.4098,-1,-1,-1
827,82,791.68,132.57,63.97,179.79,0.3422,-1,-1,-1
828,4,1721.02,453.77,75.19,211.69,0.7418,-1,-1,-1
828,64,271.82,561.73,81.59,231.08,0.7899,-1,-1,-1
828,3,868.37,939.29,67.34,140.77,0.7059,-1,-1,-1
828,68,1572.46,596.19,102.67,228.05,0.6732,-1,-1,-1
828,72,960.27,562.90,68.77,231.35,0.7604,-1,-1,-1
828,73,1033.07,544.87,93.97,243.33,0.7917,-1,-1,-1
828,70,436.15,264.68,60.90,185.29,0.6806,-1,-1,-1
828,76,377.11,272.10,57.71,172.14,0.5268,-1,-1,-1
828,75,296.64,177.04,59.50,181.16,0.1909,-1,-1,-1
828,80,471.36,96.58,60.93,195.33,0.4337,-1,-1,-1
828,82,791.35,132.72,64.93,179.27,0.3356,-1,-1,-1
829,4,1721.59,453.13,74.38,212.29,0.7359,-1,-1,-1
829,64,271.73,562.66,81.65,233.04,0.7948,-1,-1,-1
829,3,869.38,939.52,66.04,140.54,0.7159,-1,-1,-1
829,68,1572.00,596.22,103.17,227.72,0.6828,-1,-1,-1
829,72,958.83,561.56,69.08,232.42,0.7778,-1,-1,-1
829,73,1032.03,543.25,93.11,243.92,0.7744,-1,-1,-1
829,70,436.35,264.77,60.72,185.18,0.6979,-1,-1,-1
829,76,377.36,272.66,57.33,174.67,0.5468,-1,-1,-1
829,75,298.44,177.85,61.27,180.90,0.1524,-1,-1,-1
829,80,471.95,98.49,60.51,195.86,0.4353,-1,-1,-1
829,82,792.99,133.30,64.52,178.75,0.3188,-1,-1,-1
830,4,1721.48,452.77,74.40,212.66,0.7459,-1,-1,-1
830,64,272.32,563.76,80.80,236.83,0.7993,-1,-1,-1
830,3,868.29,940.65,67.24,139.40,0.7041,-1,-1,-1
830,68,1572.22,594.52,102.51,229.39,0.6841,-1,-1,-1
830,72,958.06,561.48,68.27,232.51,0.8000,-1,-1,-1
830,73,1031.95,541.14,92.95,245.26,0.7964,-1,-1,-1
830,70,435.78,265.94,61.16,183.98,0.6681,-1,-1,-1
830,76,373.50,272.78,59.98,176.64,0.5586,-1,-1,-1
830,80,472.63,101.61,60.04,194.32,0.3675,-1,-1,-1
830,82,795.34,133.93,62.38,178.67,0.3172,-1,-1,-1
831,4,1721.60,454.84,75.02,210.85,0.7317,-1,-1,-1
831,64,272.38,565.87,80.41,240.94,0.8094,-1,-1,-1
831,3,868.81,941.30,66.53,138.76,0.7117,-1,-1,-1
831,68,1572.91,593.91,101.50,230.19,0.7005,-1,-1,-1
831,72,956.94,561.84,68.10,232.75,0.8018,-1,-1,-1
831,73,1031.40,538.73,92.30,246.59,0.7989,-1,-1,-1
831,70,435.44,266.74,61.38,183.88,0.6206,-1,-1,-1
831,76,371.87,273.72,60.34,179.50,0.5297,-1,-1,-1
831,80,471.91,103.40,62.59,194.56,0.3575,-1,-1,-1
831,82,798.06,134.27,59.26,179.51,0.3399,-1,-1,-1
832,4,1721.20,453.53,74.92,212.19,0.7500,-1,-1,-1
832,64,272.04,568.54,80.67,242.28,0.8221,-1,-1,-1
832,3,868.98,942.15,66.89,137.85,0.6850,-1,-1,-1
832,68,1573.27,592.76,101.53,231.27,0.6939,-1,-1,-1
832,72,955.30,561.88,68.24,231.79,0.7734,-1,-1,-1
832,73,1030.76,535.94,88.90,245.85,0.7806,-1,-1,-1
832,70,435.60,267.64,62.45,183.89,0.6228,-1,-1,-1
832,76,371.09,273.85,60.88,181.17,0.5161,-1,-1,-1
832,80,472.91,104.92,63.25,171.44,0.2592,-1,-1,-1
832,82,798.39,134.36,60.33,179.44,0.3401,-1,-1,-1
833,4,1720.67,453.09,75.30,212.94,0.7515,-1,-1,-1
833,64,271.13,571.21,81.14,243.66,0.8198,-1,-1,-1
833,3,869.11,943.19,67.20,136.81,0.7038,-1,-1,-1
833,68,1572.76,591.34,101.85,232.72,0.6649,-1,-1,-1
833,72,953.46,560.41,68.52,232.14,0.7718,-1,-1,-1
833,73,1030.31,533.40,86.46,236.55,0.7929,-1,-1,-1
833,70,435.42,267.73,62.91,186.36,0.6193,-1,-1,-1
833,76,369.83,272.67,61.92,183.68,0.4358,-1,-1,-1
833,80,473.90,106.22,63.24,152.39,0.2327,-1,-1,-1
833,82,798.69,134.95,60.47,178.20,0.3587,-1,-1,-1
834,4,1719.68,454.55,77.10,211.02,0.7543,-1,-1,-1
834,64,270.31,573.75,81.13,243.90,0.8160,-1,-1,-1
834,3,868.84,943.90,68.79,136.15,0.7147,-1,-1,-1
834,68,1572.19,590.45,102.99,233.71,0.6833,-1,-1,-1
834,72,951.60,555.71,68.88,237.23,0.7565,-1,-1,-1
834,73,1030.61,529.47,83.67,232.99,0.8009,-1,-1,-1
834,70,435.63,268.08,62.42,189.03,0.5847,-1,-1,-1
834,76,368.20,272.78,62.42,183.59,0.3899,-1,-1,-1
834,80,473.90,106.78,62.16,148.18,0.1748,-1,-1,-1
834,82,799.33,135.23,60.90,178.36,0.3473,-1,-1,-1
835,4,1719.60,453.57,77.72,213.24,0.7453,-1,-1,-1
835,64,270.06,576.08,79.87,245.02,0.8265,-1,-1,-1
835,3,867.90,943.61,71.08,136.41,0.6992,-1,-1,-1
835,68,1571.11,589.14,104.03,234.97,0.6459,-1,-1,-1
835,72,949.41,552.98,69.20,238.28,0.7591,-1,-1,-1
835,73,1030.62,526.38,80.99,231.73,0.7955,-1,-1,-1
835,70,437.24,270.43,61.08,189.28,0.6503,-1,-1,-1
835,76,370.93,277.95,58.96,176.30,0.4335,-1,-1,-1
835,80,474.47,107.90,63.19,144.14,0.1543,-1,-1,-1
835,82,802.58,135.35,57.81,176.95,0.3554,-1,-1,-1
836,4,1718.76,455.43,78.37,211.08,0.7408,-1,-1,-1
836,64,269.39,578.59,79.79,245.13,0.8160,-1,-1,-1
836,3,865.42,943.31,75.65,136.69,0.7307,-1,-1,-1
836,68,1570.69,590.31,104.19,234.01,0.6676,-1,-1,-1
836,72,948.53,550.39,68.22,230.85,0.7774,-1,-1,-1
836,73,1031.61,523.39,77.20,232.70,0.7916,-1,-1,-1
836,70,438.58,272.91,59.00,189.52,0.6298,-1,-1,-1
836,76,371.86,279.46,57.78,174.30,0.4681,-1,-1,-1
836,82,803.85,135.73,57.02,176.35,0.3880,-1,-1,-1
837,4,1719.66,454.44,77.62,212.86,0.7497,-1,-1,-1
837,64,268.61,580.26,79.64,244.70,0.8030,-1,-1,-1
837,3,865.11,943.38,76.73,136.61,0.7279,-1,-1,-1
837,68,1569.45,589.72,106.22,234.83,0.6259,-1,-1,-1
837,72,946.93,547.95,67.97,227.89,0.7745,-1,-1,-1
837,73,1032.41,520.64,73.56,233.54,0.7738,-1,-1,-1
837,70,439.92,276.56,57.10,188.00,0.6280,-1,-1,-1
837,76,371.32,280.11,58.19,173.29,0.4108,-1,-1,-1
837,82,801.43,135.20,61.45,177.67,0.3661,-1,-1,-1
838,4,1718.69,455.59,78.61,209.42,0.7589,-1,-1,-1
838,64,267.91,581.74,79.28,243.19,0.7860,-1,-1,-1
838,3,864.96,943.44,77.19,136.50,0.7210,-1,-1,-1
838,68,1570.59,591.21,105.11,233.01,0.6794,-1,-1,-1
838,72,945.00,545.89,67.33,227.53,0.7841,-1,-1,-1
838,73,1033.17,519.10,71.07,234.28,0.7759,-1,-1,-1
838,70,436.71,274.42,60.77,191.91,0.6389,-1,-1,-1
838,76,360.52,277.94,67.66,176.23,0.4536,-1,-1,-1
838,82,803.58,135.48,59.61,177.28,0.3656,-1,-1,-1
839,4,1719.41,453.57,76.94,211.48,0.7576,-1,-1,-1
839,64,266.65,583.04,79.79,241.32,0.7661,-1,-1,-1
839,3,864.97,942.78,77.76,136.98,0.7168,-1,-1,-1
839,68,1570.47,591.35,105.59,232.63,0.6139,-1,-1,-1
839,72,944.20,543.49,66.73,228.55,0.7775,-1,-1,-1
839,73,1033.91,518.62,69.81,234.65,0.7687,-1,-1,-1
839,70,436.24,276.26,61.08,191.44,0.6200,-1,-1,-1
839,76,366.44,280.18,60.98,173.43,0.4413,-1,-1,-1
839,82,804.35,136.55,60.02,176.48,0.3825,-1,-1,-1
840,4,1719.94,453.02,76.28,211.85,0.7562,-1,-1,-1
840,64,264.49,584.21,80.60,239.92,0.7398,-1,-1,-1
840,3,865.18,943.44,77.87,136.13,0.7149,-1,-1,-1
840,68,1570.02,593.21,106.33,231.03,0.6464,-1,-1,-1
840,72,942.88,541.51,66.54,228.99,0.7689,-1,-1,-1
840,73,1033.80,518.25,69.19,233.88,0.7632,-1,-1,-1
840,70,434.93,275.18,62.49,192.80,0.6563,-1,-1,-1
840,76,357.63,277.15,68.85,176.57,0.5066,-1,-1,-1
840,82,805.99,137.15,58.91,175.57,0.4502,-1,-1,-1
841,4,1719.82,452.45,76.51,212.46,0.7452,-1,-1,-1
841,64,263.13,585.35,81.52,237.93,0.7611,-1,-1,-1
841,3,866.35,943.57,78.46,135.95,0.7294,-1,-1,-1
841,68,1570.82,593.71,105.69,230.85,0.6780,-1,-1,-1
841,72,941.47,539.88,66.50,230.37,0.7723,-1,-1,-1
841,73,1032.64,517.86,68.92,233.36,0.7483,-1,-1,-1
841,70,436.52,278.09,59.33,191.30,0.6529,-1,-1,-1
841,76,355.94,276.14,69.76,178.71,0.5061,-1,-1,-1
841,82,804.51,136.46,62.48,175.48,0.3898,-1,-1,-1
841,80,473.10,107.99,61.77,192.83,0.3449,-1,-1,-1
842,4,1719.54,454.88,77.24,210.24,0.7275,-1,-1,-1
842,64,262.34,585.95,82.30,237.17,0.7747,-1,-1,-1
842,3,866.32,943.52,79.19,136.08,0.7153,-1,-1,-1
842,68,1572.04,594.33,104.76,230.08,0.6521,-1,-1,-1
842,72,939.76,538.91,66.07,231.88,0.7718,-1,-1,-1
842,73,1028.97,516.87,71.33,232.94,0.7373,-1,-1,-1
842,70,437.56,278.72,58.30,190.27,0.6423,-1,-1,-1
842,76,364.39,280.88,60.62,174.59,0.5134,-1,-1,-1
842,82,804.72,136.57,62.54,175.06,0.4137,-1,-1,-1
842,80,472.08,110.37,61.55,199.20,0.2920,-1,-1,-1
843,4,1718.84,455.62,78.54,209.05,0.7330,-1,-1,-1
843,64,261.07,586.80,83.57,236.11,0.7888,-1,-1,-1
843,3,866.67,943.67,80.09,135.81,0.7212,-1,-1,-1
843,68,1571.18,593.46,105.31,231.37,0.6291,-1,-1,-1
843,72,938.45,538.27,65.87,232.12,0.7840,-1,-1,-1
843,73,1025.20,516.42,74.27,233.21,0.7531,-1,-1,-1
843,70,438.01,280.46,58.43,188.45,0.6734,-1,-1,-1
843,76,366.07,282.67,59.50,175.21,0.5542,-1,-1,-1
843,82,805.91,137.09,62.14,174.91,0.3588,-1,-1,-1
843,80,470.01,110.35,63.30,203.03,0.3018,-1,-1,-1
844,4,1719.11,454.17,78.45,211.23,0.7417,-1,-1,-1
844,64,261.03,587.77,83.50,235.45,0.7976,-1,-1,-1
844,3,867.06,943.40,80.06,136.15,0.7210,-1,-1,-1
844,68,1571.37,592.68,104.04,232.04,0.6321,-1,-1,-1
844,72,937.65,536.65,65.55,233.27,0.7894,-1,-1,-1
844,73,1022.38,516.14,75.02,232.12,0.7795,-1,-1,-1
844,70,438.16,281.65,58.51,187.41,0.6712,-1,-1,-1
844,76,361.61,281.25,63.92,180.12,0.5287,-1,-1,-1
844,82,806.09,137.10,62.54,174.54,0.3830,-1,-1,-1
844,80,469.54,111.03,63.44,202.65,0.3065,-1,-1,-1
845,4,1718.25,455.86,78.82,208.85,0.7520,-1,-1,-1
845,64,260.95,588.50,83.62,235.40,0.7995,-1,-1,-1
845,3,866.67,943.49,80.67,136.01,0.7122,-1,-1,-1
845,68,1570.81,592.76,103.83,231.63,0.6425,-1,-1,-1
845,72,936.36,535.86,66.27,233.85,0.7754,-1,-1,-1
845,73,1021.48,516.17,73.53,229.82,0.7744,-1,-1,-1
845,70,438.49,281.36,57.81,188.06,0.6707,-1,-1,-1
845,76,360.91,282.50,64.03,181.46,0.5548,-1,-1,-1
845,82,805.82,137.40,63.31,174.30,0.3506,-1,-1,-1
845,80,468.52,112.53,64.13,203.93,0.1844,-1,-1,-1
846,4,1718.08,455.91,79.10,208.40,0.7437,-1,-1,-1
846,64,260.71,589.59,84.21,236.39,0.7938,-1,-1,-1
846,3,866.47,944.25,81.15,135.15,0.7198,-1,-1,-1
846,68,1570.28,594.48,104.22,229.90,0.6631,-1,-1,-1
846,72,934.72,535.08,66.79,232.84,0.7839,-1,-1,-1
846,73,1020.22,515.42,73.76,229.17,0.7746,-1,-1,-1
846,70,438.64,282.23,57.27,187.09,0.6581,-1,-1,-1
846,76,359.27,283.94,65.41,181.94,0.5687,-1,-1,-1
846,82,805.97,137.40,63.31,174.88,0.3670,-1,-1,-1
846,80,468.32,114.62,65.18,202.07,0.2126,-1,-1,-1
847,4,1717.73,454.62,79.93,210.13,0.7455,-1,-1,-1
847,64,260.59,592.56,84.62,236.39,0.7788,-1,-1,-1
847,3,866.70,944.54,81.89,134.95,0.6940,-1,-1,-1
847,68,1569.95,594.02,104.44,230.06,0.6551,-1,-1,-1
847,72,933.55,534.17,66.93,231.16,0.7623,-1,-1,-1
847,73,1018.88,513.26,73.24,232.38,0.7549,-1,-1,-1
847,70,439.05,281.95,56.39,186.48,0.6361,-1,-1,-1
847,76,358.91,287.21,65.53,180.48,0.5599,-1,-1,-1
847,82,803.56,137.94,67.33,174.67,0.3749,-1,-1,-1
847,80,467.74,117.74,67.93,200.46,0.1682,-1,-1,-1
848,4,1717.65,453.42,79.22,211.21,0.7522,-1,-1,-1
848,64,261.28,595.12,84.04,237.43,0.7984,-1,-1,-1
848,3,866.47,944.63,82.31,134.74,0.7061,-1,-1,-1
848,68,1570.16,593.78,104.59,230.02,0.6404,-1,-1,-1
848,72,932.68,532.71,66.56,230.56,0.7652,-1,-1,-1
848,73,1017.56,511.19,72.05,228.84,0.7527,-1,-1,-1
848,70,437.80,281.10,57.08,187.74,0.6345,-1,-1,-1
848,76,357.88,288.32,65.69,180.50,0.5684,-1,-1,-1
848,82,803.84,138.85,68.22,173.51,0.3569,-1,-1,-1
848,80,468.96,118.02,67.05,192.11,0.2101,-1,-1,-1
849,4,1717.76,453.49,79.45,211.12,0.7523,-1,-1,-1
849,64,261.53,597.21,84.14,240.95,0.7930,-1,-1,-1
849,3,866.40,945.10,82.97,134.17,0.6870,-1,-1,-1
849,68,1571.98,594.38,102.94,229.87,0.6755,-1,-1,-1
849,72,931.87,530.49,65.76,231.01,0.7695,-1,-1,-1
849,73,1015.79,509.35,69.38,224.14,0.7448,-1,-1,-1
849,70,437.18,280.14,56.97,188.82,0.6425,-1,-1,-1
849,76,356.08,292.52,67.28,178.28,0.6084,-1,-1,-1
849,82,805.74,138.03,66.16,174.03,0.3704,-1,-1,-1
849,80,469.26,116.83,67.02,190.88,0.2016,-1,-1,-1
850,4,1718.24,453.29,78.99,212.64,0.7485,-1,-1,-1
850,64,261.69,599.31,84.37,241.41,0.7987,-1,-1,-1
850,3,866.90,945.13,82.93,133.81,0.6976,-1,-1,-1
850,68,1572.50,594.82,102.97,229.46,0.6772,-1,-1,-1
850,72,931.41,527.98,64.31,231.97,0.7861,-1,-1,-1
850,73,1013.80,506.69,68.01,224.11,0.8033,-1,-1,-1
850,70,436.83,278.08,59.17,194.72,0.6309,-1,-1,-1
850,76,353.76,295.96,69.54,176.65,0.5992,-1,-1,-1
850,82,806.92,137.78,65.15,174.25,0.3719,-1,-1,-1
850,80,469.16,119.89,65.12,190.13,0.2564,-1,-1,-1
851,4,1717.75,452.90,78.69,211.52,0.7410,-1,-1,-1
851,64,261.88,600.94,84.59,242.63,0.8084,-1,-1,-1
851,3,867.58,945.13,83.57,133.75,0.7023,-1,-1,-1
851,68,1572.46,593.91,103.15,230.37,0.6593,-1,-1,-1
851,72,929.68,525.80,64.59,234.27,0.7968,-1,-1,-1
851,73,1009.74,504.04,69.28,224.64,0.8158,-1,-1,-1
851,70,437.68,283.14,57.86,192.07,0.6276,-1,-1,-1
851,76,351.81,298.32,70.95,174.86,0.5636,-1,-1,-1
851,82,804.93,138.77,67.92,172.92,0.3807,-1,-1,-1
851,80,469.17,122.71,63.34,190.42,0.3289,-1,-1,-1
852,4,1717.50,455.29,79.40,209.40,0.7371,-1,-1,-1
852,64,263.46,603.26,83.59,243.56,0.8041,-1,-1,-1
852,3,868.38,945.13,83.59,133.83,0.7013,-1,-1,-1
852,68,1571.35,593.76,104.54,230.41,0.6429,-1,-1,-1
852,72,928.61,523.24,63.82,222.54,0.7424,-1,-1,-1
852,73,1007.37,502.00,69.25,225.68,0.8068,-1,-1,-1
852,70,437.65,287.27,56.12,189.55,0.5886,-1,-1,-1
852,76,349.84,298.90,72.52,175.28,0.5335,-1,-1,-1
852,82,807.42,138.04,65.06,173.45,0.3583,-1,-1,-1
852,80,468.01,123.76,63.85,189.39,0.4053,-1,-1,-1
853,4,1718.59,454.01,78.87,210.70,0.7241,-1,-1,-1
853,64,264.44,605.88,83.93,243.94,0.8003,-1,-1,-1
853,3,868.64,945.17,83.45,134.00,0.6999,-1,-1,-1
853,68,1570.87,593.29,104.27,231.00,0.6014,-1,-1,-1
853,72,926.97,520.79,65.14,213.89,0.7779,-1,-1,-1
853,73,1003.55,500.41,71.21,226.73,0.8230,-1,-1,-1
853,70,437.08,290.44,57.56,188.98,0.5941,-1,-1,-1
853,76,347.71,298.44,73.91,176.59,0.4830,-1,-1,-1
853,82,807.37,137.87,64.59,174.51,0.3888,-1,-1,-1
853,80,465.53,123.74,65.90,192.92,0.4539,-1,-1,-1
854,4,1717.55,456.01,79.84,208.46,0.7267,-1,-1,-1
854,64,264.68,607.10,84.56,245.35,0.8173,-1,-1,-1
854,3,868.74,944.95,83.81,134.00,0.7023,-1,-1,-1
854,68,1569.15,593.92,106.06,230.29,0.6001,-1,-1,-1
854,72,926.49,518.21,65.49,217.47,0.7970,-1,-1,-1
854,73,998.67,498.75,75.12,228.69,0.8229,-1,-1,-1
854,70,437.19,289.75,57.59,192.76,0.6080,-1,-1,-1
854,76,347.07,297.48,73.50,177.72,0.4767,-1,-1,-1
854,82,807.48,137.82,64.61,174.60,0.3739,-1,-1,-1
854,80,463.19,122.69,67.90,196.63,0.4866,-1,-1,-1
855,4,1717.28,456.50,80.09,207.79,0.7343,-1,-1,-1
855,64,266.12,608.72,84.03,245.98,0.8212,-1,-1,-1
855,3,869.58,944.62,83.21,134.25,0.7196,-1,-1,-1
855,68,1569.87,593.09,105.34,231.15,0.6229,-1,-1,-1
855,72,925.97,515.55,65.08,219.97,0.7904,-1,-1,-1
855,73,996.84,496.87,76.50,230.81,0.7963,-1,-1,-1
855,70,436.29,290.77,58.42,194.08,0.6363,-1,-1,-1
855,76,344.42,299.99,74.92,175.60,0.4918,-1,-1,-1
855,82,807.14,137.68,65.04,175.85,0.3572,-1,-1,-1
855,80,464.58,123.97,66.29,197.64,0.5019,-1,-1,-1
856,4,1717.29,457.00,80.42,208.73,0.7431,-1,-1,-1
856,64,267.00,610.19,83.96,244.32,0.8047,-1,-1,-1
856,3,871.36,944.48,82.07,134.18,0.7288,-1,-1,-1
856,68,1570.87,592.32,105.03,232.16,0.6386,-1,-1,-1
856,72,925.08,512.61,65.27,222.28,0.8041,-1,-1,-1
856,73,995.18,495.27,78.94,232.77,0.8203,-1,-1,-1
856,70,435.73,292.20,58.39,195.20,0.6012,-1,-1,-1
856,76,343.96,299.78,74.30,176.74,0.4821,-1,-1,-1
856,82,807.14,137.29,64.71,175.54,0.3594,-1,-1,-1
856,80,466.46,125.04,63.96,196.71,0.4606,-1,-1,-1
857,4,1717.93,454.87,78.57,211.70,0.7293,-1,-1,-1
857,64,268.49,611.07,83.18,242.56,0.7873,-1,-1,-1
857,3,872.56,943.90,80.79,134.68,0.7175,-1,-1,-1
857,68,1571.64,592.34,104.71,232.18,0.6287,-1,-1,-1
857,72,922.18,510.88,66.46,224.67,0.7821,-1,-1,-1
857,73,994.63,494.54,80.29,234.26,0.8036,-1,-1,-1
857,70,435.07,293.84,59.11,195.21,0.6070,-1,-1,-1
857,76,347.48,303.31,69.24,171.63,0.5091,-1,-1,-1
857,82,807.60,137.46,63.97,174.74,0.3360,-1,-1,-1
857,80,467.83,127.67,62.46,196.85,0.4170,-1,-1,-1
858,4,1717.09,456.68,79.89,209.52,0.7343,-1,-1,-1
858,64,269.82,611.89,82.81,242.39,0.7962,-1,-1,-1
858,3,873.46,943.58,80.36,135.17,0.7261,-1,-1,-1
858,68,1572.75,593.96,103.34,230.50,0.6807,-1,-1,-1
858,72,920.56,509.75,66.65,224.29,0.7671,-1,-1,-1
858,73,991.58,493.87,83.67,235.14,0.7999,-1,-1,-1
858,70,433.18,294.18,63.50,194.81,0.5713,-1,-1,-1
858,76,346.01,304.20,71.84,172.62,0.5355,-1,-1,-1
858,82,806.48,137.43,65.06,173.71,0.3386,-1,-1,-1
858,80,468.04,129.94,62.48,196.16,0.3986,-1,-1,-1
859,4,1715.75,457.33,81.40,209.63,0.7309,-1,-1,-1
859,64,269.70,611.68,84.18,243.37,0.8007,-1,-1,-1
859,3,874.61,943.76,79.71,135.24,0.7380,-1,-1,-1
859,68,1573.00,593.87,103.51,230.71,0.6466,-1,-1,-1
859,72,918.62,507.28,66.71,226.86,0.7698,-1,-1,-1
859,73,991.34,493.94,84.20,234.70,0.7931,-1,-1,-1
859,70,434.42,298.23,61.15,190.28,0.5968,-1,-1,-1
859,76,345.61,303.89,72.97,173.63,0.5207,-1,-1,-1
859,82,807.15,137.25,64.33,173.84,0.3451,-1,-1,-1
859,80,469.45,132.26,61.91,195.24,0.3147,-1,-1,-1
860,4,1715.62,456.67,81.40,209.88,0.7422,-1,-1,-1
860,64,270.04,612.06,84.70,242.35,0.8107,-1,-1,-1
860,3,875.38,942.75,79.58,136.61,0.7251,-1,-1,-1
860,68,1572.73,593.51,104.18,230.69,0.6056,-1,-1,-1
860,72,916.81,505.49,66.81,228.50,0.7682,-1,-1,-1
860,73,989.10,493.45,86.60,234.98,0.7727,-1,-1,-1
860,70,434.17,300.12,60.08,189.10,0.6102,-1,-1,-1
860,76,345.46,301.99,73.43,177.03,0.5335,-1,-1,-1
860,82,806.47,137.60,64.90,172.91,0.3369,-1,-1,-1
860,80,468.91,132.85,63.05,195.46,0.4135,-1,-1,-1
860,84,1403.40,1017.41,68.76,62.41,0.5025,-1,-1,-1
861,4,1715.13,456.50,82.24,209.73,0.7504,-1,-1,-1
861,64,270.15,613.11,85.66,241.20,0.8144,-1,-1,-1
861,3,876.47,942.90,79.92,136.92,0.7459,-1,-1,-1
861,68,1572.37,596.98,103.32,227.24,0.6546,-1,-1,-1
861,72,915.29,503.28,66.58,231.23,0.7795,-1,-1,-1
861,73,988.15,492.71,87.81,234.78,0.7825,-1,-1,-1
861,70,432.03,300.38,63.09,188.54,0.5889,-1,-1,-1
861,76,347.16,302.44,69.21,178.07,0.5315,-1,-1,-1
861,82,806.21,137.58,64.94,173.11,0.3156,-1,-1,-1
861,80,469.08,132.77,63.55,196.04,0.4189,-1,-1,-1
861,84,1400.65,1015.55,73.78,64.40,0.5850,-1,-1,-1
862,4,1715.63,456.62,82.15,210.28,0.7359,-1,-1,-1
862,64,270.16,613.25,85.52,240.53,0.8135,-1,-1,-1
862,3,877.71,943.54,78.97,136.47,0.7284,-1,-1,-1
862,68,1571.94,596.98,104.34,227.00,0.6382,-1,-1,-1
862,72,914.50,501.91,66.14,233.25,0.7648,-1,-1,-1
862,73,988.05,491.35,86.07,234.48,0.7788,-1,-1,-1
862,70,432.93,300.12,60.89,187.52,0.5820,-1,-1,-1
862,76,347.76,303.18,67.83,180.38,0.4919,-1,-1,-1
862,82,806.90,137.45,63.91,174.08,0.3184,-1,-1,-1
862,80,470.28,133.10,64.05,196.52,0.4276,-1,-1,-1
862,84,1394.50,1012.92,80.08,67.09,0.6172,-1,-1,-1
863,4,1716.10,456.60,81.64,210.33,0.7417,-1,-1,-1
863,64,270.32,613.65,85.74,240.64,0.8159,-1,-1,-1
863,3,879.32,942.75,78.26,137.00,0.7318,-1,-1,-1
863,68,1571.66,595.28,104.78,228.56,0.6401,-1,-1,-1
863,72,913.14,500.83,66.07,232.98,0.7730,-1,-1,-1
863,73,988.44,489.35,85.48,235.00,0.7993,-1,-1,-1
863,70,432.70,301.07,60.62,187.33,0.5951,-1,-1,-1
863,76,346.96,306.66,68.06,180.44,0.5695,-1,-1,-1
863,82,805.82,138.09,64.85,173.08,0.2905,-1,-1,-1
863,80,471.29,134.07,64.90,194.04,0.3797,-1,-1,-1
863,84,1390.50,1009.82,82.88,70.18,0.6327,-1,-1,-1
864,4,1716.19,457.13,82.12,209.97,0.7394,-1,-1,-1
864,64,270.92,614.89,85.67,240.05,0.8133,-1,-1,-1
864,3,880.64,942.53,78.25,137.09,0.7424,-1,-1,-1
864,68,1572.37,594.54,104.54,229.20,0.6341,-1,-1,-1
864,72,912.58,500.16,65.66,232.61,0.7634,-1,-1,-1
864,73,986.53,486.73,85.19,235.96,0.8034,-1,-1,-1
864,70,432.48,302.37,61.58,187.06,0.5669,-1,-1,-1
864,76,346.74,309.21,67.34,179.29,0.5457,-1,-1,-1
864,82,805.90,138.18,64.97,173.15,0.2926,-1,-1,-1
864,80,472.35,136.47,64.58,189.96,0.3041,-1,-1,-1
864,84,1387.12,1005.78,85.55,74.24,0.6629,-1,-1,-1
864,85,1083.80,0.01,57.41,126.58,0.3954,-1,-1,-1
865,4,1716.88,456.82,81.37,208.69,0.7306,-1,-1,-1
865,64,272.39,617.35,84.65,243.10,0.8342,-1,-1,-1
865,3,882.02,942.63,78.50,137.25,0.7299,-1,-1,-1
865,68,1572.01,594.23,104.97,229.63,0.6472,-1,-1,-1
865,72,911.23,498.91,65.49,229.63,0.7619,-1,-1,-1
865,73,985.80,484.46,84.32,235.90,0.7995,-1,-1,-1
865,70,432.21,303.11,62.41,186.95,0.5809,-1,-1,-1
865,76,346.63,311.84,69.06,179.09,0.5941,-1,-1,-1
865,82,806.69,137.61,63.54,173.64,0.2975,-1,-1,-1
865,80,472.42,138.16,64.62,186.88,0.2997,-1,-1,-1
865,84,1384.35,1001.80,88.98,78.16,0.6827,-1,-1,-1
865,85,1084.55,1.10,57.53,127.63,0.3841,-1,-1,-1
866,4,1717.82,456.93,80.45,208.87,0.7201,-1,-1,-1
866,64,273.38,619.51,83.98,246.73,0.8294,-1,-1,-1
866,3,883.28,942.61,79.47,137.36,0.7356,-1,-1,-1
866,68,1572.18,594.28,104.97,229.33,0.6132,-1,-1,-1
866,72,909.66,497.39,66.10,227.38,0.7880,-1,-1,-1
866,73,984.79,481.82,84.03,234.57,0.7927,-1,-1,-1
866,70,432.22,303.94,62.68,186.39,0.5399,-1,-1,-1
866,76,345.33,313.67,70.90,178.19,0.5718,-1,-1,-1
866,82,805.67,137.55,64.51,172.70,0.3052,-1,-1,-1
866,80,472.07,138.62,64.40,185.93,0.3216,-1,-1,-1
866,84,1381.78,998.20,91.63,81.78,0.6802,-1,-1,-1
866,85,1085.54,1.30,57.52,131.00,0.3092,-1,-1,-1
867,4,1718.09,456.96,80.24,209.76,0.7129,-1,-1,-1
867,64,273.92,620.76,84.06,249.88,0.8263,-1,-1,-1
867,3,885.65,941.97,79.03,138.02,0.7373,-1,-1,-1
867,68,1572.41,593.30,104.61,230.34,0.6164,-1,-1,-1
867,72,907.23,496.17,67.73,223.02,0.7794,-1,-1,-1
867,73,984.20,478.73,83.05,230.54,0.7734,-1,-1,-1
867,70,432.38,301.74,60.66,189.58,0.5465,-1,-1,-1
867,76,345.09,317.49,70.20,175.69,0.5578,-1,-1,-1
867,82,805.06,137.43,64.35,172.46,0.3250,-1,-1,-1
867,80,471.95,138.11,63.22,185.73,0.3147,-1,-1,-1
867,84,1380.26,994.26,93.26,85.73,0.6755,-1,-1,-1
867,85,1086.10,0.43,57.35,133.43,0.3161,-1,-1,-1
868,4,1718.30,456.89,79.36,209.18,0.7020,-1,-1,-1
868,64,273.28,622.10,85.31,252.45,0.8356,-1,-1,-1
868,3,888.02,941.57,78.75,138.45,0.7425,-1,-1,-1
868,68,1573.31,592.65,103.06,230.68,0.6530,-1,-1,-1
868,72,904.89,494.73,68.96,219.69,0.7652,-1,-1,-1
868,73,985.71,475.97,79.31,224.42,0.7794,-1,-1,-1
868,70,432.74,300.95,58.84,194.95,0.5579,-1,-1,-1
868,76,344.82,318.33,69.74,175.12,0.5317,-1,-1,-1
868,82,805.27,137.88,64.23,173.01,0.2843,-1,-1,-1
868,80,470.62,138.75,64.39,183.12,0.2259,-1,-1,-1
868,84,1379.10,988.93,94.43,91.06,0.6580,-1,-1,-1
868,85,1087.25,0.12,54.83,135.30,0.3573,-1,-1,-1
869,4,1718.31,457.22,79.80,208.82,0.7086,-1,-1,-1
869,64,273.52,624.65,85.64,250.31,0.8310,-1,-1,-1
869,3,891.57,941.02,77.91,139.00,0.7291,-1,-1,-1
869,68,1573.26,593.74,103.33,229.69,0.6363,-1,-1,-1
869,72,903.17,492.76,70.32,214.85,0.7709,-1,-1,-1
869,73,987.02,473.38,75.90,223.98,0.7593,-1,-1,-1
869,70,432.22,301.81,60.35,198.02,0.4983,-1,-1,-1
869,76,346.08,316.11,68.69,176.96,0.4887,-1,-1,-1
869,82,805.82,137.59,63.86,174.13,0.2824,-1,-1,-1
869,80,469.28,139.24,64.99,178.12,0.2411,-1,-1,-1
869,84,1378.91,984.79,94.10,95.18,0.6839,-1,-1,-1
869,85,1087.76,0.42,53.69,135.09,0.3376,-1,-1,-1
870,4,1718.01,457.80,80.17,206.73,0.7190,-1,-1,-1
870,64,273.94,627.24,85.78,251.26,0.8335,-1,-1,-1
870,3,894.06,940.71,76.91,139.26,0.7350,-1,-1,-1
870,68,1573.94,594.41,102.55,229.33,0.6513,-1,-1,-1
870,72,901.42,490.93,70.44,214.88,0.7293,-1,-1,-1
870,73,988.69,472.00,71.50,223.32,0.7483,-1,-1,-1
870,70,433.86,311.21,57.66,193.35,0.5615,-1,-1,-1
870,76,354.72,318.22,61.51,173.21,0.5097,-1,-1,-1
870,82,806.84,137.20,62.66,174.86,0.2738,-1,-1,-1
870,80,467.41,139.37,66.95,175.74,0.2071,-1,-1,-1
870,84,1378.63,982.33,93.84,97.63,0.7182,-1,-1,-1
870,85,1087.99,0.10,52.44,135.35,0.3203,-1,-1,-1
871,4,1717.64,457.63,80.57,207.88,0.7024,-1,-1,-1
871,64,275.03,630.06,85.70,253.67,0.8329,-1,-1,-1
871,3,896.57,941.41,75.55,138.64,0.7386,-1,-1,-1
871,68,1573.82,594.59,102.22,229.79,0.6155,-1,-1,-1
871,72,899.81,488.72,70.60,215.19,0.7349,-1,-1,-1
871,73,989.24,469.87,68.72,224.66,0.7535,-1,-1,-1
871,70,434.68,314.79,55.88,191.42,0.5784,-1,-1,-1
871,76,355.65,316.81,59.54,175.46,0.4939,-1,-1,-1
871,82,806.49,137.40,62.49,175.44,0.2898,-1,-1,-1
871,80,467.91,142.52,67.38,185.34,0.2094,-1,-1,-1
871,84,1377.40,979.72,94.40,100.31,0.7130,-1,-1,-1
871,85,1088.14,0.05,51.49,134.92,0.3002,-1,-1,-1
872,4,1717.29,457.96,80.84,208.12,0.7106,-1,-1,-1
872,64,276.80,632.69,83.72,254.92,0.8345,-1,-1,-1
872,3,898.13,941.56,76.01,138.53,0.7319,-1,-1,-1
872,68,1572.22,595.51,103.74,228.88,0.6104,-1,-1,-1
872,72,898.26,487.39,70.94,216.44,0.7405,-1,-1,-1
872,73,988.84,468.38,67.45,225.84,0.7481,-1,-1,-1
872,70,434.43,317.34,55.07,191.72,0.5832,-1,-1,-1
872,76,355.89,314.65,58.41,178.35,0.4965,-1,-1,-1
872,82,806.13,137.89,62.89,175.36,0.2930,-1,-1,-1
872,80,463.98,142.18,71.67,195.72,0.2784,-1,-1,-1
872,84,1375.42,976.62,96.12,103.42,0.7116,-1,-1,-1
872,85,1087.63,0.02,51.99,136.88,0.3735,-1,-1,-1
873,4,1717.15,458.12,80.74,207.92,0.7082,-1,-1,-1
873,64,277.09,634.14,83.85,255.43,0.8346,-1,-1,-1
873,3,900.17,941.55,76.20,138.51,0.7333,-1,-1,-1
873,68,1571.39,596.03,104.75,228.15,0.5872,-1,-1,-1
873,72,897.79,486.39,70.72,219.08,0.7346,-1,-1,-1
873,73,989.23,467.64,66.19,225.23,0.7414,-1,-1,-1
873,70,433.78,317.30,56.94,193.42,0.6037,-1,-1,-1
873,76,355.98,314.91,57.99,177.65,0.5167,-1,-1,-1
873,82,805.90,137.94,62.61,174.24,0.2886,-1,-1,-1
873,80,464.85,141.60,70.49,198.24,0.2951,-1,-1,-1
873,84,1373.32,974.54,97.13,105.49,0.7211,-1,-1,-1
873,85,1087.42,1.51,52.81,140.86,0.3506,-1,-1,-1
874,4,1718.08,458.34,79.82,208.06,0.6926,-1,-1,-1
874,64,277.29,635.17,84.99,255.11,0.8307,-1,-1,-1
874,3,900.72,941.00,76.87,138.99,0.7366,-1,-1,-1
874,68,1572.13,596.94,104.45,227.28,0.6304,-1,-1,-1
874,72,897.63,484.12,70.06,221.04,0.7180,-1,-1,-1
874,73,989.58,467.17,65.75,224.96,0.7301,-1,-1,-1
874,70,432.26,315.01,58.73,195.82,0.6154,-1,-1,-1
874,76,355.54,315.26,56.89,177.70,0.5332,-1,-1,-1
874,82,804.72,137.64,63.03,174.04,0.2800,-1,-1,-1
874,80,467.09,143.11,69.50,198.06,0.2873,-1,-1,-1
874,84,1371.31,973.46,97.70,106.55,0.7276,-1,-1,-1
874,85,1087.37,1.19,54.20,141.55,0.3408,-1,-1,-1
875,4,1717.95,458.48,79.56,207.24,0.6884,-1,-1,-1
875,64,279.19,635.86,83.71,253.94,0.8214,-1,-1,-1
875,3,902.28,940.31,76.50,139.70,0.7270,-1,-1,-1
875,68,1572.52,597.25,104.14,226.57,0.6246,-1,-1,-1
875,72,896.28,482.96,69.61,221.00,0.7289,-1,-1,-1
875,73,989.85,466.86,65.31,225.17,0.7286,-1,-1,-1
875,70,431.82,313.44,59.75,197.87,0.5711,-1,-1,-1
875,76,355.18,317.90,57.71,175.68,0.5188,-1,-1,-1
875,82,804.40,137.76,62.83,174.09,0.2885,-1,-1,-1
875,80,468.36,144.96,68.83,198.36,0.2622,-1,-1,-1
875,84,1369.98,971.91,97.44,108.09,0.7076,-1,-1,-1
875,85,1086.91,0.46,55.96,143.58,0.2983,-1,-1,-1
876,4,1718.54,458.07,79.20,207.56,0.6897,-1,-1,-1
876,64,279.88,636.43,84.63,253.78,0.8137,-1,-1,-1
876,3,902.46,940.06,78.08,139.95,0.7461,-1,-1,-1
876,68,1572.95,598.17,102.74,225.61,0.6200,-1,-1,-1
876,72,895.70,482.32,68.82,222.39,0.7304,-1,-1,-1
876,73,989.40,466.95,65.13,226.00,0.7279,-1,-1,-1
876,70,431.83,314.02,59.86,196.78,0.5746,-1,-1,-1
876,76,353.77,319.22,60.66,175.93,0.4854,-1,-1,-1
876,82,804.26,137.30,62.47,173.34,0.2765,-1,-1,-1
876,80,468.41,145.74,68.78,195.32,0.2935,-1,-1,-1
876,84,1367.76,970.62,97.77,109.37,0.7050,-1,-1,-1
876,85,1086.84,0.19,57.13,146.21,0.3062,-1,-1,-1
877,4,1718.55,458.07,79.42,207.57,0.6724,-1,-1,-1
877,64,281.11,637.52,83.05,253.12,0.7986,-1,-1,-1
877,3,903.02,939.45,78.26,140.56,0.7298,-1,-1,-1
877,68,1573.14,597.77,103.04,226.20,0.6013,-1,-1,-1
877,72,895.36,482.17,68.71,223.11,0.7215,-1,-1,-1
877,73,987.73,466.15,66.21,226.90,0.7180,-1,-1,-1
877,70,431.14,314.34,61.10,195.77,0.5499,-1,-1,-1
877,76,353.66,321.08,60.40,177.47,0.5163,-1,-1,-1
877,82,805.64,136.92,60.68,173.98,0.2802,-1,-1,-1
877,80,469.07,148.09,68.49,190.90,0.2865,-1,-1,-1
877,84,1365.56,968.44,98.53,111.56,0.6994,-1,-1,-1
877,85,1086.54,0.06,58.43,148.59,0.3418,-1,-1,-1
878,4,1719.17,457.68,78.43,207.51,0.6347,-1,-1,-1
878,64,282.36,638.88,84.12,251.99,0.7849,-1,-1,-1
878,3,903.87,939.19,79.51,140.81,0.7348,-1,-1,-1
878,68,1573.74,597.29,102.45,227.02,0.5767,-1,-1,-1
878,72,895.08,480.76,67.78,224.06,0.7172,-1,-1,-1
878,73,987.21,465.15,65.85,226.76,0.7108,-1,-1,-1
878,70,430.00,316.29,61.40,194.33,0.5509,-1,-1,-1
878,76,354.86,321.56,58.85,181.13,0.4853,-1,-1,-1
878,82,806.55,136.52,59.61,174.96,0.2768,-1,-1,-1
878,80,469.58,148.70,67.99,190.45,0.1963,-1,-1,-1
878,84,1362.20,966.17,101.18,113.82,0.7179,-1,-1,-1
878,85,1086.01,0.02,59.87,149.70,0.4435,-1,-1,-1
879,4,1719.26,457.21,78.37,207.95,0.6276,-1,-1,-1
879,64,283.17,640.36,85.22,250.57,0.7805,-1,-1,-1
879,3,903.85,938.96,80.46,141.02,0.7363,-1,-1,-1
879,68,1573.84,598.99,101.33,225.65,0.5914,-1,-1,-1
879,72,894.52,480.38,66.89,223.53,0.7191,-1,-1,-1
879,73,985.23,464.43,66.49,226.47,0.6855,-1,-1,-1
879,70,429.17,314.40,61.74,196.61,0.5049,-1,-1,-1
879,76,353.18,323.04,60.51,182.89,0.4137,-1,-1,-1
879,82,807.65,136.34,58.18,175.41,0.2863,-1,-1,-1
879,80,470.86,153.43,68.02,174.00,0.1794,-1,-1,-1
879,84,1361.14,963.65,101.39,116.32,0.7322,-1,-1,-1
879,85,1085.93,0.01,60.47,152.17,0.4385,-1,-1,-1
879,86,1772.21,681.38,66.08,246.09,0.3978,-1,-1,-1
880,4,1719.95,457.27,77.46,207.88,0.6364,-1,-1,-1
880,64,284.36,641.47,84.07,249.59,0.7548,-1,-1,-1
880,3,904.91,938.16,80.11,141.83,0.7405,-1,-1,-1
880,68,1574.25,597.56,101.00,226.49,0.6109,-1,-1,-1
880,72,894.18,478.62,66.79,223.41,0.6968,-1,-1,-1
880,73,984.06,462.74,66.69,225.61,0.6942,-1,-1,-1
880,70,428.33,317.84,62.40,191.96,0.5741,-1,-1,-1
880,76,342.70,323.46,71.53,184.71,0.4253,-1,-1,-1
880,82,807.23,136.55,58.21,176.61,0.2792,-1,-1,-1
880,84,1361.08,960.41,101.08,119.55,0.7310,-1,-1,-1
880,85,1086.06,0.00,61.16,154.15,0.3936,-1,-1,-1
880,86,1769.33,680.39,67.19,257.25,0.4032,-1,-1,-1
881,4,1719.81,457.51,78.13,208.01,0.6280,-1,-1,-1
881,64,285.02,642.43,85.08,248.53,0.7754,-1,-1,-1
881,3,905.07,937.75,80.67,142.23,0.7478,-1,-1,-1
881,68,1573.61,598.51,102.08,225.82,0.5645,-1,-1,-1
881,72,894.16,477.10,66.01,221.65,0.6618,-1,-1,-1
881,73,982.72,460.32,65.76,224.20,0.7037,-1,-1,-1
881,70,428.32,319.90,61.47,189.51,0.5265,-1,-1,-1
881,76,339.44,324.60,73.89,187.14,0.4008,-1,-1,-1
881,82,807.14,136.97,57.84,175.13,0.2912,-1,-1,-1
881,84,1360.14,957.26,100.31,122.75,0.7438,-1,-1,-1
881,85,1087.35,0.01,60.17,155.89,0.3402,-1,-1,-1
881,86,1767.25,680.96,69.92,257.66,0.3960,-1,-1,-1
882,4,1720.40,457.72,76.95,208.11,0.6419,-1,-1,-1
882,64,285.58,643.69,85.83,247.36,0.7642,-1,-1,-1
882,3,905.33,937.26,81.50,142.71,0.7535,-1,-1,-1
882,68,1574.44,597.72,101.09,226.59,0.6032,-1,-1,-1
882,72,893.86,474.74,65.31,224.80,0.6665,-1,-1,-1
882,73,980.99,457.17,65.32,222.47,0.6954,-1,-1,-1
882,70,428.58,321.16,60.79,187.85,0.5303,-1,-1,-1
882,76,338.07,328.04,74.13,185.21,0.3440,-1,-1,-1
882,82,807.48,137.56,57.01,175.32,0.3034,-1,-1,-1
882,84,1358.98,952.86,99.73,127.10,0.7456,-1,-1,-1
882,85,1087.71,0.01,61.75,156.55,0.2647,-1,-1,-1
882,86,1764.14,681.25,71.61,253.19,0.4364,-1,-1,-1
883,4,1721.30,457.84,76.33,207.80,0.6434,-1,-1,-1
883,64,286.13,645.20,86.79,246.15,0.7839,-1,-1,-1
883,3,905.11,937.04,81.75,142.98,0.7433,-1,-1,-1
883,68,1575.03,597.09,99.56,227.18,0.5790,-1,-1,-1
883,72,893.34,471.56,64.15,212.74,0.6738,-1,-1,-1
883,73,979.31,454.71,65.98,219.66,0.7291,-1,-1,-1
883,70,427.37,320.54,61.74,187.99,0.5490,-1,-1,-1
883,76,336.36,330.99,75.48,183.23,0.4044,-1,-1,-1
883,82,806.54,137.02,57.84,174.03,0.2916,-1,-1,-1
883,84,1358.19,949.14,98.64,130.36,0.7895,-1,-1,-1
883,85,1090.29,0.43,63.91,157.89,0.1535,-1,-1,-1
883,86,1762.78,682.86,73.22,246.17,0.4768,-1,-1,-1
884,4,1722.10,457.72,75.26,207.79,0.6231,-1,-1,-1
884,64,286.98,647.76,86.30,244.31,0.7821,-1,-1,-1
884,3,905.85,937.66,81.75,142.30,0.7342,-1,-1,-1
884,68,1575.92,597.81,98.59,226.55,0.5574,-1,-1,-1
884,72,892.33,467.73,62.98,217.19,0.6514,-1,-1,-1
884,73,976.83,452.06,66.86,219.37,0.6877,-1,-1,-1
884,70,427.60,320.03,60.62,190.27,0.5480,-1,-1,-1
884,76,333.70,334.08,77.26,180.49,0.3965,-1,-1,-1
884,82,805.52,136.42,58.69,175.84,0.2865,-1,-1,-1
884,84,1356.82,944.36,97.06,134.63,0.7984,-1,-1,-1
884,85,1091.69,0.90,64.14,158.66,0.1558,-1,-1,-1
884,86,1761.68,683.74,73.23,231.49,0.5461,-1,-1,-1
885,4,1722.20,457.82,75.30,207.26,0.6060,-1,-1,-1
885,64,287.31,649.64,85.95,244.36,0.7685,-1,-1,-1
885,3,906.99,937.37,81.11,142.59,0.7218,-1,-1,-1
885,68,1575.25,599.07,99.10,225.36,0.5474,-1,-1,-1
885,72,891.86,464.98,62.34,219.59,0.6928,-1,-1,-1
885,73,974.62,449.51,68.19,219.47,0.7033,-1,-1,-1
885,70,427.51,319.56,60.65,194.76,0.5346,-1,-1,-1
885,76,335.21,333.14,75.96,181.62,0.3670,-1,-1,-1
885,82,805.40,136.97,58.77,175.60,0.2636,-1,-1,-1
885,84,1356.58,939.91,95.12,139.69,0.8061,-1,-1,-1
885,85,1093.74,1.85,62.98,158.58,0.2335,-1,-1,-1
885,86,1759.56,684.46,75.35,222.62,0.5179,-1,-1,-1
886,4,1721.94,457.58,75.15,207.51,0.6142,-1,-1,-1
886,64,288.23,651.87,85.01,245.68,0.7486,-1,-1,-1
886,3,907.05,936.88,81.52,143.12,0.7282,-1,-1,-1
886,68,1575.33,598.48,100.25,226.14,0.5657,-1,-1,-1
886,72,891.36,461.56,62.35,219.88,0.6869,-1,-1,-1
886,73,971.37,446.63,70.68,221.56,0.7013,-1,-1,-1
886,70,427.41,320.43,59.67,197.28,0.4826,-1,-1,-1
886,76,333.17,335.48,77.88,179.13,0.3758,-1,-1,-1
886,82,805.51,137.70,58.34,174.90,0.2350,-1,-1,-1
886,84,1355.88,935.73,93.54,143.88,0.8077,-1,-1,-1
886,85,1095.52,0.69,62.01,158.15,0.2044,-1,-1,-1
886,86,1757.81,684.69,78.48,223.13,0.4777,-1,-1,-1
887,4,1721.87,457.17,75.14,207.81,0.6178,-1,-1,-1
887,64,288.77,654.03,84.05,246.45,0.7591,-1,-1,-1
887,3,908.11,937.12,81.22,142.91,0.7180,-1,-1,-1
887,68,1575.22,599.39,100.22,225.05,0.5515,-1,-1,-1
887,72,890.76,461.36,62.55,215.99,0.7273,-1,-1,-1
887,73,970.13,444.76,71.68,223.25,0.7183,-1,-1,-1
887,70,426.59,322.73,61.08,199.00,0.4813,-1,-1,-1
887,76,330.41,337.26,79.57,177.00,0.3587,-1,-1,-1
887,82,805.73,137.86,58.30,175.40,0.2459,-1,-1,-1
887,84,1354.16,931.66,94.73,146.72,0.7670,-1,-1,-1
887,85,1097.19,1.11,61.45,157.10,0.2494,-1,-1,-1
887,86,1757.59,684.81,77.01,221.79,0.5131,-1,-1,-1
888,4,1721.19,457.98,75.88,206.95,0.6289,-1,-1,-1
888,64,289.89,655.65,82.71,247.84,0.7449,-1,-1,-1
888,3,908.72,936.97,80.55,143.02,0.7097,-1,-1,-1
888,68,1575.47,599.32,100.63,225.60,0.5522,-1,-1,-1
888,72,890.57,458.29,62.87,219.59,0.7332,-1,-1,-1
888,73,968.93,443.82,73.31,223.07,0.7357,-1,-1,-1
888,70,426.82,325.20,61.11,199.77,0.5077,-1,-1,-1
888,76,329.46,338.47,79.38,175.56,0.4275,-1,-1,-1
888,82,805.16,137.45,58.78,176.46,0.2581,-1,-1,-1
888,84,1353.64,929.58,93.91,149.82,0.7714,-1,-1,-1
888,85,1098.91,1.97,60.75,155.36,0.2767,-1,-1,-1
888,86,1756.28,685.42,77.70,222.28,0.5528,-1,-1,-1
889,4,1720.72,457.22,76.89,207.90,0.6436,-1,-1,-1
889,64,291.49,658.41,80.88,247.46,0.7296,-1,-1,-1
889,3,909.63,937.33,80.43,142.69,0.7266,-1,-1,-1
889,68,1575.60,599.66,99.25,224.93,0.5401,-1,-1,-1
889,72,890.43,456.43,62.75,221.35,0.7349,-1,-1,-1
889,73,967.94,443.25,75.10,224.03,0.7420,-1,-1,-1
889,70,427.10,324.96,60.70,200.02,0.5056,-1,-1,-1
889,76,330.06,340.03,77.91,173.55,0.4203,-1,-1,-1
889,82,805.78,137.46,58.19,175.81,0.2455,-1,-1,-1
889,84,1350.76,926.17,96.49,153.33,0.7713,-1,-1,-1
889,85,1100.94,1.12,59.74,158.87,0.3399,-1,-1,-1
889,86,1756.48,684.16,77.58,226.86,0.5120,-1,-1,-1
890,4,1720.27,456.66,77.87,209.23,0.6657,-1,-1,-1
890,64,291.82,659.84,80.69,249.96,0.7123,-1,-1,-1
890,3,911.20,937.28,78.88,142.75,0.7380,-1,-1,-1
890,68,1575.27,599.82,99.31,224.99,0.5310,-1,-1,-1
890,72,890.04,456.39,62.38,219.60,0.7159,-1,-1,-1
890,73,966.07,442.86,76.67,224.58,0.7272,-1,-1,-1
890,70,424.56,328.08,62.14,201.07,0.5095,-1,-1,-1
890,76,332.09,341.61,74.32,171.56,0.4890,-1,-1,-1
890,82,807.57,137.27,56.70,175.93,0.2402,-1,-1,-1
890,84,1347.48,924.58,98.35,155.25,0.7560,-1,-1,-1
890,85,1101.86,4.20,59.88,156.84,0.3593,-1,-1,-1
890,86,1755.34,683.23,78.32,233.30,0.4969,-1,-1,-1
890,80,466.21,162.77,72.26,198.34,0.3471,-1,-1,-1
891,4,1721.07,456.90,76.44,209.08,0.6461,-1,-1,-1
891,64,293.41,661.94,79.50,251.81,0.7013,-1,-1,-1
891,3,911.18,937.62,78.91,142.41,0.7346,-1,-1,-1
891,68,1575.84,598.07,99.18,226.73,0.5411,-1,-1,-1
891,72,889.41,455.10,62.28,219.15,0.7334,-1,-1,-1
891,73,963.73,442.81,80.24,225.57,0.7232,-1,-1,-1
891,70,423.18,329.45,62.97,201.39,0.5165,-1,-1,-1
891,76,335.96,341.10,69.32,172.90,0.4818,-1,-1,-1
891,82,807.91,137.24,56.46,175.15,0.2351,-1,-1,-1
891,84,1345.65,924.60,99.18,155.38,0.7917,-1,-1,-1
891,85,1102.92,5.22,60.02,156.75,0.3881,-1,-1,-1
891,86,1753.99,683.17,79.35,235.34,0.5384,-1,-1,-1
891,80,468.70,165.00,69.67,196.67,0.3703,-1,-1,-1
892,4,1720.98,456.67,76.72,209.19,0.6459,-1,-1,-1
892,64,294.85,663.97,78.69,253.11,0.7619,-1,-1,-1
892,3,911.46,937.63,78.26,142.37,0.7295,-1,-1,-1
892,68,1574.47,596.81,100.27,227.99,0.5360,-1,-1,-1
892,72,888.30,455.44,62.46,219.63,0.6970,-1,-1,-1
892,73,962.05,442.96,82.80,226.39,0.7301,-1,-1,-1
892,70,421.68,331.25,64.15,200.49,0.5442,-1,-1,-1
892,76,337.67,342.07,66.45,172.22,0.5027,-1,-1,-1
892,82,808.57,139.65,55.63,172.60,0.2264,-1,-1,-1
892,84,1342.41,923.50,102.44,156.54,0.7790,-1,-1,-1
892,85,1104.57,7.05,59.01,156.40,0.4668,-1,-1,-1
892,86,1753.34,682.69,79.69,234.83,0.5399,-1,-1,-1
892,80,468.96,165.52,69.75,197.81,0.4129,-1,-1,-1
893,4,1721.48,456.96,76.37,208.82,0.6386,-1,-1,-1
893,64,296.88,664.78,78.03,254.89,0.7773,-1,-1,-1
893,3,912.49,937.84,77.63,142.19,0.7337,-1,-1,-1
893,68,1574.76,595.77,100.08,228.79,0.5353,-1,-1,-1
893,72,886.27,455.10,62.95,219.36,0.7202,-1,-1,-1
893,73,961.25,441.96,83.82,226.79,0.7448,-1,-1,-1
893,70,421.70,333.29,64.41,198.11,0.5460,-1,-1,-1
893,76,338.71,344.55,66.10,171.31,0.5259,-1,-1,-1
893,82,809.68,137.42,54.40,175.00,0.2394,-1,-1,-1
893,84,1338.89,920.98,105.35,159.07,0.7807,-1,-1,-1
893,85,1104.94,8.28,59.33,156.54,0.3930,-1,-1,-1
893,86,1752.43,682.11,81.14,236.75,0.5611,-1,-1,-1
893,80,475.16,170.29,63.47,192.90,0.4143,-1,-1,-1
894,4,1720.69,457.16,77.17,208.41,0.6380,-1,-1,-1
894,64,297.60,666.61,78.55,254.96,0.7552,-1,-1,-1
894,3,913.21,937.90,76.42,142.11,0.7381,-1,-1,-1
894,68,1574.00,593.75,101.00,231.16,0.5023,-1,-1,-1
894,72,885.72,455.06,62.47,218.83,0.6970,-1,-1,-1
894,73,961.00,441.11,84.59,226.86,0.7483,-1,-1,-1
894,70,420.76,333.60,65.30,198.33,0.5133,-1,-1,-1
894,76,340.19,345.46,65.35,172.52,0.4428,-1,-1,-1
894,82,809.74,136.83,54.32,176.50,0.2629,-1,-1,-1
894,84,1335.48,917.71,106.37,162.31,0.7878,-1,-1,-1
894,85,1105.39,10.89,59.73,156.30,0.2997,-1,-1,-1
894,86,1751.52,680.83,82.66,240.83,0.5686,-1,-1,-1
894,80,472.37,169.70,66.82,192.84,0.4286,-1,-1,-1
895,4,1720.33,456.87,77.30,208.66,0.6306,-1,-1,-1
895,64,298.20,668.06,79.20,253.78,0.7258,-1,-1,-1
895,3,913.46,938.15,76.50,141.83,0.7413,-1,-1,-1
895,68,1573.42,595.31,101.22,229.47,0.5249,-1,-1,-1
895,72,884.05,454.84,62.25,218.78,0.7144,-1,-1,-1
895,73,961.39,440.63,84.68,226.27,0.7444,-1,-1,-1
895,70,420.09,333.74,65.26,198.08,0.5186,-1,-1,-1
895,76,340.24,345.93,64.39,177.18,0.4962,-1,-1,-1
895,82,809.35,136.26,54.78,177.48,0.2571,-1,-1,-1
895,84,1332.39,916.45,106.56,163.57,0.7865,-1,-1,-1
895,85,1106.38,13.34,59.27,154.89,0.3739,-1,-1,-1
895,86,1750.94,681.43,83.04,239.03,0.5810,-1,-1,-1
895,80,474.46,170.74,65.40,192.10,0.4875,-1,-1,-1
896,4,1719.86,457.13,77.50,208.60,0.6310,-1,-1,-1
896,64,298.87,668.60,80.80,252.70,0.7386,-1,-1,-1
896,3,913.60,938.50,75.63,141.49,0.7138,-1,-1,-1
896,68,1573.09,596.91,101.33,227.84,0.5780,-1,-1,-1
896,72,884.31,455.02,60.87,216.79,0.6945,-1,-1,-1
896,73,961.41,438.98,84.79,226.45,0.7393,-1,-1,-1
896,70,420.05,334.02,65.00,197.74,0.5073,-1,-1,-1
896,76,340.07,346.84,64.12,178.39,0.5135,-1,-1,-1
896,82,809.41,136.65,54.57,177.94,0.2485,-1,-1,-1
896,84,1331.72,913.57,103.89,166.42,0.7729,-1,-1,-1
896,85,1107.53,15.49,58.66,152.95,0.4136,-1,-1,-1
896,86,1749.94,681.80,84.11,238.91,0.5841,-1,-1,-1
896,80,474.59,170.54,66.11,192.01,0.4864,-1,-1,-1
897,4,1719.83,457.13,77.53,207.91,0.6424,-1,-1,-1
897,64,298.44,669.22,84.26,253.25,0.7484,-1,-1,-1
897,3,913.48,938.95,75.81,141.10,0.7351,-1,-1,-1
897,68,1573.27,598.06,101.01,226.68,0.5731,-1,-1,-1
897,72,882.87,452.68,61.90,218.62,0.7088,-1,-1,-1
897,73,962.24,436.61,83.35,227.08,0.7408,-1,-1,-1
897,70,419.58,335.22,65.54,195.66,0.4865,-1,-1,-1
897,76,339.90,348.80,64.98,179.97,0.4860,-1,-1,-1
897,82,809.52,137.88,54.23,176.38,0.2518,-1,-1,-1
897,84,1330.67,909.24,101.80,170.79,0.7778,-1,-1,-1
897,85,1108.15,16.41,58.10,153.29,0.3379,-1,-1,-1
897,86,1749.89,680.90,83.14,238.77,0.5732,-1,-1,-1
897,80,471.51,170.71,68.85,192.75,0.4452,-1,-1,-1
898,4,1720.00,457.07,77.18,208.37,0.6438,-1,-1,-1
898,64,297.94,670.23,88.35,252.10,0.7632,-1,-1,-1
898,3,912.37,939.69,75.60,140.27,0.7347,-1,-1,-1
898,68,1573.94,597.37,101.54,227.04,0.5854,-1,-1,-1
898,72,881.50,450.84,62.18,218.58,0.6763,-1,-1,-1
898,73,962.31,434.28,82.05,226.22,0.7273,-1,-1,-1
898,70,418.72,335.11,65.58,194.90,0.5064,-1,-1,-1
898,76,339.86,353.17,63.36,179.73,0.4909,-1,-1,-1
898,82,810.68,138.38,53.24,174.79,0.2443,-1,-1,-1
898,84,1328.87,904.67,100.08,175.35,0.7873,-1,-1,-1
898,85,1108.90,17.14,56.26,152.47,0.3033,-1,-1,-1
898,86,1750.47,680.73,81.74,239.18,0.5427,-1,-1,-1
898,80,469.67,171.68,71.96,191.25,0.4350,-1,-1,-1
899,4,1720.29,457.07,76.09,208.83,0.6369,-1,-1,-1
899,64,298.20,670.43,90.62,252.32,0.7684,-1,-1,-1
899,3,912.38,940.57,74.31,139.33,0.7416,-1,-1,-1
899,68,1574.49,599.44,101.43,224.76,0.5771,-1,-1,-1
899,72,879.94,447.74,62.39,214.17,0.6649,-1,-1,-1
899,73,962.16,431.89,80.91,223.66,0.7276,-1,-1,-1
899,70,418.10,336.04,65.86,193.61,0.5085,-1,-1,-1
899,76,338.89,356.01,64.74,178.52,0.5338,-1,-1,-1
899,82,811.08,137.84,52.85,175.34,0.2758,-1,-1,-1
899,84,1327.74,900.26,97.70,179.75,0.7946,-1,-1,-1
899,85,1109.91,17.24,53.89,152.35,0.3602,-1,-1,-1
899,86,1750.68,680.29,80.53,240.10,0.5110,-1,-1,-1
899,80,468.91,171.16,73.55,192.50,0.4397,-1,-1,-1
900,4,1720.52,456.22,75.98,209.47,0.6205,-1,-1,-1
900,64,298.21,671.32,94.02,252.30,0.7709,-1,-1,-1
900,3,912.75,942.16,72.88,137.53,0.7255,-1,-1,-1
900,68,1574.74,600.43,100.54,223.80,0.5753,-1,-1,-1
900,72,878.30,445.61,61.95,213.68,0.6728,-1,-1,-1
900,73,962.14,428.94,79.58,222.85,0.7234,-1,-1,-1
900,70,417.50,336.20,66.23,195.88,0.5181,-1,-1,-1
900,76,337.65,356.39,65.02,180.26,0.5396,-1,-1,-1
900,82,811.26,137.68,52.60,176.25,0.2634,-1,-1,-1
900,84,1326.67,895.97,97.48,184.08,0.7994,-1,-1,-1
900,85,1110.63,16.03,52.44,154.33,0.3766,-1,-1,-1
900,86,1751.43,680.78,78.77,238.99,0.5396,-1,-1,-1
900,80,468.47,171.52,75.11,191.32,0.4058,-1,-1,-1
901,4,1721.32,456.94,75.74,207.87,0.6042,-1,-1,-1
901,64,298.06,672.70,96.86,250.28,0.7865,-1,-1,-1
901,3,912.98,943.15,72.07,136.25,0.7376,-1,-1,-1
901,68,1575.41,599.37,101.39,225.06,0.5806,-1,-1,-1
901,72,876.71,442.83,62.80,211.63,0.6634,-1,-1,-1
901,73,963.52,425.40,76.73,222.61,0.7156,-1,-1,-1
901,70,415.92,337.70,67.41,196.94,0.5255,-1,-1,-1
901,76,335.74,354.21,68.04,181.29,0.4906,-1,-1,-1
901,82,808.63,137.61,55.27,175.20,0.2466,-1,-1,-1
901,84,1325.05,892.40,97.30,187.64,0.8132,-1,-1,-1
901,85,1110.57,15.56,52.55,156.85,0.3345,-1,-1,-1
901,86,1750.04,682.20,78.46,237.60,0.5601,-1,-1,-1
901,80,468.49,172.75,76.95,190.00,0.3449,-1,-1,-1
902,4,1721.48,456.80,75.44,208.01,0.6090,-1,-1,-1
902,64,297.89,674.62,98.87,249.87,0.8124,-1,-1,-1
902,3,913.60,944.10,69.97,135.11,0.7262,-1,-1,-1
902,68,1576.81,599.16,99.80,224.97,0.5819,-1,-1,-1
902,72,875.21,440.56,63.17,210.82,0.6954,-1,-1,-1
902,73,965.06,422.83,73.70,219.19,0.7302,-1,-1,-1
902,70,417.05,338.17,66.54,200.40,0.5159,-1,-1,-1
902,76,334.36,353.16,70.57,181.45,0.4251,-1,-1,-1
902,82,810.00,137.56,53.88,176.96,0.2542,-1,-1,-1
902,84,1323.24,889.03,96.25,190.99,0.8060,-1,-1,-1
902,85,1110.82,16.79,52.15,158.03,0.3090,-1,-1,-1
902,86,1749.72,682.17,78.38,238.44,0.5497,-1,-1,-1
902,80,469.68,173.73,76.43,185.76,0.3173,-1,-1,-1
903,4,1721.06,457.27,75.62,208.25,0.5952,-1,-1,-1
903,64,298.19,676.47,99.12,252.89,0.8224,-1,-1,-1
903,3,913.34,945.19,69.47,134.55,0.7353,-1,-1,-1
903,68,1577.97,598.99,98.53,225.35,0.5933,-1,-1,-1
903,72,874.46,438.43,63.13,210.61,0.6913,-1,-1,-1
903,73,966.15,420.95,71.10,217.93,0.7162,-1,-1,-1
903,70,415.98,340.26,67.51,201.80,0.5513,-1,-1,-1
903,76,332.67,352.38,72.69,181.94,0.3675,-1,-1,-1
903,82,809.59,137.67,54.13,176.70,0.2575,-1,-1,-1
903,84,1321.12,885.19,96.15,194.86,0.7818,-1,-1,-1
903,85,1111.16,18.12,52.06,159.28,0.3007,-1,-1,-1
903,86,1750.61,681.02,78.56,240.93,0.5658,-1,-1,-1
903,80,470.38,174.28,76.19,183.42,0.3102,-1,-1,-1
904,4,1721.95,457.23,74.86,207.71,0.6278,-1,-1,-1
904,64,298.89,678.62,98.52,253.75,0.8374,-1,-1,-1
904,3,913.72,946.24,68.56,133.71,0.7202,-1,-1,-1
904,68,1577.44,599.32,98.96,224.79,0.5480,-1,-1,-1
904,72,873.67,436.97,63.40,213.15,0.7106,-1,-1,-1
904,73,966.86,420.10,69.42,217.17,0.7100,-1,-1,-1
904,70,418.23,343.09,65.35,202.46,0.4946,-1,-1,-1
904,76,328.02,353.41,76.69,180.41,0.3808,-1,-1,-1
904,82,808.01,137.99,55.77,176.49,0.2711,-1,-1,-1
904,84,1318.66,881.28,95.21,198.78,0.7711,-1,-1,-1
904,85,1111.23,19.68,52.82,158.94,0.3793,-1,-1,-1
904,86,1751.16,681.92,79.66,240.52,0.5873,-1,-1,-1
904,80,470.53,174.00,71.62,188.24,0.3137,-1,-1,-1
905,4,1722.14,456.91,74.74,208.05,0.6413,-1,-1,-1
905,64,300.37,680.40,97.42,257.51,0.8373,-1,-1,-1
905,3,913.40,947.42,68.58,132.61,0.7273,-1,-1,-1
905,68,1577.08,598.78,99.26,225.67,0.5772,-1,-1,-1
905,72,873.80,435.22,62.13,213.31,0.7181,-1,-1,-1
905,73,966.52,418.61,69.64,218.34,0.7308,-1,-1,-1
905,70,418.05,347.42,64.59,200.30,0.4794,-1,-1,-1
905,76,340.67,354.64,62.92,179.47,0.4180,-1,-1,-1
905,82,806.68,138.31,57.25,174.70,0.2628,-1,-1,-1
905,84,1316.63,878.03,94.71,201.14,0.7482,-1,-1,-1
905,85,1111.18,21.23,53.80,159.72,0.3493,-1,-1,-1
905,86,1752.23,682.39,79.09,243.07,0.5763,-1,-1,-1
905,80,470.74,173.98,68.67,193.48,0.2664,-1,-1,-1
906,4,1721.45,456.72,74.87,208.75,0.6351,-1,-1,-1
906,64,302.43,682.29,95.45,260.35,0.8412,-1,-1,-1
906,3,913.01,948.96,68.63,131.04,0.7254,-1,-1,-1
906,68,1577.90,598.99,98.61,225.41,0.5946,-1,-1,-1
906,72,872.98,434.41,61.48,214.26,0.7393,-1,-1,-1
906,73,966.35,417.63,68.95,217.83,0.7333,-1,-1,-1
906,70,415.74,348.79,65.30,201.39,0.5890,-1,-1,-1
906,76,347.20,354.29,55.63,180.59,0.4329,-1,-1,-1
906,82,806.52,137.77,57.48,174.29,0.2308,-1,-1,-1
906,84,1315.17,875.90,92.87,203.23,0.7586,-1,-1,-1
906,85,1110.48,22.49,55.23,159.75,0.3367,-1,-1,-1
906,86,1752.49,682.89,79.35,240.27,0.6100,-1,-1,-1
906,80,470.15,171.30,69.29,199.22,0.3102,-1,-1,-1
907,4,1721.28,457.14,74.91,207.97,0.6207,-1,-1,-1
907,64,304.60,684.76,93.03,257.38,0.8387,-1,-1,-1
907,3,910.05,949.33,71.91,130.70,0.7461,-1,-1,-1
907,68,1579.54,599.26,96.64,224.90,0.5621,-1,-1,-1
907,72,871.84,432.79,62.38,214.79,0.7307,-1,-1,-1
907,73,966.61,417.27,68.88,219.42,0.6833,-1,-1,-1
907,70,413.87,346.43,68.57,205.51,0.5853,-1,-1,-1
907,76,330.86,354.29,72.32,181.08,0.3928,-1,-1,-1
907,82,806.34,137.86,57.70,174.92,0.2473,-1,-1,-1
907,84,1313.11,875.53,93.67,204.15,0.7327,-1,-1,-1
907,85,1109.28,24.75,57.59,160.27,0.3284,-1,-1,-1
907,86,1753.07,683.01,79.61,240.57,0.6242,-1,-1,-1
907,80,468.93,170.29,71.34,202.16,0.3332,-1,-1,-1
908,4,1721.60,457.40,74.49,207.11,0.6250,-1,-1,-1
908,64,306.73,687.32,90.98,257.54,0.8395,-1,-1,-1
908,3,910.44,950.70,71.60,129.34,0.7266,-1,-1,-1
908,68,1578.01,598.51,97.44,226.02,0.6041,-1,-1,-1
908,72,870.94,431.89,62.43,217.56,0.7244,-1,-1,-1
908,73,966.74,417.13,67.68,219.59,0.7234,-1,-1,-1
908,70,412.94,346.68,69.70,206.58,0.5887,-1,-1,-1
908,76,324.43,355.38,77.65,179.58,0.4350,-1,-1,-1
908,82,806.56,137.46,57.79,174.48,0.2562,-1,-1,-1
908,84,1310.19,875.17,94.90,204.74,0.7337,-1,-1,-1
908,85,1108.77,27.44,59.55,160.19,0.2390,-1,-1,-1
908,86,1754.41,683.85,79.03,240.74,0.6295,-1,-1,-1
908,80,468.67,171.49,72.09,205.39,0.3511,-1,-1,-1
908,87,349.68,362.08,50.73,173.30,0.3762,-1,-1,-1
909,4,1721.87,457.20,73.62,207.21,0.6056,-1,-1,-1
909,64,307.81,689.65,90.02,259.42,0.8418,-1,-1,-1
909,3,908.92,950.61,72.76,129.44,0.7385,-1,-1,-1
909,68,1578.84,597.70,96.35,226.53,0.5938,-1,-1,-1
909,72,870.48,431.49,62.02,218.79,0.7267,-1,-1,-1
909,73,966.48,416.76,67.20,222.05,0.7147,-1,-1,-1
909,70,414.35,352.73,65.73,200.75,0.5973,-1,-1,-1
909,76,322.48,357.86,77.81,179.58,0.5402,-1,-1,-1
909,82,806.71,137.36,57.64,173.27,0.2477,-1,-1,-1
909,84,1308.28,873.79,93.90,206.22,0.7358,-1,-1,-1
909,85,1109.08,30.11,59.63,160.49,0.2488,-1,-1,-1
909,86,1755.16,684.30,78.88,239.41,0.6278,-1,-1,-1
909,80,467.97,175.91,82.62,202.72,0.2799,-1,-1,-1
909,87,345.06,362.72,55.18,175.03,0.3640,-1,-1,-1
910,4,1721.91,456.77,74.04,208.31,0.6296,-1,-1,-1
910,64,308.06,691.80,89.84,261.80,0.8391,-1,-1,-1
910,3,907.93,951.16,74.02,128.87,0.7347,-1,-1,-1
910,68,1576.02,598.15,99.49,226.17,0.5760,-1,-1,-1
910,72,870.20,431.00,62.38,219.30,0.7139,-1,-1,-1
910,73,965.08,416.67,68.07,222.44,0.7156,-1,-1,-1
910,70,413.72,351.76,65.98,201.26,0.6180,-1,-1,-1
910,76,321.60,358.42,78.73,182.55,0.5751,-1,-1,-1
910,82,807.11,137.28,57.43,173.25,0.2968,-1,-1,-1
910,84,1306.99,872.00,92.71,208.02,0.7560,-1,-1,-1
910,85,1109.05,31.94,60.88,159.85,0.2486,-1,-1,-1
910,86,1756.29,683.76,77.69,239.86,0.6108,-1,-1,-1
910,80,468.21,177.39,86.58,199.05,0.3880,-1,-1,-1
910,87,327.39,359.34,73.09,182.20,0.5751,-1,-1,-1
911,4,1721.47,457.36,75.66,207.21,0.6297,-1,-1,-1
911,64,308.09,693.73,89.27,262.16,0.8372,-1,-1,-1
911,3,907.81,951.77,74.15,128.26,0.7433,-1,-1,-1
911,68,1575.18,598.88,100.15,225.45,0.5517,-1,-1,-1
911,72,869.76,430.28,62.43,220.27,0.7111,-1,-1,-1
911,73,965.20,415.76,67.30,223.38,0.7069,-1,-1,-1
911,70,414.43,355.37,63.31,197.89,0.6224,-1,-1,-1
911,76,322.59,362.65,78.09,182.09,0.5648,-1,-1,-1
911,82,807.26,137.32,57.38,174.54,0.2773,-1,-1,-1
911,84,1304.99,869.42,91.25,210.60,0.7714,-1,-1,-1
911,85,1108.81,33.54,63.29,160.07,0.1883,-1,-1,-1
911,86,1757.01,683.64,77.06,239.95,0.6095,-1,-1,-1
911,80,469.00,177.97,83.89,200.18,0.3048,-1,-1,-1
911,87,322.35,362.75,78.53,182.70,0.5648,-1,-1,-1
912,4,1721.69,456.78,75.56,207.56,0.6300,-1,-1,-1
912,64,308.25,695.40,88.58,263.19,0.8345,-1,-1,-1
912,3,908.79,952.91,73.59,127.13,0.7404,-1,-1,-1
912,68,1574.15,598.06,101.22,226.21,0.5384,-1,-1,-1
912,72,869.51,429.18,62.51,219.13,0.6914,-1,-1,-1
912,73,964.52,414.94,66.73,221.21,0.7015,-1,-1,-1
912,70,413.30,353.73,63.73,200.39,0.6220,-1,-1,-1
912,76,323.83,365.97,76.14,181.55,0.5707,-1,-1,-1
912,82,807.28,137.39,57.46,174.51,0.2921,-1,-1,-1
912,84,1303.13,866.62,90.65,213.40,0.7658,-1,-1,-1
912,85,1109.04,34.27,65.00,162.55,0.2034,-1,-1,-1
912,86,1757.67,683.63,76.72,240.51,0.6180,-1,-1,-1
912,80,468.17,179.07,81.06,198.18,0.2212,-1,-1,-1
912,87,321.71,365.89,78.49,182.27,0.5707,-1,-1,-1
913,4,1721.60,456.19,75.67,208.15,0.5953,-1,-1,-1
913,64,308.06,696.44,88.04,262.51,0.8277,-1,-1,-1
913,3,909.09,953.01,73.17,126.95,0.7405,-1,-1,-1
913,68,1575.19,598.37,99.72,225.94,0.5480,-1,-1,-1
913,72,868.75,426.86,62.99,221.26,0.7051,-1,-1,-1
913,73,963.40,412.90,66.69,218.81,0.6858,-1,-1,-1
913,70,412.24,352.71,65.00,201.46,0.6025,-1,-1,-1
913,76,325.67,367.41,75.45,182.68,0.5172,-1,-1,-1
913,82,807.93,137.50,56.93,173.76,0.3024,-1,-1,-1
913,84,1301.75,862.08,89.77,217.92,0.7719,-1,-1,-1
913,85,1110.47,34.23,64.08,162.44,0.2733,-1,-1,-1
913,86,1757.79,682.42,77.02,241.67,0.6184,-1,-1,-1
913,80,467.98,180.22,75.62,193.46,0.2438,-1,-1,-1
913,87,323.30,367.23,78.02,183.44,0.5172,-1,-1,-1
914,4,1722.36,456.08,74.70,208.28,0.6208,-1,-1,-1
914,64,307.95,697.23,87.95,261.76,0.8219,-1,-1,-1
914,3,908.44,953.35,74.13,126.66,0.7458,-1,-1,-1
914,68,1574.34,597.87,101.30,226.27,0.4661,-1,-1,-1
914,72,868.14,425.84,62.29,218.59,0.6766,-1,-1,-1
914,73,962.12,410.69,66.58,214.30,0.6981,-1,-1,-1
914,70,412.04,355.07,64.62,198.55,0.5554,-1,-1,-1
914,76,326.59,367.48,75.16,184.64,0.5376,-1,-1,-1
914,82,807.95,137.38,56.89,174.36,0.2718,-1,-1,-1
914,84,1299.24,857.96,90.44,222.06,0.7725,-1,-1,-1
914,85,1111.01,34.54,63.07,161.22,0.2440,-1,-1,-1
914,86,1758.72,681.07,76.45,243.57,0.5938,-1,-1,-1
914,80,467.61,181.26,73.72,194.58,0.2173,-1,-1,-1
914,87,324.41,367.23,77.53,185.38,0.5376,-1,-1,-1
914,88,1718.87,92.96,52.44,165.57,0.3681,-1,-1,-1
915,4,1722.40,456.40,73.69,207.64,0.6141,-1,-1,-1
915,64,307.83,698.17,87.59,260.78,0.8161,-1,-1,-1
915,3,907.58,953.77,74.88,126.24,0.7474,-1,-1,-1
915,68,1574.26,598.39,101.06,225.88,0.5313,-1,-1,-1
915,72,867.78,422.72,61.28,209.04,0.6626,-1,-1,-1
915,73,961.04,408.76,65.87,210.85,0.7021,-1,-1,-1
915,70,411.42,355.69,64.94,197.46,0.5399,-1,-1,-1
915,76,328.23,368.76,73.29,185.20,0.5385,-1,-1,-1
915,82,809.13,137.41,55.66,172.68,0.3104,-1,-1,-1
915,84,1298.12,854.00,91.49,226.00,0.7734,-1,-1,-1
915,85,1113.02,34.45,61.64,161.92,0.2616,-1,-1,-1
915,86,1758.55,678.62,76.19,245.52,0.5842,-1,-1,-1
915,80,464.87,181.10,74.05,195.82,0.2502,-1,-1,-1
915,87,326.33,368.52,75.38,185.85,0.5385,-1,-1,-1
915,88,1721.11,92.73,49.94,165.42,0.3636,-1,-1,-1
916,4,1722.07,456.16,74.14,207.99,0.6024,-1,-1,-1
916,64,307.44,699.55,87.22,259.19,0.7993,-1,-1,-1
916,3,907.07,953.96,75.37,126.03,0.7439,-1,-1,-1
916,68,1573.78,599.54,100.48,224.39,0.5465,-1,-1,-1
916,72,867.69,420.37,60.56,207.17,0.6702,-1,-1,-1
916,73,959.67,406.77,65.09,207.87,0.7084,-1,-1,-1
916,70,407.97,350.26,68.88,203.16,0.5000,-1,-1,-1
916,76,328.18,370.92,71.95,184.17,0.5294,-1,-1,-1
916,82,807.25,137.80,58.03,175.57,0.3084,-1,-1,-1
916,84,1296.07,850.13,92.56,229.86,0.7698,-1,-1,-1
916,85,1114.55,34.51,59.63,161.92,0.2928,-1,-1,-1
916,86,1757.93,676.99,76.24,250.25,0.5587,-1,-1,-1
916,80,465.64,181.76,71.23,194.69,0.3006,-1,-1,-1
916,87,326.58,370.74,73.71,184.69,0.5294,-1,-1,-1
916,88,1724.12,92.37,46.81,165.43,0.4352,-1,-1,-1
917,4,1721.52,456.40,74.08,207.91,0.6346,-1,-1,-1
917,64,306.98,701.61,86.77,257.00,0.8085,-1,-1,-1
917,3,906.65,953.94,75.59,126.04,0.7446,-1,-1,-1
917,68,1573.67,599.71,100.80,224.32,0.4558,-1,-1,-1
917,72,867.36,416.77,59.94,210.45,0.6916,-1,-1,-1
917,73,958.13,404.29,64.58,208.16,0.7381,-1,-1,-1
917,70,409.31,353.73,65.72,199.11,0.5348,-1,-1,-1
917,76,327.95,371.56,72.22,183.95,0.5523,-1,-1,-1
917,82,807.10,137.46,58.13,175.83,0.3113,-1,-1,-1
917,84,1294.48,845.82,93.81,234.19,0.7741,-1,-1,-1
917,85,1116.51,34.33,57.72,163.68,0.3197,-1,-1,-1
917,86,1758.28,675.98,76.27,251.34,0.5496,-1,-1,-1
917,80,463.06,182.83,69.68,195.72,0.4041,-1,-1,-1
917,87,326.60,371.39,73.70,184.38,0.5523,-1,-1,-1
917,88,1725.63,93.77,45.04,163.42,0.4405,-1,-1,-1
918,4,1721.62,455.87,73.69,208.86,0.6128,-1,-1,-1
918,64,306.92,702.75,86.24,254.99,0.7995,-1,-1,-1
918,3,906.74,954.53,75.56,125.47,0.7495,-1,-1,-1
918,68,1574.12,600.47,99.98,223.63,0.5712,-1,-1,-1
918,72,866.77,414.75,59.82,211.58,0.7010,-1,-1,-1
918,73,955.15,401.46,65.57,209.63,0.7147,-1,-1,-1
918,70,408.07,351.72,68.65,201.91,0.5585,-1,-1,-1
918,76,327.87,371.89,72.37,183.81,0.5275,-1,-1,-1
918,82,808.00,137.11,57.08,176.00,0.2962,-1,-1,-1
918,84,1291.60,841.98,94.42,238.02,0.7654,-1,-1,-1
918,85,1117.62,34.73,57.24,166.29,0.3420,-1,-1,-1
918,86,1757.14,674.60,77.01,252.71,0.5497,-1,-1,-1
918,80,461.55,181.65,68.81,201.34,0.4236,-1,-1,-1
918,87,326.70,371.73,73.65,184.17,0.5275,-1,-1,-1
918,88,1727.00,93.92,43.83,165.35,0.4069,-1,-1,-1
919,4,1721.68,455.56,73.96,210.00,0.6047,-1,-1,-1
919,64,307.05,703.69,86.18,253.08,0.7890,-1,-1,-1
919,3,906.66,954.82,76.09,125.18,0.7418,-1,-1,-1
919,68,1574.36,599.31,99.58,224.54,0.5453,-1,-1,-1
919,72,866.01,413.11,60.86,213.16,0.7218,-1,-1,-1
919,73,953.31,399.03,66.86,211.64,0.7157,-1,-1,-1
919,70,406.89,351.79,70.34,205.25,0.5700,-1,-1,-1
919,76,326.74,373.34,73.55,182.53,0.4925,-1,-1,-1
919,82,807.66,136.75,57.32,175.85,0.2971,-1,-1,-1
919,84,1290.36,838.96,94.94,241.04,0.7653,-1,-1,-1
919,85,1119.21,35.12,58.03,165.86,0.3074,-1,-1,-1
919,86,1758.52,676.03,75.66,251.78,0.5600,-1,-1,-1
919,80,458.68,183.28,70.77,204.00,0.4636,-1,-1,-1
919,87,325.74,373.20,74.65,182.83,0.4925,-1,-1,-1
919,88,1727.01,95.16,44.00,165.93,0.3182,-1,-1,-1
920,4,1720.96,455.83,74.83,209.33,0.6090,-1,-1,-1
920,64,306.68,705.32,87.38,253.33,0.7925,-1,-1,-1
920,3,906.42,955.47,76.39,124.49,0.7424,-1,-1,-1
920,68,1575.03,599.67,98.73,224.18,0.5443,-1,-1,-1
920,72,865.95,409.27,60.87,213.89,0.7463,-1,-1,-1
920,73,951.41,396.58,68.10,214.17,0.7450,-1,-1,-1
920,70,407.60,353.54,68.91,205.63,0.5473,-1,-1,-1
920,76,327.44,373.94,73.86,182.34,0.4567,-1,-1,-1
920,82,807.91,137.17,57.21,173.92,0.2898,-1,-1,-1
920,84,1287.91,835.64,95.54,244.34,0.7744,-1,-1,-1
920,85,1119.63,35.70,59.09,167.10,0.3685,-1,-1,-1
920,86,1759.20,677.60,75.68,251.25,0.5538,-1,-1,-1
920,80,458.07,184.69,70.90,205.00,0.3803,-1,-1,-1
920,87,326.55,373.82,74.83,182.59,0.4567,-1,-1,-1
920,88,1726.60,95.35,45.06,169.56,0.2346,-1,-1,-1
921,4,1720.95,455.47,74.98,210.26,0.6012,-1,-1,-1
921,64,306.60,706.77,87.36,253.94,0.7888,-1,-1,-1
921,3,906.20,955.30,75.75,124.61,0.7197,-1,-1,-1
921,68,1574.78,600.74,99.49,223.29,0.5402,-1,-1,-1
921,72,865.69,407.62,61.03,216.17,0.7612,-1,-1,-1
921,73,948.67,394.85,71.06,216.05,0.7424,-1,-1,-1
921,70,406.96,355.30,69.04,207.11,0.5534,-1,-1,-1
921,76,327.24,374.21,74.00,181.63,0.4753,-1,-1,-1
921,82,807.30,137.26,57.76,173.95,0.2909,-1,-1,-1
921,84,1287.36,833.39,94.06,246.61,0.7707,-1,-1,-1
921,85,1120.50,37.84,59.19,167.32,0.3983,-1,-1,-1
921,86,1759.40,678.36,75.81,250.65,0.5603,-1,-1,-1
921,80,458.01,185.65,70.21,208.03,0.3460,-1,-1,-1
921,87,326.48,374.10,74.84,181.85,0.4753,-1,-1,-1
921,88,1725.77,94.57,47.04,171.91,0.1600,-1,-1,-1
922,4,1720.73,455.40,74.84,209.88,0.6098,-1,-1,-1
922,64,306.61,708.33,87.29,256.48,0.7727,-1,-1,-1
922,3,905.71,955.33,76.25,124.66,0.7305,-1,-1,-1
922,68,1575.43,600.05,98.77,223.80,0.4999,-1,-1,-1
922,72,865.74,406.71,60.54,216.41,0.7643,-1,-1,-1
922,73,946.99,393.37,72.83,217.53,0.7359,-1,-1,-1
922,70,406.01,358.14,68.84,205.66,0.5433,-1,-1,-1
922,76,326.07,374.62,75.95,181.39,0.4935,-1,-1,-1
922,82,807.05,136.55,57.81,176.04,0.3109,-1,-1,-1
922,84,1285.58,831.44,93.59,248.35,0.7848,-1,-1,-1
922,85,1121.35,40.67,59.14,165.39,0.4623,-1,-1,-1
922,86,1759.58,677.72,75.77,251.02,0.5397,-1,-1,-1
922,80,457.07,189.05,71.08,204.47,0.4121,-1,-1,-1
922,87,325.41,374.52,76.69,181.57,0.4935,-1,-1,-1
922,88,1727.24,97.47,47.45,170.22,0.1511,-1,-1,-1
923,4,1719.96,455.77,75.47,210.01,0.6228,-1,-1,-1
923,64,306.69,710.12,87.13,257.75,0.7702,-1,-1,-1
923,3,905.91,955.69,76.68,124.33,0.7332,-1,-1,-1
923,68,1574.09,599.00,100.71,225.04,0.5158,-1,-1,-1
923,72,865.73,406.21,59.87,217.30,0.7652,-1,-1,-1
923,73,945.53,392.57,75.26,219.24,0.7382,-1,-1,-1
923,70,405.17,360.30,68.94,205.35,0.5238,-1,-1,-1
923,76,326.62,374.96,74.70,181.20,0.4721,-1,-1,-1
923,82,806.55,137.41,57.97,175.17,0.2884,-1,-1,-1
923,84,1284.68,829.72,93.35,250.09,0.7879,-1,-1,-1
923,85,1122.02,42.06,59.01,167.46,0.4185,-1,-1,-1
923,86,1759.32,677.68,74.65,250.46,0.5804,-1,-1,-1
923,80,455.10,191.53,72.71,201.18,0.4592,-1,-1,-1
923,87,326.03,374.87,75.36,181.36,0.4721,-1,-1,-1
923,88,1728.41,98.81,48.11,169.51,0.2334,-1,-1,-1
924,4,1719.32,455.60,76.56,209.88,0.6284,-1,-1,-1
924,64,307.16,711.63,86.39,260.95,0.7529,-1,-1,-1
924,3,906.04,955.82,76.75,124.14,0.7352,-1,-1,-1
924,68,1574.25,598.70,100.19,225.40,0.4707,-1,-1,-1
924,72,865.55,405.85,59.95,215.95,0.7512,-1,-1,-1
924,73,943.91,391.77,77.93,221.20,0.7566,-1,-1,-1
924,70,403.88,361.82,70.68,208.19,0.5491,-1,-1,-1
924,76,327.91,376.19,72.37,180.36,0.5063,-1,-1,-1
924,82,806.34,137.38,58.22,175.36,0.3317,-1,-1,-1
924,84,1282.67,828.70,94.69,249.78,0.7903,-1,-1,-1
924,85,1123.06,44.34,58.78,165.42,0.4015,-1,-1,-1
924,86,1756.84,676.04,75.45,249.32,0.5566,-1,-1,-1
924,80,455.95,193.68,71.78,199.39,0.4409,-1,-1,-1
924,87,327.40,376.11,72.94,180.50,0.5063,-1,-1,-1
924,88,1728.62,99.08,49.37,176.40,0.3201,-1,-1,-1
925,4,1718.71,455.37,76.94,210.38,0.6067,-1,-1,-1
925,64,307.82,714.19,85.58,261.39,0.7439,-1,-1,-1
925,3,906.26,955.25,76.06,124.76,0.7233,-1,-1,-1
925,68,1576.23,598.14,97.27,227.70,0.3550,-1,-1,-1
925,72,864.80,405.66,60.46,215.57,0.7590,-1,-1,-1
925,73,942.35,391.58,79.01,221.86,0.7582,-1,-1,-1
925,70,402.19,363.23,71.50,210.80,0.5782,-1,-1,-1
925,76,327.99,377.26,71.07,180.24,0.5646,-1,-1,-1
925,82,806.02,137.22,58.26,175.66,0.2980,-1,-1,-1
925,84,1280.17,828.30,96.48,249.00,0.7775,-1,-1,-1
925,85,1123.08,46.24,58.43,163.83,0.4260,-1,-1,-1
925,86,1756.17,676.28,76.27,248.58,0.5363,-1,-1,-1
925,80,455.44,195.78,72.46,199.16,0.3692,-1,-1,-1
925,87,327.55,377.20,71.56,180.36,0.5646,-1,-1,-1
925,88,1729.66,100.50,48.63,177.96,0.2235,-1,-1,-1
926,4,1718.94,455.81,76.79,209.73,0.5823,-1,-1,-1
926,64,308.11,717.09,86.22,261.38,0.7457,-1,-1,-1
926,3,906.77,955.44,76.58,124.58,0.7307,-1,-1,-1
926,68,1577.34,598.22,95.45,228.39,0.3219,-1,-1,-1
926,72,864.28,405.30,60.54,215.45,0.7062,-1,-1,-1
926,73,940.64,391.44,80.63,222.11,0.7610,-1,-1,-1
926,70,400.61,363.82,72.78,212.24,0.5018,-1,-1,-1
926,76,328.70,378.92,69.64,180.18,0.5365,-1,-1,-1
926,82,806.06,136.90,58.23,175.99,0.3223,-1,-1,-1
926,84,1279.23,826.94,94.54,250.92,0.7913,-1,-1,-1
926,85,1123.63,46.76,58.66,164.33,0.4179,-1,-1,-1
926,86,1756.46,676.78,76.90,249.82,0.5902,-1,-1,-1
926,80,454.99,199.07,72.49,200.12,0.4081,-1,-1,-1
926,87,328.32,378.86,70.06,180.28,0.5365,-1,-1,-1
926,88,1730.26,101.49,49.05,178.91,0.1904,-1,-1,-1
927,4,1719.01,455.96,76.62,209.46,0.6105,-1,-1,-1
927,64,308.64,720.05,85.99,263.43,0.7488,-1,-1,-1
927,3,907.19,955.16,75.56,124.88,0.7388,-1,-1,-1
927,68,1575.04,597.84,98.80,227.09,0.4299,-1,-1,-1
927,72,863.58,404.73,60.64,214.17,0.7402,-1,-1,-1
927,73,940.07,390.90,81.23,221.09,0.7728,-1,-1,-1
927,70,400.93,364.94,71.97,212.11,0.4957,-1,-1,-1
927,76,329.32,381.98,68.01,180.75,0.5711,-1,-1,-1
927,82,806.20,137.00,57.96,175.54,0.3413,-1,-1,-1
927,84,1276.87,825.19,94.26,252.56,0.8028,-1,-1,-1
927,85,1124.54,47.20,57.91,164.19,0.4168,-1,-1,-1
927,86,1756.85,676.64,77.22,252.33,0.5868,-1,-1,-1
927,80,455.51,201.29,71.67,200.38,0.3877,-1,-1,-1
927,87,328.99,381.93,68.37,180.85,0.5711,-1,-1,-1
927,88,1730.89,101.50,48.76,180.36,0.1989,-1,-1,-1
928,4,1718.80,456.24,76.52,209.02,0.6036,-1,-1,-1
928,64,310.81,724.44,84.21,264.07,0.7734,-1,-1,-1
928,3,906.93,954.94,75.93,125.10,0.7216,-1,-1,-1
928,68,1577.61,598.00,95.74,228.23,0.4128,-1,-1,-1
928,72,862.78,403.99,60.89,214.49,0.7355,-1,-1,-1
928,73,940.37,389.88,80.76,221.06,0.7679,-1,-1,-1
928,70,399.56,364.43,73.03,212.56,0.5129,-1,-1,-1
928,76,329.59,383.93,67.71,183.81,0.5211,-1,-1,-1
928,82,805.14,136.96,58.96,175.30,0.3208,-1,-1,-1
928,84,1274.64,822.61,93.08,255.75,0.7779,-1,-1,-1
928,85,1125.40,47.01,57.67,165.93,0.4993,-1,-1,-1
928,86,1756.33,676.02,77.94,252.97,0.5881,-1,-1,-1
928,80,456.08,203.92,70.00,198.96,0.3636,-1,-1,-1
928,87,329.31,383.89,68.01,183.89,0.5211,-1,-1,-1
928,88,1731.43,100.53,48.33,181.06,0.2223,-1,-1,-1
929,4,1718.53,456.19,76.61,209.24,0.6091,-1,-1,-1
929,64,312.44,726.84,83.89,265.01,0.7945,-1,-1,-1
929,3,907.23,955.03,76.03,124.99,0.7313,-1,-1,-1
929,68,1579.87,598.42,93.00,228.00,0.3676,-1,-1,-1
929,72,861.30,402.01,62.17,215.92,0.7445,-1,-1,-1
929,73,940.40,388.43,79.83,221.40,0.7692,-1,-1,-1
929,70,398.55,364.65,73.86,212.36,0.5726,-1,-1,-1
929,76,329.62,385.47,69.26,186.38,0.5345,-1,-1,-1
929,82,806.94,136.88,57.13,175.92,0.3261,-1,-1,-1
929,84,1273.25,818.14,91.88,259.77,0.7775,-1,-1,-1
929,85,1126.22,46.75,57.08,164.67,0.5017,-1,-1,-1
929,86,1755.70,676.47,78.92,252.16,0.5932,-1,-1,-1
929,80,454.87,204.84,72.63,199.46,0.3314,-1,-1,-1
929,87,329.38,385.43,69.52,186.46,0.5345,-1,-1,-1
929,88,1731.72,101.09,46.80,180.45,0.3083,-1,-1,-1
930,4,1719.10,456.28,76.04,209.16,0.5980,-1,-1,-1
930,64,313.78,728.96,83.49,262.59,0.7751,-1,-1,-1
930,3,906.29,954.63,76.40,125.29,0.7199,-1,-1,-1
930,68,1580.71,598.29,91.66,227.96,0.3755,-1,-1,-1
930,72,860.77,399.77,62.64,214.80,0.7167,-1,-1,-1
930,73,940.33,386.26,79.26,222.42,0.7706,-1,-1,-1
930,70,397.86,365.01,73.44,209.91,0.5131,-1,-1,-1
930,76,329.58,387.17,71.02,187.57,0.4998,-1,-1,-1
930,82,807.31,137.24,56.88,175.25,0.3349,-1,-1,-1
930,84,1271.67,814.32,92.06,264.90,0.7961,-1,-1,-1
930,85,1126.41,46.19,56.72,163.97,0.4963,-1,-1,-1
930,86,1753.15,676.91,82.31,251.63,0.5857,-1,-1,-1
930,80,455.20,204.32,71.92,200.00,0.2849,-1,-1,-1
930,87,329.37,387.13,71.25,187.64,0.4998,-1,-1,-1
930,88,1732.72,104.63,47.62,179.75,0.3697,-1,-1,-1
930,90,1618.20,78.22,53.49,159.18,0.3848,-1,-1,-1
931,4,1719.08,456.30,76.20,208.87,0.5663,-1,-1,-1
931,64,315.18,730.84,83.67,259.76,0.7861,-1,-1,-1
931,3,906.66,955.01,77.04,125.01,0.7316,-1,-1,-1
931,68,1577.75,597.79,95.41,227.00,0.5222,-1,-1,-1
931,72,860.30,399.13,62.23,205.78,0.6988,-1,-1,-1
931,73,940.64,384.16,77.85,220.93,0.7591,-1,-1,-1
931,70,396.55,367.09,74.08,206.13,0.4996,-1,-1,-1
931,76,329.10,388.47,71.72,189.02,0.5056,-1,-1,-1
931,82,807.71,137.50,56.58,174.05,0.3161,-1,-1,-1
931,84,1270.62,810.20,91.13,269.55,0.7846,-1,-1,-1
931,85,1126.38,46.55,56.61,164.11,0.4467,-1,-1,-1
931,86,1751.32,675.92,83.65,252.50,0.6234,-1,-1,-1
931,80,455.45,206.14,72.93,198.57,0.1849,-1,-1,-1
931,87,328.91,388.44,71.93,189.09,0.5056,-1,-1,-1
931,88,1733.51,106.41,47.85,178.69,0.3086,-1,-1,-1
931,90,1620.07,78.57,51.96,158.40,0.3549,-1,-1,-1
932,4,1719.72,456.07,75.51,209.41,0.5778,-1,-1,-1
932,64,316.93,731.96,83.21,257.25,0.7792,-1,-1,-1
932,3,907.27,954.65,76.78,125.35,0.7312,-1,-1,-1
932,68,1577.08,597.97,96.33,226.38,0.5565,-1,-1,-1
932,72,859.65,396.84,62.30,202.51,0.6502,-1,-1,-1
932,73,941.68,381.59,76.72,218.65,0.7427,-1,-1,-1
932,70,396.63,365.89,73.58,208.35,0.4782,-1,-1,-1
932,76,329.00,389.01,71.34,188.11,0.4641,-1,-1,-1
932,82,808.14,137.08,56.36,175.00,0.3138,-1,-1,-1
932,84,1269.52,805.67,90.79,274.25,0.7909,-1,-1,-1
932,85,1126.06,47.55,57.60,165.38,0.4083,-1,-1,-1
932,86,1749.91,675.59,85.24,252.22,0.6176,-1,-1,-1
932,80,454.71,206.71,75.29,197.28,0.1802,-1,-1,-1
932,87,328.83,388.98,71.53,188.17,0.4641,-1,-1,-1
932,88,1734.61,107.54,47.98,177.28,0.3084,-1,-1,-1
932,90,1621.02,79.41,51.07,159.13,0.3493,-1,-1,-1
933,4,1719.93,455.96,75.02,209.73,0.5546,-1,-1,-1
933,64,317.71,733.37,84.24,257.00,0.7954,-1,-1,-1
933,3,907.45,954.58,77.07,125.44,0.7421,-1,-1,-1
933,68,1575.70,596.17,98.25,228.21,0.5287,-1,-1,-1
933,72,858.90,395.11,62.52,199.35,0.6492,-1,-1,-1
933,73,941.50,379.21,76.71,214.97,0.7368,-1,-1,-1
933,70,394.81,366.34,74.77,207.75,0.5206,-1,-1,-1
933,76,329.17,390.02,70.37,187.57,0.4277,-1,-1,-1
933,82,808.89,137.15,55.51,175.16,0.2993,-1,-1,-1
933,84,1269.03,802.23,89.91,275.63,0.7758,-1,-1,-1
933,85,1126.43,49.55,57.45,165.55,0.3776,-1,-1,-1
933,86,1749.16,674.95,84.97,253.63,0.6319,-1,-1,-1
933,87,329.02,390.00,70.54,187.62,0.4277,-1,-1,-1
933,88,1735.19,107.13,49.61,176.96,0.3048,-1,-1,-1
933,90,1622.56,80.73,49.98,159.54,0.3200,-1,-1,-1
934,4,1720.09,455.92,74.69,210.03,0.5784,-1,-1,-1
934,64,318.24,734.68,85.48,256.25,0.8050,-1,-1,-1
934,3,907.58,954.15,77.43,125.93,0.7533,-1,-1,-1
934,68,1576.12,596.01,97.98,228.52,0.5558,-1,-1,-1
934,72,858.16,393.24,63.06,200.80,0.6635,-1,-1,-1
934,73,942.32,376.76,75.35,213.95,0.7234,-1,-1,-1
934,70,393.54,367.87,75.14,206.72,0.5512,-1,-1,-1
934,76,329.97,391.46,70.02,186.85,0.3433,-1,-1,-1
934,82,808.39,137.38,55.69,175.64,0.3122,-1,-1,-1
934,84,1268.19,799.21,89.16,274.51,0.7780,-1,-1,-1
934,85,1127.24,52.77,57.23,163.17,0.3715,-1,-1,-1
934,86,1748.74,675.28,85.55,252.54,0.6114,-1,-1,-1
934,87,329.84,391.44,70.16,186.89,0.3433,-1,-1,-1
934,88,1736.38,106.75,50.08,174.96,0.3333,-1,-1,-1
934,90,1621.66,82.75,51.80,157.76,0.2793,-1,-1,-1
935,4,1720.36,456.24,74.74,209.54,0.5762,-1,-1,-1
935,64,318.69,736.15,87.92,256.16,0.8271,-1,-1,-1
935,3,907.44,953.76,77.55,126.28,0.7413,-1,-1,-1
935,68,1575.91,595.94,98.48,228.90,0.5823,-1,-1,-1
935,72,858.03,391.11,63.13,201.07,0.6731,-1,-1,-1
935,73,943.79,374.43,72.02,211.53,0.7356,-1,-1,-1
935,70,391.77,369.07,76.94,205.95,0.5375,-1,-1,-1
935,76,339.35,394.40,61.85,183.26,0.3329,-1,-1,-1
935,82,808.26,137.32,55.95,175.65,0.3050,-1,-1,-1
935,84,1267.62,796.20,89.21,273.86,0.7686,-1,-1,-1
935,85,1127.57,55.29,57.44,163.57,0.4226,-1,-1,-1
935,86,1748.67,674.53,86.72,254.51,0.6215,-1,-1,-1
935,88,1736.17,108.67,51.41,172.22,0.3072,-1,-1,-1
935,90,1620.48,84.40,54.16,157.29,0.3246,-1,-1,-1
936,4,1720.94,456.02,73.53,209.00,0.5632,-1,-1,-1
936,64,319.00,737.00,89.79,254.87,0.8219,-1,-1,-1
936,3,907.78,952.42,76.97,127.19,0.7264,-1,-1,-1
936,68,1576.53,596.35,98.22,227.97,0.5670,-1,-1,-1
936,72,858.48,389.07,62.70,205.84,0.6702,-1,-1,-1
936,73,944.26,373.49,69.71,210.47,0.7077,-1,-1,-1
936,70,390.26,368.96,78.38,211.46,0.6004,-1,-1,-1
936,76,341.72,395.12,59.54,181.58,0.3716,-1,-1,-1
936,82,807.11,137.10,57.22,175.41,0.2629,-1,-1,-1
936,84,1266.71,793.07,89.98,277.48,0.7687,-1,-1,-1
936,85,1127.34,57.34,58.84,164.04,0.4369,-1,-1,-1
936,86,1748.89,674.35,86.74,254.15,0.6011,-1,-1,-1
936,88,1736.54,110.63,52.56,169.53,0.2497,-1,-1,-1
936,90,1620.39,85.38,55.35,161.87,0.2624,-1,-1,-1
937,4,1721.34,456.37,73.11,208.96,0.5541,-1,-1,-1
937,64,319.24,738.07,92.41,253.78,0.8364,-1,-1,-1
937,3,907.95,952.43,77.18,127.43,0.7437,-1,-1,-1
937,68,1575.73,595.98,99.47,228.28,0.5393,-1,-1,-1
937,72,858.42,388.17,62.43,208.27,0.6910,-1,-1,-1
937,73,944.71,372.76,67.70,210.69,0.6934,-1,-1,-1
937,70,389.04,369.06,79.30,216.43,0.6128,-1,-1,-1
937,76,343.06,395.17,57.91,181.58,0.3770,-1,-1,-1
937,82,808.04,136.80,56.15,175.70,0.2691,-1,-1,-1
937,84,1265.13,790.64,91.24,279.72,0.7772,-1,-1,-1
937,85,1126.52,58.83,60.23,166.12,0.4211,-1,-1,-1
937,86,1748.79,674.10,86.69,255.04,0.6193,-1,-1,-1
937,88,1737.14,111.25,53.89,171.98,0.2096,-1,-1,-1
937,90,1622.08,89.67,54.37,158.21,0.2059,-1,-1,-1
938,4,1720.61,456.61,73.96,208.91,0.5752,-1,-1,-1
938,64,319.44,738.84,94.48,254.54,0.8324,-1,-1,-1
938,3,909.03,951.72,76.36,128.27,0.7530,-1,-1,-1
938,68,1576.03,596.66,98.82,227.69,0.5625,-1,-1,-1
938,72,858.05,386.51,62.32,209.17,0.6814,-1,-1,-1
938,73,944.61,370.88,65.95,213.13,0.7006,-1,-1,-1
938,70,389.40,370.74,79.04,217.85,0.5662,-1,-1,-1
938,76,343.76,394.58,57.86,181.99,0.3945,-1,-1,-1
938,82,807.28,137.07,56.85,174.94,0.2720,-1,-1,-1
938,84,1263.52,788.07,91.34,283.25,0.7856,-1,-1,-1
938,85,1127.02,60.75,60.42,165.61,0.4436,-1,-1,-1
938,86,1748.03,673.69,87.28,254.98,0.6242,-1,-1,-1
938,88,1737.91,109.67,54.65,175.40,0.2251,-1,-1,-1
938,90,1622.50,91.35,55.25,159.02,0.2217,-1,-1,-1
939,4,1720.85,456.55,73.38,209.69,0.5561,-1,-1,-1
939,64,319.82,739.85,94.77,257.07,0.8307,-1,-1,-1
939,3,911.09,950.79,75.25,129.20,0.7242,-1,-1,-1
939,68,1575.19,595.18,99.06,229.19,0.5195,-1,-1,-1
939,72,858.09,386.21,61.95,210.25,0.6655,-1,-1,-1
939,73,944.72,369.81,65.34,214.11,0.6717,-1,-1,-1
939,70,390.24,376.94,78.57,214.74,0.5989,-1,-1,-1
939,76,344.00,393.92,57.62,182.94,0.3966,-1,-1,-1
939,82,808.02,136.98,56.18,174.46,0.2707,-1,-1,-1
939,84,1262.48,785.89,91.08,285.09,0.7899,-1,-1,-1
939,85,1126.75,61.98,61.47,166.55,0.4563,-1,-1,-1
939,86,1747.22,674.56,86.60,254.42,0.6275,-1,-1,-1
939,90,1621.59,93.07,56.58,161.45,0.2269,-1,-1,-1
940,4,1720.83,456.31,73.39,209.89,0.5605,-1,-1,-1
940,64,320.68,740.91,94.04,260.92,0.8254,-1,-1,-1
940,3,911.95,949.73,74.78,130.30,0.7624,-1,-1,-1
940,68,1574.94,595.37,98.92,228.93,0.5340,-1,-1,-1
940,72,858.64,386.11,61.39,210.80,0.6762,-1,-1,-1
940,73,943.95,369.39,65.55,214.54,0.6939,-1,-1,-1
940,70,390.81,381.67,77.00,211.62,0.5963,-1,-1,-1
940,76,343.26,393.71,57.60,183.43,0.4065,-1,-1,-1
940,82,807.91,136.76,56.01,174.40,0.2870,-1,-1,-1
940,84,1260.96,784.34,89.99,285.79,0.7854,-1,-1,-1
940,85,1126.66,63.66,62.94,167.45,0.4513,-1,-1,-1
940,86,1746.42,674.05,86.56,253.92,0.6366,-1,-1,-1
940,90,1623.86,94.91,54.75,161.53,0.2612,-1,-1,-1
941,4,1719.94,456.46,74.18,209.10,0.5801,-1,-1,-1
941,64,321.65,742.98,93.94,266.66,0.8184,-1,-1,-1
941,3,912.33,948.70,75.18,131.33,0.7513,-1,-1,-1
941,68,1574.76,595.33,98.85,229.39,0.5663,-1,-1,-1
941,72,858.48,385.73,61.66,211.61,0.7103,-1,-1,-1
941,73,942.82,368.55,65.36,215.89,0.7171,-1,-1,-1
941,70,390.11,383.25,76.88,212.43,0.6220,-1,-1,-1
941,76,342.98,394.13,55.99,183.55,0.3777,-1,-1,-1
941,82,807.47,136.83,56.48,175.21,0.2791,-1,-1,-1
941,84,1259.26,783.03,89.59,287.82,0.7842,-1,-1,-1
941,85,1127.82,65.20,62.80,167.52,0.4483,-1,-1,-1
941,86,1746.67,674.05,87.31,254.25,0.6635,-1,-1,-1
941,90,1626.09,96.37,52.58,160.18,0.2744,-1,-1,-1
942,4,1720.05,456.26,74.04,209.85,0.5562,-1,-1,-1
942,64,322.56,746.52,93.42,268.61,0.8173,-1,-1,-1
942,3,913.28,947.59,74.50,132.49,0.7632,-1,-1,-1
942,68,1574.61,594.91,99.01,229.89,0.5421,-1,-1,-1
942,72,858.50,384.99,61.81,212.41,0.7005,-1,-1,-1
942,73,942.06,368.22,65.46,215.82,0.7135,-1,-1,-1
942,70,390.82,385.57,76.30,212.11,0.5927,-1,-1,-1
942,76,342.11,393.94,57.27,185.14,0.3795,-1,-1,-1
942,82,807.14,137.14,56.83,174.49,0.2689,-1,-1,-1
942,84,1257.19,782.65,89.88,287.40,0.7773,-1,-1,-1
942,85,1128.84,66.40,63.16,168.36,0.4670,-1,-1,-1
942,86,1746.45,672.82,88.19,253.90,0.6578,-1,-1,-1
942,90,1628.19,96.51,51.07,159.84,0.2868,-1,-1,-1
943,4,1720.06,456.31,73.80,209.49,0.5679,-1,-1,-1
943,64,323.17,750.04,93.22,267.45,0.8184,-1,-1,-1
943,3,914.19,946.03,74.01,134.00,0.7553,-1,-1,-1
943,68,1574.86,595.37,98.73,229.05,0.5499,-1,-1,-1
943,72,858.23,383.75,62.30,212.33,0.6833,-1,-1,-1
943,73,940.78,366.93,66.36,216.82,0.7135,-1,-1,-1
943,70,392.03,387.28,75.43,211.11,0.5720,-1,-1,-1
943,76,339.96,395.76,57.73,185.79,0.3422,-1,-1,-1
943,82,809.70,136.37,54.87,174.17,0.2705,-1,-1,-1
943,84,1255.82,781.76,89.24,287.09,0.7748,-1,-1,-1
943,85,1129.52,66.81,62.73,167.36,0.4232,-1,-1,-1
943,86,1745.89,671.71,88.15,254.81,0.6666,-1,-1,-1
943,90,1629.68,96.67,50.46,160.43,0.2445,-1,-1,-1
944,4,1720.23,456.41,73.16,210.13,0.5652,-1,-1,-1
944,64,323.67,753.61,92.56,264.44,0.8222,-1,-1,-1
944,3,915.47,944.65,73.89,135.38,0.7346,-1,-1,-1
944,68,1574.96,594.67,98.17,229.73,0.5494,-1,-1,-1
944,72,858.04,382.04,62.22,213.59,0.6919,-1,-1,-1
944,73,939.21,366.01,66.58,216.83,0.6969,-1,-1,-1
944,70,392.11,388.17,75.40,209.93,0.5447,-1,-1,-1
944,76,338.85,400.45,58.03,186.42,0.3286,-1,-1,-1
944,82,807.52,137.03,56.69,174.41,0.2613,-1,-1,-1
944,84,1253.59,779.77,90.07,287.24,0.7731,-1,-1,-1
944,85,1131.16,65.92,61.93,166.27,0.4179,-1,-1,-1
944,86,1745.63,672.81,87.55,254.28,0.6763,-1,-1,-1
944,90,1630.59,97.04,50.74,159.14,0.2271,-1,-1,-1
945,4,1719.84,456.00,73.59,211.03,0.5429,-1,-1,-1
945,64,324.08,756.38,91.67,264.05,0.8237,-1,-1,-1
945,3,916.15,943.81,73.99,136.23,0.7562,-1,-1,-1
945,68,1575.40,595.55,98.10,228.90,0.5618,-1,-1,-1
945,72,857.46,379.65,62.82,212.89,0.6944,-1,-1,-1
945,73,939.98,364.44,64.45,216.70,0.6924,-1,-1,-1
945,70,392.46,388.85,75.42,209.51,0.5457,-1,-1,-1
945,76,338.35,408.58,60.07,184.67,0.3741,-1,-1,-1
945,82,806.72,137.08,57.25,174.97,0.2672,-1,-1,-1
945,84,1252.64,777.39,89.50,288.65,0.7645,-1,-1,-1
945,85,1132.61,66.08,60.63,164.70,0.4168,-1,-1,-1
945,86,1745.16,673.36,87.44,253.50,0.6796,-1,-1,-1
945,90,1628.83,94.35,53.55,163.54,0.2191,-1,-1,-1
946,4,1719.62,456.86,73.96,209.16,0.5699,-1,-1,-1
946,64,324.56,759.40,91.14,264.52,0.8211,-1,-1,-1
946,3,918.08,943.39,72.67,136.57,0.7575,-1,-1,-1
946,68,1576.26,596.79,97.11,226.83,0.5647,-1,-1,-1
946,72,856.95,377.15,64.02,214.07,0.6506,-1,-1,-1
946,73,939.21,362.63,63.29,216.17,0.6467,-1,-1,-1
946,70,391.29,388.86,75.60,209.70,0.5929,-1,-1,-1
946,76,330.72,409.40,66.38,187.33,0.4696,-1,-1,-1
946,82,807.50,136.06,56.20,176.63,0.3112,-1,-1,-1
946,84,1250.65,774.80,89.69,284.67,0.7756,-1,-1,-1
946,85,1134.46,66.33,59.42,164.65,0.4414,-1,-1,-1
946,86,1743.30,673.06,89.14,253.12,0.6627,-1,-1,-1
946,90,1630.74,96.15,52.59,161.52,0.2435,-1,-1,-1
946,80,476.94,215.51,59.11,185.12,0.3405,-1,-1,-1
947,4,1719.78,457.54,73.43,208.92,0.5715,-1,-1,-1
947,64,324.21,760.81,91.30,266.99,0.8233,-1,-1,-1
947,3,918.89,941.88,72.15,138.14,0.7545,-1,-1,-1
947,68,1576.54,597.12,97.64,226.98,0.5840,-1,-1,-1
947,72,856.36,374.63,64.49,212.05,0.6626,-1,-1,-1
947,73,937.98,360.96,62.50,212.12,0.6498,-1,-1,-1
947,70,391.85,388.71,74.62,210.06,0.5918,-1,-1,-1
947,76,329.31,411.50,67.18,187.63,0.4791,-1,-1,-1
947,82,807.67,135.77,56.04,177.02,0.2338,-1,-1,-1
947,84,1249.25,771.81,89.26,281.97,0.7636,-1,-1,-1
947,85,1137.27,67.20,56.54,162.76,0.3952,-1,-1,-1
947,86,1743.46,670.02,89.12,254.39,0.6928,-1,-1,-1
947,90,1632.60,96.85,52.34,160.91,0.2441,-1,-1,-1
947,80,476.88,215.75,59.83,184.98,0.3210,-1,-1,-1
948,4,1719.86,457.32,73.04,208.99,0.5742,-1,-1,-1
948,64,323.71,762.68,90.67,268.78,0.8271,-1,-1,-1
948,3,919.63,940.37,72.32,139.61,0.7534,-1,-1,-1
948,68,1576.20,595.85,98.20,228.19,0.5930,-1,-1,-1
948,72,856.06,371.40,64.37,211.82,0.6636,-1,-1,-1
948,73,937.10,358.10,61.40,209.05,0.6512,-1,-1,-1
948,70,391.73,388.67,74.50,209.95,0.5574,-1,-1,-1
948,76,329.01,412.92,66.24,188.10,0.4748,-1,-1,-1
948,82,807.69,135.18,56.19,177.53,0.2495,-1,-1,-1
948,84,1248.05,768.90,87.27,278.90,0.7741,-1,-1,-1
948,85,1139.01,68.04,57.11,163.05,0.4262,-1,-1,-1
948,86,1740.76,669.57,92.92,255.11,0.6823,-1,-1,-1
948,90,1633.85,97.08,52.38,161.57,0.2919,-1,-1,-1
948,80,477.29,215.65,60.06,184.49,0.3199,-1,-1,-1
949,4,1719.79,456.92,72.86,208.92,0.5774,-1,-1,-1
949,64,323.69,764.21,90.79,268.57,0.8216,-1,-1,-1
949,3,920.77,939.31,72.10,140.74,0.7384,-1,-1,-1
949,68,1576.80,594.91,97.90,229.48,0.5768,-1,-1,-1
949,72,855.49,368.93,64.63,211.65,0.6665,-1,-1,-1
949,73,935.14,355.86,62.27,209.38,0.6398,-1,-1,-1
949,70,391.90,390.09,73.92,208.59,0.5630,-1,-1,-1
949,76,325.27,413.52,68.10,190.19,0.5557,-1,-1,-1
949,82,807.64,135.58,56.12,176.36,0.2809,-1,-1,-1
949,84,1247.56,764.61,85.91,275.37,0.7645,-1,-1,-1
949,85,1140.49,68.80,58.29,165.03,0.3900,-1,-1,-1
949,86,1742.10,670.00,90.24,251.79,0.6773,-1,-1,-1
949,90,1634.17,97.79,53.22,161.21,0.2045,-1,-1,-1
949,80,476.33,216.39,60.88,182.43,0.3139,-1,-1,-1
950,4,1719.88,456.39,73.03,209.88,0.5723,-1,-1,-1
950,64,323.05,765.26,90.35,267.70,0.8229,-1,-1,-1
950,3,922.33,937.66,70.76,142.35,0.7552,-1,-1,-1
950,68,1576.05,594.94,98.55,229.06,0.5699,-1,-1,-1
950,72,855.81,366.78,64.56,206.72,0.6538,-1,-1,-1
950,73,931.84,352.68,64.22,209.28,0.6464,-1,-1,-1
950,70,390.94,390.06,74.33,209.03,0.5832,-1,-1,-1
950,76,325.39,414.27,67.71,190.13,0.5089,-1,-1,-1
950,82,808.39,135.62,55.36,176.65,0.2628,-1,-1,-1
950,84,1246.45,759.84,85.22,268.79,0.7695,-1,-1,-1
950,85,1142.70,68.68,60.23,166.98,0.3583,-1,-1,-1
950,86,1742.43,667.88,89.88,255.52,0.6787,-1,-1,-1
950,90,1634.73,100.43,53.13,159.84,0.1751,-1,-1,-1
950,80,475.39,216.72,61.28,180.93,0.3309,-1,-1,-1
951,4,1719.77,456.17,73.26,210.77,0.5730,-1,-1,-1
951,64,322.43,766.72,90.57,266.14,0.8162,-1,-1,-1
951,3,922.49,936.75,70.97,143.25,0.7624,-1,-1,-1
951,68,1575.89,594.75,99.08,229.37,0.5820,-1,-1,-1
951,72,855.14,365.06,65.28,205.91,0.6686,-1,-1,-1
951,73,930.30,349.78,65.12,210.12,0.6531,-1,-1,-1
951,70,390.76,390.57,74.44,207.51,0.5049,-1,-1,-1
951,76,322.84,414.70,70.91,189.94,0.4996,-1,-1,-1
951,82,809.01,135.83,54.66,176.40,0.2901,-1,-1,-1
951,84,1245.05,754.93,85.02,266.76,0.7679,-1,-1,-1
951,85,1143.97,70.52,61.43,164.54,0.3803,-1,-1,-1
951,86,1742.75,667.53,89.27,255.21,0.6553,-1,-1,-1
951,90,1635.32,104.60,52.77,156.87,0.2081,-1,-1,-1
951,80,475.21,217.95,61.98,179.41,0.3396,-1,-1,-1
952,4,1719.54,456.31,73.27,210.94,0.5728,-1,-1,-1
952,64,322.32,768.30,90.14,264.97,0.8043,-1,-1,-1
952,3,923.51,935.92,70.83,144.10,0.7730,-1,-1,-1
952,68,1575.35,595.60,100.08,228.45,0.5732,-1,-1,-1
952,72,854.43,363.66,66.02,205.78,0.6924,-1,-1,-1
952,73,929.50,347.31,65.45,211.80,0.6933,-1,-1,-1
952,70,391.79,390.80,73.56,206.90,0.5197,-1,-1,-1
952,76,323.43,415.02,70.49,189.53,0.4300,-1,-1,-1
952,82,809.02,135.67,54.58,175.44,0.2669,-1,-1,-1
952,84,1242.69,751.50,86.11,266.91,0.7631,-1,-1,-1
952,85,1146.19,72.96,59.95,163.80,0.3477,-1,-1,-1
952,86,1742.22,667.78,90.47,256.22,0.6679,-1,-1,-1
952,90,1636.18,105.83,53.17,156.31,0.2060,-1,-1,-1
952,80,474.80,219.92,63.03,177.01,0.3205,-1,-1,-1
953,4,1719.30,456.80,73.75,209.98,0.5686,-1,-1,-1
953,64,321.73,769.87,89.68,263.53,0.8138,-1,-1,-1
953,3,924.63,935.24,70.70,144.79,0.7790,-1,-1,-1
953,68,1575.86,594.84,99.81,229.07,0.6086,-1,-1,-1
953,72,853.03,362.27,67.88,206.63,0.6850,-1,-1,-1
953,73,927.61,345.96,66.62,211.70,0.7091,-1,-1,-1
953,70,391.24,393.40,74.64,207.67,0.5568,-1,-1,-1
953,76,321.94,414.43,71.97,190.51,0.4323,-1,-1,-1
953,82,809.23,136.10,54.56,176.28,0.2910,-1,-1,-1
953,84,1241.32,749.88,86.23,265.99,0.7807,-1,-1,-1
953,85,1146.90,74.30,59.42,165.32,0.3897,-1,-1,-1
953,86,1741.93,668.16,90.88,255.81,0.6719,-1,-1,-1
953,90,1636.57,107.39,53.66,155.65,0.2117,-1,-1,-1
953,80,475.89,220.53,62.64,176.21,0.3692,-1,-1,-1
954,4,1719.66,456.66,73.76,209.77,0.5797,-1,-1,-1
954,64,322.29,771.35,88.92,262.13,0.8178,-1,-1,-1
954,3,925.46,934.50,70.27,145.49,0.7649,-1,-1,-1
954,68,1576.26,596.05,98.96,228.28,0.5788,-1,-1,-1
954,72,852.36,360.79,67.90,207.64,0.6719,-1,-1,-1
954,73,925.82,344.94,67.98,211.76,0.7075,-1,-1,-1
954,70,389.50,394.13,76.21,210.13,0.6119,-1,-1,-1
954,76,321.58,414.72,70.29,189.74,0.4593,-1,-1,-1
954,82,808.60,136.34,54.73,175.56,0.3041,-1,-1,-1
954,84,1238.30,748.26,88.10,266.30,0.7781,-1,-1,-1
954,85,1147.57,76.65,59.39,165.73,0.3977,-1,-1,-1
954,86,1741.87,669.11,91.02,255.16,0.6840,-1,-1,-1
954,90,1637.26,109.00,54.35,155.56,0.2137,-1,-1,-1
954,80,476.64,221.43,62.97,175.56,0.3802,-1,-1,-1
955,4,1719.17,456.22,74.48,210.26,0.5753,-1,-1,-1
955,64,322.31,772.96,88.54,260.37,0.8189,-1,-1,-1
955,3,926.33,934.16,69.23,145.84,0.7774,-1,-1,-1
955,68,1576.23,594.40,99.18,229.68,0.5889,-1,-1,-1
955,72,852.28,360.17,67.48,208.48,0.6668,-1,-1,-1
955,73,925.30,343.78,68.89,211.89,0.6884,-1,-1,-1
955,70,389.14,396.31,77.48,212.13,0.5812,-1,-1,-1
955,76,320.35,417.10,70.48,182.26,0.4157,-1,-1,-1
955,82,808.15,136.96,55.04,175.22,0.2796,-1,-1,-1
955,84,1237.06,746.11,87.84,267.81,0.7887,-1,-1,-1
955,85,1148.43,79.03,60.27,164.83,0.3768,-1,-1,-1
955,86,1741.90,668.70,90.80,254.33,0.6738,-1,-1,-1
955,90,1637.65,108.72,55.66,156.04,0.1974,-1,-1,-1
955,80,476.84,222.64,64.41,176.08,0.3835,-1,-1,-1
956,4,1719.64,456.44,74.04,210.18,0.5839,-1,-1,-1
956,64,321.96,773.55,88.71,259.49,0.8290,-1,-1,-1
956,3,926.46,933.55,69.66,146.50,0.7815,-1,-1,-1
956,68,1578.28,594.64,97.36,229.35,0.5550,-1,-1,-1
956,72,851.53,360.12,67.70,209.81,0.6591,-1,-1,-1
956,73,924.05,343.59,70.79,214.21,0.6933,-1,-1,-1
956,70,389.25,399.77,77.40,212.57,0.6061,-1,-1,-1
956,76,320.59,418.45,69.63,180.95,0.4538,-1,-1,-1
956,82,807.64,137.36,55.46,176.04,0.2887,-1,-1,-1
956,84,1235.23,744.04,87.73,269.02,0.7906,-1,-1,-1
956,85,1149.48,80.64,60.86,163.63,0.3015,-1,-1,-1
956,86,1741.68,668.01,91.02,254.17,0.6593,-1,-1,-1
956,90,1638.99,108.84,54.97,156.05,0.2277,-1,-1,-1
956,80,478.23,222.31,64.92,178.77,0.4048,-1,-1,-1
957,4,1719.25,456.28,74.27,210.14,0.5703,-1,-1,-1
957,64,322.02,774.13,88.16,259.41,0.8347,-1,-1,-1
957,3,926.42,933.07,70.48,146.92,0.7785,-1,-1,-1
957,68,1580.99,593.70,94.77,230.25,0.5682,-1,-1,-1
957,72,850.87,360.40,67.51,208.20,0.6749,-1,-1,-1
957,73,921.71,343.43,73.09,214.84,0.6918,-1,-1,-1
957,70,388.42,403.31,77.69,213.17,0.6150,-1,-1,-1
957,76,321.96,418.99,67.55,181.32,0.4297,-1,-1,-1
957,82,807.44,136.90,55.57,176.00,0.2784,-1,-1,-1
957,84,1232.57,742.76,90.24,260.32,0.7515,-1,-1,-1
957,85,1150.15,80.75,60.53,162.29,0.2774,-1,-1,-1
957,86,1739.80,669.12,93.32,251.88,0.6712,-1,-1,-1
957,90,1640.68,109.12,54.70,155.98,0.2617,-1,-1,-1
957,80,477.82,224.44,66.95,177.73,0.4350,-1,-1,-1
958,4,1719.14,456.00,74.47,210.50,0.5803,-1,-1,-1
958,64,322.12,775.08,87.82,261.97,0.8283,-1,-1,-1
958,3,926.90,932.65,70.69,147.33,0.7848,-1,-1,-1
958,68,1580.52,594.93,95.27,228.79,0.5447,-1,-1,-1
958,72,850.17,359.94,67.94,207.88,0.6794,-1,-1,-1
958,73,922.36,343.21,73.17,215.41,0.6941,-1,-1,-1
958,70,387.61,404.99,77.70,215.07,0.6002,-1,-1,-1
958,76,323.19,419.48,66.65,183.08,0.4490,-1,-1,-1
958,82,807.31,136.62,55.51,177.08,0.2889,-1,-1,-1
958,84,1231.03,741.51,90.84,259.71,0.7564,-1,-1,-1
958,85,1150.87,80.53,60.05,162.64,0.3161,-1,-1,-1
958,86,1739.21,668.13,94.33,253.52,0.6623,-1,-1,-1
958,90,1642.50,109.39,53.56,156.80,0.2780,-1,-1,-1
958,80,479.86,227.46,66.19,176.96,0.3704,-1,-1,-1
958,91,424.26,236.50,59.77,193.26,0.4603,-1,-1,-1
959,4,1719.07,456.32,74.50,209.52,0.5790,-1,-1,-1
959,64,321.94,777.08,87.38,262.89,0.7969,-1,-1,-1
959,3,927.31,932.62,70.64,147.39,0.7850,-1,-1,-1
959,68,1581.03,596.07,94.37,228.07,0.5646,-1,-1,-1
959,72,850.15,359.14,67.96,206.03,0.6788,-1,-1,-1
959,73,923.37,342.85,72.12,216.04,0.6846,-1,-1,-1
959,70,386.60,408.20,77.47,214.15,0.6068,-1,-1,-1
959,76,322.48,418.29,66.54,187.60,0.5233,-1,-1,-1
959,82,806.74,136.61,56.18,176.30,0.2544,-1,-1,-1
959,84,1228.30,740.40,92.70,253.16,0.7574,-1,-1,-1
959,85,1151.61,80.62,59.80,164.22,0.3739,-1,-1,-1
959,86,1740.81,668.45,90.97,252.30,0.6473,-1,-1,-1
959,90,1644.08,109.87,52.83,158.27,0.2697,-1,-1,-1
959,80,484.11,231.03,63.27,176.52,0.3645,-1,-1,-1
959,91,423.31,236.92,60.76,193.97,0.4966,-1,-1,-1
960,4,1719.00,455.73,74.77,210.34,0.5901,-1,-1,-1
960,64,321.83,779.45,87.04,262.98,0.8040,-1,-1,-1
960,3,927.54,932.23,71.02,147.79,0.7892,-1,-1,-1
960,68,1580.01,593.38,96.35,230.56,0.5781,-1,-1,-1
960,72,849.97,356.45,67.17,207.85,0.6897,-1,-1,-1
960,73,923.79,341.52,71.67,216.26,0.6973,-1,-1,-1
960,70,389.88,411.88,75.27,211.99,0.5334,-1,-1,-1
960,76,323.31,419.51,64.80,188.49,0.4977,-1,-1,-1
960,82,807.26,136.70,55.55,175.87,0.2656,-1,-1,-1
960,84,1225.31,738.81,93.78,255.97,0.7923,-1,-1,-1
960,85,1152.05,80.81,59.68,165.76,0.4256,-1,-1,-1
960,86,1741.35,668.68,90.97,252.21,0.6835,-1,-1,-1
960,90,1645.65,110.83,52.60,158.61,0.2773,-1,-1,-1
960,80,486.38,232.36,62.44,177.79,0.3810,-1,-1,-1
960,91,422.61,237.16,61.59,195.95,0.5251,-1,-1,-1
961,4,1719.27,455.59,74.85,210.52,0.5980,-1,-1,-1
961,64,322.35,783.44,86.31,261.60,0.8184,-1,-1,-1
961,3,927.99,931.82,70.82,148.17,0.7792,-1,-1,-1
961,68,1577.94,593.44,98.36,230.39,0.5443,-1,-1,-1
961,72,849.16,353.07,66.45,206.22,0.6873,-1,-1,-1
961,73,924.10,340.29,71.73,217.04,0.6921,-1,-1,-1
961,70,390.71,412.97,74.75,211.42,0.5708,-1,-1,-1
961,76,321.60,421.39,65.15,190.75,0.5793,-1,-1,-1
961,82,807.08,136.56,55.69,174.62,0.2375,-1,-1,-1
961,84,1222.15,736.58,95.01,256.05,0.7769,-1,-1,-1
961,85,1153.03,79.55,58.47,167.55,0.4800,-1,-1,-1
961,86,1741.41,669.57,91.10,252.36,0.6779,-1,-1,-1
961,90,1646.27,110.75,53.41,159.43,0.2726,-1,-1,-1
961,80,487.76,230.58,62.15,181.28,0.3737,-1,-1,-1
961,91,422.42,238.63,61.90,196.67,0.4802,-1,-1,-1
962,4,1719.37,455.43,74.25,209.91,0.5958,-1,-1,-1
962,64,322.55,786.28,85.84,260.58,0.8293,-1,-1,-1
962,3,928.20,931.76,71.04,148.21,0.7876,-1,-1,-1
962,68,1576.95,591.13,100.14,232.66,0.5481,-1,-1,-1
962,72,848.46,350.01,66.51,204.01,0.6834,-1,-1,-1
962,73,924.98,338.54,71.46,216.74,0.6875,-1,-1,-1
962,70,391.96,415.02,74.04,209.60,0.5328,-1,-1,-1
962,76,320.14,421.02,65.84,195.32,0.5737,-1,-1,-1
962,82,807.32,137.02,55.38,174.07,0.2344,-1,-1,-1
962,84,1220.47,733.21,94.17,256.02,0.7651,-1,-1,-1
962,85,1153.88,80.91,58.32,167.91,0.4096,-1,-1,-1
962,86,1741.47,666.95,92.02,257.71,0.6724,-1,-1,-1
962,90,1645.83,111.79,54.87,158.87,0.2325,-1,-1,-1
962,80,489.29,231.62,61.48,181.77,0.3576,-1,-1,-1
962,91,421.01,241.58,63.31,196.31,0.4947,-1,-1,-1
963,4,1719.41,455.33,74.24,209.81,0.5761,-1,-1,-1
963,64,323.22,789.33,86.14,262.81,0.8183,-1,-1,-1
963,3,928.62,931.68,71.00,148.36,0.7772,-1,-1,-1
963,68,1575.00,591.41,102.95,232.52,0.5527,-1,-1,-1
963,72,848.54,348.11,65.03,203.16,0.6767,-1,-1,-1
963,73,924.56,336.36,70.96,218.00,0.6828,-1,-1,-1
963,70,392.16,415.74,74.05,209.15,0.5553,-1,-1,-1
963,76,319.80,420.44,65.96,199.62,0.5822,-1,-1,-1
963,82,806.95,137.25,55.57,174.10,0.2269,-1,-1,-1
963,84,1219.15,730.36,92.57,259.32,0.7675,-1,-1,-1
963,85,1154.13,82.56,58.50,167.10,0.2929,-1,-1,-1
963,86,1741.40,667.79,92.02,255.37,0.6642,-1,-1,-1
963,90,1645.35,113.22,56.39,159.32,0.2391,-1,-1,-1
963,80,489.47,232.06,62.41,181.66,0.3805,-1,-1,-1
963,91,420.08,242.23,64.13,196.57,0.4983,-1,-1,-1
964,4,1719.16,455.61,74.11,210.09,0.5696,-1,-1,-1
964,64,324.49,792.20,85.15,266.61,0.8268,-1,-1,-1
964,3,928.43,931.83,71.26,148.17,0.7844,-1,-1,-1
964,68,1575.02,589.52,101.97,234.84,0.5436,-1,-1,-1
964,72,848.04,346.60,63.72,202.51,0.6551,-1,-1,-1
964,73,923.51,333.99,71.24,217.54,0.6621,-1,-1,-1
964,70,392.13,416.78,73.89,208.01,0.5664,-1,-1,-1
964,76,319.70,420.92,66.75,202.27,0.6055,-1,-1,-1
964,82,805.38,136.79,56.73,174.55,0.2027,-1,-1,-1
964,84,1218.45,727.44,90.00,265.79,0.7786,-1,-1,-1
964,85,1152.60,85.34,60.58,166.77,0.3109,-1,-1,-1
964,86,1741.35,665.78,92.17,257.54,0.6723,-1,-1,-1
964,90,1644.73,114.75,58.00,161.37,0.2418,-1,-1,-1
964,80,490.45,231.62,62.09,181.67,0.3877,-1,-1,-1
964,91,420.14,242.84,62.66,199.48,0.4693,-1,-1,-1
965,4,1719.33,455.72,74.24,209.45,0.5924,-1,-1,-1
965,64,325.74,795.03,84.60,271.35,0.8258,-1,-1,-1
965,3,928.52,931.72,71.36,148.16,0.7782,-1,-1,-1
965,68,1575.24,589.36,101.21,234.98,0.5984,-1,-1,-1
965,72,848.81,344.25,61.51,201.17,0.6583,-1,-1,-1
965,73,923.70,331.55,71.39,214.94,0.6830,-1,-1,-1
965,70,392.28,417.45,73.38,206.83,0.5654,-1,-1,-1
965,76,318.63,426.35,67.16,197.15,0.6135,-1,-1,-1
965,82,806.59,136.38,55.54,175.41,0.2510,-1,-1,-1
965,84,1216.94,723.38,89.56,266.29,0.7899,-1,-1,-1
965,85,1152.89,88.13,62.39,165.10,0.3248,-1,-1,-1
965,86,1741.60,668.17,92.48,255.41,0.6873,-1,-1,-1
965,90,1644.76,117.62,59.20,158.31,0.2987,-1,-1,-1
965,80,490.94,231.08,62.87,182.93,0.4314,-1,-1,-1
965,91,419.79,243.75,61.71,199.63,0.4534,-1,-1,-1
966,4,1719.16,455.88,74.12,209.76,0.5748,-1,-1,-1
966,64,327.23,797.80,83.31,275.22,0.8304,-1,-1,-1
966,3,928.21,931.98,71.93,147.98,0.7737,-1,-1,-1
966,68,1574.86,590.32,102.10,233.89,0.6061,-1,-1,-1
966,72,849.08,342.70,60.74,200.40,0.6744,-1,-1,-1
966,73,924.26,330.09,70.74,209.59,0.7021,-1,-1,-1
966,70,389.54,415.60,75.18,208.73,0.5529,-1,-1,-1
966,76,319.04,432.00,66.07,191.42,0.6091,-1,-1,-1
966,82,807.39,136.34,54.74,177.01,0.2157,-1,-1,-1
966,84,1215.96,719.76,89.57,262.25,0.7830,-1,-1,-1
966,85,1152.75,90.58,63.83,165.32,0.3649,-1,-1,-1
966,86,1742.09,669.05,92.52,255.17,0.6893,-1,-1,-1
966,90,1645.65,119.95,59.38,158.21,0.3065,-1,-1,-1
966,80,491.51,230.98,63.18,182.77,0.4293,-1,-1,-1
966,91,419.70,244.16,60.80,199.89,0.4305,-1,-1,-1
967,4,1719.11,455.79,74.12,210.08,0.5818,-1,-1,-1
967,64,328.55,799.44,82.53,274.73,0.7980,-1,-1,-1
967,3,927.97,932.00,72.47,147.99,0.7770,-1,-1,-1
967,68,1573.75,590.24,103.84,233.85,0.5922,-1,-1,-1
967,72,849.68,340.88,60.58,201.66,0.6840,-1,-1,-1
967,73,925.68,328.36,69.41,207.87,0.7083,-1,-1,-1
967,70,391.65,417.96,73.18,205.67,0.5480,-1,-1,-1
967,76,315.88,433.10,69.18,191.63,0.5865,-1,-1,-1
967,82,809.22,136.96,52.83,177.02,0.2000,-1,-1,-1
967,84,1216.26,715.97,87.98,260.94,0.7861,-1,-1,-1
967,85,1152.68,92.19,64.78,165.86,0.2851,-1,-1,-1
967,86,1741.92,669.76,91.94,254.37,0.7124,-1,-1,-1
967,90,1646.58,121.63,59.71,160.03,0.2521,-1,-1,-1
967,80,492.57,231.19,62.75,183.00,0.4407,-1,-1,-1
967,91,418.10,245.25,63.20,198.32,0.3988,-1,-1,-1
968,4,1719.02,455.96,73.85,210.44,0.5840,-1,-1,-1
968,64,329.53,800.47,83.37,275.24,0.7967,-1,-1,-1
968,3,927.64,931.60,72.52,148.35,0.7810,-1,-1,-1
968,68,1574.13,589.56,103.49,234.63,0.6154,-1,-1,-1
968,72,848.68,339.51,61.28,203.55,0.6944,-1,-1,-1
968,73,926.42,325.73,68.97,207.94,0.7234,-1,-1,-1
968,70,393.02,418.79,72.15,203.97,0.5536,-1,-1,-1
968,76,313.44,433.48,71.10,191.76,0.5852,-1,-1,-1
968,82,809.47,136.64,52.74,176.74,0.1860,-1,-1,-1
968,84,1215.04,712.63,88.04,261.74,0.7838,-1,-1,-1
968,85,1152.80,93.24,65.57,169.67,0.3210,-1,-1,-1
968,86,1741.02,669.02,93.33,255.52,0.6958,-1,-1,-1
968,90,1647.38,123.45,59.21,163.24,0.3133,-1,-1,-1
968,80,493.36,231.32,62.19,183.52,0.5043,-1,-1,-1
968,91,416.11,245.58,65.64,197.25,0.3630,-1,-1,-1
969,4,1719.01,456.32,73.62,210.48,0.5894,-1,-1,-1
969,64,330.48,802.02,84.50,274.08,0.7833,-1,-1,-1
969,3,927.62,931.88,71.97,148.08,0.7817,-1,-1,-1
969,68,1574.02,590.29,104.85,233.84,0.6187,-1,-1,-1
969,72,848.75,338.58,60.82,205.22,0.6962,-1,-1,-1
969,73,926.94,323.99,68.52,207.54,0.7284,-1,-1,-1
969,70,393.58,420.51,71.59,202.92,0.5213,-1,-1,-1
969,76,308.40,433.46,76.93,192.12,0.5698,-1,-1,-1
969,82,809.14,137.18,53.02,176.74,0.1918,-1,-1,-1
969,84,1213.42,709.52,89.44,263.66,0.7820,-1,-1,-1
969,85,1152.19,94.55,68.60,170.50,0.2325,-1,-1,-1
969,86,1740.37,668.52,93.26,254.64,0.6980,-1,-1,-1
969,90,1648.12,124.95,58.77,164.48,0.3094,-1,-1,-1
969,80,493.44,232.87,62.69,184.02,0.4676,-1,-1,-1
969,91,415.28,246.80,66.76,196.98,0.2235,-1,-1,-1
970,4,1719.04,455.96,73.69,210.18,0.5884,-1,-1,-1
970,64,331.38,803.69,85.56,272.86,0.7935,-1,-1,-1
970,3,927.27,931.98,71.85,148.07,0.7809,-1,-1,-1
970,68,1574.87,591.21,104.07,233.14,0.6187,-1,-1,-1
970,72,848.63,338.18,60.72,206.09,0.6997,-1,-1,-1
970,73,927.54,323.06,66.79,207.86,0.7034,-1,-1,-1
970,70,390.75,418.36,74.59,208.84,0.5198,-1,-1,-1
970,76,303.52,435.79,82.16,189.83,0.4564,-1,-1,-1
970,82,808.57,137.15,53.52,176.53,0.1986,-1,-1,-1
970,84,1211.95,707.48,90.43,265.94,0.7810,-1,-1,-1
970,85,1154.11,95.67,67.63,171.47,0.1671,-1,-1,-1
970,86,1739.98,668.38,93.62,253.57,0.6945,-1,-1,-1
970,90,1649.09,125.63,57.79,164.81,0.3224,-1,-1,-1
970,80,494.06,234.69,63.45,184.85,0.4770,-1,-1,-1
970,91,414.23,247.24,66.97,198.52,0.2345,-1,-1,-1
971,4,1719.10,456.11,74.27,210.51,0.5868,-1,-1,-1
971,64,330.69,804.17,88.47,271.98,0.7872,-1,-1,-1
971,3,927.05,932.25,71.50,147.78,0.7796,-1,-1,-1
971,68,1575.03,590.66,104.10,233.68,0.5858,-1,-1,-1
971,72,848.59,337.72,60.41,207.44,0.7059,-1,-1,-1
971,73,927.84,322.49,66.07,207.67,0.7119,-1,-1,-1
971,70,391.73,421.66,74.49,212.43,0.5197,-1,-1,-1
971,76,301.68,435.54,84.26,190.25,0.3819,-1,-1,-1
971,82,808.30,137.03,53.66,177.42,0.1918,-1,-1,-1
971,84,1210.42,706.44,90.70,267.89,0.7933,-1,-1,-1
971,85,1155.34,96.84,67.21,171.09,0.1755,-1,-1,-1
971,86,1740.07,669.84,92.61,252.39,0.6854,-1,-1,-1
971,90,1649.82,126.67,57.10,164.58,0.3218,-1,-1,-1
971,80,494.27,235.99,63.89,186.39,0.4632,-1,-1,-1
971,91,414.21,248.42,65.67,196.09,0.2973,-1,-1,-1
972,4,1719.54,455.97,73.70,209.99,0.5873,-1,-1,-1
972,64,330.11,804.93,91.55,270.53,0.7705,-1,-1,-1
972,3,926.97,932.48,70.30,147.55,0.7639,-1,-1,-1
972,68,1575.02,590.38,103.90,233.80,0.5744,-1,-1,-1
972,72,848.46,337.59,60.24,208.22,0.6767,-1,-1,-1
972,73,927.71,321.86,65.74,207.24,0.6948,-1,-1,-1
972,70,388.49,419.84,77.30,215.92,0.5290,-1,-1,-1
972,76,300.21,437.81,84.26,185.14,0.3395,-1,-1,-1
972,82,808.10,136.93,53.76,177.18,0.1772,-1,-1,-1
972,84,1208.15,705.99,91.94,268.71,0.7897,-1,-1,-1
972,85,1158.31,99.00,66.57,169.56,0.1584,-1,-1,-1
972,86,1740.32,669.23,92.48,254.48,0.6969,-1,-1,-1
972,90,1650.90,128.06,56.45,162.72,0.2628,-1,-1,-1
972,80,493.99,238.33,64.59,185.58,0.4043,-1,-1,-1
972,91,415.02,249.99,62.68,164.15,0.2204,-1,-1,-1
972,92,326.31,437.83,60.88,187.46,0.3567,-1,-1,-1
973,4,1719.14,455.87,73.98,210.46,0.5756,-1,-1,-1
973,64,329.62,806.32,94.57,268.19,0.7737,-1,-1,-1
973,3,926.43,933.22,70.44,146.79,0.7777,-1,-1,-1
973,68,1574.86,590.82,103.89,233.48,0.6074,-1,-1,-1
973,72,847.60,336.35,61.23,208.26,0.6861,-1,-1,-1
973,73,927.83,321.28,65.09,207.28,0.6988,-1,-1,-1
973,70,387.89,419.66,77.48,218.50,0.5475,-1,-1,-1
973,76,301.31,436.14,83.38,188.58,0.2185,-1,-1,-1
973,82,808.59,137.22,53.59,177.44,0.2062,-1,-1,-1
973,84,1206.82,704.75,90.43,268.86,0.7941,-1,-1,-1
973,86,1738.63,668.96,95.49,254.77,0.6942,-1,-1,-1
973,90,1651.06,128.96,56.50,160.67,0.2213,-1,-1,-1
973,80,494.78,240.23,63.48,184.97,0.4481,-1,-1,-1
973,91,414.02,250.26,64.02,182.36,0.3068,-1,-1,-1
973,92,327.24,435.48,58.97,191.11,0.4688,-1,-1,-1
974,4,1719.28,455.51,73.21,210.08,0.5486,-1,-1,-1
974,64,328.98,807.51,97.18,266.94,0.7685,-1,-1,-1
974,3,926.17,933.00,69.66,147.07,0.7694,-1,-1,-1
974,68,1576.20,589.60,102.79,234.49,0.6297,-1,-1,-1
974,72,847.48,335.42,61.25,208.59,0.6668,-1,-1,-1
974,73,927.25,321.24,64.99,207.04,0.7107,-1,-1,-1
974,70,387.58,421.50,76.79,219.05,0.5679,-1,-1,-1
974,76,317.62,436.48,67.82,189.97,0.4757,-1,-1,-1
974,82,808.47,136.66,53.88,177.59,0.1792,-1,-1,-1
974,84,1205.40,703.07,90.90,270.07,0.7964,-1,-1,-1
974,86,1739.61,670.16,93.49,253.63,0.6887,-1,-1,-1
974,90,1651.50,127.69,57.79,157.22,0.2404,-1,-1,-1
974,80,496.00,242.58,62.42,184.88,0.4499,-1,-1,-1
974,91,413.52,250.92,64.70,186.46,0.3227,-1,-1,-1
974,92,327.27,435.72,58.69,191.25,0.4757,-1,-1,-1
975,4,1718.93,455.27,73.68,210.67,0.5851,-1,-1,-1
975,64,328.48,808.88,99.04,265.22,0.7805,-1,-1,-1
975,3,925.02,933.50,69.76,146.53,0.7595,-1,-1,-1
975,68,1577.41,589.71,101.93,234.49,0.6053,-1,-1,-1
975,72,847.09,333.60,61.42,208.65,0.6642,-1,-1,-1
975,73,927.01,320.67,64.50,208.49,0.6910,-1,-1,-1
975,70,387.46,423.41,76.80,218.68,0.5707,-1,-1,-1
975,76,324.17,437.31,61.23,190.78,0.4968,-1,-1,-1
975,82,807.69,136.33,54.47,176.88,0.1892,-1,-1,-1
975,84,1203.96,702.10,89.53,270.39,0.7915,-1,-1,-1
975,86,1738.13,669.51,95.63,254.44,0.6917,-1,-1,-1
975,90,1651.98,127.84,58.53,160.77,0.3290,-1,-1,-1
975,80,496.22,244.14,63.04,186.57,0.4648,-1,-1,-1
975,91,411.54,251.46,67.80,189.54,0.4297,-1,-1,-1
975,92,326.98,436.76,58.53,191.47,0.4968,-1,-1,-1
976,4,1719.26,456.73,73.45,209.18,0.5700,-1,-1,-1
976,64,328.54,810.99,100.26,264.57,0.7746,-1,-1,-1
976,3,924.42,933.89,68.94,146.14,0.7339,-1,-1,-1
976,68,1578.40,588.97,101.37,235.10,0.6043,-1,-1,-1
976,72,846.56,332.31,61.64,205.96,0.6726,-1,-1,-1
976,73,925.71,320.12,64.93,210.59,0.6929,-1,-1,-1
976,70,387.93,425.74,75.97,218.79,0.5749,-1,-1,-1
976,76,325.09,437.18,59.97,191.19,0.5093,-1,-1,-1
976,82,808.21,137.22,53.99,176.38,0.2180,-1,-1,-1
976,84,1201.70,700.59,89.61,270.55,0.8041,-1,-1,-1
976,86,1737.65,670.77,96.40,252.77,0.7115,-1,-1,-1
976,90,1655.40,128.05,55.77,158.63,0.3458,-1,-1,-1
976,80,496.43,245.59,63.39,188.61,0.4559,-1,-1,-1
976,91,410.97,252.35,68.21,190.54,0.4365,-1,-1,-1
976,92,325.62,436.67,59.41,191.62,0.5093,-1,-1,-1
977,4,1719.27,456.66,73.46,209.84,0.5574,-1,-1,-1
977,64,328.57,813.24,101.66,265.31,0.7844,-1,-1,-1
977,3,922.72,933.80,69.70,146.24,0.7405,-1,-1,-1
977,68,1577.71,588.40,102.57,235.96,0.6112,-1,-1,-1
977,72,846.32,330.55,61.52,203.75,0.6668,-1,-1,-1
977,73,923.62,317.91,64.98,213.06,0.6807,-1,-1,-1
977,70,387.33,428.13,75.77,217.52,0.5716,-1,-1,-1
977,76,324.03,436.93,62.30,193.92,0.4869,-1,-1,-1
977,82,807.06,137.86,55.09,176.01,0.2122,-1,-1,-1
977,84,1201.05,698.56,87.55,272.76,0.7904,-1,-1,-1
977,86,1737.18,669.82,96.55,252.72,0.7137,-1,-1,-1
977,90,1657.31,129.19,55.39,158.73,0.4575,-1,-1,-1
977,80,495.72,247.54,64.11,188.34,0.4399,-1,-1,-1
977,91,408.25,254.89,70.18,189.04,0.4150,-1,-1,-1
977,92,323.78,436.45,62.52,194.37,0.4869,-1,-1,-1
977,88,1780.02,161.96,56.44,174.74,0.3459,-1,-1,-1
978,4,1719.30,457.24,73.52,209.17,0.5443,-1,-1,-1
978,64,329.12,815.90,100.96,264.09,0.7919,-1,-1,-1
978,3,922.35,934.19,68.81,145.81,0.7361,-1,-1,-1
978,68,1577.55,589.04,102.58,235.25,0.6100,-1,-1,-1
978,72,845.54,328.37,62.22,200.72,0.6666,-1,-1,-1
978,73,923.00,316.90,64.89,212.04,0.6797,-1,-1,-1
978,70,387.65,429.64,74.43,216.78,0.5479,-1,-1,-1
978,76,322.31,438.42,65.24,195.69,0.4363,-1,-1,-1
978,82,807.56,137.14,54.52,176.25,0.2092,-1,-1,-1
978,84,1199.68,696.01,86.38,273.95,0.7882,-1,-1,-1
978,86,1737.03,669.83,95.89,252.75,0.7105,-1,-1,-1
978,90,1658.51,130.77,54.77,159.52,0.4049,-1,-1,-1
978,80,495.70,249.19,64.39,187.47,0.4554,-1,-1,-1
978,91,407.66,258.60,69.99,186.81,0.4143,-1,-1,-1
978,92,321.79,438.06,65.74,196.11,0.4363,-1,-1,-1
978,88,1780.46,164.04,56.57,171.92,0.3123,-1,-1,-1
979,4,1718.97,456.86,73.51,209.68,0.5314,-1,-1,-1
979,64,329.99,818.39,100.10,262.06,0.8078,-1,-1,-1
979,3,921.95,934.78,67.95,145.20,0.7400,-1,-1,-1
979,68,1576.18,589.97,103.62,234.01,0.6152,-1,-1,-1
979,72,845.11,325.58,62.45,199.01,0.6503,-1,-1,-1
979,73,922.51,315.95,64.09,209.87,0.6810,-1,-1,-1
979,70,387.87,431.65,74.70,215.55,0.5985,-1,-1,-1
979,76,312.75,439.07,75.87,199.70,0.5170,-1,-1,-1
979,82,807.19,137.26,55.27,175.74,0.2150,-1,-1,-1
979,84,1199.14,692.49,85.83,275.64,0.7898,-1,-1,-1
979,86,1736.88,669.35,96.18,252.85,0.7057,-1,-1,-1
979,90,1660.02,132.27,54.20,159.31,0.3734,-1,-1,-1
979,80,496.24,249.72,63.67,187.16,0.4910,-1,-1,-1
979,91,405.61,260.49,70.74,185.65,0.4544,-1,-1,-1
979,92,312.11,438.78,76.51,200.15,0.5170,-1,-1,-1
979,88,1780.98,163.60,56.48,169.90,0.2360,-1,-1,-1
980,4,1719.67,456.80,72.85,209.30,0.5466,-1,-1,-1
980,64,330.10,821.58,99.20,259.00,0.8206,-1,-1,-1
980,3,921.38,935.57,66.87,144.42,0.7514,-1,-1,-1
980,68,1575.11,590.51,105.13,233.71,0.6261,-1,-1,-1
980,72,845.06,324.40,61.20,198.38,0.6301,-1,-1,-1
980,73,922.02,314.79,63.43,208.68,0.6860,-1,-1,-1
980,70,388.08,432.04,74.95,216.23,0.6381,-1,-1,-1
980,76,309.55,438.56,79.01,205.76,0.6050,-1,-1,-1
980,82,806.85,136.81,55.45,174.63,0.2201,-1,-1,-1
980,84,1198.84,688.64,85.98,273.19,0.7734,-1,-1,-1
980,86,1737.20,668.16,96.96,254.27,0.6969,-1,-1,-1
980,90,1661.58,133.52,53.75,160.19,0.4015,-1,-1,-1
980,80,495.47,249.40,65.05,187.99,0.4456,-1,-1,-1
980,91,404.13,258.85,72.94,187.81,0.4439,-1,-1,-1
980,92,308.85,438.28,79.72,206.26,0.6050,-1,-1,-1
980,88,1781.74,168.59,57.24,164.15,0.1593,-1,-1,-1
980,85,1176.37,110.89,61.56,164.64,0.3732,-1,-1,-1
981,4,1719.19,456.70,73.92,209.59,0.5474,-1,-1,-1
981,64,330.19,825.48,98.76,255.23,0.8243,-1,-1,-1
981,3,920.71,936.37,66.61,143.68,0.7440,-1,-1,-1
981,68,1575.14,590.30,105.00,234.06,0.6282,-1,-1,-1
981,72,844.62,322.64,60.37,199.29,0.6153,-1,-1,-1
981,73,920.58,313.26,63.50,207.61,0.6630,-1,-1,-1
981,70,387.86,433.18,74.13,215.88,0.5309,-1,-1,-1
981,76,309.13,440.14,79.50,206.71,0.5155,-1,-1,-1
981,82,807.55,136.05,54.86,175.85,0.1932,-1,-1,-1
981,84,1197.93,684.91,85.74,268.24,0.7787,-1,-1,-1
981,86,1738.89,669.09,93.43,253.04,0.6990,-1,-1,-1
981,90,1661.93,135.62,54.59,159.32,0.3927,-1,-1,-1
981,80,495.49,249.20,64.66,187.14,0.4574,-1,-1,-1
981,91,402.93,257.81,74.71,190.71,0.4357,-1,-1,-1
981,92,308.46,439.91,80.17,207.14,0.5155,-1,-1,-1
981,85,1178.02,112.33,61.17,163.83,0.3759,-1,-1,-1
982,4,1719.41,457.07,73.78,209.24,0.5405,-1,-1,-1
982,64,330.43,828.77,97.63,251.79,0.8212,-1,-1,-1
982,3,919.24,937.04,67.17,142.97,0.7419,-1,-1,-1
982,68,1575.14,590.05,105.76,233.94,0.6247,-1,-1,-1
982,72,841.90,319.94,63.41,198.48,0.6029,-1,-1,-1
982,73,921.36,311.13,62.11,204.84,0.6538,-1,-1,-1
982,70,390.09,439.35,71.95,209.74,0.5090,-1,-1,-1
982,76,310.04,442.36,78.98,207.45,0.4847,-1,-1,-1
982,82,808.62,134.95,54.29,175.03,0.1882,-1,-1,-1
982,84,1196.80,681.14,85.70,265.00,0.7699,-1,-1,-1
982,86,1737.63,668.50,96.10,254.18,0.7033,-1,-1,-1
982,90,1661.66,138.37,55.74,157.60,0.4025,-1,-1,-1
982,80,495.46,249.29,64.55,185.38,0.4606,-1,-1,-1
982,91,400.46,259.28,76.92,191.53,0.4460,-1,-1,-1
982,92,309.45,442.19,79.58,207.82,0.4847,-1,-1,-1
982,85,1179.93,114.20,61.10,163.89,0.3616,-1,-1,-1
983,4,1719.76,456.89,73.77,209.99,0.5342,-1,-1,-1
983,64,330.36,832.18,95.78,248.28,0.8259,-1,-1,-1
983,3,917.58,937.63,67.56,142.36,0.7387,-1,-1,-1
983,68,1575.22,589.19,105.72,234.85,0.6071,-1,-1,-1
983,72,840.48,317.80,64.42,202.78,0.6489,-1,-1,-1
983,73,922.15,309.11,61.23,204.55,0.6715,-1,-1,-1
983,70,389.27,437.04,71.61,212.58,0.5054,-1,-1,-1
983,76,309.56,445.23,76.98,206.69,0.5079,-1,-1,-1
983,82,809.05,133.91,53.97,175.60,0.1953,-1,-1,-1
983,84,1194.88,677.84,86.68,259.25,0.7634,-1,-1,-1
983,86,1739.01,670.14,92.09,251.82,0.6795,-1,-1,-1
983,90,1661.29,139.81,57.37,157.14,0.3754,-1,-1,-1
983,80,494.73,249.41,65.32,184.86,0.4811,-1,-1,-1
983,91,397.54,259.39,79.97,193.04,0.4448,-1,-1,-1
983,92,309.05,445.10,77.50,206.99,0.5079,-1,-1,-1
983,85,1180.90,114.80,61.60,165.27,0.3233,-1,-1,-1
984,4,1719.33,457.36,74.57,210.16,0.5410,-1,-1,-1
984,64,329.81,834.62,95.55,245.79,0.8257,-1,-1,-1
984,3,917.38,938.51,67.17,141.48,0.7369,-1,-1,-1
984,68,1575.13,586.97,106.27,236.85,0.6223,-1,-1,-1
984,72,839.29,316.85,66.70,201.99,0.6540,-1,-1,-1
984,73,921.66,308.05,61.57,203.77,0.6785,-1,-1,-1
984,70,391.53,441.87,69.92,207.35,0.5217,-1,-1,-1
984,76,310.18,449.39,74.88,204.40,0.4629,-1,-1,-1
984,82,809.46,134.15,53.77,174.75,0.1845,-1,-1,-1
984,84,1193.58,674.17,87.82,256.47,0.7552,-1,-1,-1
984,86,1739.58,669.47,92.28,252.34,0.6942,-1,-1,-1
984,90,1661.88,140.99,57.67,157.87,0.3627,-1,-1,-1
984,80,494.27,250.33,65.74,184.29,0.5098,-1,-1,-1
984,91,397.61,259.43,81.35,192.81,0.3964,-1,-1,-1
984,92,309.73,449.31,75.33,204.63,0.4629,-1,-1,-1
984,85,1182.15,116.98,60.58,163.83,0.3199,-1,-1,-1
984,93,320.64,260.45,58.11,185.21,0.3918,-1,-1,-1
985,4,1719.36,457.99,74.88,209.19,0.5178,-1,-1,-1
985,64,329.33,836.52,95.32,243.87,0.8158,-1,-1,-1
985,3,915.68,939.69,67.48,140.32,0.7292,-1,-1,-1
985,68,1574.97,587.22,107.07,236.67,0.6105,-1,-1,-1
985,72,837.54,316.06,69.16,201.93,0.6294,-1,-1,-1
985,73,920.93,306.02,61.93,204.41,0.6611,-1,-1,-1
985,70,391.24,443.85,70.35,205.71,0.5316,-1,-1,-1
985,76,306.44,454.70,75.40,196.97,0.4351,-1,-1,-1
985,82,810.01,133.85,53.01,174.76,0.1952,-1,-1,-1
985,84,1191.79,670.93,89.16,258.60,0.7658,-1,-1,-1
985,86,1739.88,670.42,90.57,251.30,0.6748,-1,-1,-1
985,90,1663.30,141.99,57.04,159.18,0.3614,-1,-1,-1
985,80,494.02,251.13,66.50,185.18,0.5407,-1,-1,-1
985,91,397.67,260.29,80.36,191.92,0.3307,-1,-1,-1
985,92,306.06,454.65,75.78,197.11,0.4351,-1,-1,-1
985,85,1183.19,118.35,60.54,162.63,0.3211,-1,-1,-1
985,93,319.96,262.06,56.39,185.19,0.3790,-1,-1,-1
986,4,1720.09,457.74,74.15,208.96,0.4971,-1,-1,-1
986,64,329.29,837.64,94.79,242.66,0.7986,-1,-1,-1
986,3,915.04,940.40,67.34,139.59,0.7142,-1,-1,-1
986,68,1574.90,585.12,107.47,238.93,0.6151,-1,-1,-1
986,72,837.90,316.20,67.73,204.67,0.6423,-1,-1,-1
986,73,920.25,303.98,62.92,205.60,0.6645,-1,-1,-1
986,70,391.52,444.91,70.10,205.26,0.5419,-1,-1,-1
986,76,303.29,457.80,77.11,193.91,0.4430,-1,-1,-1
986,82,809.53,134.06,53.70,174.11,0.1900,-1,-1,-1
986,84,1190.48,667.95,88.72,257.86,0.7546,-1,-1,-1
986,86,1740.01,670.28,90.68,252.00,0.6860,-1,-1,-1
986,90,1665.24,142.97,55.79,157.23,0.3681,-1,-1,-1
986,80,493.65,252.75,67.29,185.04,0.5202,-1,-1,-1
986,91,396.03,259.25,82.18,194.14,0.3922,-1,-1,-1
986,92,302.95,457.77,77.44,194.02,0.4430,-1,-1,-1
986,85,1184.82,119.45,58.70,160.95,0.2590,-1,-1,-1
986,93,320.14,263.62,55.11,185.51,0.3519,-1,-1,-1
987,4,1719.67,457.58,74.68,209.27,0.5072,-1,-1,-1
987,64,329.59,838.97,93.61,241.29,0.7834,-1,-1,-1
987,3,913.02,940.78,68.26,139.22,0.7142,-1,-1,-1
987,68,1574.68,585.36,107.17,239.05,0.6259,-1,-1,-1
987,72,835.77,315.42,70.29,203.75,0.6329,-1,-1,-1
987,73,919.43,302.34,64.59,205.55,0.6767,-1,-1,-1
987,70,391.35,445.40,70.30,205.57,0.5458,-1,-1,-1
987,76,301.66,458.11,78.38,194.44,0.4668,-1,-1,-1
987,82,810.44,134.61,52.83,173.68,0.1893,-1,-1,-1
987,84,1190.54,666.02,88.06,257.77,0.7519,-1,-1,-1
987,86,1740.23,670.45,90.78,251.84,0.6778,-1,-1,-1
987,90,1667.56,144.36,54.79,155.62,0.3986,-1,-1,-1
987,80,493.92,253.80,67.25,187.10,0.5083,-1,-1,-1
987,91,395.48,257.34,80.55,196.26,0.3743,-1,-1,-1
987,92,301.35,458.08,78.68,194.54,0.4668,-1,-1,-1
987,85,1186.78,120.32,56.76,160.70,0.2544,-1,-1,-1
987,93,318.69,265.06,54.97,187.07,0.3699,-1,-1,-1
988,4,1720.20,457.69,74.55,209.73,0.5134,-1,-1,-1
988,64,329.21,840.38,93.41,239.96,0.7764,-1,-1,-1
988,3,912.88,941.30,67.34,138.73,0.7179,-1,-1,-1
988,68,1574.99,585.78,106.23,238.54,0.6242,-1,-1,-1
988,72,835.11,314.71,70.96,204.33,0.6253,-1,-1,-1
988,73,919.20,301.07,65.88,207.33,0.6506,-1,-1,-1
988,70,388.72,442.58,72.46,211.69,0.5706,-1,-1,-1
988,76,300.07,459.40,79.06,194.17,0.4704,-1,-1,-1
988,82,811.72,134.52,51.44,173.67,0.2218,-1,-1,-1
988,84,1189.57,664.48,88.27,258.15,0.7258,-1,-1,-1
988,86,1740.12,669.41,91.10,252.43,0.6805,-1,-1,-1
988,90,1670.27,144.63,53.46,154.85,0.4021,-1,-1,-1
988,80,494.02,255.32,67.80,187.58,0.4960,-1,-1,-1
988,91,397.11,256.84,76.90,197.16,0.4427,-1,-1,-1
988,92,299.80,459.37,79.33,194.26,0.4704,-1,-1,-1
988,85,1187.52,120.19,56.64,162.44,0.2734,-1,-1,-1
988,93,315.53,269.52,55.74,183.88,0.3977,-1,-1,-1
989,4,1720.45,458.54,75.21,208.89,0.4908,-1,-1,-1
989,64,328.50,841.97,94.03,238.28,0.7702,-1,-1,-1
989,3,911.93,941.66,66.68,138.36,0.7061,-1,-1,-1
989,68,1575.55,585.00,105.22,239.46,0.6465,-1,-1,-1
989,72,834.78,313.62,70.95,204.10,0.6213,-1,-1,-1
989,73,918.94,300.36,67.06,207.87,0.6220,-1,-1,-1
989,70,388.08,442.92,72.52,216.07,0.6148,-1,-1,-1
989,76,299.22,460.23,78.87,193.91,0.4851,-1,-1,-1
989,82,809.94,134.35,53.28,174.13,0.2115,-1,-1,-1
989,84,1187.89,663.90,88.73,248.76,0.7233,-1,-1,-1
989,86,1740.35,669.56,91.21,252.59,0.6844,-1,-1,-1
989,90,1671.94,145.53,52.94,156.43,0.4343,-1,-1,-1
989,80,494.42,256.80,67.07,187.12,0.4878,-1,-1,-1
989,91,398.13,257.68,73.93,199.06,0.4671,-1,-1,-1
989,92,298.97,460.20,79.10,193.99,0.4851,-1,-1,-1
989,85,1188.94,122.68,53.70,165.00,0.3304,-1,-1,-1
989,93,314.20,274.04,55.88,178.16,0.3818,-1,-1,-1
990,4,1721.02,457.95,75.51,208.49,0.5169,-1,-1,-1
990,64,327.92,843.61,94.33,236.56,0.7774,-1,-1,-1
990,3,910.36,941.82,66.76,138.17,0.7079,-1,-1,-1
990,68,1574.67,585.00,105.57,239.45,0.6421,-1,-1,-1
990,72,834.76,312.60,71.10,204.61,0.6357,-1,-1,-1
990,73,919.70,300.05,66.85,207.07,0.6092,-1,-1,-1
990,70,387.98,444.29,72.80,217.59,0.6317,-1,-1,-1
990,76,298.61,460.33,78.49,194.43,0.4842,-1,-1,-1
990,82,808.57,135.80,54.69,172.87,0.2088,-1,-1,-1
990,84,1186.84,663.11,87.45,242.10,0.7091,-1,-1,-1
990,86,1740.40,668.87,90.56,252.97,0.6725,-1,-1,-1
990,90,1673.22,145.43,53.23,158.90,0.4372,-1,-1,-1
990,80,496.70,258.91,64.85,186.28,0.4601,-1,-1,-1
990,91,404.15,260.90,65.22,199.36,0.4404,-1,-1,-1
990,92,298.39,460.30,78.70,194.50,0.4842,-1,-1,-1
990,85,1190.88,122.32,51.48,167.27,0.4000,-1,-1,-1
990,93,314.55,275.96,55.13,175.55,0.3135,-1,-1,-1
991,4,1720.11,458.02,77.57,208.65,0.5166,-1,-1,-1
991,64,327.60,845.14,94.13,234.99,0.7793,-1,-1,-1
991,3,909.82,942.65,66.66,137.33,0.7298,-1,-1,-1
991,68,1574.47,585.39,107.12,239.16,0.6632,-1,-1,-1
991,72,835.08,311.79,70.26,203.53,0.6168,-1,-1,-1
991,73,920.15,299.37,66.32,210.29,0.5676,-1,-1,-1
991,70,387.07,445.05,73.25,219.78,0.5912,-1,-1,-1
991,76,298.49,459.44,78.12,194.94,0.4333,-1,-1,-1
991,82,809.62,135.07,54.69,173.89,0.2022,-1,-1,-1
991,84,1186.29,661.19,87.37,250.41,0.7374,-1,-1,-1
991,86,1739.63,668.13,90.46,254.10,0.6914,-1,-1,-1
991,90,1673.74,145.74,54.66,160.92,0.4355,-1,-1,-1
991,80,498.18,260.43,62.86,186.71,0.5424,-1,-1,-1
991,91,402.42,262.44,65.27,201.83,0.4702,-1,-1,-1
991,92,298.30,459.41,78.30,194.99,0.4333,-1,-1,-1
991,85,1191.53,119.73,55.11,169.91,0.2975,-1,-1,-1
991,93,314.85,275.07,55.99,177.31,0.3039,-1,-1,-1
992,4,1719.41,457.98,78.99,208.52,0.5463,-1,-1,-1
992,64,327.60,846.72,93.41,233.46,0.7839,-1,-1,-1
992,3,908.99,943.14,66.60,136.86,0.7290,-1,-1,-1
992,68,1574.96,585.04,107.14,239.34,0.6802,-1,-1,-1
992,72,835.12,311.02,69.35,199.06,0.6176,-1,-1,-1
992,73,919.77,299.55,66.74,210.97,0.6112,-1,-1,-1
992,70,385.78,447.78,73.73,219.05,0.6132,-1,-1,-1
992,76,299.01,457.98,78.16,196.31,0.4767,-1,-1,-1
992,82,810.19,134.30,54.27,174.44,0.1960,-1,-1,-1
992,84,1184.40,659.69,87.52,255.77,0.7235,-1,-1,-1
992,86,1739.82,668.41,89.63,254.28,0.6795,-1,-1,-1
992,90,1673.20,146.61,57.26,161.68,0.4459,-1,-1,-1
992,80,497.00,261.81,63.89,187.45,0.5683,-1,-1,-1
992,91,400.62,263.16,67.21,205.18,0.5012,-1,-1,-1
992,92,298.84,457.95,78.32,196.37,0.4767,-1,-1,-1
992,85,1191.60,119.40,58.16,172.64,0.3272,-1,-1,-1
992,93,313.70,275.79,56.26,177.23,0.2706,-1,-1,-1
993,4,1719.49,457.39,78.65,209.79,0.5248,-1,-1,-1
993,64,327.53,847.90,92.81,232.19,0.7815,-1,-1,-1
993,3,908.38,943.81,67.15,136.15,0.7397,-1,-1,-1
993,68,1574.84,585.23,107.03,238.93,0.6829,-1,-1,-1
993,72,836.24,310.29,67.61,198.00,0.6130,-1,-1,-1
993,73,921.06,298.89,64.92,211.15,0.5872,-1,-1,-1
993,70,384.03,451.24,74.76,219.00,0.6143,-1,-1,-1
993,76,301.25,460.58,76.75,194.54,0.5126,-1,-1,-1
993,82,810.17,134.01,53.79,174.21,0.1709,-1,-1,-1
993,84,1182.73,658.24,88.08,254.43,0.7070,-1,-1,-1
993,86,1740.07,667.76,90.73,255.29,0.6833,-1,-1,-1
993,90,1672.79,147.65,59.44,163.89,0.3882,-1,-1,-1
993,80,497.25,263.08,63.90,186.67,0.5462,-1,-1,-1
993,91,399.52,264.57,68.94,202.83,0.5003,-1,-1,-1
993,92,301.10,460.55,76.89,194.58,0.5126,-1,-1,-1
993,85,1192.16,120.19,60.10,173.96,0.3521,-1,-1,-1
993,93,313.01,277.86,57.14,177.11,0.3273,-1,-1,-1
994,4,1718.93,457.88,79.50,209.52,0.5429,-1,-1,-1
994,64,328.31,849.79,90.92,230.27,0.7849,-1,-1,-1
994,3,906.83,944.01,68.99,135.95,0.7348,-1,-1,-1
994,68,1575.45,585.25,106.09,238.98,0.6778,-1,-1,-1
994,72,838.14,307.98,64.52,199.63,0.6290,-1,-1,-1
994,73,922.03,297.61,65.58,210.53,0.5908,-1,-1,-1
994,70,382.04,453.85,75.69,217.83,0.6204,-1,-1,-1
994,76,303.94,462.50,74.13,194.32,0.5325,-1,-1,-1
994,82,810.75,134.13,53.35,173.76,0.1936,-1,-1,-1
994,84,1181.30,656.11,88.01,258.20,0.7174,-1,-1,-1
994,86,1738.26,669.82,95.53,254.00,0.6775,-1,-1,-1
994,90,1671.06,149.56,62.25,162.97,0.3435,-1,-1,-1
994,80,498.82,264.53,62.97,185.00,0.5246,-1,-1,-1
994,91,400.86,265.64,66.63,203.59,0.5156,-1,-1,-1
994,92,303.81,462.48,74.25,194.36,0.5325,-1,-1,-1
994,85,1192.86,121.79,60.61,176.17,0.3023,-1,-1,-1
994,93,314.47,279.62,58.20,174.50,0.3584,-1,-1,-1
995,4,1719.18,458.13,79.44,208.97,0.5496,-1,-1,-1
995,64,329.01,852.25,90.50,227.85,0.7777,-1,-1,-1
995,3,906.40,944.61,69.18,135.37,0.7333,-1,-1,-1
995,68,1576.33,586.06,104.65,238.12,0.6634,-1,-1,-1
995,72,839.30,306.16,63.04,197.33,0.5839,-1,-1,-1
995,73,921.92,295.73,66.29,210.53,0.5859,-1,-1,-1
995,70,381.58,455.38,75.29,217.94,0.6165,-1,-1,-1
995,76,305.22,463.40,72.64,196.48,0.5615,-1,-1,-1
995,82,809.26,133.91,54.94,174.13,0.1730,-1,-1,-1
995,84,1178.35,654.24,87.08,254.36,0.7370,-1,-1,-1
995,86,1737.90,670.15,96.58,254.41,0.6799,-1,-1,-1
995,90,1669.90,152.24,64.81,162.06,0.3467,-1,-1,-1
995,80,499.61,265.80,62.62,184.37,0.4954,-1,-1,-1
995,91,401.90,265.76,64.51,206.53,0.5074,-1,-1,-1
995,92,305.11,463.38,72.74,196.52,0.5615,-1,-1,-1
995,85,1191.59,122.43,61.44,177.81,0.2486,-1,-1,-1
995,93,313.47,279.83,58.88,177.51,0.3531,-1,-1,-1
996,4,1719.81,458.37,78.57,208.30,0.5566,-1,-1,-1
996,64,329.35,853.68,90.35,226.36,0.7835,-1,-1,-1
996,3,906.50,945.18,68.34,134.79,0.7313,-1,-1,-1
996,68,1576.13,586.01,104.33,238.05,0.6559,-1,-1,-1
996,72,840.12,304.39,62.25,195.85,0.6331,-1,-1,-1
996,73,922.07,293.96,67.94,210.00,0.5696,-1,-1,-1
996,70,380.51,456.35,75.85,217.39,0.6268,-1,-1,-1
996,76,306.95,463.51,70.37,202.14,0.5761,-1,-1,-1
996,82,808.41,133.57,56.17,175.12,0.1930,-1,-1,-1
996,84,1177.19,651.67,86.13,257.12,0.7637,-1,-1,-1
996,86,1739.48,670.05,92.55,253.25,0.6781,-1,-1,-1
996,90,1670.27,153.75,64.66,163.65,0.3364,-1,-1,-1
996,80,499.87,265.95,63.10,184.96,0.4851,-1,-1,-1
996,91,402.58,267.75,63.17,207.93,0.5284,-1,-1,-1
996,92,306.85,463.49,70.46,202.18,0.5761,-1,-1,-1
996,85,1192.18,126.54,61.21,176.17,0.2230,-1,-1,-1
996,93,312.28,279.34,58.33,178.54,0.3617,-1,-1,-1
997,4,1720.07,458.15,78.67,208.58,0.5362,-1,-1,-1
997,64,329.14,856.73,91.14,223.24,0.7798,-1,-1,-1
997,3,906.00,945.50,68.60,134.43,0.7349,-1,-1,-1
997,68,1576.28,586.40,103.50,237.48,0.6556,-1,-1,-1
997,72,841.32,302.39,60.68,194.92,0.6109,-1,-1,-1
997,73,922.67,291.36,66.49,211.00,0.5852,-1,-1,-1
997,70,380.64,457.01,76.01,216.95,0.6301,-1,-1,-1
997,76,307.43,464.71,70.18,204.19,0.5939,-1,-1,-1
997,82,808.77,133.70,55.65,174.80,0.2166,-1,-1,-1
997,84,1176.03,648.39,84.79,256.84,0.7587,-1,-1,-1
997,86,1740.70,670.27,89.65,252.23,0.6757,-1,-1,-1
997,90,1670.12,155.86,65.71,162.93,0.3436,-1,-1,-1
997,80,502.31,264.81,61.62,185.59,0.5058,-1,-1,-1
997,91,401.37,267.48,63.64,209.09,0.4739,-1,-1,-1
997,92,307.35,464.70,70.25,204.22,0.5939,-1,-1,-1
997,85,1193.04,127.00,62.84,179.19,0.2317,-1,-1,-1
997,93,311.11,278.63,57.89,182.38,0.3517,-1,-1,-1
998,4,1721.21,458.28,77.30,208.91,0.5771,-1,-1,-1
998,64,329.32,860.02,91.15,220.00,0.7689,-1,-1,-1
998,3,905.29,945.66,69.05,134.31,0.7316,-1,-1,-1
998,68,1576.52,586.56,103.83,237.79,0.6740,-1,-1,-1
998,72,842.21,299.30,60.68,195.93,0.5723,-1,-1,-1
998,73,923.01,288.95,66.89,210.67,0.5795,-1,-1,-1
998,70,379.97,457.74,77.52,216.54,0.5860,-1,-1,-1
998,76,307.53,467.78,70.72,203.25,0.5814,-1,-1,-1
998,82,809.21,133.82,55.19,174.82,0.2294,-1,-1,-1
998,84,1175.71,643.40,83.77,256.70,0.7626,-1,-1,-1
998,86,1741.20,670.06,88.32,254.05,0.6841,-1,-1,-1
998,90,1670.05,158.86,66.60,160.35,0.4058,-1,-1,-1
998,80,503.64,264.58,61.04,186.08,0.5321,-1,-1,-1
998,91,400.55,268.74,63.38,207.57,0.4006,-1,-1,-1
998,92,307.46,467.76,70.78,203.27,0.5814,-1,-1,-1
998,85,1193.72,130.71,64.75,177.29,0.2684,-1,-1,-1
998,93,311.12,279.08,58.88,182.87,0.3911,-1,-1,-1
999,4,1721.14,458.19,76.94,209.27,0.5488,-1,-1,-1
999,64,329.70,863.81,91.45,216.28,0.7803,-1,-1,-1
999,3,905.19,945.99,68.96,134.00,0.7228,-1,-1,-1
999,68,1577.70,586.73,102.85,237.31,0.6483,-1,-1,-1
999,72,842.91,296.94,60.47,197.05,0.5639,-1,-1,-1
999,73,923.84,286.61,68.56,210.70,0.5776,-1,-1,-1
999,70,379.04,457.80,79.20,216.76,0.5332,-1,-1,-1
999,76,307.82,467.89,70.47,205.30,0.5908,-1,-1,-1
999,82,809.67,133.90,54.91,174.66,0.1904,-1,-1,-1
999,84,1175.47,639.33,82.75,255.17,0.7535,-1,-1,-1
999,86,1741.38,669.46,88.48,254.26,0.6790,-1,-1,-1
999,90,1671.09,161.41,65.88,160.45,0.4195,-1,-1,-1
999,80,503.07,265.56,61.69,185.97,0.5104,-1,-1,-1
999,91,401.14,269.82,62.13,205.90,0.4265,-1,-1,-1
999,92,307.76,467.88,70.53,205.32,0.5908,-1,-1,-1
999,85,1195.04,132.51,65.22,179.86,0.2264,-1,-1,-1
999,93,310.22,278.02,59.81,186.50,0.2927,-1,-1,-1
1000,4,1721.39,457.83,75.96,209.63,0.5495,-1,-1,-1
1000,64,330.32,867.25,91.34,212.81,0.7950,-1,-1,-1
1000,3,905.33,946.24,68.52,133.78,0.7309,-1,-1,-1
1000,68,1577.23,586.34,102.53,237.73,0.6530,-1,-1,-1
1000,72,843.06,295.19,60.63,199.51,0.5319,-1,-1,-1
1000,73,925.28,284.69,66.59,207.42,0.5493,-1,-1,-1
1000,70,377.60,458.08,82.27,216.80,0.5379,-1,-1,-1
1000,76,307.27,470.24,71.20,204.23,0.6248,-1,-1,-1
1000,82,810.07,133.47,54.71,175.25,0.1767,-1,-1,-1
1000,84,1174.21,636.81,83.91,253.48,0.7515,-1,-1,-1
1000,86,1741.90,671.27,88.64,252.70,0.6620,-1,-1,-1
1000,90,1672.62,163.06,64.12,161.40,0.3707,-1,-1,-1
1000,80,503.52,265.21,61.85,185.91,0.4704,-1,-1,-1
1000,91,400.52,269.74,64.76,207.24,0.3393,-1,-1,-1
1000,92,307.21,470.23,71.25,204.25,0.6248,-1,-1,-1
1000,85,1197.57,132.93,65.38,183.43,0.2382,-1,-1,-1
1000,93,309.74,279.33,59.69,186.60,0.3011,-1,-1,-1
1001,4,1720.86,458.43,75.59,209.22,0.5612,-1,-1,-1
1001,64,332.09,870.10,90.90,209.91,0.7964,-1,-1,-1
1001,3,905.09,946.61,68.93,133.39,0.7318,-1,-1,-1
1001,68,1575.30,586.26,104.47,237.78,0.6570,-1,-1,-1
1001,72,843.49,294.29,60.30,200.61,0.5515,-1,-1,-1
1001,73,926.24,283.06,65.81,203.76,0.5577,-1,-1,-1
1001,70,377.04,458.16,81.58,216.66,0.5260,-1,-1,-1
1001,76,306.82,471.82,72.09,202.74,0.5713,-1,-1,-1
1001,82,811.36,133.64,53.50,174.73,0.1558,-1,-1,-1
1001,84,1174.46,634.65,84.12,253.89,0.7635,-1,-1,-1
1001,86,1741.88,669.16,86.89,254.93,0.6403,-1,-1,-1
1001,90,1673.80,164.21,62.43,161.24,0.3800,-1,-1,-1
1001,80,503.44,266.80,61.87,186.27,0.4802,-1,-1,-1
1001,91,399.55,269.80,67.03,206.45,0.3873,-1,-1,-1
1001,92,306.78,471.82,72.13,202.76,0.5713,-1,-1,-1
1001,85,1199.66,136.72,64.74,176.68,0.2687,-1,-1,-1
1001,93,308.63,280.15,60.38,186.42,0.3206,-1,-1,-1
1002,4,1721.01,458.29,74.42,210.01,0.5532,-1,-1,-1
1002,64,333.87,873.40,90.76,206.68,0.7896,-1,-1,-1
1002,3,904.23,946.82,69.47,133.21,0.7412,-1,-1,-1
1002,68,1573.75,586.62,106.38,237.60,0.6614,-1,-1,-1
1002,72,843.38,293.89,60.13,202.41,0.5457,-1,-1,-1
1002,73,927.19,281.91,63.60,203.44,0.5643,-1,-1,-1
1002,70,378.20,458.52,80.99,216.29,0.5523,-1,-1,-1
1002,76,305.43,475.47,73.64,199.57,0.5346,-1,-1,-1
1002,82,811.39,133.85,53.12,174.49,0.1561,-1,-1,-1
1002,84,1174.93,632.73,84.01,255.65,0.7692,-1,-1,-1
1002,86,1742.77,670.72,84.24,253.61,0.6522,-1,-1,-1
1002,90,1674.66,164.59,61.40,160.89,0.3241,-1,-1,-1
1002,80,502.67,268.08,62.73,187.67,0.5041,-1,-1,-1
1002,91,398.18,264.58,69.04,210.25,0.2995,-1,-1,-1
1002,92,305.38,475.46,73.68,199.59,0.5346,-1,-1,-1
1002,85,1200.71,132.70,66.04,182.47,0.1951,-1,-1,-1
1002,93,306.96,280.63,62.33,188.04,0.3102,-1,-1,-1
1003,4,1720.81,459.33,73.56,209.46,0.5568,-1,-1,-1
1003,64,335.91,875.92,89.59,204.14,0.7922,-1,-1,-1
1003,3,904.82,947.45,68.82,132.57,0.7489,-1,-1,-1
1003,68,1573.86,587.69,106.71,236.45,0.6750,-1,-1,-1
1003,72,843.22,293.43,60.47,202.92,0.5562,-1,-1,-1
1003,73,927.16,279.99,64.39,202.86,0.5802,-1,-1,-1
1003,70,378.66,459.35,79.75,215.85,0.5895,-1,-1,-1
1003,76,303.63,474.52,75.72,200.40,0.5415,-1,-1,-1
1003,82,811.05,134.47,53.60,174.18,0.1728,-1,-1,-1
1003,84,1174.23,629.89,84.24,258.68,0.7760,-1,-1,-1
1003,86,1743.77,672.68,84.53,252.54,0.6627,-1,-1,-1
1003,90,1676.17,164.18,59.85,161.42,0.3415,-1,-1,-1
1003,80,501.49,269.74,64.27,190.20,0.5759,-1,-1,-1
1003,91,397.57,263.78,70.62,211.86,0.3291,-1,-1,-1
1003,92,303.59,474.52,75.75,200.41,0.5415,-1,-1,-1
1003,85,1202.29,122.57,66.05,193.04,0.2257,-1,-1,-1
1003,93,306.81,281.47,63.29,187.92,0.3869,-1,-1,-1
1004,4,1719.90,458.71,74.23,210.32,0.5260,-1,-1,-1
1004,64,338.00,878.01,89.29,201.98,0.7991,-1,-1,-1
1004,3,904.47,947.65,68.91,132.33,0.7352,-1,-1,-1
1004,68,1574.03,587.82,106.69,236.46,0.6684,-1,-1,-1
1004,72,844.32,293.45,58.35,204.70,0.5932,-1,-1,-1
1004,73,927.01,279.91,63.59,202.34,0.6025,-1,-1,-1
1004,70,379.19,458.69,79.70,218.40,0.6279,-1,-1,-1
1004,76,302.07,474.13,76.07,199.70,0.4470,-1,-1,-1
1004,82,811.68,134.35,52.90,174.19,0.1615,-1,-1,-1
1004,84,1172.78,629.25,85.03,258.42,0.7751,-1,-1,-1
1004,86,1744.27,673.05,85.69,253.50,0.6371,-1,-1,-1
1004,90,1678.37,164.37,58.40,161.85,0.3161,-1,-1,-1
1004,80,501.53,271.75,64.21,190.60,0.5796,-1,-1,-1
1004,92,302.04,474.13,76.10,199.71,0.4470,-1,-1,-1
1004,85,1204.27,102.63,67.16,211.53,0.2212,-1,-1,-1
1004,93,306.32,283.45,63.60,185.10,0.4080,-1,-1,-1
1005,4,1720.03,458.21,73.60,211.62,0.5433,-1,-1,-1
1005,64,340.34,879.23,88.90,200.73,0.8006,-1,-1,-1
1005,3,904.17,947.80,69.14,132.16,0.7350,-1,-1,-1
1005,68,1574.51,587.74,106.49,236.83,0.6477,-1,-1,-1
1005,72,844.62,293.29,57.57,205.00,0.6143,-1,-1,-1
1005,73,927.69,279.11,63.19,202.44,0.6236,-1,-1,-1
1005,70,379.63,459.41,79.44,221.25,0.5917,-1,-1,-1
1005,76,301.64,474.44,75.36,198.62,0.3546,-1,-1,-1
1005,82,810.74,134.58,53.78,174.20,0.1991,-1,-1,-1
1005,84,1171.26,627.96,85.40,259.65,0.7775,-1,-1,-1
1005,86,1744.56,673.70,86.97,253.62,0.6365,-1,-1,-1
1005,90,1678.77,165.16,58.82,159.72,0.3723,-1,-1,-1
1005,80,500.67,274.28,64.55,188.56,0.6129,-1,-1,-1
1005,92,313.53,480.59,65.39,191.84,0.4013,-1,-1,-1
1005,85,1206.40,93.61,67.72,222.16,0.2683,-1,-1,-1
1005,93,305.69,285.38,63.92,184.53,0.4614,-1,-1,-1
1005,94,599.32,548.03,77.62,243.17,0.4582,-1,-1,-1
1006,4,1719.62,457.99,73.79,211.14,0.5264,-1,-1,-1
1006,64,342.05,881.21,89.43,198.91,0.8024,-1,-1,-1
1006,3,904.52,948.81,68.68,131.24,0.7278,-1,-1,-1
1006,68,1574.52,588.46,106.52,236.13,0.6679,-1,-1,-1
1006,72,844.29,292.32,58.57,203.92,0.6559,-1,-1,-1
1006,73,928.70,278.81,62.20,202.09,0.5945,-1,-1,-1
1006,70,380.83,460.52,78.77,222.16,0.5404,-1,-1,-1
1006,76,314.30,480.83,64.32,190.74,0.4026,-1,-1,-1
1006,82,810.66,135.45,53.88,173.25,0.1704,-1,-1,-1
1006,84,1169.42,627.33,86.87,260.93,0.7657,-1,-1,-1
1006,86,1745.36,671.94,87.74,254.29,0.5953,-1,-1,-1
1006,90,1679.91,165.76,59.21,158.42,0.3662,-1,-1,-1
1006,80,501.73,276.79,62.97,187.30,0.5684,-1,-1,-1
1006,92,319.02,483.13,60.35,188.17,0.4026,-1,-1,-1
1006,85,1208.68,90.69,66.75,224.46,0.2705,-1,-1,-1
1006,93,306.94,288.19,62.94,184.71,0.4341,-1,-1,-1
1006,94,598.41,547.65,78.80,244.24,0.4775,-1,-1,-1
1007,4,1719.23,458.30,75.11,210.94,0.5491,-1,-1,-1
1007,64,343.56,882.88,90.56,197.19,0.8142,-1,-1,-1
1007,3,904.76,948.91,68.09,131.13,0.7241,-1,-1,-1
1007,68,1575.17,589.57,105.39,234.86,0.6649,-1,-1,-1
1007,72,844.28,291.18,59.06,202.38,0.6930,-1,-1,-1
1007,73,930.58,275.90,59.55,204.94,0.6567,-1,-1,-1
1007,70,383.55,464.80,79.30,224.76,0.5613,-1,-1,-1
1007,76,303.79,478.53,74.29,193.35,0.3690,-1,-1,-1
1007,82,811.77,135.87,52.73,173.48,0.2059,-1,-1,-1
1007,84,1167.55,627.43,87.92,259.60,0.7634,-1,-1,-1
1007,86,1745.66,670.82,89.25,258.10,0.6237,-1,-1,-1
1007,90,1682.80,166.15,57.45,157.89,0.3583,-1,-1,-1
1007,80,502.14,279.32,62.59,187.65,0.5995,-1,-1,-1
1007,92,320.14,483.01,59.84,187.99,0.4471,-1,-1,-1
1007,85,1210.98,88.41,65.57,226.14,0.2517,-1,-1,-1
1007,93,306.63,290.70,63.18,185.60,0.4830,-1,-1,-1
1007,94,597.94,547.90,79.22,243.80,0.4778,-1,-1,-1
1008,4,1718.97,458.38,75.35,211.20,0.5498,-1,-1,-1
1008,64,344.83,883.95,91.72,196.07,0.8084,-1,-1,-1
1008,3,904.69,949.25,68.06,130.77,0.7352,-1,-1,-1
1008,68,1575.30,589.02,105.53,235.76,0.6720,-1,-1,-1
1008,72,844.65,289.01,59.13,202.09,0.6851,-1,-1,-1
1008,73,931.47,274.11,58.11,207.16,0.6634,-1,-1,-1
1008,70,382.74,464.48,79.34,224.19,0.5747,-1,-1,-1
1008,76,300.11,478.65,78.20,195.13,0.3812,-1,-1,-1
1008,82,810.95,135.47,53.26,173.81,0.1850,-1,-1,-1
1008,84,1165.60,626.41,87.61,259.65,0.7602,-1,-1,-1
1008,86,1746.14,672.18,88.70,256.48,0.5962,-1,-1,-1
1008,90,1685.16,166.24,56.10,157.46,0.3620,-1,-1,-1
1008,80,501.04,280.78,63.32,188.92,0.5669,-1,-1,-1
1008,92,319.51,483.80,61.27,188.78,0.4974,-1,-1,-1
1008,85,1211.43,87.90,68.15,228.15,0.2538,-1,-1,-1
1008,93,305.83,292.10,63.75,186.47,0.4912,-1,-1,-1
1008,94,597.24,548.14,79.85,244.03,0.5273,-1,-1,-1
1009,4,1719.43,458.17,76.46,212.00,0.5565,-1,-1,-1
1009,64,345.50,886.15,94.87,193.87,0.8107,-1,-1,-1
1009,3,904.77,949.73,67.88,130.27,0.7390,-1,-1,-1
1009,68,1575.36,589.29,105.86,235.65,0.6875,-1,-1,-1
1009,72,844.73,287.80,59.61,198.04,0.6422,-1,-1,-1
1009,73,930.02,276.07,59.70,205.25,0.6116,-1,-1,-1
1009,70,381.74,465.65,81.33,224.63,0.5718,-1,-1,-1
1009,76,311.30,482.55,69.04,191.75,0.4913,-1,-1,-1
1009,82,810.13,135.14,53.77,173.79,0.1796,-1,-1,-1
1009,84,1161.66,624.85,87.38,260.08,0.7597,-1,-1,-1
1009,86,1745.49,671.99,90.00,254.02,0.5847,-1,-1,-1
1009,90,1686.91,167.17,55.13,158.24,0.3437,-1,-1,-1
1009,80,501.30,280.56,62.24,190.51,0.5675,-1,-1,-1
1009,92,318.83,484.44,62.50,189.42,0.4913,-1,-1,-1
1009,85,1213.82,89.15,71.22,229.21,0.2200,-1,-1,-1
1009,93,305.27,293.96,63.18,183.62,0.4540,-1,-1,-1
1009,94,594.27,548.06,82.77,244.40,0.5683,-1,-1,-1
1010,4,1718.92,457.87,78.02,212.25,0.5383,-1,-1,-1
1010,64,346.41,888.04,96.04,191.99,0.8099,-1,-1,-1
1010,3,904.46,949.75,68.50,130.25,0.7315,-1,-1,-1
1010,68,1575.46,589.11,105.73,235.23,0.6759,-1,-1,-1
1010,72,844.49,285.67,60.18,197.62,0.6320,-1,-1,-1
1010,73,929.78,276.16,60.51,206.05,0.6287,-1,-1,-1
1010,70,381.17,467.01,82.08,226.27,0.5129,-1,-1,-1
1010,76,315.13,483.84,66.01,192.24,0.4847,-1,-1,-1
1010,82,810.69,135.37,52.96,172.84,0.1598,-1,-1,-1
1010,84,1158.53,623.27,88.81,259.17,0.7589,-1,-1,-1
1010,86,1743.93,671.27,92.72,251.68,0.5453,-1,-1,-1
1010,90,1688.45,167.48,54.87,158.67,0.3129,-1,-1,-1
1010,80,501.47,282.50,61.02,189.86,0.5176,-1,-1,-1
1010,92,317.69,484.48,63.80,191.44,0.4847,-1,-1,-1
1010,93,305.27,294.63,61.96,182.57,0.4093,-1,-1,-1
1010,94,592.52,549.43,84.67,243.02,0.5757,-1,-1,-1
1011,4,1718.18,457.13,78.89,213.01,0.5526,-1,-1,-1
1011,64,348.02,890.29,96.70,189.66,0.8001,-1,-1,-1
1011,3,904.21,949.73,68.48,130.24,0.7362,-1,-1,-1
1011,68,1575.15,589.92,105.39,234.77,0.6666,-1,-1,-1
1011,72,845.08,283.08,60.66,195.46,0.5820,-1,-1,-1
1011,73,929.03,276.06,61.74,205.50,0.6188,-1,-1,-1
1011,70,380.33,467.83,82.74,227.95,0.4555,-1,-1,-1
1011,76,315.87,484.74,65.13,194.73,0.4336,-1,-1,-1
1011,84,1156.54,621.44,89.75,259.86,0.7504,-1,-1,-1
1011,86,1739.75,671.80,97.46,251.28,0.4301,-1,-1,-1
1011,90,1689.12,168.91,55.02,158.51,0.3309,-1,-1,-1
1011,80,501.45,282.87,60.06,190.60,0.4519,-1,-1,-1
1011,92,316.66,484.91,64.47,194.50,0.4336,-1,-1,-1
1011,93,306.08,295.79,59.86,183.41,0.3641,-1,-1,-1
1011,94,591.78,549.18,85.72,243.31,0.5552,-1,-1,-1
1012,4,1718.01,456.53,79.01,213.17,0.5420,-1,-1,-1
1012,64,348.65,892.91,99.13,187.06,0.8091,-1,-1,-1
1012,3,903.88,949.57,69.27,130.41,0.7304,-1,-1,-1
1012,68,1574.51,588.83,105.95,235.86,0.6593,-1,-1,-1
1012,72,845.02,281.45,60.05,194.37,0.5907,-1,-1,-1
1012,73,930.18,274.22,61.20,205.74,0.5726,-1,-1,-1
1012,70,380.25,469.41,81.62,227.59,0.4322,-1,-1,-1
1012,76,315.78,486.08,65.62,199.47,0.4085,-1,-1,-1
1012,84,1154.57,618.89,90.01,260.76,0.7544,-1,-1,-1
1012,86,1737.05,674.60,99.81,251.10,0.4112,-1,-1,-1
1012,90,1689.19,170.38,56.07,157.80,0.3019,-1,-1,-1
1012,80,500.01,283.90,60.97,189.04,0.4222,-1,-1,-1
1012,92,315.93,486.08,65.51,199.45,0.4085,-1,-1,-1
1012,93,305.88,296.68,58.63,183.57,0.3177,-1,-1,-1
1012,94,590.30,550.02,87.22,242.84,0.5632,-1,-1,-1
1013,4,1717.42,456.28,79.86,213.03,0.5709,-1,-1,-1
1013,64,349.74,895.60,100.52,184.37,0.8033,-1,-1,-1
1013,3,903.84,949.36,69.03,130.62,0.7069,-1,-1,-1
1013,68,1574.77,589.37,106.03,235.32,0.6644,-1,-1,-1
1013,72,845.40,279.84,59.39,195.92,0.6110,-1,-1,-1
1013,73,930.15,272.32,61.39,206.24,0.5838,-1,-1,-1
1013,70,380.31,471.09,81.26,227.08,0.4640,-1,-1,-1
1013,76,314.73,487.23,65.95,204.59,0.3970,-1,-1,-1
1013,84,1154.18,616.59,88.95,259.21,0.7501,-1,-1,-1
1013,86,1733.73,673.67,104.11,253.60,0.3509,-1,-1,-1
1013,90,1690.50,171.53,56.02,157.57,0.2717,-1,-1,-1
1013,80,497.94,284.32,62.04,188.42,0.4208,-1,-1,-1
1013,92,314.67,487.17,66.03,204.64,0.3970,-1,-1,-1
1013,93,302.03,297.66,61.62,186.68,0.3837,-1,-1,-1
1013,94,589.22,550.56,88.39,242.73,0.6114,-1,-1,-1
1013,91,384.53,277.24,74.49,203.04,0.3615,-1,-1,-1
1014,4,1717.30,456.25,80.61,212.81,0.5495,-1,-1,-1
1014,64,350.34,897.67,101.66,182.32,0.8028,-1,-1,-1
1014,3,904.30,948.97,69.09,131.02,0.7120,-1,-1,-1
1014,68,1573.39,588.04,106.70,236.36,0.6497,-1,-1,-1
1014,72,843.92,278.50,60.31,197.08,0.5996,-1,-1,-1
1014,73,929.91,270.91,60.90,201.33,0.5357,-1,-1,-1
1014,70,380.99,473.01,78.26,226.72,0.4530,-1,-1,-1
1014,76,300.55,488.85,78.28,206.84,0.4493,-1,-1,-1
1014,84,1153.10,613.56,88.45,260.05,0.7437,-1,-1,-1
1014,86,1725.52,671.30,111.52,255.81,0.4748,-1,-1,-1
1014,90,1692.28,172.98,55.20,157.63,0.2760,-1,-1,-1
1014,80,495.88,285.27,63.96,188.04,0.4465,-1,-1,-1
1014,92,300.56,488.77,78.29,206.92,0.4493,-1,-1,-1
1014,93,301.22,298.76,61.62,186.17,0.3513,-1,-1,-1
1014,94,588.23,551.05,88.49,242.65,0.5940,-1,-1,-1
1014,91,383.47,276.45,76.09,201.55,0.2678,-1,-1,-1
1015,4,1717.18,456.04,81.46,212.81,0.5464,-1,-1,-1
1015,64,351.38,900.53,101.53,179.47,0.7935,-1,-1,-1
1015,3,903.85,949.21,69.36,130.82,0.7080,-1,-1,-1
1015,68,1573.48,588.90,107.02,235.97,0.6602,-1,-1,-1
1015,72,842.66,275.42,61.74,201.46,0.5938,-1,-1,-1
1015,73,929.82,270.15,59.41,200.82,0.5475,-1,-1,-1
1015,70,380.65,474.09,79.67,226.51,0.5080,-1,-1,-1
1015,76,295.32,491.60,81.33,207.35,0.4846,-1,-1,-1
1015,84,1153.78,611.40,84.96,256.40,0.7575,-1,-1,-1
1015,86,1721.19,671.06,115.77,257.42,0.4078,-1,-1,-1
1015,90,1693.93,174.96,53.66,155.61,0.2922,-1,-1,-1
1015,80,496.37,286.27,63.06,188.05,0.4481,-1,-1,-1
1015,92,295.30,491.52,81.38,207.43,0.4846,-1,-1,-1
1015,93,299.77,299.85,62.72,185.34,0.3010,-1,-1,-1
1015,94,588.17,551.75,87.12,241.67,0.5569,-1,-1,-1
1015,91,381.99,279.78,84.29,195.69,0.2237,-1,-1,-1
1016,4,1716.97,456.12,81.89,212.24,0.5175,-1,-1,-1
1016,64,352.09,903.45,102.32,176.46,0.8086,-1,-1,-1
1016,3,903.90,948.85,68.56,131.20,0.7220,-1,-1,-1
1016,68,1573.34,588.18,107.01,236.78,0.6537,-1,-1,-1
1016,72,842.63,275.87,61.91,199.72,0.5855,-1,-1,-1
1016,73,929.76,268.87,58.48,198.47,0.5468,-1,-1,-1
1016,70,379.73,476.91,78.83,225.23,0.5190,-1,-1,-1
1016,76,293.54,495.00,81.34,206.15,0.4964,-1,-1,-1
1016,84,1153.39,607.91,83.54,251.24,0.7732,-1,-1,-1
1016,86,1717.72,669.15,118.64,259.58,0.3896,-1,-1,-1
1016,90,1695.32,176.66,53.20,155.79,0.3257,-1,-1,-1
1016,80,495.87,286.53,62.90,188.15,0.4512,-1,-1,-1
1016,92,293.50,494.93,81.41,206.23,0.4964,-1,-1,-1
1016,93,297.86,299.72,64.48,188.52,0.3600,-1,-1,-1
1016,94,587.12,551.36,87.14,242.32,0.5578,-1,-1,-1
1016,91,381.45,283.00,82.59,192.04,0.1717,-1,-1,-1
1017,4,1716.98,456.62,81.82,212.74,0.4724,-1,-1,-1
1017,64,353.15,907.03,102.21,172.21,0.8149,-1,-1,-1
1017,3,903.81,948.71,68.36,131.27,0.7080,-1,-1,-1
1017,68,1573.49,588.30,106.06,236.97,0.6686,-1,-1,-1
1017,72,843.55,275.98,61.68,199.80,0.5929,-1,-1,-1
1017,73,929.51,266.33,58.80,197.33,0.5282,-1,-1,-1
1017,70,379.25,478.87,78.28,223.67,0.4750,-1,-1,-1
1017,76,291.76,502.18,81.94,201.57,0.4690,-1,-1,-1
1017,84,1152.36,604.28,82.99,247.22,0.7647,-1,-1,-1
1017,86,1720.36,673.81,112.23,255.24,0.4353,-1,-1,-1
1017,90,1695.35,178.00,55.18,158.50,0.3141,-1,-1,-1
1017,80,494.40,287.19,64.17,188.58,0.4713,-1,-1,-1
1017,92,291.72,502.10,82.01,201.65,0.4690,-1,-1,-1
1017,93,296.78,299.43,65.74,190.32,0.3540,-1,-1,-1
1017,94,587.05,551.72,84.89,240.19,0.5837,-1,-1,-1
1017,91,381.57,282.36,77.97,176.34,0.1711,-1,-1,-1
1018,4,1716.40,457.35,82.94,210.76,0.4680,-1,-1,-1
1018,64,353.89,910.84,102.92,168.00,0.8028,-1,-1,-1
1018,3,904.06,948.55,67.88,131.40,0.7166,-1,-1,-1
1018,68,1573.59,590.24,104.98,234.99,0.6463,-1,-1,-1
1018,72,843.41,275.68,62.09,200.76,0.5863,-1,-1,-1
1018,73,929.81,262.95,60.03,199.17,0.5213,-1,-1,-1
1018,70,379.60,479.99,76.91,220.86,0.5376,-1,-1,-1
1018,76,289.98,506.37,83.29,199.90,0.4976,-1,-1,-1
1018,84,1152.39,601.15,81.30,246.91,0.7488,-1,-1,-1
1018,86,1721.70,678.41,105.58,248.89,0.4476,-1,-1,-1
1018,90,1698.64,178.26,54.42,159.17,0.3383,-1,-1,-1
1018,80,493.74,288.31,64.33,190.19,0.4835,-1,-1,-1
1018,92,289.94,506.31,83.36,199.96,0.4976,-1,-1,-1
1018,93,296.51,299.50,65.28,190.13,0.3591,-1,-1,-1
1018,94,586.54,551.70,84.14,239.44,0.5345,-1,-1,-1
1018,91,381.39,282.03,80.83,189.31,0.1697,-1,-1,-1
1019,4,1716.24,457.41,83.22,210.01,0.4858,-1,-1,-1
1019,64,354.30,914.27,102.99,164.23,0.8015,-1,-1,-1
1019,3,903.38,948.33,67.77,131.65,0.7164,-1,-1,-1
1019,68,1573.60,590.44,104.36,235.22,0.6636,-1,-1,-1
1019,72,843.26,273.58,61.94,202.62,0.5810,-1,-1,-1
1019,73,927.57,260.71,63.73,200.13,0.5774,-1,-1,-1
1019,70,379.68,481.89,76.60,217.44,0.5531,-1,-1,-1
1019,76,288.72,508.57,83.58,199.05,0.5364,-1,-1,-1
1019,84,1152.19,598.80,81.02,247.00,0.7362,-1,-1,-1
1019,86,1721.29,677.61,100.50,247.54,0.4618,-1,-1,-1
1019,90,1700.84,177.63,54.23,160.52,0.3695,-1,-1,-1
1019,80,493.18,288.99,65.06,193.65,0.4639,-1,-1,-1
1019,92,288.67,508.51,83.64,199.11,0.5364,-1,-1,-1
1019,93,294.99,299.36,65.03,190.85,0.3833,-1,-1,-1
1019,94,586.64,551.17,83.96,241.04,0.4869,-1,-1,-1
1020,4,1717.44,455.55,81.88,206.37,0.4869,-1,-1,-1
1020,64,354.89,917.11,102.93,161.61,0.8049,-1,-1,-1
1020,3,903.35,947.65,67.78,132.28,0.7095,-1,-1,-1
1020,68,1574.56,589.74,103.75,236.10,0.6436,-1,-1,-1
1020,72,843.40,274.61,62.07,200.62,0.5938,-1,-1,-1
1020,73,925.38,259.73,65.88,199.13,0.5343,-1,-1,-1
1020,70,379.53,483.01,77.06,215.49,0.5443,-1,-1,-1
1020,76,287.29,509.19,83.72,198.04,0.4310,-1,-1,-1
1020,84,1150.54,596.19,82.60,248.89,0.7271,-1,-1,-1
1020,86,1720.31,673.97,97.65,250.89,0.4648,-1,-1,-1
1020,90,1702.81,177.65,53.35,161.27,0.4362,-1,-1,-1
1020,80,493.52,291.33,65.08,193.07,0.4688,-1,-1,-1
1020,92,287.25,509.14,83.78,198.09,0.4310,-1,-1,-1
1020,93,294.17,299.02,64.79,190.94,0.4007,-1,-1,-1
1020,94,585.24,551.43,84.81,240.46,0.5331,-1,-1,-1
1021,4,1718.21,454.85,81.32,203.72,0.5039,-1,-1,-1
1021,64,356.11,918.65,101.82,159.98,0.8075,-1,-1,-1
1021,3,902.54,946.20,68.47,133.69,0.7016,-1,-1,-1
1021,68,1574.80,589.52,103.44,237.00,0.6530,-1,-1,-1
1021,72,843.55,274.27,61.99,200.12,0.6059,-1,-1,-1
1021,73,925.88,258.20,65.95,196.95,0.5390,-1,-1,-1
1021,70,378.83,484.51,78.31,215.45,0.5574,-1,-1,-1
1021,76,284.61,508.10,87.04,198.71,0.5318,-1,-1,-1
1021,84,1148.44,593.66,83.53,250.51,0.7213,-1,-1,-1
1021,86,1716.94,672.95,94.00,250.52,0.5407,-1,-1,-1
1021,90,1703.70,178.26,53.88,161.52,0.4310,-1,-1,-1
1021,80,492.50,293.90,66.06,190.93,0.4919,-1,-1,-1
1021,92,284.57,508.06,87.09,198.76,0.5318,-1,-1,-1
1021,93,292.71,299.57,65.93,192.75,0.4327,-1,-1,-1
1021,94,584.08,550.80,85.88,240.32,0.5171,-1,-1,-1
1022,4,1718.55,454.62,80.74,199.77,0.5126,-1,-1,-1
1022,64,357.94,920.45,100.06,158.30,0.8160,-1,-1,-1
1022,3,902.66,946.27,67.79,133.46,0.7126,-1,-1,-1
1022,68,1576.13,589.23,102.00,237.38,0.6497,-1,-1,-1
1022,72,843.58,273.28,61.87,199.41,0.6096,-1,-1,-1
1022,73,925.44,257.89,66.73,196.97,0.5721,-1,-1,-1
1022,70,378.28,485.53,79.92,222.50,0.5689,-1,-1,-1
1022,76,283.16,506.07,87.88,200.26,0.4062,-1,-1,-1
1022,84,1147.45,592.63,85.04,251.87,0.7303,-1,-1,-1
1022,86,1714.90,672.18,92.50,248.37,0.5995,-1,-1,-1
1022,90,1703.30,178.33,56.21,162.80,0.4387,-1,-1,-1
1022,80,492.31,295.99,66.20,189.16,0.4945,-1,-1,-1
1022,92,299.31,509.20,72.42,196.25,0.4175,-1,-1,-1
1022,93,292.18,299.73,65.61,193.50,0.4442,-1,-1,-1
1022,94,583.47,550.10,85.58,240.62,0.5295,-1,-1,-1
1022,91,376.42,294.93,74.03,194.31,0.3470,-1,-1,-1
1023,4,1718.97,454.93,80.75,195.16,0.5300,-1,-1,-1
1023,64,358.62,922.71,99.34,156.09,0.8095,-1,-1,-1
1023,3,902.65,945.97,67.20,133.75,0.7107,-1,-1,-1
1023,68,1575.20,588.21,103.07,238.69,0.5951,-1,-1,-1
1023,72,843.42,273.22,61.76,196.15,0.5972,-1,-1,-1
1023,73,926.31,257.21,65.71,198.60,0.5379,-1,-1,-1
1023,70,378.16,486.14,80.58,227.41,0.5624,-1,-1,-1
1023,76,285.18,505.18,85.63,201.18,0.4448,-1,-1,-1
1023,84,1147.34,590.89,84.90,254.03,0.7123,-1,-1,-1
1023,86,1713.06,673.85,92.50,246.37,0.6411,-1,-1,-1
1023,90,1702.81,178.82,57.88,164.93,0.4240,-1,-1,-1
1023,80,491.61,297.78,66.85,191.05,0.5011,-1,-1,-1
1023,92,290.78,506.31,80.30,199.71,0.4448,-1,-1,-1
1023,93,290.46,300.62,66.40,192.59,0.4705,-1,-1,-1
1023,94,583.13,550.13,84.47,239.86,0.4700,-1,-1,-1
1023,91,375.97,297.37,71.13,196.28,0.3457,-1,-1,-1
1024,4,1719.17,454.70,79.80,191.95,0.5645,-1,-1,-1
1024,64,359.20,924.84,99.11,154.12,0.8090,-1,-1,-1
1024,3,903.05,946.21,66.96,133.65,0.7228,-1,-1,-1
1024,68,1574.89,587.77,103.19,239.10,0.6001,-1,-1,-1
1024,72,842.97,271.93,62.01,193.68,0.6222,-1,-1,-1
1024,73,927.25,256.86,64.56,201.13,0.5889,-1,-1,-1
1024,70,378.22,487.39,80.54,228.79,0.5557,-1,-1,-1
1024,76,285.55,505.39,84.60,200.61,0.4667,-1,-1,-1
1024,84,1146.06,589.35,86.06,254.62,0.6896,-1,-1,-1
1024,86,1711.69,675.26,91.94,244.65,0.5935,-1,-1,-1
1024,90,1702.26,180.06,59.56,166.38,0.3555,-1,-1,-1
1024,80,491.59,298.74,66.55,193.68,0.5341,-1,-1,-1
1024,92,287.56,505.79,82.69,200.09,0.4667,-1,-1,-1
1024,93,289.18,301.80,66.56,192.35,0.4818,-1,-1,-1
1024,94,584.03,549.75,82.20,239.81,0.4887,-1,-1,-1
1024,91,375.20,298.55,70.08,185.44,0.2269,-1,-1,-1
1025,4,1718.91,454.40,80.49,191.77,0.5435,-1,-1,-1
1025,64,360.28,926.47,98.47,152.91,0.8114,-1,-1,-1
1025,3,902.98,946.02,66.13,133.75,0.7138,-1,-1,-1
1025,68,1574.64,587.50,102.61,239.47,0.5711,-1,-1,-1
1025,72,842.84,269.03,61.98,195.15,0.6655,-1,-1,-1
1025,73,929.55,256.94,61.95,203.28,0.5802,-1,-1,-1
1025,70,377.95,488.45,79.32,231.45,0.5167,-1,-1,-1
1025,76,285.97,506.48,83.20,199.16,0.4790,-1,-1,-1
1025,84,1144.14,588.16,88.04,254.37,0.6883,-1,-1,-1
1025,86,1710.85,677.25,89.04,242.71,0.6038,-1,-1,-1
1025,90,1700.48,181.56,61.70,171.22,0.3621,-1,-1,-1
1025,80,492.15,300.21,66.32,194.68,0.5058,-1,-1,-1
1025,92,286.58,506.59,82.64,199.01,0.4790,-1,-1,-1
1025,93,288.20,302.88,66.89,193.28,0.4814,-1,-1,-1
1025,94,584.21,547.54,79.81,241.82,0.4630,-1,-1,-1
1025,91,371.83,301.60,71.57,164.67,0.2163,-1,-1,-1
1026,4,1718.92,454.19,80.53,190.49,0.5671,-1,-1,-1
1026,64,361.77,928.22,97.41,150.96,0.8079,-1,-1,-1
1026,3,902.32,945.76,66.35,134.02,0.7180,-1,-1,-1
1026,68,1575.74,588.49,101.79,238.65,0.6191,-1,-1,-1
1026,72,843.49,267.34,61.48,191.50,0.6343,-1,-1,-1
1026,73,931.72,256.51,60.12,203.81,0.5997,-1,-1,-1
1026,70,377.75,491.00,77.74,232.16,0.5375,-1,-1,-1
1026,76,287.77,505.14,81.01,199.72,0.4844,-1,-1,-1
1026,84,1143.23,587.84,87.60,251.50,0.6913,-1,-1,-1
1026,86,1710.17,681.58,85.56,239.66,0.6237,-1,-1,-1
1026,90,1699.00,183.94,64.46,174.68,0.3748,-1,-1,-1
1026,80,492.52,300.69,66.75,195.52,0.5992,-1,-1,-1
1026,92,287.83,505.15,80.97,199.70,0.4844,-1,-1,-1
1026,93,288.34,304.16,66.78,194.07,0.4601,-1,-1,-1
1026,94,584.84,546.79,77.48,242.06,0.4331,-1,-1,-1
1026,91,371.35,301.08,70.26,182.76,0.4349,-1,-1,-1
1027,4,1719.04,454.55,81.20,189.73,0.5374,-1,-1,-1
1027,64,363.66,930.05,96.97,148.83,0.8123,-1,-1,-1
1027,3,902.34,945.76,64.96,133.86,0.7180,-1,-1,-1
1027,68,1575.40,589.15,102.55,238.20,0.6727,-1,-1,-1
1027,72,844.78,265.52,59.95,189.02,0.6333,-1,-1,-1
1027,73,933.51,256.19,58.45,205.01,0.5790,-1,-1,-1
1027,70,376.89,493.48,75.10,232.61,0.5657,-1,-1,-1
1027,76,290.34,505.45,77.73,199.50,0.5619,-1,-1,-1
1027,84,1142.22,587.70,86.81,252.16,0.7253,-1,-1,-1
1027,86,1706.55,675.81,84.32,242.15,0.5733,-1,-1,-1
1027,90,1698.48,187.04,66.26,175.21,0.3422,-1,-1,-1
1027,80,493.06,302.13,66.33,194.53,0.6036,-1,-1,-1
1027,92,290.20,505.43,77.87,199.52,0.5619,-1,-1,-1
1027,93,289.15,306.15,65.92,193.46,0.4444,-1,-1,-1
1027,94,584.82,546.77,73.67,242.48,0.4399,-1,-1,-1
1027,91,370.25,302.25,70.16,189.66,0.5206,-1,-1,-1
1028,4,1718.05,456.67,82.21,197.38,0.5751,-1,-1,-1
1028,64,365.11,931.98,96.23,147.11,0.8205,-1,-1,-1
1028,3,902.29,945.67,64.43,134.21,0.7131,-1,-1,-1
1028,68,1575.07,589.25,102.38,238.20,0.6747,-1,-1,-1
1028,72,845.84,263.14,59.38,188.27,0.6024,-1,-1,-1
1028,73,935.29,255.94,58.04,200.53,0.5854,-1,-1,-1
1028,70,375.68,496.42,76.16,231.20,0.5984,-1,-1,-1
1028,76,294.36,508.62,72.86,197.45,0.5648,-1,-1,-1
1028,84,1141.31,586.71,85.50,249.90,0.7230,-1,-1,-1
1028,86,1705.33,664.14,82.55,251.25,0.5209,-1,-1,-1
1028,90,1698.60,190.41,66.34,173.12,0.3507,-1,-1,-1
1028,80,494.89,303.56,64.36,192.98,0.5129,-1,-1,-1
1028,92,294.16,508.59,73.07,197.49,0.5648,-1,-1,-1
1028,93,289.29,308.10,64.34,192.91,0.4421,-1,-1,-1
1028,94,585.41,546.42,71.04,242.97,0.4766,-1,-1,-1
1028,91,369.89,305.54,70.19,190.67,0.5331,-1,-1,-1
1029,4,1717.89,458.32,83.33,199.80,0.5824,-1,-1,-1
1029,64,367.21,933.18,95.31,145.59,0.8127,-1,-1,-1
1029,3,901.82,945.41,63.80,134.54,0.6993,-1,-1,-1
1029,68,1574.49,589.54,102.84,237.92,0.6891,-1,-1,-1
1029,72,847.11,261.71,58.69,189.07,0.5977,-1,-1,-1
1029,73,936.30,255.38,58.33,201.49,0.6220,-1,-1,-1
1029,70,374.98,499.25,76.93,229.13,0.6169,-1,-1,-1
1029,76,295.01,511.59,71.17,197.23,0.5983,-1,-1,-1
1029,84,1140.93,585.82,82.90,249.21,0.7392,-1,-1,-1
1029,86,1703.01,647.46,82.75,266.40,0.4042,-1,-1,-1
1029,90,1699.16,192.72,66.29,170.65,0.3557,-1,-1,-1
1029,80,494.25,304.60,64.60,191.84,0.5330,-1,-1,-1
1029,92,294.83,511.55,71.36,197.27,0.5983,-1,-1,-1
1029,93,289.90,310.54,62.91,192.74,0.3670,-1,-1,-1
1029,94,586.11,545.66,66.56,244.21,0.5005,-1,-1,-1
1029,91,370.03,307.33,68.63,192.58,0.5066,-1,-1,-1
1030,4,1717.83,458.18,83.00,201.19,0.5792,-1,-1,-1
1030,64,368.22,935.64,95.21,142.95,0.8002,-1,-1,-1
1030,3,901.48,945.09,62.53,134.90,0.7173,-1,-1,-1
1030,68,1574.15,588.75,102.09,239.13,0.6461,-1,-1,-1
1030,72,848.03,260.79,57.53,191.34,0.5866,-1,-1,-1
1030,73,936.75,254.45,58.81,200.65,0.5631,-1,-1,-1
1030,70,373.79,500.84,73.49,227.71,0.6113,-1,-1,-1
1030,76,295.06,512.29,70.98,200.70,0.6496,-1,-1,-1
1030,84,1140.42,584.14,80.34,249.30,0.7753,-1,-1,-1
1030,86,1701.66,641.09,83.07,271.82,0.4541,-1,-1,-1
1030,90,1700.07,195.62,65.45,165.00,0.3175,-1,-1,-1
1030,80,493.65,303.77,65.09,192.81,0.5335,-1,-1,-1
1030,92,294.90,512.25,71.15,200.73,0.6496,-1,-1,-1
1030,93,291.16,311.94,62.37,190.54,0.4066,-1,-1,-1
1030,94,586.10,544.81,65.64,245.30,0.4711,-1,-1,-1
1030,91,368.84,308.61,68.80,194.11,0.5656,-1,-1,-1
1031,4,1717.79,458.48,83.06,204.02,0.6017,-1,-1,-1
1031,64,370.67,937.42,93.41,140.95,0.7951,-1,-1,-1
1031,3,900.44,944.64,61.91,135.36,0.7213,-1,-1,-1
1031,68,1573.34,589.98,102.92,237.75,0.6565,-1,-1,-1
1031,72,848.40,259.36,57.32,193.14,0.5698,-1,-1,-1
1031,73,938.15,251.67,57.90,198.28,0.5690,-1,-1,-1
1031,70,373.25,501.12,77.15,228.78,0.6371,-1,-1,-1
1031,76,294.76,513.72,70.77,207.89,0.6802,-1,-1,-1
1031,84,1139.79,579.63,78.79,248.60,0.7786,-1,-1,-1
1031,86,1689.41,637.80,93.12,276.58,0.5311,-1,-1,-1
1031,90,1700.96,197.94,64.51,163.89,0.3373,-1,-1,-1
1031,80,493.15,303.08,65.22,190.85,0.5715,-1,-1,-1
1031,92,294.61,513.69,70.92,207.92,0.6802,-1,-1,-1
1031,93,292.38,314.02,62.46,190.50,0.4001,-1,-1,-1
1031,94,585.73,544.35,63.99,246.39,0.4734,-1,-1,-1
1031,91,367.68,309.89,69.27,194.16,0.5664,-1,-1,-1
1032,4,1717.88,458.61,82.99,206.63,0.5976,-1,-1,-1
1032,64,372.67,940.57,91.66,137.80,0.7708,-1,-1,-1
1032,3,899.74,944.17,61.14,135.84,0.7000,-1,-1,-1
1032,68,1573.44,590.22,102.04,237.64,0.6398,-1,-1,-1
1032,72,848.59,256.83,57.79,194.00,0.5799,-1,-1,-1
1032,73,939.37,249.31,56.99,195.37,0.6197,-1,-1,-1
1032,70,373.53,501.41,77.58,229.61,0.6623,-1,-1,-1
1032,76,294.84,515.77,70.83,211.61,0.6871,-1,-1,-1
1032,84,1139.24,575.85,77.54,246.44,0.7701,-1,-1,-1
1032,86,1682.52,638.84,96.69,277.14,0.4878,-1,-1,-1
1032,90,1701.48,200.11,63.56,164.37,0.3730,-1,-1,-1
1032,80,493.63,304.52,63.93,188.41,0.4875,-1,-1,-1
1032,92,294.71,515.75,70.95,211.64,0.6871,-1,-1,-1
1032,93,292.84,315.97,64.03,190.22,0.4093,-1,-1,-1
1032,94,585.89,543.77,62.24,247.08,0.4725,-1,-1,-1
1032,91,366.68,311.01,69.49,193.94,0.5062,-1,-1,-1
1033,4,1718.20,458.52,82.37,207.06,0.5885,-1,-1,-1
1033,64,373.50,943.57,91.61,134.28,0.7608,-1,-1,-1
1033,3,898.97,943.99,60.09,136.04,0.6959,-1,-1,-1
1033,68,1574.27,591.28,99.92,236.97,0.6253,-1,-1,-1
1033,72,848.30,255.61,58.59,194.91,0.5529,-1,-1,-1
1033,73,940.15,247.47,57.86,194.65,0.6347,-1,-1,-1
1033,70,373.02,502.04,77.61,229.14,0.6446,-1,-1,-1
1033,76,294.48,517.79,71.04,213.33,0.6680,-1,-1,-1
1033,84,1138.97,572.71,76.51,243.30,0.7706,-1,-1,-1
1033,86,1677.26,637.66,99.75,279.39,0.5395,-1,-1,-1
1033,90,1701.59,200.97,63.24,162.93,0.2965,-1,-1,-1
1033,80,492.75,305.99,64.41,189.50,0.4657,-1,-1,-1
1033,92,294.37,517.77,71.14,213.36,0.6680,-1,-1,-1
1033,93,293.12,317.52,64.88,190.49,0.3549,-1,-1,-1
1033,94,585.52,542.54,61.17,241.11,0.4310,-1,-1,-1
1033,91,365.61,311.89,69.90,193.29,0.5330,-1,-1,-1
1034,4,1717.62,458.02,82.47,206.73,0.5863,-1,-1,-1
1034,64,375.89,946.97,89.29,131.47,0.7544,-1,-1,-1
1034,3,897.64,943.73,60.48,136.28,0.7088,-1,-1,-1
1034,68,1573.94,593.97,100.48,233.61,0.5889,-1,-1,-1
1034,72,848.13,255.49,59.45,194.50,0.5590,-1,-1,-1
1034,73,940.38,244.99,57.81,194.98,0.6025,-1,-1,-1
1034,70,372.54,503.34,75.16,227.72,0.6248,-1,-1,-1
1034,76,294.17,520.40,72.28,213.35,0.6707,-1,-1,-1
1034,84,1139.48,569.44,75.01,242.58,0.7690,-1,-1,-1
1034,86,1674.74,636.82,100.33,280.47,0.5392,-1,-1,-1
1034,90,1702.20,201.78,63.47,159.39,0.2697,-1,-1,-1
1034,80,490.54,307.72,65.72,191.57,0.4872,-1,-1,-1
1034,92,294.07,520.38,72.37,213.38,0.6707,-1,-1,-1
1034,93,294.05,319.12,65.49,190.03,0.3830,-1,-1,-1
1034,94,585.17,541.66,59.35,246.20,0.4507,-1,-1,-1
1034,91,365.33,312.69,69.44,193.87,0.5747,-1,-1,-1
1035,4,1718.14,458.42,80.95,204.57,0.5959,-1,-1,-1
1035,64,377.70,950.25,88.74,128.80,0.7439,-1,-1,-1
1035,3,896.85,942.98,59.81,136.91,0.7047,-1,-1,-1
1035,68,1573.15,594.21,100.40,233.05,0.6068,-1,-1,-1
1035,72,848.58,254.82,59.09,194.43,0.5664,-1,-1,-1
1035,73,940.26,242.99,58.50,196.62,0.6456,-1,-1,-1
1035,70,371.88,504.24,76.53,225.41,0.6207,-1,-1,-1
1035,76,292.13,522.92,77.30,212.42,0.6421,-1,-1,-1
1035,84,1138.59,567.69,75.31,241.64,0.7609,-1,-1,-1
1035,86,1674.63,634.99,95.22,280.83,0.6027,-1,-1,-1
1035,90,1703.77,202.18,62.32,155.56,0.2793,-1,-1,-1
1035,80,489.24,310.64,66.96,192.64,0.4541,-1,-1,-1
1035,92,292.04,522.90,77.37,212.44,0.6421,-1,-1,-1
1035,93,294.55,320.54,65.57,188.61,0.4271,-1,-1,-1
1035,94,585.21,540.64,58.92,248.90,0.4083,-1,-1,-1
1035,91,365.55,312.87,68.92,195.04,0.5551,-1,-1,-1
1036,4,1718.60,459.92,80.47,203.10,0.5846,-1,-1,-1
1036,64,379.94,953.51,88.56,126.23,0.7313,-1,-1,-1
1036,3,895.77,941.86,59.59,138.12,0.7197,-1,-1,-1
1036,68,1573.38,595.08,99.65,232.36,0.6052,-1,-1,-1
1036,72,849.42,254.08,58.19,195.19,0.5767,-1,-1,-1
1036,73,940.18,241.16,58.04,197.20,0.6592,-1,-1,-1
1036,70,371.35,504.65,77.12,224.64,0.6310,-1,-1,-1
1036,76,291.96,525.39,77.89,210.50,0.5835,-1,-1,-1
1036,84,1137.83,565.83,75.08,244.92,0.7365,-1,-1,-1
1036,86,1674.81,633.34,91.04,281.91,0.6316,-1,-1,-1
1036,90,1704.49,203.38,62.95,156.26,0.2969,-1,-1,-1
1036,80,488.83,309.99,68.08,194.90,0.4483,-1,-1,-1
1036,92,291.89,525.37,77.96,210.52,0.5835,-1,-1,-1
1036,93,293.85,320.73,67.13,190.66,0.4077,-1,-1,-1
1036,94,585.07,541.16,59.09,249.32,0.4098,-1,-1,-1
1036,91,364.76,314.38,68.91,187.72,0.3827,-1,-1,-1
1036,85,1275.70,180.53,58.91,140.75,0.3394,-1,-1,-1
1037,4,1718.73,460.12,79.92,202.92,0.6308,-1,-1,-1
1037,64,383.00,956.30,87.88,123.66,0.7571,-1,-1,-1
1037,3,895.45,940.77,58.29,139.21,0.7297,-1,-1,-1
1037,68,1573.06,595.36,98.94,231.85,0.6301,-1,-1,-1
1037,72,849.58,252.82,58.52,195.97,0.5740,-1,-1,-1
1037,73,940.35,240.42,57.91,197.75,0.6871,-1,-1,-1
1037,70,370.96,505.41,78.71,223.08,0.6694,-1,-1,-1
1037,76,288.79,527.62,81.01,208.38,0.5524,-1,-1,-1
1037,84,1136.80,563.83,75.33,247.69,0.7504,-1,-1,-1
1037,86,1674.00,631.22,88.57,281.49,0.6193,-1,-1,-1
1037,90,1706.58,203.70,61.69,159.27,0.4044,-1,-1,-1
1037,80,488.61,310.89,70.02,195.66,0.4499,-1,-1,-1
1037,92,288.73,527.60,81.07,208.39,0.5524,-1,-1,-1
1037,93,293.17,321.47,67.74,189.10,0.4184,-1,-1,-1
1037,94,586.26,540.12,57.22,251.12,0.4476,-1,-1,-1
1037,91,363.37,318.20,71.16,166.90,0.3060,-1,-1,-1
1037,85,1275.94,180.46,58.90,142.16,0.3308,-1,-1,-1
1038,4,1718.96,460.44,79.46,202.04,0.6311,-1,-1,-1
1038,64,384.96,958.85,89.37,121.24,0.7811,-1,-1,-1
1038,3,894.07,939.26,57.77,140.79,0.7231,-1,-1,-1
1038,68,1573.34,595.32,98.11,231.80,0.6315,-1,-1,-1
1038,72,849.62,251.84,59.30,196.49,0.5644,-1,-1,-1
1038,73,940.38,239.66,57.49,198.59,0.6845,-1,-1,-1
1038,70,370.94,505.80,78.73,223.08,0.6656,-1,-1,-1
1038,76,294.69,530.71,72.69,205.21,0.4908,-1,-1,-1
1038,84,1134.93,562.74,77.84,251.60,0.7538,-1,-1,-1
1038,86,1670.32,630.52,91.67,280.86,0.6218,-1,-1,-1
1038,90,1709.01,204.39,59.98,161.28,0.3257,-1,-1,-1
1038,80,488.53,313.01,70.38,196.01,0.4430,-1,-1,-1
1038,92,294.63,530.69,72.76,205.22,0.4908,-1,-1,-1
1038,93,294.18,322.08,64.59,188.05,0.3785,-1,-1,-1
1038,94,586.67,539.57,57.07,251.79,0.4578,-1,-1,-1
1038,91,362.28,319.61,73.66,160.30,0.3110,-1,-1,-1
1038,85,1277.04,183.58,59.13,138.96,0.2085,-1,-1,-1
1039,4,1718.88,460.21,79.21,203.31,0.6352,-1,-1,-1
1039,64,388.38,959.86,87.95,120.16,0.7464,-1,-1,-1
1039,3,893.00,939.12,58.26,140.84,0.7282,-1,-1,-1
1039,68,1572.90,594.24,98.29,232.62,0.6042,-1,-1,-1
1039,72,850.16,251.21,59.11,195.80,0.5382,-1,-1,-1
1039,73,940.31,238.65,57.09,199.18,0.6595,-1,-1,-1
1039,70,370.78,506.37,77.85,223.07,0.6574,-1,-1,-1
1039,76,299.27,532.40,65.28,203.14,0.5364,-1,-1,-1
1039,84,1131.27,561.94,80.94,253.47,0.7654,-1,-1,-1
1039,86,1664.94,630.90,94.73,279.83,0.6265,-1,-1,-1
1039,90,1711.40,205.88,58.44,161.52,0.3333,-1,-1,-1
1039,80,488.04,314.46,68.85,197.03,0.4420,-1,-1,-1
1039,92,299.21,532.39,65.34,203.15,0.5364,-1,-1,-1
1039,93,294.00,322.25,64.38,188.25,0.3930,-1,-1,-1
1039,94,587.15,539.11,56.45,252.45,0.4549,-1,-1,-1
1039,91,360.93,319.47,76.05,157.22,0.3402,-1,-1,-1
1039,85,1280.37,191.84,53.75,129.77,0.1641,-1,-1,-1
1040,4,1719.10,459.95,78.68,204.40,0.6542,-1,-1,-1
1040,64,391.45,961.64,87.52,118.41,0.7244,-1,-1,-1
1040,3,891.60,938.60,58.89,141.39,0.7287,-1,-1,-1
1040,68,1572.71,595.32,98.50,231.24,0.6027,-1,-1,-1
1040,72,850.89,249.31,59.46,193.85,0.5336,-1,-1,-1
1040,73,939.79,238.08,57.46,199.33,0.6256,-1,-1,-1
1040,70,371.01,507.85,78.87,224.72,0.6862,-1,-1,-1
1040,76,282.32,533.10,80.09,201.54,0.3476,-1,-1,-1
1040,84,1127.84,561.74,82.13,254.39,0.7764,-1,-1,-1
1040,86,1661.33,632.12,95.79,280.13,0.6288,-1,-1,-1
1040,90,1713.05,207.02,57.66,158.86,0.3708,-1,-1,-1
1040,80,487.68,318.49,67.12,195.68,0.4490,-1,-1,-1
1040,92,301.03,535.26,61.20,200.62,0.4561,-1,-1,-1
1040,93,292.26,323.53,69.84,188.03,0.3840,-1,-1,-1
1040,94,587.76,538.65,55.79,252.40,0.4959,-1,-1,-1
1040,91,360.24,320.57,77.31,155.19,0.3179,-1,-1,-1
1041,4,1719.17,459.67,78.89,205.42,0.6586,-1,-1,-1
1041,64,394.66,963.81,88.66,116.24,0.7474,-1,-1,-1
1041,3,889.61,938.33,57.82,141.68,0.7131,-1,-1,-1
1041,68,1572.77,594.29,99.13,231.76,0.6045,-1,-1,-1
1041,72,850.50,247.41,61.03,191.50,0.5409,-1,-1,-1
1041,73,939.76,237.33,57.70,200.10,0.6499,-1,-1,-1
1041,70,371.31,509.91,78.79,226.42,0.6522,-1,-1,-1
1041,76,294.31,534.75,67.01,199.94,0.4485,-1,-1,-1
1041,84,1126.07,560.65,83.64,253.59,0.7932,-1,-1,-1
1041,86,1660.18,634.37,93.69,277.55,0.5460,-1,-1,-1
1041,90,1713.89,208.85,57.99,155.59,0.3559,-1,-1,-1
1041,80,486.77,322.38,66.14,192.88,0.4605,-1,-1,-1
1041,92,302.34,535.55,58.88,199.60,0.4485,-1,-1,-1
1041,93,291.92,324.55,72.40,186.46,0.4104,-1,-1,-1
1041,94,588.21,538.61,55.63,253.66,0.4995,-1,-1,-1
1041,91,360.59,321.06,76.86,155.08,0.2575,-1,-1,-1
1042,4,1719.42,460.23,77.75,205.50,0.6198,-1,-1,-1
1042,64,396.82,964.94,91.62,115.00,0.7532,-1,-1,-1
1042,3,887.73,937.76,57.71,142.22,0.7263,-1,-1,-1
1042,68,1572.67,592.90,99.65,232.31,0.5839,-1,-1,-1
1042,72,850.71,244.88,62.45,188.87,0.5137,-1,-1,-1
1042,73,940.23,237.21,57.58,200.05,0.6361,-1,-1,-1
1042,70,371.38,510.45,79.44,229.41,0.6639,-1,-1,-1
1042,76,298.58,536.24,61.07,196.68,0.3850,-1,-1,-1
1042,84,1125.09,559.54,83.57,251.14,0.7840,-1,-1,-1
1042,86,1658.39,636.49,93.35,274.59,0.5481,-1,-1,-1
1042,90,1715.36,210.72,57.01,154.26,0.2804,-1,-1,-1
1042,80,486.87,324.91,64.54,190.70,0.4331,-1,-1,-1
1042,92,301.32,536.53,58.31,196.56,0.3850,-1,-1,-1
1042,93,291.53,325.42,73.34,187.19,0.3876,-1,-1,-1
1042,94,588.18,538.65,56.10,252.83,0.4918,-1,-1,-1
1042,91,360.53,322.45,76.20,155.15,0.2779,-1,-1,-1
1043,4,1719.64,459.13,77.56,207.20,0.6050,-1,-1,-1
1043,64,397.75,966.26,94.25,113.71,0.7561,-1,-1,-1
1043,3,886.02,937.45,58.44,142.52,0.7177,-1,-1,-1
1043,68,1571.79,592.95,101.29,231.97,0.5417,-1,-1,-1
1043,72,850.46,242.19,63.73,189.73,0.5044,-1,-1,-1
1043,73,940.92,236.96,56.71,199.62,0.6314,-1,-1,-1
1043,70,371.51,511.41,80.06,231.44,0.6772,-1,-1,-1
1043,76,300.60,536.35,59.29,196.47,0.3838,-1,-1,-1
1043,84,1123.56,558.78,83.67,248.71,0.7816,-1,-1,-1
1043,86,1659.64,639.21,90.48,272.69,0.4613,-1,-1,-1
1043,90,1717.44,212.91,55.61,155.06,0.2822,-1,-1,-1
1043,80,484.81,325.26,65.08,190.19,0.4369,-1,-1,-1
1043,92,301.49,536.44,58.37,196.43,0.3838,-1,-1,-1
1043,93,291.55,325.98,72.36,192.37,0.3640,-1,-1,-1
1043,94,588.52,538.24,55.56,252.88,0.5036,-1,-1,-1
1043,91,359.12,323.89,75.76,153.33,0.3148,-1,-1,-1
1044,4,1719.52,459.12,77.15,207.58,0.6038,-1,-1,-1
1044,64,398.90,968.19,96.37,111.84,0.7457,-1,-1,-1
1044,3,884.34,937.37,58.79,142.64,0.7014,-1,-1,-1
1044,68,1571.32,590.76,103.17,233.26,0.4600,-1,-1,-1
1044,72,851.03,240.26,64.12,189.66,0.4890,-1,-1,-1
1044,73,941.33,236.32,56.02,199.29,0.6271,-1,-1,-1
1044,70,372.27,513.98,78.88,233.26,0.6527,-1,-1,-1
1044,76,286.08,534.65,76.05,199.58,0.3493,-1,-1,-1
1044,84,1122.40,557.34,82.37,248.18,0.7762,-1,-1,-1
1044,86,1657.18,641.13,93.24,273.59,0.5204,-1,-1,-1
1044,90,1717.53,213.69,56.93,161.17,0.2925,-1,-1,-1
1044,80,484.77,325.03,65.27,191.16,0.4433,-1,-1,-1
1044,92,301.14,533.39,56.89,201.18,0.2409,-1,-1,-1
1044,93,290.69,325.84,71.02,199.14,0.4076,-1,-1,-1
1044,94,588.52,538.56,56.16,252.41,0.4968,-1,-1,-1
1044,91,355.23,323.42,82.25,186.70,0.3869,-1,-1,-1
1045,4,1719.53,460.56,76.87,206.96,0.6031,-1,-1,-1
1045,64,399.31,969.11,100.20,110.94,0.7485,-1,-1,-1
1045,3,883.69,937.15,59.78,142.88,0.7093,-1,-1,-1
1045,68,1570.84,591.91,103.82,231.83,0.4736,-1,-1,-1
1045,72,851.53,238.68,64.06,191.38,0.5558,-1,-1,-1
1045,73,941.40,235.12,55.71,199.63,0.6052,-1,-1,-1
1045,70,372.79,516.82,79.19,233.20,0.6511,-1,-1,-1
1045,76,293.92,537.25,67.78,198.99,0.4009,-1,-1,-1
1045,84,1120.26,554.90,82.69,249.45,0.7755,-1,-1,-1
1045,86,1652.36,642.27,95.99,272.42,0.5496,-1,-1,-1
1045,90,1718.33,214.69,57.09,163.88,0.3118,-1,-1,-1
1045,80,483.70,325.31,65.47,191.16,0.4036,-1,-1,-1
1045,92,300.43,536.75,59.78,199.60,0.4009,-1,-1,-1
1045,93,290.16,325.98,69.91,201.25,0.4341,-1,-1,-1
1045,94,588.70,538.23,55.54,252.81,0.4993,-1,-1,-1
1045,91,354.03,323.97,82.43,200.27,0.5337,-1,-1,-1
1046,4,1718.86,460.96,77.24,206.65,0.6030,-1,-1,-1
1046,64,400.20,971.00,102.59,109.07,0.7449,-1,-1,-1
1046,3,882.25,936.26,59.48,143.78,0.6692,-1,-1,-1
1046,68,1573.77,592.68,101.69,231.58,0.4326,-1,-1,-1
1046,72,851.17,238.09,64.62,191.90,0.5473,-1,-1,-1
1046,73,941.31,234.30,54.97,200.12,0.5949,-1,-1,-1
1046,70,373.65,519.58,76.95,233.87,0.6337,-1,-1,-1
1046,76,286.80,537.62,75.19,204.21,0.4971,-1,-1,-1
1046,84,1119.74,553.37,81.58,247.63,0.7770,-1,-1,-1
1046,86,1651.26,643.32,95.30,270.75,0.5413,-1,-1,-1
1046,90,1719.94,215.84,57.15,165.75,0.2706,-1,-1,-1
1046,80,482.84,325.07,66.67,191.54,0.4166,-1,-1,-1
1046,92,289.44,537.43,71.98,204.44,0.4971,-1,-1,-1
1046,93,290.58,327.54,67.69,202.24,0.4210,-1,-1,-1
1046,94,588.93,538.73,55.15,252.17,0.4662,-1,-1,-1
1046,91,351.19,326.35,82.51,205.27,0.5152,-1,-1,-1
1047,4,1718.29,462.20,77.48,205.33,0.6159,-1,-1,-1
1047,64,400.81,973.79,105.04,106.25,0.7393,-1,-1,-1
1047,3,881.25,935.96,59.83,144.06,0.6671,-1,-1,-1
1047,68,1574.07,591.49,100.97,232.81,0.3965,-1,-1,-1
1047,72,850.28,235.84,67.26,193.93,0.5416,-1,-1,-1
1047,73,939.78,233.27,55.73,199.99,0.5752,-1,-1,-1
1047,70,373.56,521.99,77.20,233.14,0.6459,-1,-1,-1
1047,76,280.05,539.39,81.88,208.62,0.5354,-1,-1,-1
1047,84,1118.84,551.21,81.29,248.65,0.7552,-1,-1,-1
1047,86,1652.98,649.00,91.78,264.08,0.6159,-1,-1,-1
1047,90,1722.01,216.54,56.61,164.65,0.2745,-1,-1,-1
1047,80,482.42,326.37,66.60,189.80,0.4622,-1,-1,-1
1047,92,281.27,539.31,80.44,208.71,0.5354,-1,-1,-1
1047,93,289.29,331.55,66.92,200.94,0.4331,-1,-1,-1
1047,94,588.65,538.51,56.24,252.93,0.4662,-1,-1,-1
1047,91,349.77,328.72,81.78,207.19,0.5404,-1,-1,-1
1048,4,1718.87,462.08,76.72,205.28,0.5860,-1,-1,-1
1048,64,402.55,977.11,106.41,102.92,0.7364,-1,-1,-1
1048,3,880.97,935.26,59.52,144.74,0.6473,-1,-1,-1
1048,68,1574.95,590.70,100.14,233.42,0.3949,-1,-1,-1
1048,72,850.52,234.81,68.19,194.47,0.5541,-1,-1,-1
1048,73,939.34,231.35,55.21,194.54,0.5810,-1,-1,-1
1048,70,373.03,522.63,77.24,232.80,0.6373,-1,-1,-1
1048,76,276.23,541.35,85.18,211.72,0.5880,-1,-1,-1
1048,84,1117.66,548.08,81.44,246.64,0.7451,-1,-1,-1
1048,86,1651.04,651.64,91.64,260.12,0.6475,-1,-1,-1
1048,90,1723.54,218.41,55.98,155.21,0.2615,-1,-1,-1
1048,80,481.68,326.63,66.79,190.66,0.4610,-1,-1,-1
1048,92,276.73,541.31,84.60,211.75,0.5880,-1,-1,-1
1048,93,288.56,334.06,65.83,200.32,0.3924,-1,-1,-1
1048,94,588.24,538.66,57.28,253.31,0.4506,-1,-1,-1
1048,91,348.78,330.28,81.02,206.44,0.4541,-1,-1,-1
1049,4,1718.73,462.24,76.94,205.85,0.6220,-1,-1,-1
1049,64,403.80,979.56,107.54,100.45,0.7482,-1,-1,-1
1049,3,879.94,934.19,60.35,145.80,0.6694,-1,-1,-1
1049,68,1573.38,592.53,100.22,232.17,0.4404,-1,-1,-1
1049,72,851.13,234.58,68.36,194.14,0.5664,-1,-1,-1
1049,73,938.48,229.59,55.76,192.42,0.6104,-1,-1,-1
1049,70,372.42,523.87,77.08,231.52,0.6469,-1,-1,-1
1049,76,277.34,543.77,83.48,211.85,0.5549,-1,-1,-1
1049,84,1117.41,545.33,78.86,243.76,0.7429,-1,-1,-1
1049,86,1650.12,649.92,91.07,260.99,0.6962,-1,-1,-1
1049,90,1725.46,217.92,54.16,161.59,0.2467,-1,-1,-1
1049,80,479.95,326.56,68.53,192.23,0.5070,-1,-1,-1
1049,92,277.48,543.76,83.33,211.85,0.5549,-1,-1,-1
1049,93,287.17,334.97,64.79,200.65,0.3947,-1,-1,-1
1049,94,588.10,538.03,57.17,253.48,0.4957,-1,-1,-1
1049,91,346.48,330.93,82.68,206.84,0.4498,-1,-1,-1
1050,4,1718.43,461.54,77.51,206.62,0.6452,-1,-1,-1
1050,64,406.85,982.73,106.27,97.30,0.7520,-1,-1,-1
1050,3,879.07,933.23,61.02,146.77,0.6685,-1,-1,-1
1050,68,1571.45,592.60,102.13,232.06,0.4434,-1,-1,-1
1050,72,852.34,234.33,67.21,193.93,0.5906,-1,-1,-1
1050,73,937.95,228.05,56.07,191.01,0.6084,-1,-1,-1
1050,70,372.39,524.43,77.93,230.29,0.6635,-1,-1,-1
1050,76,278.30,546.98,81.45,212.03,0.6144,-1,-1,-1
1050,84,1115.59,542.66,77.99,238.67,0.7526,-1,-1,-1
1050,86,1649.22,649.48,89.42,260.05,0.6885,-1,-1,-1
1050,90,1725.24,218.07,55.43,165.60,0.3085,-1,-1,-1
1050,80,479.37,327.56,68.50,194.18,0.4498,-1,-1,-1
1050,92,278.30,546.97,81.46,212.03,0.6144,-1,-1,-1
1050,93,287.41,336.38,63.75,199.92,0.4399,-1,-1,-1
1050,94,588.13,537.95,58.05,253.74,0.5121,-1,-1,-1
1050,91,345.68,331.97,82.82,204.35,0.4350,-1,-1,-1
