1,1,1338.45,417.91,163.03,358.56,0.8095,-1,-1,-1
1,2,584.16,443.38,91.78,264.68,0.7630,-1,-1,-1
1,3,440.00,445.87,112.19,273.44,0.6768,-1,-1,-1
1,4,1455.20,432.63,141.36,332.68,0.6423,-1,-1,-1
1,5,730.90,456.71,35.97,111.41,0.5622,-1,-1,-1
1,6,916.81,431.52,59.64,154.80,0.3898,-1,-1,-1
2,1,1342.76,417.56,160.35,359.21,0.8315,-1,-1,-1
2,2,584.51,442.90,92.32,264.20,0.7654,-1,-1,-1
2,3,437.68,445.25,116.77,274.30,0.6904,-1,-1,-1
2,4,1452.16,436.85,146.64,331.74,0.6727,-1,-1,-1
2,5,731.46,457.27,36.32,110.28,0.5321,-1,-1,-1
2,6,916.35,432.16,60.19,154.65,0.4006,-1,-1,-1
3,1,1343.64,423.29,175.79,365.91,0.8358,-1,-1,-1
3,2,584.47,443.04,93.56,263.64,0.7562,-1,-1,-1
3,3,437.24,443.73,117.92,276.35,0.6985,-1,-1,-1
3,4,1466.12,441.54,138.80,327.14,0.7326,-1,-1,-1
3,5,731.30,460.22,36.83,106.76,0.5314,-1,-1,-1
3,6,915.95,432.67,60.93,153.92,0.4038,-1,-1,-1
4,1,1348.58,421.74,179.31,375.83,0.8241,-1,-1,-1
4,2,584.44,443.81,93.18,264.24,0.7671,-1,-1,-1
4,3,438.60,442.93,119.11,276.71,0.7439,-1,-1,-1
4,4,1478.42,434.61,126.13,333.29,0.7310,-1,-1,-1
4,5,732.04,459.13,36.84,109.29,0.5181,-1,-1,-1
4,6,916.37,432.05,61.00,154.18,0.4202,-1,-1,-1
5,1,1351.70,419.43,178.44,385.09,0.8483,-1,-1,-1
5,2,584.71,444.03,93.11,264.04,0.7658,-1,-1,-1
5,3,442.36,443.57,119.27,274.38,0.6902,-1,-1,-1
5,4,1485.89,429.52,116.06,338.51,0.7408,-1,-1,-1
5,5,732.67,459.01,35.89,109.29,0.5182,-1,-1,-1
5,6,916.01,431.29,61.41,154.52,0.4093,-1,-1,-1
6,1,1358.00,418.59,174.35,388.38,0.8473,-1,-1,-1
6,2,584.11,443.50,92.55,266.96,0.7617,-1,-1,-1
6,3,448.69,443.81,117.46,274.35,0.6955,-1,-1,-1
6,4,1494.98,426.51,107.81,342.00,0.7240,-1,-1,-1
6,5,733.35,457.55,34.53,110.24,0.5344,-1,-1,-1
6,6,915.73,430.51,62.09,155.99,0.4203,-1,-1,-1
7,1,1368.05,419.03,160.33,385.27,0.8560,-1,-1,-1
7,2,584.46,443.00,91.77,268.10,0.7672,-1,-1,-1
7,3,447.30,444.57,119.99,274.34,0.7310,-1,-1,-1
7,4,1500.62,430.35,102.38,339.33,0.7682,-1,-1,-1
7,5,733.51,457.84,33.89,109.93,0.5486,-1,-1,-1
7,6,914.96,430.63,61.94,155.88,0.3747,-1,-1,-1
8,1,1385.38,415.32,142.27,386.75,0.8056,-1,-1,-1
8,2,584.69,442.95,91.83,267.36,0.7825,-1,-1,-1
8,3,448.66,444.10,119.52,274.58,0.7466,-1,-1,-1
8,4,1505.55,422.72,98.91,347.94,0.7694,-1,-1,-1
8,5,733.48,457.17,34.27,109.68,0.5422,-1,-1,-1
8,6,914.71,428.50,61.43,157.94,0.3851,-1,-1,-1
9,1,1400.70,409.64,130.08,392.05,0.7456,-1,-1,-1
9,2,585.14,442.64,90.88,268.13,0.7795,-1,-1,-1
9,3,454.78,444.16,114.64,274.30,0.7433,-1,-1,-1
9,4,1511.97,422.00,94.59,347.94,0.7483,-1,-1,-1
9,5,733.11,457.02,35.08,110.99,0.5347,-1,-1,-1
10,1,1416.27,413.51,120.40,382.64,0.7916,-1,-1,-1
10,2,585.35,442.77,91.42,268.23,0.7822,-1,-1,-1
10,3,457.13,443.88,114.12,274.36,0.7182,-1,-1,-1
10,4,1507.35,418.08,109.06,355.34,0.6690,-1,-1,-1
10,5,732.77,457.46,35.90,109.80,0.5202,-1,-1,-1
11,1,1426.75,412.59,119.33,385.77,0.7690,-1,-1,-1
11,2,585.90,442.84,91.19,267.06,0.7704,-1,-1,-1
11,3,455.62,442.77,115.24,275.85,0.6898,-1,-1,-1
11,4,1525.73,418.81,97.90,350.60,0.7955,-1,-1,-1
11,5,732.58,458.50,37.09,110.60,0.5667,-1,-1,-1
12,1,1438.36,409.14,117.19,388.33,0.7277,-1,-1,-1
12,2,585.72,442.28,91.75,266.95,0.7670,-1,-1,-1
12,3,451.56,442.23,119.30,276.29,0.6683,-1,-1,-1
12,4,1537.11,418.83,94.22,353.07,0.7732,-1,-1,-1
12,5,731.64,456.74,38.09,112.97,0.6051,-1,-1,-1
13,1,1446.24,411.85,121.77,386.81,0.7019,-1,-1,-1
13,2,585.37,442.02,92.50,267.30,0.7540,-1,-1,-1
13,3,446.82,442.92,123.52,276.33,0.7041,-1,-1,-1
13,4,1540.10,420.21,104.27,357.62,0.7515,-1,-1,-1
13,5,730.76,456.29,38.76,117.03,0.5821,-1,-1,-1
14,1,1453.65,410.22,128.39,387.39,0.5774,-1,-1,-1
14,2,584.35,442.17,93.99,268.00,0.7504,-1,-1,-1
14,3,447.01,442.00,122.06,280.39,0.6398,-1,-1,-1
14,4,1538.74,416.59,130.65,370.02,0.6144,-1,-1,-1
14,5,730.24,456.43,39.44,118.50,0.5510,-1,-1,-1
15,1,1461.68,415.47,108.41,382.02,0.4913,-1,-1,-1
15,2,583.99,442.43,93.23,269.27,0.7699,-1,-1,-1
15,3,446.43,442.82,120.94,282.11,0.6577,-1,-1,-1
15,4,1539.16,421.82,160.18,373.47,0.5965,-1,-1,-1
15,5,730.36,453.29,39.89,123.63,0.6071,-1,-1,-1
16,1,1464.02,422.14,106.00,377.30,0.4012,-1,-1,-1
16,2,583.63,443.68,92.96,267.47,0.7684,-1,-1,-1
16,3,445.85,442.64,117.80,283.50,0.6509,-1,-1,-1
16,4,1547.74,421.10,176.63,381.51,0.6741,-1,-1,-1
16,5,730.81,453.83,38.25,123.19,0.4918,-1,-1,-1
17,1,1459.16,420.87,130.51,381.46,0.3619,-1,-1,-1
17,2,583.36,445.38,93.02,267.33,0.7654,-1,-1,-1
17,3,446.19,442.70,116.11,284.54,0.6591,-1,-1,-1
17,4,1556.55,421.00,186.31,385.26,0.7724,-1,-1,-1
17,5,729.60,454.80,37.60,121.53,0.4486,-1,-1,-1
18,1,1459.40,420.78,181.46,388.48,0.6834,-1,-1,-1
18,2,583.57,445.03,93.04,268.39,0.7903,-1,-1,-1
18,3,448.04,442.94,114.07,284.68,0.7159,-1,-1,-1
18,4,1570.57,426.25,181.73,383.24,0.7105,-1,-1,-1
18,5,728.35,456.79,37.63,119.09,0.4405,-1,-1,-1
19,1,1460.57,414.75,173.88,390.52,0.4635,-1,-1,-1
19,2,584.19,445.12,94.18,269.29,0.7679,-1,-1,-1
19,3,450.19,444.55,112.74,284.64,0.7093,-1,-1,-1
19,4,1566.71,451.82,191.08,361.91,0.6830,-1,-1,-1
19,5,726.65,458.72,38.63,117.19,0.4068,-1,-1,-1
19,10,1254.69,435.93,35.23,108.05,0.4015,-1,-1,-1
20,1,1461.79,411.59,170.25,394.44,0.3680,-1,-1,-1
20,2,584.52,445.76,97.92,267.63,0.7785,-1,-1,-1
20,3,451.46,448.57,113.96,279.97,0.7095,-1,-1,-1
20,4,1587.28,457.04,186.34,349.81,0.6337,-1,-1,-1
20,5,725.54,455.28,39.73,119.39,0.4103,-1,-1,-1
20,10,1254.67,436.44,35.19,107.07,0.3274,-1,-1,-1
21,1,1462.10,412.50,225.14,403.60,0.7298,-1,-1,-1
21,2,584.77,444.50,101.31,269.09,0.7906,-1,-1,-1
21,3,452.42,448.07,112.85,279.30,0.6966,-1,-1,-1
21,4,1612.17,455.29,157.66,349.06,0.6550,-1,-1,-1
21,5,726.01,453.41,39.69,121.83,0.3841,-1,-1,-1
21,10,1252.94,439.35,35.44,101.98,0.3344,-1,-1,-1
22,1,1463.03,411.92,230.51,405.77,0.5306,-1,-1,-1
22,2,584.76,444.10,103.21,269.13,0.7779,-1,-1,-1
22,3,454.16,447.16,112.81,280.43,0.5991,-1,-1,-1
22,4,1627.27,436.54,152.29,364.52,0.7018,-1,-1,-1
22,5,723.10,458.49,42.84,114.83,0.3669,-1,-1,-1
22,10,1253.70,438.03,40.13,107.25,0.3675,-1,-1,-1
23,1,1469.31,411.62,201.07,395.16,0.4802,-1,-1,-1
23,2,583.89,443.83,105.30,269.05,0.7761,-1,-1,-1
23,3,461.33,446.34,109.98,281.52,0.6875,-1,-1,-1
23,4,1633.95,427.06,131.95,374.46,0.6269,-1,-1,-1
23,5,720.65,463.79,46.60,107.17,0.3626,-1,-1,-1
23,10,1251.88,440.20,38.50,103.28,0.3387,-1,-1,-1
24,1,1476.81,408.02,215.98,408.48,0.7030,-1,-1,-1
24,2,584.37,443.82,105.43,268.58,0.7550,-1,-1,-1
24,3,466.97,445.35,109.44,285.01,0.6838,-1,-1,-1
24,4,1644.15,421.22,123.10,378.31,0.6250,-1,-1,-1
24,5,721.17,461.88,48.43,107.94,0.4306,-1,-1,-1
25,1,1485.00,406.75,216.62,411.70,0.6348,-1,-1,-1
25,2,585.07,443.72,105.17,268.73,0.7432,-1,-1,-1
25,3,467.29,444.73,111.20,288.33,0.6339,-1,-1,-1
25,4,1655.83,417.20,122.32,384.69,0.6674,-1,-1,-1
25,5,720.09,462.83,49.38,104.77,0.4017,-1,-1,-1
26,1,1493.76,408.61,232.79,411.23,0.5968,-1,-1,-1
26,2,586.23,444.07,103.15,268.72,0.7238,-1,-1,-1
26,3,467.93,442.01,112.33,293.48,0.6589,-1,-1,-1
26,4,1662.63,419.54,115.20,381.93,0.6620,-1,-1,-1
26,5,719.82,463.28,50.29,104.26,0.4403,-1,-1,-1
26,11,497.59,465.82,82.44,256.55,0.3484,-1,-1,-1
27,1,1508.76,410.33,223.79,411.78,0.5634,-1,-1,-1
27,2,587.88,443.58,100.80,269.94,0.7291,-1,-1,-1
27,3,469.24,443.47,112.18,290.52,0.6226,-1,-1,-1
27,4,1674.26,414.34,112.46,384.10,0.6652,-1,-1,-1
27,5,720.33,458.59,46.81,109.03,0.3560,-1,-1,-1
27,11,503.87,460.94,78.41,249.76,0.3780,-1,-1,-1
28,1,1528.78,404.96,191.37,422.97,0.5835,-1,-1,-1
28,2,591.52,443.40,98.47,270.70,0.7386,-1,-1,-1
28,3,471.75,441.98,110.93,292.72,0.6031,-1,-1,-1
28,4,1682.88,411.14,114.24,385.19,0.6564,-1,-1,-1
28,5,720.53,460.51,48.61,107.84,0.3628,-1,-1,-1
28,11,506.43,451.68,76.61,254.97,0.3059,-1,-1,-1
29,1,1547.16,396.58,170.84,432.78,0.7035,-1,-1,-1
29,2,593.71,443.54,97.30,270.70,0.7304,-1,-1,-1
29,3,474.23,442.04,110.08,292.12,0.5859,-1,-1,-1
29,4,1684.70,418.83,128.15,381.55,0.7148,-1,-1,-1
29,5,720.73,460.35,50.12,110.82,0.3503,-1,-1,-1
29,11,507.05,449.10,77.47,255.97,0.3582,-1,-1,-1
29,12,1426.89,436.13,54.44,122.01,0.5404,-1,-1,-1
30,1,1573.88,391.88,153.01,437.45,0.7469,-1,-1,-1
30,2,595.21,443.48,97.13,271.27,0.7480,-1,-1,-1
30,3,476.45,442.16,109.46,292.16,0.6451,-1,-1,-1
30,4,1680.16,426.35,152.84,374.60,0.6404,-1,-1,-1
30,5,721.84,458.65,46.67,113.96,0.3650,-1,-1,-1
30,11,504.70,448.58,81.41,258.66,0.3116,-1,-1,-1
30,12,1432.21,433.18,49.29,124.57,0.5944,-1,-1,-1
31,1,1593.74,390.66,157.89,437.69,0.7355,-1,-1,-1
31,2,597.91,443.19,95.57,272.13,0.7511,-1,-1,-1
31,3,477.03,443.15,111.11,288.66,0.6513,-1,-1,-1
31,4,1694.80,418.85,182.55,387.27,0.6597,-1,-1,-1
31,5,721.70,457.53,45.04,117.84,0.4383,-1,-1,-1
31,11,485.27,444.23,102.85,278.42,0.6513,-1,-1,-1
31,12,1440.82,430.33,43.42,127.30,0.5751,-1,-1,-1
32,1,1605.68,393.86,164.19,441.35,0.7909,-1,-1,-1
32,2,599.78,443.09,94.95,272.79,0.7620,-1,-1,-1
32,3,478.55,444.25,110.60,288.76,0.6388,-1,-1,-1
32,4,1715.52,417.83,184.85,389.65,0.7327,-1,-1,-1
32,5,721.25,458.66,43.05,119.31,0.4236,-1,-1,-1
32,11,479.76,443.46,109.32,286.84,0.6388,-1,-1,-1
32,12,1446.78,430.68,39.99,126.60,0.5306,-1,-1,-1
33,1,1611.81,394.24,172.32,450.31,0.8078,-1,-1,-1
33,2,601.21,443.89,94.70,271.67,0.7665,-1,-1,-1
33,3,479.58,444.06,110.01,292.90,0.7041,-1,-1,-1
33,4,1730.94,414.37,185.27,396.82,0.6488,-1,-1,-1
33,5,720.11,458.80,42.60,119.03,0.3718,-1,-1,-1
33,11,478.09,442.74,111.44,293.98,0.7041,-1,-1,-1
33,12,1450.70,431.13,39.22,126.25,0.5774,-1,-1,-1
33,14,1079.50,452.19,54.06,143.83,0.3800,-1,-1,-1
34,1,1615.52,394.31,182.86,448.28,0.8036,-1,-1,-1
34,2,604.26,443.47,91.98,271.86,0.7622,-1,-1,-1
34,3,479.56,443.97,110.43,298.53,0.7296,-1,-1,-1
34,4,1742.40,447.07,181.07,369.03,0.3175,-1,-1,-1
34,5,718.15,457.13,42.42,120.67,0.3646,-1,-1,-1
34,11,477.25,442.58,112.65,300.59,0.7296,-1,-1,-1
34,12,1454.58,430.84,39.41,126.59,0.6021,-1,-1,-1
35,1,1621.31,393.18,195.05,454.30,0.8494,-1,-1,-1
35,2,605.52,443.92,91.44,271.20,0.7726,-1,-1,-1
35,3,478.68,443.89,111.25,300.16,0.7409,-1,-1,-1
35,4,1758.32,431.12,166.09,394.58,0.4129,-1,-1,-1
35,5,718.62,458.39,41.22,119.46,0.3458,-1,-1,-1
35,11,476.27,442.58,113.59,302.42,0.7409,-1,-1,-1
35,12,1456.47,431.75,38.95,124.96,0.5701,-1,-1,-1
36,1,1628.29,394.67,212.18,466.11,0.8182,-1,-1,-1
36,2,607.02,444.21,90.33,270.69,0.7724,-1,-1,-1
36,3,477.45,443.95,112.67,302.09,0.7078,-1,-1,-1
36,4,1765.59,420.11,158.19,403.20,0.5502,-1,-1,-1
36,5,716.55,457.06,42.74,120.06,0.3124,-1,-1,-1
36,11,475.18,442.77,114.88,304.24,0.7078,-1,-1,-1
36,12,1457.54,432.70,40.97,124.79,0.5764,-1,-1,-1
37,1,1633.36,396.50,243.19,471.71,0.7919,-1,-1,-1
37,2,608.48,444.78,89.97,270.11,0.7700,-1,-1,-1
37,3,477.34,444.47,112.66,296.99,0.6663,-1,-1,-1
37,4,1774.41,419.94,148.97,401.86,0.6046,-1,-1,-1
37,5,716.56,454.60,42.86,122.96,0.3143,-1,-1,-1
37,11,475.26,443.42,114.70,298.94,0.6663,-1,-1,-1
37,12,1460.97,433.11,42.20,125.31,0.5475,-1,-1,-1
38,1,1634.48,400.64,252.98,473.66,0.8538,-1,-1,-1
38,2,608.97,444.23,90.34,271.04,0.7671,-1,-1,-1
38,3,477.55,444.68,113.93,291.47,0.6853,-1,-1,-1
38,5,713.76,453.14,44.81,128.54,0.3080,-1,-1,-1
38,11,475.68,443.77,115.74,293.17,0.6853,-1,-1,-1
38,12,1463.02,432.30,43.46,126.03,0.6035,-1,-1,-1
39,1,1635.18,403.10,261.73,473.20,0.8709,-1,-1,-1
39,2,609.25,443.39,91.74,272.12,0.7795,-1,-1,-1
39,3,478.04,444.54,114.28,293.49,0.7066,-1,-1,-1
39,11,476.36,443.76,115.90,294.95,0.7066,-1,-1,-1
39,12,1464.36,431.91,44.96,125.78,0.5846,-1,-1,-1
39,10,1256.22,430.80,40.56,114.80,0.4194,-1,-1,-1
39,4,1808.70,428.29,113.88,380.54,0.5197,-1,-1,-1
40,1,1635.39,404.13,270.52,474.26,0.8623,-1,-1,-1
40,2,610.00,443.64,91.70,272.32,0.7746,-1,-1,-1
40,3,477.32,445.53,116.26,295.08,0.6822,-1,-1,-1
40,11,475.85,444.83,117.68,296.37,0.6822,-1,-1,-1
40,12,1466.10,432.83,46.67,124.11,0.5641,-1,-1,-1
40,10,1256.33,431.41,39.34,114.32,0.4407,-1,-1,-1
40,4,1819.07,424.47,102.91,386.66,0.5964,-1,-1,-1
41,1,1639.28,401.83,280.38,482.13,0.8654,-1,-1,-1
41,2,612.03,443.58,91.77,272.72,0.7916,-1,-1,-1
41,3,478.71,446.87,114.48,295.08,0.6839,-1,-1,-1
41,11,477.37,446.26,115.79,296.22,0.6839,-1,-1,-1
41,12,1466.19,434.00,50.22,121.71,0.5077,-1,-1,-1
41,10,1256.48,430.64,39.70,115.15,0.4798,-1,-1,-1
41,4,1831.25,405.54,90.51,409.43,0.6855,-1,-1,-1
42,1,1644.54,401.29,276.88,480.72,0.8418,-1,-1,-1
42,2,613.66,442.99,90.66,272.32,0.7990,-1,-1,-1
42,3,476.17,447.34,117.37,301.04,0.6609,-1,-1,-1
42,11,475.03,446.80,118.48,302.03,0.6609,-1,-1,-1
42,12,1467.83,434.51,50.71,121.05,0.5558,-1,-1,-1
42,10,1256.54,430.07,40.34,115.64,0.4902,-1,-1,-1
42,4,1841.99,395.51,79.27,421.72,0.6501,-1,-1,-1
43,1,1653.74,402.89,269.15,480.90,0.8501,-1,-1,-1
43,2,615.27,443.33,89.95,271.82,0.7884,-1,-1,-1
43,3,470.08,446.12,121.88,306.43,0.6239,-1,-1,-1
43,11,469.08,445.64,122.85,307.32,0.6239,-1,-1,-1
43,12,1469.62,433.56,51.59,121.74,0.5799,-1,-1,-1
43,10,1256.82,427.27,41.75,118.24,0.4707,-1,-1,-1
43,4,1852.09,393.88,68.69,425.02,0.5923,-1,-1,-1
44,1,1664.86,396.16,255.64,485.19,0.8460,-1,-1,-1
44,2,615.60,443.57,90.59,271.42,0.7991,-1,-1,-1
44,3,468.94,446.13,123.81,312.18,0.6489,-1,-1,-1
44,11,468.01,445.71,124.70,312.98,0.6489,-1,-1,-1
44,12,1472.61,434.89,50.12,120.66,0.5325,-1,-1,-1
44,10,1256.85,426.82,41.80,118.81,0.4571,-1,-1,-1
44,4,1863.61,410.53,56.73,404.95,0.4907,-1,-1,-1
44,14,1082.67,450.16,49.80,148.23,0.3548,-1,-1,-1
45,1,1684.65,394.15,232.47,485.23,0.7948,-1,-1,-1
45,2,616.57,443.11,90.95,271.53,0.7777,-1,-1,-1
45,3,467.97,444.22,123.68,314.78,0.6359,-1,-1,-1
45,11,467.14,443.84,124.49,315.50,0.6359,-1,-1,-1
45,12,1477.76,433.97,44.47,121.30,0.4935,-1,-1,-1
45,10,1257.53,425.99,41.97,119.55,0.4569,-1,-1,-1
45,4,1870.44,420.61,49.59,394.40,0.3509,-1,-1,-1
45,14,1081.68,449.37,50.73,148.91,0.3824,-1,-1,-1
45,5,699.20,454.42,55.76,201.88,0.3516,-1,-1,-1
46,1,1708.46,392.28,211.78,487.40,0.6306,-1,-1,-1
46,2,617.20,442.37,93.09,272.42,0.7592,-1,-1,-1
46,3,466.41,444.78,125.94,318.06,0.6336,-1,-1,-1
46,11,465.68,444.45,126.65,318.69,0.6336,-1,-1,-1
46,12,1483.51,434.98,37.77,119.86,0.5210,-1,-1,-1
46,10,1258.17,424.30,42.14,121.27,0.4614,-1,-1,-1
46,4,1877.80,402.25,42.05,427.30,0.3970,-1,-1,-1
46,14,1081.54,448.95,50.49,148.30,0.3025,-1,-1,-1
47,1,1757.71,387.15,162.01,493.71,0.7065,-1,-1,-1
47,2,617.18,441.74,93.12,272.78,0.7759,-1,-1,-1
47,3,464.70,444.44,127.65,320.16,0.6300,-1,-1,-1
47,11,464.04,444.14,128.29,320.72,0.6300,-1,-1,-1
47,12,1488.23,432.57,34.35,120.72,0.5148,-1,-1,-1
47,10,1258.60,424.03,42.87,121.24,0.4918,-1,-1,-1
47,5,696.67,456.01,57.02,206.04,0.5480,-1,-1,-1
48,1,1775.45,386.04,145.08,492.08,0.7905,-1,-1,-1
48,2,618.44,441.27,93.56,272.60,0.7450,-1,-1,-1
48,3,468.21,443.91,123.51,319.44,0.6478,-1,-1,-1
48,11,467.62,443.65,124.10,319.94,0.6478,-1,-1,-1
48,10,1259.01,426.03,41.34,119.14,0.4476,-1,-1,-1
48,5,697.53,455.08,60.73,207.33,0.3833,-1,-1,-1
49,1,1795.76,385.21,125.39,492.83,0.8010,-1,-1,-1
49,2,619.40,441.65,94.22,272.22,0.7554,-1,-1,-1
49,3,470.62,444.21,120.57,318.50,0.6382,-1,-1,-1
49,11,470.10,443.97,121.08,318.95,0.6382,-1,-1,-1
49,10,1259.23,431.82,40.70,114.67,0.4595,-1,-1,-1
49,5,697.94,455.96,62.77,207.20,0.4393,-1,-1,-1
50,1,1810.35,385.14,111.08,496.63,0.8415,-1,-1,-1
50,2,618.66,441.68,97.68,272.28,0.7557,-1,-1,-1
50,3,465.80,443.76,124.17,317.13,0.6203,-1,-1,-1
50,11,465.37,443.55,124.59,317.52,0.6203,-1,-1,-1
50,10,1259.56,436.31,39.48,110.65,0.4418,-1,-1,-1
50,5,701.08,453.55,63.69,209.89,0.3787,-1,-1,-1
50,12,1498.63,436.38,38.48,119.47,0.3535,-1,-1,-1
51,1,1818.87,383.92,101.65,498.78,0.8290,-1,-1,-1
51,2,618.77,441.49,99.41,272.37,0.7625,-1,-1,-1
51,3,455.84,443.44,133.74,315.54,0.6075,-1,-1,-1
51,11,455.46,443.26,134.11,315.88,0.6075,-1,-1,-1
51,10,1259.68,435.54,39.41,111.54,0.4807,-1,-1,-1
51,5,701.49,457.31,65.54,206.50,0.3377,-1,-1,-1
51,15,582.18,439.57,50.11,145.36,0.3443,-1,-1,-1
51,12,1500.66,437.98,41.44,117.02,0.4198,-1,-1,-1
52,1,1826.99,385.08,92.95,495.77,0.8108,-1,-1,-1
52,2,619.75,442.31,99.18,271.66,0.7495,-1,-1,-1
52,3,463.41,444.44,127.27,315.26,0.6582,-1,-1,-1
52,11,463.03,444.28,127.64,315.56,0.6582,-1,-1,-1
52,10,1259.64,433.34,38.61,112.83,0.4706,-1,-1,-1
52,5,701.55,457.62,68.21,206.25,0.3022,-1,-1,-1
52,15,587.33,444.05,46.71,140.41,0.3516,-1,-1,-1
52,12,1501.68,437.20,45.04,118.13,0.4084,-1,-1,-1
52,14,1080.31,452.37,52.29,142.87,0.3607,-1,-1,-1
53,1,1829.21,383.96,90.76,499.86,0.7789,-1,-1,-1
53,2,620.78,443.18,97.43,270.47,0.7481,-1,-1,-1
53,3,463.74,445.77,127.58,313.07,0.6525,-1,-1,-1
53,11,463.42,445.63,127.89,313.33,0.6525,-1,-1,-1
53,10,1259.48,431.25,40.06,114.75,0.5280,-1,-1,-1
53,5,696.23,456.22,69.78,206.87,0.4779,-1,-1,-1
53,15,590.64,448.71,44.50,135.73,0.3012,-1,-1,-1
53,12,1501.39,434.56,50.43,120.50,0.3678,-1,-1,-1
53,16,1523.69,434.39,37.15,117.82,0.3646,-1,-1,-1
54,1,1825.91,388.60,94.43,497.80,0.7340,-1,-1,-1
54,2,622.84,442.75,96.52,271.83,0.7378,-1,-1,-1
54,3,466.58,445.89,125.36,313.99,0.6934,-1,-1,-1
54,11,466.29,445.77,125.64,314.22,0.6934,-1,-1,-1
54,10,1259.45,430.60,40.15,115.02,0.5059,-1,-1,-1
54,5,694.18,454.41,76.92,208.36,0.3706,-1,-1,-1
54,16,1526.67,441.31,35.49,111.85,0.4726,-1,-1,-1
55,1,1825.72,411.11,94.74,476.55,0.7183,-1,-1,-1
55,2,623.54,442.22,93.61,272.69,0.7448,-1,-1,-1
55,3,469.25,445.29,122.22,315.08,0.7046,-1,-1,-1
55,11,469.00,445.19,122.46,315.28,0.7046,-1,-1,-1
55,10,1259.62,429.80,40.25,116.06,0.5005,-1,-1,-1
55,5,693.10,455.94,76.31,207.13,0.3835,-1,-1,-1
55,16,1529.57,438.30,36.59,114.43,0.4744,-1,-1,-1
55,15,587.08,449.21,47.99,135.07,0.3508,-1,-1,-1
56,1,1827.26,429.01,92.75,458.56,0.5920,-1,-1,-1
56,2,623.82,441.68,92.80,273.32,0.7330,-1,-1,-1
56,3,471.56,445.42,119.83,314.44,0.7119,-1,-1,-1
56,11,471.35,445.32,120.03,314.62,0.7119,-1,-1,-1
56,10,1259.89,427.26,40.45,118.31,0.5100,-1,-1,-1
56,5,694.38,456.40,70.76,206.43,0.4713,-1,-1,-1
56,16,1531.63,441.41,35.09,111.11,0.4984,-1,-1,-1
56,15,585.41,446.65,49.90,137.53,0.3659,-1,-1,-1
57,1,1829.64,407.69,90.17,479.85,0.3799,-1,-1,-1
57,2,623.92,442.31,91.28,272.97,0.7317,-1,-1,-1
57,3,470.91,446.67,120.89,313.16,0.6686,-1,-1,-1
57,11,470.73,446.59,121.07,313.32,0.6686,-1,-1,-1
57,10,1260.18,430.60,39.95,114.62,0.5172,-1,-1,-1
57,5,694.49,456.20,69.75,208.72,0.5813,-1,-1,-1
57,16,1533.46,438.57,35.22,113.54,0.4882,-1,-1,-1
57,15,583.68,442.66,49.34,142.51,0.4223,-1,-1,-1
58,1,1831.37,429.30,88.44,457.77,0.3327,-1,-1,-1
58,2,625.53,443.33,92.58,271.85,0.7338,-1,-1,-1
58,3,473.17,445.77,119.31,312.60,0.6649,-1,-1,-1
58,11,473.00,445.69,119.47,312.74,0.6649,-1,-1,-1
58,10,1260.53,432.24,40.40,113.11,0.5223,-1,-1,-1
58,16,1534.25,436.35,34.10,115.83,0.4180,-1,-1,-1
58,15,582.82,445.55,48.75,139.89,0.3950,-1,-1,-1
59,2,626.33,443.03,92.62,271.99,0.7174,-1,-1,-1
59,3,474.56,443.95,119.48,315.67,0.7117,-1,-1,-1
59,11,474.42,443.89,119.61,315.79,0.7117,-1,-1,-1
59,10,1260.28,432.64,42.18,112.64,0.5373,-1,-1,-1
59,16,1536.76,434.73,32.93,118.26,0.3587,-1,-1,-1
59,15,583.56,448.10,49.48,136.36,0.3644,-1,-1,-1
59,5,696.48,459.31,69.56,211.32,0.4745,-1,-1,-1
60,2,625.85,443.13,92.93,274.06,0.7132,-1,-1,-1
60,3,473.56,442.15,125.04,318.31,0.7237,-1,-1,-1
60,11,473.44,442.09,125.15,318.42,0.7237,-1,-1,-1
60,10,1260.02,434.44,42.37,111.33,0.5482,-1,-1,-1
60,15,583.80,449.88,50.18,134.36,0.3242,-1,-1,-1
60,5,697.57,456.97,68.72,214.94,0.5756,-1,-1,-1
61,2,624.95,443.62,93.55,276.44,0.7079,-1,-1,-1
61,3,473.79,443.14,131.51,316.83,0.6854,-1,-1,-1
61,11,473.68,443.09,131.61,316.92,0.6854,-1,-1,-1
61,10,1259.64,429.98,42.56,115.82,0.5332,-1,-1,-1
61,5,698.93,456.45,67.93,216.36,0.5452,-1,-1,-1
62,2,624.18,444.47,91.65,275.78,0.7224,-1,-1,-1
62,3,478.18,442.91,134.76,318.22,0.7255,-1,-1,-1
62,11,478.07,442.86,134.86,318.31,0.7255,-1,-1,-1
62,10,1259.49,430.24,41.43,115.23,0.5517,-1,-1,-1
62,5,698.96,454.98,67.32,218.26,0.6204,-1,-1,-1
63,2,622.32,444.95,90.96,275.75,0.7395,-1,-1,-1
63,3,479.16,441.14,138.16,319.70,0.7256,-1,-1,-1
63,11,479.07,441.10,138.25,319.77,0.7256,-1,-1,-1
63,10,1259.60,431.06,40.70,113.94,0.5328,-1,-1,-1
63,5,697.48,457.66,69.01,215.24,0.6624,-1,-1,-1
64,2,620.06,444.60,92.46,277.54,0.7433,-1,-1,-1
64,3,482.99,441.88,139.10,318.88,0.7211,-1,-1,-1
64,11,482.90,441.84,139.18,318.94,0.7211,-1,-1,-1
64,10,1259.40,433.17,40.25,111.21,0.5246,-1,-1,-1
64,5,697.09,453.89,69.36,219.87,0.6383,-1,-1,-1
65,2,619.44,446.60,92.36,276.68,0.7430,-1,-1,-1
65,3,491.98,444.41,134.73,316.98,0.7890,-1,-1,-1
65,11,491.90,444.38,134.81,317.04,0.7890,-1,-1,-1
65,10,1259.15,437.32,40.21,107.19,0.5285,-1,-1,-1
65,5,696.32,451.18,69.09,224.65,0.6801,-1,-1,-1
66,2,620.15,447.73,91.27,276.02,0.7594,-1,-1,-1
66,3,494.99,446.50,138.34,317.08,0.7294,-1,-1,-1
66,11,494.93,446.47,138.40,317.13,0.7294,-1,-1,-1
66,10,1259.00,438.87,40.36,105.79,0.5293,-1,-1,-1
66,5,697.56,452.66,68.95,223.63,0.6784,-1,-1,-1
67,2,619.44,447.43,92.22,275.47,0.7469,-1,-1,-1
67,3,490.01,447.13,146.49,320.79,0.6452,-1,-1,-1
67,11,489.95,447.11,146.55,320.84,0.6452,-1,-1,-1
67,10,1259.87,440.89,39.06,103.48,0.5144,-1,-1,-1
67,5,698.09,453.48,70.49,223.83,0.6750,-1,-1,-1
67,12,1542.74,422.39,41.05,128.77,0.4055,-1,-1,-1
68,2,617.06,446.67,95.11,275.50,0.7350,-1,-1,-1
68,3,488.56,448.51,150.63,318.52,0.6442,-1,-1,-1
68,11,488.50,448.49,150.68,318.56,0.6442,-1,-1,-1
68,10,1259.96,437.47,39.32,107.06,0.4910,-1,-1,-1
68,5,699.36,455.06,70.97,221.38,0.6769,-1,-1,-1
68,12,1544.33,427.80,39.78,123.65,0.3744,-1,-1,-1
69,2,614.97,446.88,96.95,275.32,0.7570,-1,-1,-1
69,3,488.85,446.91,153.42,320.48,0.6182,-1,-1,-1
69,11,488.81,446.89,153.47,320.51,0.6182,-1,-1,-1
69,10,1259.93,437.07,39.19,107.37,0.5125,-1,-1,-1
69,5,698.23,456.20,72.15,221.06,0.6662,-1,-1,-1
69,12,1543.30,422.63,42.60,129.07,0.4743,-1,-1,-1
70,2,612.11,446.19,99.59,275.21,0.7604,-1,-1,-1
70,3,491.58,444.31,150.58,322.11,0.7279,-1,-1,-1
70,11,491.53,444.30,150.63,322.15,0.7279,-1,-1,-1
70,10,1259.77,437.68,39.16,106.78,0.5127,-1,-1,-1
70,5,698.30,457.44,71.89,220.42,0.6310,-1,-1,-1
70,12,1543.38,420.62,45.18,131.72,0.5868,-1,-1,-1
71,2,611.13,445.77,100.04,276.09,0.7687,-1,-1,-1
71,3,495.98,443.37,147.41,323.61,0.7342,-1,-1,-1
71,11,495.94,443.35,147.45,323.64,0.7342,-1,-1,-1
71,10,1259.65,437.30,39.24,107.19,0.5169,-1,-1,-1
71,5,698.57,458.65,69.42,219.96,0.5873,-1,-1,-1
71,12,1543.22,420.37,46.72,132.33,0.5761,-1,-1,-1
72,2,611.82,444.80,98.38,277.14,0.7655,-1,-1,-1
72,3,498.22,443.80,145.69,323.43,0.7411,-1,-1,-1
72,11,498.18,443.79,145.72,323.45,0.7411,-1,-1,-1
72,10,1259.68,432.05,39.96,112.41,0.5147,-1,-1,-1
72,5,698.95,458.62,70.16,220.99,0.5846,-1,-1,-1
72,12,1543.37,420.37,46.29,132.20,0.5701,-1,-1,-1
73,2,614.25,443.89,96.34,278.02,0.7676,-1,-1,-1
73,3,501.97,444.43,142.10,323.50,0.7757,-1,-1,-1
73,11,501.94,444.42,142.13,323.53,0.7757,-1,-1,-1
73,10,1259.79,431.21,40.24,113.03,0.5071,-1,-1,-1
73,5,700.10,458.56,70.78,220.52,0.6002,-1,-1,-1
73,12,1545.52,419.35,44.53,132.81,0.5326,-1,-1,-1
74,2,617.62,442.86,92.90,280.13,0.7758,-1,-1,-1
74,3,506.03,444.19,139.97,326.29,0.7379,-1,-1,-1
74,11,506.01,444.18,139.99,326.31,0.7379,-1,-1,-1
74,10,1260.18,429.02,40.52,115.53,0.5172,-1,-1,-1
74,5,701.55,455.92,74.71,222.14,0.5742,-1,-1,-1
75,2,619.64,440.99,89.43,282.48,0.7706,-1,-1,-1
75,3,507.14,442.67,138.93,326.37,0.7342,-1,-1,-1
75,11,507.11,442.66,138.96,326.38,0.7342,-1,-1,-1
75,10,1259.73,428.28,40.93,116.78,0.5280,-1,-1,-1
75,5,702.30,455.00,75.83,221.81,0.6336,-1,-1,-1
76,2,621.73,441.35,87.22,282.10,0.7707,-1,-1,-1
76,3,512.38,445.37,132.25,321.80,0.7661,-1,-1,-1
76,11,512.36,445.36,132.27,321.81,0.7661,-1,-1,-1
76,10,1259.79,427.77,41.24,117.11,0.5214,-1,-1,-1
76,5,702.41,452.12,79.24,224.57,0.6651,-1,-1,-1
77,2,622.52,441.07,85.28,283.86,0.7672,-1,-1,-1
77,3,517.38,446.56,127.08,320.31,0.7640,-1,-1,-1
77,11,517.37,446.55,127.10,320.32,0.7640,-1,-1,-1
77,10,1259.85,427.59,41.28,117.17,0.5269,-1,-1,-1
77,5,701.73,448.37,82.84,228.24,0.6317,-1,-1,-1
78,2,626.61,441.39,81.61,281.90,0.7763,-1,-1,-1
78,3,517.07,445.67,126.87,321.63,0.7207,-1,-1,-1
78,11,517.06,445.66,126.88,321.64,0.7207,-1,-1,-1
78,10,1260.75,438.54,40.04,105.81,0.4769,-1,-1,-1
78,5,702.40,451.41,86.09,225.82,0.6613,-1,-1,-1
79,2,629.15,440.61,78.95,282.39,0.7685,-1,-1,-1
79,3,515.96,446.07,127.38,322.50,0.5525,-1,-1,-1
79,11,548.58,447.43,99.96,318.69,0.4501,-1,-1,-1
79,10,1260.91,438.84,40.45,105.50,0.4627,-1,-1,-1
79,5,703.84,455.65,90.90,221.42,0.6626,-1,-1,-1
80,2,630.26,439.69,79.29,283.82,0.7416,-1,-1,-1
80,3,511.58,445.78,133.45,324.74,0.5076,-1,-1,-1
80,11,553.14,448.50,98.32,318.80,0.3773,-1,-1,-1
80,10,1260.95,437.24,40.92,107.14,0.4879,-1,-1,-1
80,5,706.25,457.56,95.14,219.99,0.7265,-1,-1,-1
81,2,631.53,437.30,80.48,287.75,0.7149,-1,-1,-1
81,3,508.45,445.55,137.91,327.71,0.4910,-1,-1,-1
81,11,551.21,448.59,96.24,324.75,0.4603,-1,-1,-1
81,10,1260.95,435.40,41.16,108.95,0.4968,-1,-1,-1
81,5,707.63,458.31,98.53,220.19,0.7118,-1,-1,-1
82,2,632.56,438.59,79.75,288.29,0.6817,-1,-1,-1
82,3,503.92,448.69,114.31,310.74,0.4511,-1,-1,-1
82,11,557.17,447.97,89.59,330.03,0.5213,-1,-1,-1
82,10,1261.13,438.45,40.74,106.17,0.4999,-1,-1,-1
82,5,708.34,458.60,103.44,220.49,0.7305,-1,-1,-1
82,20,487.98,447.83,51.68,132.09,0.3796,-1,-1,-1
83,2,633.58,440.41,80.34,288.24,0.6489,-1,-1,-1
83,3,502.57,450.37,103.66,305.09,0.5307,-1,-1,-1
83,11,563.41,445.59,83.60,334.85,0.4477,-1,-1,-1
83,10,1261.64,435.30,41.29,109.57,0.4571,-1,-1,-1
83,5,710.42,458.31,104.90,222.11,0.7129,-1,-1,-1
83,20,489.39,448.17,50.08,128.01,0.3085,-1,-1,-1
84,2,633.18,441.90,85.24,288.32,0.5870,-1,-1,-1
84,3,505.79,451.24,95.96,294.50,0.4679,-1,-1,-1
84,11,566.46,443.19,82.35,338.64,0.5384,-1,-1,-1
84,10,1262.20,435.57,40.64,109.48,0.4271,-1,-1,-1
84,5,711.66,460.01,107.77,221.12,0.7029,-1,-1,-1
84,20,487.98,448.58,50.71,131.29,0.3262,-1,-1,-1
85,2,632.67,443.59,86.71,288.13,0.5717,-1,-1,-1
85,3,509.14,451.87,92.97,298.57,0.4018,-1,-1,-1
85,11,560.01,439.73,88.89,344.97,0.4765,-1,-1,-1
85,10,1262.98,439.00,39.84,105.87,0.3924,-1,-1,-1
85,5,716.59,458.77,104.46,223.59,0.7240,-1,-1,-1
85,20,487.16,448.14,52.66,133.40,0.3927,-1,-1,-1
86,2,632.62,444.11,91.44,288.49,0.5461,-1,-1,-1
86,3,513.83,452.37,91.20,302.81,0.4530,-1,-1,-1
86,11,555.00,440.44,91.16,343.91,0.3971,-1,-1,-1
86,10,1263.41,440.04,39.39,104.54,0.4197,-1,-1,-1
86,5,719.30,457.28,102.13,225.28,0.7347,-1,-1,-1
86,20,488.17,448.93,52.46,134.87,0.4019,-1,-1,-1
87,2,634.34,443.84,90.23,288.56,0.5318,-1,-1,-1
87,3,514.47,452.64,92.59,306.19,0.4485,-1,-1,-1
87,11,551.96,440.87,94.84,343.43,0.4051,-1,-1,-1
87,10,1262.87,434.39,39.52,109.76,0.4074,-1,-1,-1
87,5,720.38,456.40,101.69,225.41,0.7202,-1,-1,-1
87,20,488.19,450.56,51.05,134.12,0.3487,-1,-1,-1
88,2,635.99,446.11,93.07,286.62,0.5833,-1,-1,-1
88,3,514.09,451.67,93.76,307.01,0.4855,-1,-1,-1
88,11,554.82,441.02,94.07,342.82,0.4502,-1,-1,-1
88,10,1262.75,431.44,40.04,112.69,0.4247,-1,-1,-1
88,5,723.18,454.37,99.36,227.65,0.6864,-1,-1,-1
88,22,590.13,449.48,72.89,280.68,0.3928,-1,-1,-1
89,2,638.41,448.74,93.67,284.53,0.5886,-1,-1,-1
89,3,511.15,450.84,94.93,306.25,0.5518,-1,-1,-1
89,11,562.69,443.14,86.74,340.12,0.4143,-1,-1,-1
89,10,1262.59,431.13,40.60,113.31,0.4320,-1,-1,-1
89,5,724.59,452.11,99.01,230.15,0.7354,-1,-1,-1
89,22,588.73,450.15,74.02,280.26,0.4556,-1,-1,-1
90,2,641.68,446.62,90.64,286.22,0.6026,-1,-1,-1
90,3,514.09,449.53,95.02,305.55,0.5638,-1,-1,-1
90,11,563.92,440.31,85.46,343.65,0.3946,-1,-1,-1
90,10,1262.19,434.51,40.89,109.74,0.4308,-1,-1,-1
90,5,728.09,451.74,96.24,230.64,0.7265,-1,-1,-1
90,22,591.11,449.27,72.76,281.13,0.4329,-1,-1,-1
91,2,643.61,443.28,91.76,290.69,0.6819,-1,-1,-1
91,3,513.17,449.35,96.56,300.52,0.6319,-1,-1,-1
91,11,572.13,444.65,79.20,341.17,0.4096,-1,-1,-1
91,10,1261.69,436.97,39.07,108.46,0.3938,-1,-1,-1
91,5,731.61,453.40,93.22,229.05,0.6910,-1,-1,-1
91,22,584.65,447.05,79.90,284.35,0.5625,-1,-1,-1
91,14,1074.14,462.93,57.07,132.36,0.3912,-1,-1,-1
92,2,642.77,439.53,94.51,294.92,0.6779,-1,-1,-1
92,3,511.86,448.39,97.90,301.51,0.6143,-1,-1,-1
92,11,569.76,438.33,80.43,351.86,0.4851,-1,-1,-1
92,10,1260.67,436.58,39.65,109.05,0.4558,-1,-1,-1
92,5,732.83,453.99,93.16,228.16,0.6876,-1,-1,-1
92,22,582.90,445.68,82.00,286.22,0.4989,-1,-1,-1
92,14,1075.90,458.86,55.27,135.53,0.3440,-1,-1,-1
93,2,641.80,438.67,96.54,296.09,0.6734,-1,-1,-1
93,3,511.80,448.03,98.49,302.23,0.6231,-1,-1,-1
93,11,571.27,436.01,78.54,357.62,0.4810,-1,-1,-1
93,10,1260.36,436.06,39.79,109.60,0.4622,-1,-1,-1
93,5,735.28,456.54,91.95,225.25,0.7076,-1,-1,-1
93,22,583.58,445.54,81.36,286.43,0.4921,-1,-1,-1
93,14,1076.65,458.51,54.90,136.25,0.4074,-1,-1,-1
94,2,643.48,439.41,95.10,297.36,0.7242,-1,-1,-1
94,3,515.19,448.53,94.95,302.32,0.5706,-1,-1,-1
94,11,567.76,434.55,81.91,362.40,0.4398,-1,-1,-1
94,10,1260.26,436.88,39.97,108.89,0.4618,-1,-1,-1
94,5,737.89,454.87,91.30,226.86,0.7050,-1,-1,-1
94,22,588.45,446.04,75.91,287.40,0.4787,-1,-1,-1
94,14,1076.25,462.61,54.38,132.26,0.3342,-1,-1,-1
95,2,643.28,439.88,97.44,298.01,0.7414,-1,-1,-1
95,3,513.16,448.33,96.45,301.98,0.5606,-1,-1,-1
95,11,561.83,433.47,87.13,365.70,0.4039,-1,-1,-1
95,10,1258.71,435.88,41.68,110.19,0.5239,-1,-1,-1
95,5,740.10,452.99,90.16,229.70,0.6683,-1,-1,-1
95,22,587.54,446.29,77.12,283.73,0.4525,-1,-1,-1
96,2,642.65,440.88,98.33,297.45,0.7594,-1,-1,-1
96,3,510.39,447.18,97.56,303.38,0.5008,-1,-1,-1
96,11,551.77,438.28,102.38,362.08,0.3819,-1,-1,-1
96,10,1258.14,435.16,41.72,111.24,0.4770,-1,-1,-1
96,5,744.07,454.46,87.69,228.68,0.6826,-1,-1,-1
96,22,587.07,446.35,78.16,280.80,0.4052,-1,-1,-1
97,2,644.28,441.34,98.09,296.88,0.7522,-1,-1,-1
97,3,509.18,446.67,98.64,303.36,0.5037,-1,-1,-1
97,11,536.78,443.97,119.66,350.03,0.3683,-1,-1,-1
97,10,1257.99,433.45,41.39,112.68,0.4494,-1,-1,-1
97,5,747.15,455.76,87.61,229.17,0.6976,-1,-1,-1
97,22,586.12,446.29,78.71,281.00,0.3898,-1,-1,-1
98,2,645.99,442.29,98.79,296.17,0.7793,-1,-1,-1
98,3,506.47,446.55,100.20,304.39,0.5055,-1,-1,-1
98,11,545.60,441.84,117.17,355.91,0.5218,-1,-1,-1
98,10,1257.53,436.67,42.01,109.78,0.5482,-1,-1,-1
98,5,751.01,457.41,87.43,228.59,0.7157,-1,-1,-1
98,22,584.00,445.66,81.49,293.81,0.3297,-1,-1,-1
99,2,647.24,442.57,99.43,295.92,0.7605,-1,-1,-1
99,3,502.21,444.77,104.72,304.88,0.5338,-1,-1,-1
99,11,556.51,442.93,108.85,356.27,0.5660,-1,-1,-1
99,10,1257.78,439.36,41.10,107.15,0.5309,-1,-1,-1
99,5,751.55,456.64,89.06,229.69,0.7761,-1,-1,-1
99,22,570.21,444.09,95.79,335.12,0.5660,-1,-1,-1
100,2,648.29,442.12,101.02,296.91,0.6837,-1,-1,-1
100,3,498.49,441.27,105.04,304.16,0.5652,-1,-1,-1
100,11,545.07,445.09,118.48,348.89,0.3601,-1,-1,-1
100,10,1257.89,441.11,40.51,105.64,0.5533,-1,-1,-1
100,5,753.67,454.50,87.00,231.76,0.7636,-1,-1,-1
100,22,570.18,444.10,97.05,348.78,0.5903,-1,-1,-1
101,2,648.40,442.48,104.22,296.90,0.7110,-1,-1,-1
101,3,496.53,442.29,108.32,305.14,0.5477,-1,-1,-1
101,11,554.39,443.12,113.29,355.84,0.6098,-1,-1,-1
101,10,1257.80,441.74,39.76,105.00,0.5542,-1,-1,-1
101,5,755.11,455.58,85.39,232.17,0.7579,-1,-1,-1
101,22,580.67,444.17,85.66,347.67,0.4161,-1,-1,-1
102,2,650.09,441.88,103.36,294.48,0.7176,-1,-1,-1
102,3,497.20,441.20,104.08,305.35,0.5784,-1,-1,-1
102,11,561.80,443.94,107.27,357.28,0.6218,-1,-1,-1
102,10,1256.91,441.00,37.79,105.93,0.5566,-1,-1,-1
102,5,754.82,456.57,87.59,231.13,0.7433,-1,-1,-1
102,22,570.35,444.11,97.95,356.36,0.6218,-1,-1,-1
103,2,650.95,440.88,105.63,294.57,0.7068,-1,-1,-1
103,3,498.20,443.36,101.10,302.38,0.5497,-1,-1,-1
103,11,565.14,444.27,106.34,357.86,0.5750,-1,-1,-1
103,10,1257.88,442.73,37.28,104.01,0.4842,-1,-1,-1
103,5,754.51,457.06,87.57,228.73,0.7245,-1,-1,-1
103,22,567.31,444.12,103.47,359.58,0.5750,-1,-1,-1
104,2,653.57,440.53,105.54,295.65,0.7211,-1,-1,-1
104,3,498.79,444.76,105.93,305.34,0.3813,-1,-1,-1
104,11,552.44,440.71,120.50,361.72,0.6639,-1,-1,-1
104,10,1256.79,442.54,36.66,104.80,0.4853,-1,-1,-1
104,5,755.40,457.77,87.37,229.46,0.7323,-1,-1,-1
104,22,552.82,440.53,119.56,364.20,0.6639,-1,-1,-1
105,2,655.40,439.96,105.73,297.33,0.7536,-1,-1,-1
105,11,541.45,437.86,132.74,363.53,0.7290,-1,-1,-1
105,10,1256.71,442.87,36.62,104.57,0.4585,-1,-1,-1
105,5,758.61,459.29,85.62,231.80,0.7591,-1,-1,-1
105,22,540.96,437.68,132.74,366.14,0.7290,-1,-1,-1
106,2,656.88,441.23,105.93,295.41,0.7514,-1,-1,-1
106,11,535.90,438.21,139.67,363.51,0.6723,-1,-1,-1
106,10,1255.58,442.41,38.16,105.74,0.4395,-1,-1,-1
106,5,760.07,459.03,85.42,233.72,0.7376,-1,-1,-1
106,22,534.99,438.00,140.14,366.01,0.6723,-1,-1,-1
107,2,658.19,441.21,108.78,295.32,0.7628,-1,-1,-1
107,11,533.98,438.51,143.99,362.79,0.6669,-1,-1,-1
107,10,1255.83,444.76,34.19,101.87,0.3546,-1,-1,-1
107,5,761.83,459.56,85.10,235.27,0.7347,-1,-1,-1
107,22,532.93,438.31,144.63,365.08,0.6669,-1,-1,-1
108,2,659.95,439.29,107.11,296.30,0.7573,-1,-1,-1
108,11,536.93,437.29,143.32,366.02,0.6895,-1,-1,-1
108,5,761.23,455.86,87.32,242.05,0.7148,-1,-1,-1
108,22,535.83,437.11,144.05,368.05,0.6895,-1,-1,-1
109,2,660.83,438.54,108.36,298.22,0.7369,-1,-1,-1
109,11,539.21,437.12,144.46,367.42,0.6966,-1,-1,-1
109,5,762.06,455.26,87.66,243.54,0.6720,-1,-1,-1
109,22,538.16,436.96,145.16,369.24,0.6966,-1,-1,-1
110,2,662.17,437.91,105.45,301.06,0.7534,-1,-1,-1
110,11,540.19,437.84,145.53,367.47,0.6865,-1,-1,-1
110,5,761.22,456.74,88.97,242.57,0.7078,-1,-1,-1
110,22,539.22,437.70,146.18,369.10,0.6865,-1,-1,-1
111,2,662.87,437.86,106.63,305.16,0.7665,-1,-1,-1
111,11,540.28,440.13,148.46,366.91,0.6629,-1,-1,-1
111,5,761.01,455.82,88.90,243.18,0.7136,-1,-1,-1
111,22,539.40,439.99,149.05,368.35,0.6629,-1,-1,-1
111,3,503.02,446.79,92.58,300.45,0.3629,-1,-1,-1
111,10,1247.48,439.97,34.43,105.75,0.4362,-1,-1,-1
112,2,665.54,437.88,105.34,306.70,0.7778,-1,-1,-1
112,11,540.55,437.64,147.92,368.47,0.6823,-1,-1,-1
112,5,761.48,452.87,88.33,246.81,0.7239,-1,-1,-1
112,22,539.74,437.53,148.48,369.75,0.6823,-1,-1,-1
112,10,1244.78,439.50,36.61,106.61,0.4791,-1,-1,-1
113,2,666.89,437.86,105.93,311.97,0.7860,-1,-1,-1
113,11,546.70,436.12,141.42,370.22,0.6975,-1,-1,-1
113,5,763.36,451.73,87.12,247.79,0.7143,-1,-1,-1
113,22,545.95,436.03,141.96,371.34,0.6975,-1,-1,-1
113,10,1244.36,440.22,36.20,105.98,0.4766,-1,-1,-1
113,14,1075.96,441.61,56.94,155.50,0.3539,-1,-1,-1
114,2,668.68,438.90,103.56,314.70,0.7900,-1,-1,-1
114,11,540.41,434.65,148.69,371.59,0.6819,-1,-1,-1
114,5,764.64,453.22,87.55,245.72,0.7037,-1,-1,-1
114,22,569.36,438.85,116.22,363.50,0.3386,-1,-1,-1
114,10,1243.28,440.72,36.54,104.85,0.5739,-1,-1,-1
114,14,1077.44,440.74,56.15,155.75,0.3855,-1,-1,-1
115,2,670.00,438.90,101.56,314.38,0.7878,-1,-1,-1
115,11,557.23,435.62,132.35,370.84,0.6537,-1,-1,-1
115,5,766.54,454.41,88.62,244.52,0.6933,-1,-1,-1
115,22,567.95,437.16,120.29,368.30,0.6537,-1,-1,-1
115,10,1242.08,440.81,36.91,103.38,0.5541,-1,-1,-1
115,14,1080.48,439.73,54.89,155.71,0.3437,-1,-1,-1
116,2,672.37,438.89,98.23,312.43,0.7858,-1,-1,-1
116,11,559.44,435.36,130.16,372.27,0.6315,-1,-1,-1
116,5,767.52,451.97,88.80,247.35,0.6745,-1,-1,-1
116,22,562.94,435.88,126.13,371.79,0.6315,-1,-1,-1
116,10,1240.69,441.18,37.50,102.49,0.5975,-1,-1,-1
116,14,1082.49,441.32,53.22,154.08,0.4035,-1,-1,-1
117,2,672.79,439.90,98.44,312.00,0.7959,-1,-1,-1
117,11,550.09,434.53,139.12,373.06,0.6799,-1,-1,-1
117,5,770.23,452.21,86.84,246.67,0.6476,-1,-1,-1
117,22,551.19,434.68,137.81,373.33,0.6799,-1,-1,-1
117,10,1241.10,441.39,36.13,101.15,0.5703,-1,-1,-1
117,14,1082.68,442.49,52.73,151.99,0.4228,-1,-1,-1
118,2,674.67,440.14,94.93,313.79,0.7997,-1,-1,-1
118,11,543.17,435.19,145.71,376.95,0.6854,-1,-1,-1
118,5,770.01,454.36,83.44,244.88,0.6587,-1,-1,-1
118,22,543.23,435.19,145.55,377.44,0.6854,-1,-1,-1
118,10,1240.86,442.21,35.98,99.91,0.5431,-1,-1,-1
118,14,1082.50,440.78,53.56,154.44,0.4557,-1,-1,-1
119,2,675.27,440.62,94.51,317.98,0.8142,-1,-1,-1
119,11,528.68,439.42,161.80,379.12,0.7319,-1,-1,-1
119,5,769.19,452.49,88.78,245.57,0.7130,-1,-1,-1
119,22,528.42,439.36,161.98,379.66,0.7319,-1,-1,-1
119,10,1239.54,442.85,36.79,98.00,0.5295,-1,-1,-1
119,14,1083.03,443.09,53.17,151.63,0.4186,-1,-1,-1
120,2,677.24,441.33,94.32,319.58,0.8122,-1,-1,-1
120,11,524.08,442.55,167.64,378.76,0.7667,-1,-1,-1
120,5,770.19,451.97,92.06,246.92,0.7127,-1,-1,-1
120,22,523.62,442.48,168.03,379.28,0.7667,-1,-1,-1
120,10,1237.95,442.94,37.40,100.11,0.5372,-1,-1,-1
120,14,1082.69,444.26,52.87,150.56,0.3527,-1,-1,-1
121,2,678.58,441.27,93.81,320.81,0.8157,-1,-1,-1
121,11,521.12,444.59,173.19,378.79,0.7727,-1,-1,-1
121,5,769.00,453.45,98.17,245.88,0.6843,-1,-1,-1
121,22,520.62,444.52,173.62,379.27,0.7727,-1,-1,-1
121,10,1238.45,443.18,35.10,101.02,0.4969,-1,-1,-1
121,14,1082.91,445.41,52.67,149.76,0.3514,-1,-1,-1
122,2,680.54,440.40,95.30,320.87,0.8006,-1,-1,-1
122,11,522.00,445.91,174.98,380.43,0.8126,-1,-1,-1
122,5,773.69,452.71,102.75,248.14,0.5895,-1,-1,-1
122,22,521.50,445.84,175.42,380.86,0.8126,-1,-1,-1
122,10,1236.87,445.44,34.39,99.91,0.4611,-1,-1,-1
122,14,1083.88,449.06,51.59,145.91,0.3728,-1,-1,-1
123,2,683.06,439.51,93.88,322.82,0.8124,-1,-1,-1
123,11,524.59,443.75,174.99,386.02,0.8010,-1,-1,-1
123,5,773.98,456.64,107.95,245.01,0.7214,-1,-1,-1
123,22,524.11,443.69,175.42,386.40,0.8010,-1,-1,-1
123,10,1236.03,450.52,35.03,96.23,0.5368,-1,-1,-1
123,14,1084.53,448.61,50.73,146.23,0.3634,-1,-1,-1
124,2,684.76,438.54,92.96,325.22,0.8052,-1,-1,-1
124,11,526.54,442.69,174.96,391.39,0.6888,-1,-1,-1
124,5,774.77,456.98,109.95,245.44,0.7239,-1,-1,-1
124,22,526.09,442.65,175.35,391.72,0.6888,-1,-1,-1
124,10,1235.37,453.78,35.49,93.43,0.5577,-1,-1,-1
124,14,1085.78,449.11,49.46,144.95,0.3519,-1,-1,-1
125,2,685.27,437.75,92.36,327.11,0.8170,-1,-1,-1
125,11,526.52,442.25,176.99,391.84,0.7680,-1,-1,-1
125,5,778.60,459.53,108.77,244.09,0.7429,-1,-1,-1
125,22,526.12,442.21,177.34,392.14,0.7680,-1,-1,-1
125,10,1233.51,454.62,36.25,93.94,0.5473,-1,-1,-1
125,14,1083.51,453.82,49.98,140.14,0.3691,-1,-1,-1
126,2,685.55,437.72,94.23,327.43,0.8111,-1,-1,-1
126,11,544.57,442.17,156.51,391.47,0.6421,-1,-1,-1
126,5,780.27,457.76,105.74,246.36,0.7285,-1,-1,-1
126,22,544.17,442.13,156.88,391.74,0.6421,-1,-1,-1
126,10,1230.41,453.39,38.29,95.97,0.5449,-1,-1,-1
126,14,1082.43,456.65,49.01,137.48,0.3076,-1,-1,-1
127,2,684.81,437.98,96.66,328.24,0.8124,-1,-1,-1
127,11,548.73,440.88,152.58,392.53,0.6705,-1,-1,-1
127,5,782.17,456.94,102.85,248.19,0.7183,-1,-1,-1
127,22,548.41,440.85,152.88,392.76,0.6705,-1,-1,-1
127,10,1227.43,452.46,40.79,97.83,0.5223,-1,-1,-1
127,14,1081.17,458.31,49.83,136.09,0.3093,-1,-1,-1
128,2,684.80,437.70,101.09,329.07,0.8134,-1,-1,-1
128,11,556.55,440.74,147.85,392.21,0.6724,-1,-1,-1
128,5,783.31,461.49,100.93,243.29,0.6855,-1,-1,-1
128,22,556.26,440.71,148.11,392.42,0.6724,-1,-1,-1
128,10,1225.31,454.27,42.44,98.18,0.5052,-1,-1,-1
128,14,1079.72,459.21,52.43,135.51,0.3466,-1,-1,-1
129,2,683.50,437.70,103.44,328.82,0.8332,-1,-1,-1
129,11,557.86,441.51,149.62,391.18,0.6807,-1,-1,-1
129,5,785.39,459.98,101.70,244.22,0.6779,-1,-1,-1
129,22,557.62,441.48,149.84,391.37,0.6807,-1,-1,-1
129,10,1223.18,461.76,44.11,92.46,0.4230,-1,-1,-1
129,14,1082.69,458.52,51.47,136.92,0.3202,-1,-1,-1
130,2,682.38,437.50,105.14,328.99,0.8317,-1,-1,-1
130,11,551.79,442.01,157.96,390.27,0.6635,-1,-1,-1
130,5,787.00,459.41,101.11,244.98,0.7440,-1,-1,-1
130,22,551.59,441.98,158.14,390.43,0.6635,-1,-1,-1
130,10,1222.76,456.54,43.31,97.92,0.4341,-1,-1,-1
130,14,1081.22,460.65,52.39,134.57,0.3690,-1,-1,-1
131,2,682.15,437.05,104.88,330.42,0.8232,-1,-1,-1
131,11,566.35,440.70,144.96,391.17,0.5509,-1,-1,-1
131,5,789.88,459.02,100.59,246.75,0.7648,-1,-1,-1
131,22,566.15,440.68,145.15,391.31,0.5509,-1,-1,-1
131,10,1222.51,462.40,44.55,92.75,0.3959,-1,-1,-1
131,14,1084.23,458.72,51.31,136.66,0.3091,-1,-1,-1
132,2,683.63,436.15,103.00,331.49,0.8128,-1,-1,-1
132,11,570.74,440.34,144.75,390.41,0.5693,-1,-1,-1
132,5,792.16,457.21,100.62,248.93,0.7883,-1,-1,-1
132,22,570.58,440.32,144.90,390.54,0.5693,-1,-1,-1
133,2,684.19,435.70,102.34,331.89,0.8010,-1,-1,-1
133,11,545.10,440.56,169.44,391.25,0.3434,-1,-1,-1
133,5,793.41,457.92,99.82,248.65,0.7894,-1,-1,-1
133,22,583.97,438.81,133.06,391.59,0.6249,-1,-1,-1
133,20,491.08,461.05,41.30,109.41,0.3527,-1,-1,-1
134,2,685.20,434.52,102.98,333.06,0.7910,-1,-1,-1
134,11,568.02,440.20,150.25,390.62,0.6257,-1,-1,-1
134,5,794.98,454.86,101.03,251.14,0.7736,-1,-1,-1
134,22,583.96,439.52,135.42,390.82,0.6257,-1,-1,-1
134,20,491.05,457.58,41.73,112.70,0.3046,-1,-1,-1
135,2,685.38,433.08,104.25,333.27,0.7844,-1,-1,-1
135,11,574.93,440.16,145.78,391.36,0.6395,-1,-1,-1
135,5,793.44,451.88,103.32,254.67,0.7166,-1,-1,-1
135,22,580.65,439.90,140.46,391.49,0.6395,-1,-1,-1
135,20,489.27,460.27,42.09,109.82,0.3709,-1,-1,-1
136,2,685.71,433.05,104.97,332.47,0.7734,-1,-1,-1
136,11,573.81,439.54,148.12,395.59,0.6534,-1,-1,-1
136,5,794.49,450.94,101.23,256.24,0.7077,-1,-1,-1
136,22,575.89,439.44,146.19,395.69,0.6534,-1,-1,-1
136,20,489.82,457.72,41.04,112.58,0.3794,-1,-1,-1
137,2,691.83,433.60,103.03,329.99,0.7812,-1,-1,-1
137,11,585.61,437.40,136.12,408.52,0.6705,-1,-1,-1
137,5,796.81,452.40,98.38,255.67,0.7599,-1,-1,-1
137,22,586.13,437.37,135.69,408.59,0.6705,-1,-1,-1
137,20,490.28,459.77,40.21,110.07,0.3781,-1,-1,-1
138,2,691.31,433.91,106.16,330.67,0.7636,-1,-1,-1
138,11,588.32,436.98,134.39,417.79,0.6503,-1,-1,-1
138,5,801.30,451.21,95.05,258.72,0.7549,-1,-1,-1
138,22,588.34,436.97,134.41,417.85,0.6503,-1,-1,-1
138,20,490.22,459.92,40.28,109.84,0.3528,-1,-1,-1
139,2,693.45,433.49,106.88,331.99,0.7559,-1,-1,-1
139,11,575.58,438.50,148.02,417.79,0.6135,-1,-1,-1
139,5,806.20,449.98,92.42,261.35,0.7275,-1,-1,-1
139,22,575.56,438.50,148.07,417.84,0.6135,-1,-1,-1
139,20,491.88,459.73,39.31,110.73,0.4723,-1,-1,-1
140,2,692.99,433.94,111.20,331.83,0.7596,-1,-1,-1
140,11,569.65,438.34,154.80,417.76,0.5619,-1,-1,-1
140,5,811.57,451.56,82.82,262.92,0.6999,-1,-1,-1
140,22,569.58,438.35,154.88,417.81,0.5619,-1,-1,-1
140,20,492.12,460.19,38.73,111.30,0.4329,-1,-1,-1
140,10,1216.73,450.38,34.74,102.91,0.3419,-1,-1,-1
141,2,692.58,433.12,114.67,334.08,0.7576,-1,-1,-1
141,11,563.34,438.39,160.68,419.09,0.5597,-1,-1,-1
141,5,815.37,451.60,82.41,262.42,0.6508,-1,-1,-1
141,22,563.27,438.40,160.78,419.13,0.5597,-1,-1,-1
141,20,491.73,459.54,39.56,112.04,0.3642,-1,-1,-1
141,10,1213.99,448.69,36.57,104.85,0.4118,-1,-1,-1
142,2,693.09,433.36,122.50,332.51,0.7616,-1,-1,-1
142,11,557.46,438.67,166.40,415.47,0.5180,-1,-1,-1
142,5,816.51,448.30,86.09,267.78,0.6418,-1,-1,-1
142,22,557.39,438.68,166.49,415.51,0.5180,-1,-1,-1
142,20,491.08,460.60,39.29,111.06,0.3079,-1,-1,-1
142,10,1211.55,447.99,36.97,104.94,0.4060,-1,-1,-1
143,2,694.48,435.39,127.46,330.73,0.7707,-1,-1,-1
143,11,571.79,435.55,150.74,427.25,0.5329,-1,-1,-1
143,5,818.11,447.64,85.68,267.99,0.6268,-1,-1,-1
143,22,571.68,435.56,150.87,427.28,0.5329,-1,-1,-1
143,10,1210.18,445.72,36.40,106.95,0.3845,-1,-1,-1
144,2,694.00,436.27,135.30,331.49,0.7510,-1,-1,-1
144,11,550.02,436.96,173.55,433.39,0.5179,-1,-1,-1
144,5,820.61,448.38,84.83,265.59,0.5448,-1,-1,-1
144,22,549.98,436.96,173.60,433.42,0.5179,-1,-1,-1
144,10,1208.01,444.10,35.29,109.31,0.3252,-1,-1,-1
145,2,694.01,437.86,141.24,330.71,0.7509,-1,-1,-1
145,11,543.36,437.07,180.03,439.52,0.6344,-1,-1,-1
145,5,823.44,453.28,82.82,258.81,0.5679,-1,-1,-1
145,22,543.32,437.07,180.08,439.54,0.6344,-1,-1,-1
145,10,1206.76,443.18,34.33,110.22,0.3655,-1,-1,-1
145,20,478.60,469.49,47.25,104.53,0.3476,-1,-1,-1
146,2,696.26,438.24,142.28,331.17,0.7431,-1,-1,-1
146,11,540.64,438.38,182.26,444.17,0.7283,-1,-1,-1
146,5,826.05,454.31,81.77,256.51,0.6559,-1,-1,-1
146,22,540.60,438.39,182.31,444.20,0.7283,-1,-1,-1
146,10,1206.55,443.35,33.49,108.16,0.4386,-1,-1,-1
146,24,877.73,434.04,79.61,247.41,0.3564,-1,-1,-1
146,20,476.67,472.28,47.67,101.70,0.3689,-1,-1,-1
147,2,699.75,437.91,139.79,333.61,0.7976,-1,-1,-1
147,11,540.12,439.90,181.67,448.03,0.7199,-1,-1,-1
147,5,827.68,456.86,81.50,253.48,0.6125,-1,-1,-1
147,22,540.09,439.90,181.73,448.05,0.7199,-1,-1,-1
147,10,1203.93,446.32,34.97,103.31,0.4761,-1,-1,-1
147,24,879.07,432.74,80.78,248.42,0.4338,-1,-1,-1
147,20,475.18,470.07,47.90,103.31,0.3378,-1,-1,-1
147,14,1081.54,460.04,49.57,134.82,0.3543,-1,-1,-1
148,2,701.92,437.64,137.95,333.59,0.7747,-1,-1,-1
148,11,539.19,440.53,182.45,451.67,0.7248,-1,-1,-1
148,5,828.46,456.90,83.28,254.12,0.6527,-1,-1,-1
148,22,539.16,440.53,182.49,451.69,0.7248,-1,-1,-1
148,10,1203.05,446.39,35.10,104.41,0.4493,-1,-1,-1
148,24,881.92,432.03,80.91,247.54,0.3681,-1,-1,-1
148,20,474.66,470.84,47.37,102.75,0.3710,-1,-1,-1
148,14,1082.00,458.37,49.56,136.30,0.3646,-1,-1,-1
149,2,705.69,437.50,134.47,336.14,0.8074,-1,-1,-1
149,11,541.73,439.30,176.43,455.23,0.7299,-1,-1,-1
149,5,830.36,456.44,83.50,253.45,0.6592,-1,-1,-1
149,22,541.70,439.30,176.47,455.24,0.7299,-1,-1,-1
149,10,1200.38,447.63,37.62,102.03,0.4544,-1,-1,-1
149,24,884.89,437.98,84.67,241.47,0.5619,-1,-1,-1
149,14,1080.05,459.31,49.23,135.73,0.3017,-1,-1,-1
150,2,709.25,436.50,130.57,338.20,0.8111,-1,-1,-1
150,11,543.98,437.55,174.43,458.36,0.7687,-1,-1,-1
150,5,831.64,452.81,84.91,257.14,0.6492,-1,-1,-1
150,22,543.94,437.55,174.48,458.38,0.7687,-1,-1,-1
150,10,1197.50,449.59,40.20,99.35,0.4430,-1,-1,-1
150,24,888.49,440.04,80.57,239.06,0.6122,-1,-1,-1
150,14,1079.76,458.87,49.66,135.57,0.3428,-1,-1,-1
151,2,713.08,436.53,128.31,339.74,0.8003,-1,-1,-1
151,11,543.57,438.18,172.00,458.01,0.7588,-1,-1,-1
151,5,831.15,449.87,88.07,261.63,0.6710,-1,-1,-1
151,22,543.54,438.18,172.04,458.03,0.7588,-1,-1,-1
151,10,1196.75,450.75,40.30,98.48,0.4641,-1,-1,-1
151,24,890.46,439.06,83.19,238.90,0.6623,-1,-1,-1
151,14,1079.62,456.91,50.75,137.11,0.3182,-1,-1,-1
151,20,470.94,472.35,44.14,101.04,0.3660,-1,-1,-1
152,2,714.85,436.13,121.43,339.80,0.8059,-1,-1,-1
152,11,543.69,438.28,174.58,458.92,0.7525,-1,-1,-1
152,5,830.90,446.23,89.10,270.12,0.7109,-1,-1,-1
152,22,543.67,438.28,174.61,458.93,0.7525,-1,-1,-1
152,10,1195.44,451.03,40.83,98.25,0.4815,-1,-1,-1
152,24,891.20,438.47,81.99,240.18,0.4472,-1,-1,-1
153,2,715.49,435.39,122.87,341.34,0.8436,-1,-1,-1
153,11,539.79,437.72,167.88,458.26,0.7399,-1,-1,-1
153,5,831.36,445.44,89.19,271.40,0.7249,-1,-1,-1
153,22,539.77,437.72,167.91,458.27,0.7399,-1,-1,-1
153,10,1194.11,451.37,39.97,96.82,0.4860,-1,-1,-1
154,2,717.29,435.47,122.54,341.11,0.8569,-1,-1,-1
154,11,537.60,433.68,164.88,461.92,0.7487,-1,-1,-1
154,5,832.49,448.61,87.42,274.34,0.6949,-1,-1,-1
154,22,537.58,433.68,164.90,461.93,0.7487,-1,-1,-1
154,10,1193.46,451.53,38.63,96.16,0.5310,-1,-1,-1
154,24,894.53,436.85,75.84,240.61,0.5452,-1,-1,-1
155,2,719.27,436.20,123.15,340.68,0.8591,-1,-1,-1
155,11,533.05,433.55,167.85,462.90,0.7409,-1,-1,-1
155,5,833.49,448.24,87.10,278.11,0.6804,-1,-1,-1
155,22,533.03,433.55,167.88,462.91,0.7409,-1,-1,-1
155,10,1192.41,452.03,38.16,96.12,0.5437,-1,-1,-1
155,24,896.98,436.46,74.47,243.64,0.6245,-1,-1,-1
156,2,721.86,434.39,121.69,341.95,0.8376,-1,-1,-1
156,11,531.49,434.11,165.79,462.48,0.7565,-1,-1,-1
156,5,834.34,445.69,88.44,282.48,0.6889,-1,-1,-1
156,22,531.47,434.11,165.81,462.48,0.7565,-1,-1,-1
156,10,1191.45,450.25,37.11,96.99,0.5354,-1,-1,-1
156,24,899.37,436.78,71.33,247.35,0.5884,-1,-1,-1
157,2,723.08,433.67,125.35,342.24,0.8118,-1,-1,-1
157,11,529.52,434.47,166.08,462.84,0.7263,-1,-1,-1
157,5,837.33,444.79,87.95,282.77,0.6966,-1,-1,-1
157,22,529.51,434.47,166.10,462.84,0.7263,-1,-1,-1
157,10,1190.81,452.46,34.79,94.97,0.4867,-1,-1,-1
157,24,902.59,437.15,70.99,249.92,0.4398,-1,-1,-1
157,26,660.64,439.38,85.48,340.77,0.4338,-1,-1,-1
158,2,725.89,433.22,128.42,341.62,0.7643,-1,-1,-1
158,11,529.85,432.49,168.01,464.89,0.7492,-1,-1,-1
158,5,841.13,444.64,90.14,284.22,0.7172,-1,-1,-1
158,22,529.84,432.49,168.02,464.89,0.7492,-1,-1,-1
158,10,1191.12,456.81,31.56,90.49,0.3830,-1,-1,-1
158,24,905.79,438.51,70.03,178.97,0.4434,-1,-1,-1
158,26,664.16,438.43,82.35,343.19,0.5352,-1,-1,-1
159,2,730.83,434.67,128.88,339.61,0.7618,-1,-1,-1
159,11,524.51,431.63,174.42,465.03,0.7790,-1,-1,-1
159,5,843.83,444.80,87.63,285.52,0.7384,-1,-1,-1
159,22,524.50,431.63,174.44,465.03,0.7790,-1,-1,-1
159,24,902.38,441.28,83.62,226.45,0.4184,-1,-1,-1
159,26,667.16,437.46,82.45,345.08,0.5179,-1,-1,-1
160,2,736.77,431.84,122.06,343.06,0.7589,-1,-1,-1
160,11,525.85,432.14,171.71,462.98,0.7846,-1,-1,-1
160,5,845.62,446.62,86.10,282.90,0.7413,-1,-1,-1
160,22,525.85,432.15,171.72,462.98,0.7846,-1,-1,-1
160,24,909.97,440.06,74.87,173.94,0.3846,-1,-1,-1
160,26,668.85,437.56,81.76,345.85,0.5328,-1,-1,-1
161,2,740.71,430.38,118.88,344.92,0.7788,-1,-1,-1
161,11,526.80,433.83,170.73,459.50,0.7810,-1,-1,-1
161,5,847.43,447.48,86.66,281.89,0.7505,-1,-1,-1
161,22,526.79,433.83,170.74,459.51,0.7810,-1,-1,-1
161,24,916.11,440.11,71.06,150.27,0.3998,-1,-1,-1
161,26,668.99,439.43,82.78,347.23,0.6253,-1,-1,-1
162,2,743.96,429.71,116.85,347.79,0.7778,-1,-1,-1
162,11,525.70,433.15,176.41,460.08,0.7732,-1,-1,-1
162,5,848.91,448.64,88.39,282.12,0.7440,-1,-1,-1
162,22,525.69,433.15,176.42,460.09,0.7732,-1,-1,-1
162,24,917.89,441.25,76.99,141.89,0.3188,-1,-1,-1
162,26,669.93,440.43,82.35,349.97,0.6216,-1,-1,-1
163,2,746.23,431.00,115.95,347.69,0.7897,-1,-1,-1
163,11,526.99,432.73,178.76,461.79,0.8001,-1,-1,-1
163,5,851.32,449.44,91.25,282.21,0.7397,-1,-1,-1
163,22,526.98,432.73,178.77,461.79,0.8001,-1,-1,-1
163,24,921.17,440.09,79.65,223.37,0.5736,-1,-1,-1
163,26,670.99,440.60,81.36,358.08,0.5954,-1,-1,-1
163,10,1188.77,445.00,30.47,101.09,0.4379,-1,-1,-1
164,2,748.87,431.46,115.86,350.28,0.7863,-1,-1,-1
164,11,527.09,431.70,183.19,465.56,0.7892,-1,-1,-1
164,5,852.69,449.80,98.15,283.21,0.7081,-1,-1,-1
164,22,527.08,431.70,183.20,465.56,0.7892,-1,-1,-1
164,24,922.75,439.98,82.12,245.40,0.5585,-1,-1,-1
164,26,671.71,439.45,83.36,362.12,0.5998,-1,-1,-1
164,28,1137.96,438.00,45.98,108.17,0.3956,-1,-1,-1
164,10,1187.31,443.48,31.34,101.91,0.5076,-1,-1,-1
165,2,749.86,430.78,116.08,352.26,0.7890,-1,-1,-1
165,11,528.07,431.28,187.20,468.28,0.8056,-1,-1,-1
165,5,854.96,450.59,107.67,282.70,0.6620,-1,-1,-1
165,22,528.07,431.28,187.21,468.28,0.8056,-1,-1,-1
165,24,922.35,439.11,85.40,258.26,0.5207,-1,-1,-1
165,26,672.57,440.84,87.85,352.59,0.6944,-1,-1,-1
165,10,1186.68,451.50,30.93,93.92,0.3328,-1,-1,-1
166,2,751.24,430.68,116.04,355.60,0.7906,-1,-1,-1
166,11,528.38,431.41,190.26,470.54,0.7935,-1,-1,-1
166,5,856.60,452.89,108.76,283.96,0.6398,-1,-1,-1
166,22,528.38,431.41,190.27,470.54,0.7935,-1,-1,-1
166,24,926.19,436.65,82.49,260.46,0.5082,-1,-1,-1
166,26,673.37,441.70,90.77,351.54,0.7231,-1,-1,-1
167,2,751.54,431.04,116.21,356.46,0.7968,-1,-1,-1
167,11,529.70,432.21,194.49,471.37,0.8014,-1,-1,-1
167,5,859.40,451.10,120.68,283.63,0.7057,-1,-1,-1
167,22,529.70,432.21,194.50,471.37,0.8014,-1,-1,-1
167,24,930.90,436.26,78.33,256.85,0.5917,-1,-1,-1
167,26,674.22,441.92,91.25,351.82,0.7099,-1,-1,-1
168,2,752.77,432.11,116.18,356.92,0.7932,-1,-1,-1
168,11,530.93,433.64,205.73,469.25,0.8077,-1,-1,-1
168,5,861.80,448.14,126.58,285.99,0.7508,-1,-1,-1
168,22,530.93,433.64,205.74,469.25,0.8077,-1,-1,-1
168,24,936.42,434.96,74.54,251.84,0.5949,-1,-1,-1
168,26,674.61,442.38,91.15,353.58,0.7281,-1,-1,-1
168,28,1145.24,440.95,46.01,104.03,0.3475,-1,-1,-1
169,2,753.59,433.84,115.26,356.17,0.8001,-1,-1,-1
169,11,531.65,430.29,218.33,471.26,0.8083,-1,-1,-1
169,5,864.13,447.02,124.01,288.28,0.7803,-1,-1,-1
169,22,531.64,430.29,218.33,471.27,0.8083,-1,-1,-1
169,24,941.43,434.35,70.46,245.92,0.5912,-1,-1,-1
169,26,675.75,442.60,90.66,354.82,0.7357,-1,-1,-1
169,28,1146.98,440.97,44.79,103.94,0.3557,-1,-1,-1
170,2,755.82,434.77,114.47,356.10,0.7811,-1,-1,-1
170,11,531.94,429.63,229.72,471.40,0.8297,-1,-1,-1
170,5,868.06,446.41,120.80,289.98,0.7988,-1,-1,-1
170,22,531.94,429.63,229.72,471.40,0.8297,-1,-1,-1
170,24,943.98,434.09,69.90,240.74,0.6175,-1,-1,-1
170,26,677.48,442.45,88.90,356.07,0.7289,-1,-1,-1
170,28,1147.63,442.22,44.59,102.85,0.4360,-1,-1,-1
171,2,757.61,435.36,113.05,350.87,0.7894,-1,-1,-1
171,11,533.75,429.98,237.81,471.16,0.8571,-1,-1,-1
171,5,870.57,446.51,118.62,291.30,0.7921,-1,-1,-1
171,22,533.75,429.98,237.81,471.16,0.8571,-1,-1,-1
171,24,946.42,435.26,71.05,246.97,0.6679,-1,-1,-1
171,26,678.13,442.36,89.68,359.66,0.7303,-1,-1,-1
171,28,1146.97,444.25,45.96,100.99,0.4401,-1,-1,-1
172,2,759.96,436.20,115.61,347.65,0.8125,-1,-1,-1
172,11,535.73,432.34,240.54,470.58,0.8474,-1,-1,-1
172,5,871.19,447.04,118.45,291.43,0.7950,-1,-1,-1
172,22,535.72,432.34,240.55,470.58,0.8474,-1,-1,-1
172,24,950.24,435.30,73.30,251.75,0.6845,-1,-1,-1
172,26,679.85,444.27,86.46,358.14,0.7012,-1,-1,-1
172,28,1147.31,445.53,44.04,100.33,0.4058,-1,-1,-1
173,2,761.80,437.14,117.08,345.48,0.8188,-1,-1,-1
173,11,537.62,432.40,236.50,470.25,0.8567,-1,-1,-1
173,5,872.91,445.60,117.76,293.32,0.7877,-1,-1,-1
173,22,537.62,432.40,236.50,470.25,0.8567,-1,-1,-1
173,24,952.13,434.68,75.36,258.02,0.6621,-1,-1,-1
173,26,681.22,446.10,88.33,352.66,0.6252,-1,-1,-1
173,28,1147.61,446.43,41.77,99.97,0.3465,-1,-1,-1
173,14,1085.94,455.04,44.72,140.27,0.3413,-1,-1,-1
174,2,762.59,438.76,119.75,347.68,0.8228,-1,-1,-1
174,11,541.56,432.63,233.17,471.67,0.8522,-1,-1,-1
174,5,874.76,445.01,118.42,293.97,0.7878,-1,-1,-1
174,22,541.56,432.63,233.17,471.67,0.8522,-1,-1,-1
174,24,954.28,435.27,74.91,260.38,0.6320,-1,-1,-1
174,26,685.55,449.56,85.46,349.76,0.4770,-1,-1,-1
174,14,1085.04,455.35,46.06,140.28,0.4160,-1,-1,-1
175,2,766.36,439.67,117.99,349.67,0.8431,-1,-1,-1
175,11,548.39,433.49,227.83,471.61,0.8354,-1,-1,-1
175,5,876.41,444.26,117.44,294.62,0.7927,-1,-1,-1
175,22,548.39,433.49,227.83,471.62,0.8354,-1,-1,-1
175,24,957.24,435.21,75.76,262.17,0.6018,-1,-1,-1
175,14,1084.89,455.99,45.81,139.79,0.3238,-1,-1,-1
175,10,1151.81,453.07,54.36,94.44,0.4232,-1,-1,-1
176,2,768.03,441.18,116.16,354.27,0.8304,-1,-1,-1
176,11,556.55,433.15,219.42,474.16,0.7967,-1,-1,-1
176,5,877.95,443.85,115.72,294.74,0.7984,-1,-1,-1
176,22,556.55,433.15,219.42,474.16,0.7967,-1,-1,-1
176,24,960.23,434.74,79.66,261.48,0.5876,-1,-1,-1
176,14,1082.56,455.63,47.89,139.86,0.3483,-1,-1,-1
176,10,1151.80,455.18,54.06,91.36,0.4382,-1,-1,-1
177,2,768.44,441.31,117.56,355.29,0.8229,-1,-1,-1
177,11,558.65,435.69,216.34,473.11,0.7984,-1,-1,-1
177,5,880.29,445.49,115.16,293.06,0.7897,-1,-1,-1
177,22,558.65,435.69,216.34,473.11,0.7984,-1,-1,-1
177,24,962.49,434.42,83.22,262.67,0.5192,-1,-1,-1
177,10,1153.29,451.61,52.29,96.31,0.3976,-1,-1,-1
178,2,772.44,440.88,113.46,356.13,0.8095,-1,-1,-1
178,11,561.44,434.22,214.35,474.56,0.8392,-1,-1,-1
178,5,885.76,446.93,110.83,290.86,0.7656,-1,-1,-1
178,22,561.44,434.22,214.35,474.56,0.8392,-1,-1,-1
178,24,963.53,433.33,90.07,265.92,0.4591,-1,-1,-1
178,10,1153.28,448.19,48.42,98.86,0.4759,-1,-1,-1
179,2,774.53,439.84,113.46,355.70,0.7901,-1,-1,-1
179,11,568.90,433.12,207.56,477.00,0.8622,-1,-1,-1
179,5,890.36,445.99,106.91,291.96,0.7734,-1,-1,-1
179,22,568.90,433.12,207.56,477.00,0.8622,-1,-1,-1
179,24,964.83,434.29,93.57,265.64,0.5242,-1,-1,-1
179,10,1155.24,450.30,46.27,97.23,0.4626,-1,-1,-1
180,2,777.09,438.63,116.94,357.35,0.7651,-1,-1,-1
180,11,575.81,431.08,200.99,479.00,0.8399,-1,-1,-1
180,5,895.47,445.30,101.49,292.88,0.7772,-1,-1,-1
180,22,575.81,431.08,200.99,479.00,0.8399,-1,-1,-1
180,24,968.67,434.20,101.65,263.90,0.4878,-1,-1,-1
180,10,1156.19,449.89,42.44,98.03,0.4493,-1,-1,-1
180,29,465.26,464.12,38.81,111.70,0.4749,-1,-1,-1
181,2,778.92,437.05,116.20,358.33,0.7563,-1,-1,-1
181,11,581.54,426.24,197.07,484.64,0.8645,-1,-1,-1
181,5,901.48,444.00,97.33,295.11,0.7277,-1,-1,-1
181,22,581.54,426.24,197.07,484.64,0.8645,-1,-1,-1
181,24,971.38,436.06,94.88,264.47,0.6200,-1,-1,-1
181,10,1155.59,446.33,41.47,100.55,0.4799,-1,-1,-1
181,29,466.55,467.03,37.35,107.69,0.3698,-1,-1,-1
181,30,571.38,449.10,58.86,110.75,0.4071,-1,-1,-1
181,14,1078.81,445.81,51.65,151.07,0.3514,-1,-1,-1
182,2,781.01,435.82,116.36,362.58,0.7531,-1,-1,-1
182,11,583.96,424.50,197.62,486.29,0.8652,-1,-1,-1
182,5,910.20,445.20,91.31,296.38,0.7128,-1,-1,-1
182,22,583.96,424.51,197.62,486.29,0.8652,-1,-1,-1
182,24,976.22,435.27,91.04,268.23,0.6129,-1,-1,-1
182,10,1156.28,446.30,39.11,100.46,0.5442,-1,-1,-1
182,29,467.09,470.92,37.31,103.54,0.4220,-1,-1,-1
182,30,571.09,445.21,59.08,119.59,0.4493,-1,-1,-1
182,14,1080.62,444.75,50.48,152.58,0.3732,-1,-1,-1
183,2,783.19,434.83,117.55,366.16,0.7695,-1,-1,-1
183,11,587.29,424.39,195.42,486.53,0.8583,-1,-1,-1
183,5,916.10,443.63,89.93,297.84,0.7462,-1,-1,-1
183,22,587.29,424.39,195.42,486.53,0.8583,-1,-1,-1
183,24,980.00,436.42,88.24,263.97,0.6249,-1,-1,-1
183,10,1157.21,448.12,36.84,98.62,0.5411,-1,-1,-1
183,29,466.76,472.45,38.52,102.68,0.3815,-1,-1,-1
183,30,570.57,446.94,60.11,129.66,0.4810,-1,-1,-1
183,14,1081.97,444.56,49.33,152.69,0.3263,-1,-1,-1
184,2,784.41,434.03,118.36,367.82,0.7831,-1,-1,-1
184,11,591.17,425.18,192.50,485.38,0.8523,-1,-1,-1
184,5,922.91,441.93,87.11,299.31,0.7692,-1,-1,-1
184,22,591.17,425.18,192.50,485.38,0.8523,-1,-1,-1
184,24,983.02,439.23,86.53,251.70,0.6326,-1,-1,-1
184,10,1155.32,449.98,39.31,98.26,0.6057,-1,-1,-1
184,29,466.36,472.84,38.75,102.20,0.4025,-1,-1,-1
184,30,571.23,444.42,59.79,145.42,0.4363,-1,-1,-1
184,14,1082.39,442.58,50.06,154.38,0.3373,-1,-1,-1
185,2,786.12,434.28,118.36,369.07,0.7814,-1,-1,-1
185,11,597.86,426.85,187.31,483.54,0.8412,-1,-1,-1
185,5,926.28,441.53,86.03,302.16,0.7596,-1,-1,-1
185,22,597.86,426.85,187.31,483.54,0.8412,-1,-1,-1
185,24,986.13,440.55,85.39,252.84,0.6337,-1,-1,-1
185,10,1155.21,451.18,39.65,96.11,0.5550,-1,-1,-1
185,29,466.44,474.78,40.08,100.87,0.4633,-1,-1,-1
185,30,571.02,444.37,61.30,156.78,0.4480,-1,-1,-1
185,14,1082.13,439.16,50.68,157.95,0.3229,-1,-1,-1
186,2,787.12,434.71,116.29,368.44,0.8029,-1,-1,-1
186,11,602.93,426.24,184.50,484.06,0.8439,-1,-1,-1
186,5,929.15,443.88,85.20,304.88,0.7449,-1,-1,-1
186,22,602.93,426.24,184.50,484.06,0.8439,-1,-1,-1
186,24,988.94,442.08,84.60,246.37,0.5738,-1,-1,-1
186,10,1153.77,448.87,43.60,97.91,0.5949,-1,-1,-1
186,29,467.04,477.38,41.00,98.38,0.4707,-1,-1,-1
186,30,571.37,439.32,58.39,172.75,0.4868,-1,-1,-1
187,2,789.85,435.03,114.63,368.36,0.8031,-1,-1,-1
187,11,608.52,427.56,179.42,484.04,0.8414,-1,-1,-1
187,5,930.18,444.72,88.46,307.16,0.7315,-1,-1,-1
187,22,608.52,427.56,179.42,484.04,0.8414,-1,-1,-1
187,24,994.27,442.49,82.87,250.05,0.6257,-1,-1,-1
187,10,1154.33,449.90,44.50,96.41,0.5451,-1,-1,-1
187,29,467.11,477.77,41.34,97.94,0.4655,-1,-1,-1
187,30,572.09,435.21,57.06,177.99,0.4802,-1,-1,-1
188,2,792.28,434.67,114.27,366.01,0.8120,-1,-1,-1
188,11,610.56,426.81,179.53,491.94,0.8355,-1,-1,-1
188,5,932.59,442.73,91.36,309.81,0.6875,-1,-1,-1
188,22,610.56,426.81,179.53,491.94,0.8355,-1,-1,-1
188,24,997.82,443.84,80.28,250.15,0.5067,-1,-1,-1
188,10,1155.33,451.35,43.49,96.09,0.5013,-1,-1,-1
188,29,467.43,478.33,39.01,96.94,0.3656,-1,-1,-1
188,30,571.28,434.06,59.59,182.82,0.4443,-1,-1,-1
189,2,794.66,433.57,112.71,367.50,0.8100,-1,-1,-1
189,11,612.62,426.20,178.48,501.28,0.7960,-1,-1,-1
189,5,934.10,442.05,101.44,311.62,0.7794,-1,-1,-1
189,22,612.62,426.20,178.48,501.28,0.7960,-1,-1,-1
189,24,1004.07,439.95,81.63,261.54,0.5328,-1,-1,-1
189,10,1155.91,448.04,43.05,99.57,0.4804,-1,-1,-1
189,29,466.73,477.54,39.78,98.41,0.4107,-1,-1,-1
189,30,570.23,433.11,59.38,183.51,0.5293,-1,-1,-1
190,2,796.93,432.74,116.46,371.23,0.8022,-1,-1,-1
190,11,616.37,426.21,180.64,509.07,0.7026,-1,-1,-1
190,5,936.94,442.52,107.18,310.82,0.7577,-1,-1,-1
190,22,616.37,426.21,180.64,509.08,0.7026,-1,-1,-1
190,24,1009.16,440.36,80.03,266.16,0.4661,-1,-1,-1
190,10,1153.45,448.75,45.20,99.41,0.4185,-1,-1,-1
190,29,467.62,477.36,38.29,98.38,0.3894,-1,-1,-1
190,30,569.88,436.81,61.47,178.11,0.5403,-1,-1,-1
191,2,799.07,432.54,116.00,371.60,0.7810,-1,-1,-1
191,11,620.30,425.96,179.09,515.25,0.7480,-1,-1,-1
191,5,940.84,443.14,112.98,311.04,0.7605,-1,-1,-1
191,22,620.30,425.96,179.09,515.25,0.7480,-1,-1,-1
191,24,1012.11,437.26,78.25,272.05,0.3274,-1,-1,-1
191,10,1152.52,446.67,47.88,101.52,0.4995,-1,-1,-1
191,29,466.24,477.49,36.82,97.97,0.3556,-1,-1,-1
191,30,569.06,443.48,60.92,173.49,0.5797,-1,-1,-1
192,2,800.86,430.17,115.56,377.75,0.7873,-1,-1,-1
192,11,624.67,426.21,177.06,523.68,0.7262,-1,-1,-1
192,5,943.58,447.17,114.29,306.73,0.7593,-1,-1,-1
192,22,624.67,426.21,177.06,523.68,0.7262,-1,-1,-1
192,10,1150.76,447.00,49.66,101.76,0.4781,-1,-1,-1
192,29,465.15,477.31,36.49,97.30,0.3434,-1,-1,-1
192,30,568.40,443.02,63.40,174.13,0.5894,-1,-1,-1
193,2,803.04,427.26,113.41,380.30,0.7854,-1,-1,-1
193,11,630.38,426.72,170.41,527.44,0.7648,-1,-1,-1
193,5,945.38,444.20,115.37,310.06,0.7562,-1,-1,-1
193,22,630.38,426.72,170.42,527.44,0.7648,-1,-1,-1
193,10,1149.42,443.69,50.15,105.17,0.4477,-1,-1,-1
193,29,463.99,477.79,38.32,97.51,0.3082,-1,-1,-1
193,30,569.56,442.72,62.92,174.45,0.6288,-1,-1,-1
193,24,1015.81,437.82,89.36,265.39,0.5396,-1,-1,-1
194,2,804.72,425.41,117.14,383.19,0.7887,-1,-1,-1
194,11,632.99,425.85,177.03,536.46,0.7595,-1,-1,-1
194,5,947.23,443.77,111.27,310.70,0.7486,-1,-1,-1
194,22,632.99,425.85,177.03,536.46,0.7595,-1,-1,-1
194,10,1148.02,446.79,47.33,101.83,0.3701,-1,-1,-1
194,29,461.73,476.47,37.42,99.37,0.3322,-1,-1,-1
194,30,570.14,442.51,62.85,175.63,0.6700,-1,-1,-1
194,24,1016.89,435.40,94.36,273.36,0.6469,-1,-1,-1
195,2,805.72,424.23,123.50,383.43,0.7891,-1,-1,-1
195,11,636.56,423.50,177.71,540.73,0.7844,-1,-1,-1
195,5,946.99,446.85,115.04,309.48,0.7597,-1,-1,-1
195,22,636.56,423.50,177.71,540.73,0.7844,-1,-1,-1
195,10,1147.25,445.01,43.40,103.35,0.4053,-1,-1,-1
195,30,569.81,441.78,63.83,176.40,0.6825,-1,-1,-1
195,24,1020.49,434.15,95.86,276.70,0.6925,-1,-1,-1
196,2,807.40,425.40,132.05,381.52,0.8252,-1,-1,-1
196,11,642.62,423.97,173.60,539.19,0.8010,-1,-1,-1
196,5,947.71,448.48,115.61,308.72,0.7277,-1,-1,-1
196,22,642.62,423.97,173.60,539.19,0.8010,-1,-1,-1
196,10,1146.29,441.83,43.07,106.19,0.4138,-1,-1,-1
196,30,569.83,442.41,64.94,175.78,0.6706,-1,-1,-1
196,24,1024.94,432.99,96.76,279.19,0.6814,-1,-1,-1
196,31,512.62,439.77,38.72,121.72,0.4388,-1,-1,-1
196,29,457.10,473.94,44.02,101.63,0.3472,-1,-1,-1
197,2,809.75,426.92,143.40,380.04,0.8147,-1,-1,-1
197,11,646.33,422.46,166.97,548.52,0.8226,-1,-1,-1
197,5,951.08,447.57,112.79,309.90,0.7520,-1,-1,-1
197,22,646.33,422.46,166.97,548.52,0.8226,-1,-1,-1
197,10,1145.84,443.24,42.88,104.61,0.3624,-1,-1,-1
197,30,569.61,441.39,66.37,176.00,0.6706,-1,-1,-1
197,24,1029.62,432.16,96.44,280.75,0.4688,-1,-1,-1
197,31,512.88,439.87,38.64,121.28,0.4479,-1,-1,-1
197,29,455.82,471.74,44.32,103.68,0.3355,-1,-1,-1
198,2,813.17,430.93,149.63,376.45,0.8299,-1,-1,-1
198,11,649.61,422.74,164.69,544.55,0.8326,-1,-1,-1
198,5,957.09,447.49,107.56,311.10,0.7686,-1,-1,-1
198,22,649.61,422.74,164.69,544.55,0.8326,-1,-1,-1
198,10,1146.10,441.49,42.75,106.34,0.3865,-1,-1,-1
198,30,570.22,441.71,66.68,175.66,0.6828,-1,-1,-1
198,24,1035.55,433.20,93.70,280.44,0.6462,-1,-1,-1
198,31,515.26,443.64,36.94,118.60,0.3381,-1,-1,-1
198,29,457.58,471.50,39.84,103.51,0.3180,-1,-1,-1
199,2,816.08,432.71,156.32,375.67,0.8462,-1,-1,-1
199,11,649.54,423.23,169.84,541.65,0.8392,-1,-1,-1
199,5,964.00,447.91,104.92,312.60,0.7580,-1,-1,-1
199,22,649.54,423.23,169.84,541.65,0.8392,-1,-1,-1
199,10,1144.95,443.10,40.97,105.37,0.3758,-1,-1,-1
199,30,571.45,443.31,65.06,173.46,0.6891,-1,-1,-1
199,24,1040.02,436.21,93.21,279.59,0.6364,-1,-1,-1
199,31,514.86,447.24,37.09,115.52,0.3017,-1,-1,-1
200,2,817.48,434.94,159.11,374.74,0.8428,-1,-1,-1
200,11,651.75,422.59,171.60,541.34,0.8592,-1,-1,-1
200,5,969.53,448.53,103.43,312.11,0.7224,-1,-1,-1
200,22,651.75,422.59,171.60,541.34,0.8592,-1,-1,-1
200,10,1145.07,442.32,37.37,106.54,0.3227,-1,-1,-1
200,30,571.79,445.59,64.82,171.70,0.6777,-1,-1,-1
200,24,1042.56,434.72,93.77,283.47,0.6064,-1,-1,-1
200,31,512.69,445.29,38.02,116.75,0.3386,-1,-1,-1
201,2,820.09,436.87,159.23,373.89,0.8391,-1,-1,-1
201,11,656.79,422.86,173.03,539.68,0.8445,-1,-1,-1
201,5,977.45,450.79,94.96,310.26,0.7080,-1,-1,-1
201,22,656.79,422.86,173.03,539.68,0.8445,-1,-1,-1
201,10,1143.06,440.77,36.66,108.41,0.3228,-1,-1,-1
201,30,573.20,444.80,63.95,170.79,0.6638,-1,-1,-1
201,24,1047.08,435.71,92.90,286.79,0.6137,-1,-1,-1
202,2,822.14,437.62,156.80,374.75,0.8451,-1,-1,-1
202,11,658.48,421.77,177.29,542.13,0.8546,-1,-1,-1
202,5,985.10,449.95,90.47,312.49,0.7740,-1,-1,-1
202,22,658.48,421.77,177.29,542.13,0.8546,-1,-1,-1
202,10,1141.97,438.94,35.36,109.51,0.3478,-1,-1,-1
202,30,573.19,446.45,65.69,168.83,0.6781,-1,-1,-1
202,24,1050.13,436.28,94.83,283.65,0.6836,-1,-1,-1
203,2,823.90,437.88,153.66,375.65,0.8438,-1,-1,-1
203,11,665.71,424.73,175.63,547.41,0.8227,-1,-1,-1
203,5,988.65,449.73,91.89,313.89,0.7718,-1,-1,-1
203,22,665.71,424.73,175.63,547.41,0.8227,-1,-1,-1
203,30,573.54,444.57,67.47,170.80,0.7086,-1,-1,-1
203,24,1053.73,435.11,95.23,283.38,0.6939,-1,-1,-1
203,31,508.99,440.59,40.85,121.99,0.3397,-1,-1,-1
204,2,824.87,437.59,152.20,376.00,0.8424,-1,-1,-1
204,11,664.95,424.16,179.53,555.61,0.8435,-1,-1,-1
204,5,992.07,449.48,91.95,315.87,0.7721,-1,-1,-1
204,22,664.95,424.16,179.53,555.61,0.8435,-1,-1,-1
204,30,575.75,448.17,66.06,167.51,0.7259,-1,-1,-1
204,24,1059.47,434.92,90.88,283.27,0.6991,-1,-1,-1
205,2,825.83,435.09,151.65,378.34,0.8318,-1,-1,-1
205,11,668.87,424.06,176.92,564.99,0.8478,-1,-1,-1
205,5,995.10,448.16,93.02,317.03,0.7866,-1,-1,-1
205,22,668.87,424.06,176.92,564.99,0.8478,-1,-1,-1
205,30,575.64,447.01,66.21,169.50,0.7466,-1,-1,-1
205,24,1063.51,438.15,88.53,278.80,0.7161,-1,-1,-1
206,2,829.52,435.47,149.80,377.60,0.8327,-1,-1,-1
206,11,673.59,423.20,173.93,569.74,0.8387,-1,-1,-1
206,5,999.77,447.80,92.59,317.48,0.7752,-1,-1,-1
206,22,673.59,423.20,173.93,569.74,0.8387,-1,-1,-1
206,30,575.91,447.03,66.77,170.44,0.7253,-1,-1,-1
206,24,1066.25,437.01,87.16,281.09,0.6803,-1,-1,-1
207,2,831.26,435.51,149.56,377.12,0.8276,-1,-1,-1
207,11,676.38,420.62,173.31,573.78,0.8416,-1,-1,-1
207,5,1005.50,448.53,94.17,315.19,0.7192,-1,-1,-1
207,22,676.38,420.62,173.31,573.78,0.8416,-1,-1,-1
207,30,579.09,452.91,64.68,164.48,0.7391,-1,-1,-1
207,24,1072.95,435.72,81.29,284.01,0.6524,-1,-1,-1
208,2,833.23,434.88,148.60,379.01,0.8235,-1,-1,-1
208,11,679.34,420.24,172.38,574.08,0.8344,-1,-1,-1
208,5,1009.22,450.12,92.86,311.89,0.6924,-1,-1,-1
208,22,679.34,420.24,172.38,574.08,0.8344,-1,-1,-1
208,30,580.93,454.30,63.62,163.37,0.7308,-1,-1,-1
208,24,1076.79,434.17,77.30,297.69,0.5925,-1,-1,-1
208,33,1187.39,447.74,40.35,102.75,0.4095,-1,-1,-1
208,31,510.21,444.24,40.40,117.34,0.3970,-1,-1,-1
209,2,835.81,434.58,146.74,380.25,0.8073,-1,-1,-1
209,11,683.30,416.95,171.25,577.74,0.8191,-1,-1,-1
209,5,1011.87,446.63,123.26,316.08,0.5999,-1,-1,-1
209,22,683.30,416.95,171.25,577.74,0.8191,-1,-1,-1
209,30,582.24,456.74,65.44,161.02,0.7432,-1,-1,-1
209,24,1082.60,433.77,77.11,288.03,0.6142,-1,-1,-1
209,33,1188.70,448.44,40.26,102.99,0.4839,-1,-1,-1
209,31,510.71,444.08,40.59,117.63,0.4145,-1,-1,-1
210,2,839.61,429.91,147.74,384.50,0.8139,-1,-1,-1
210,11,686.05,415.81,171.52,578.72,0.7953,-1,-1,-1
210,5,1016.29,444.59,141.08,318.61,0.8154,-1,-1,-1
210,22,686.05,415.81,171.52,578.72,0.7953,-1,-1,-1
210,30,584.07,457.27,66.62,160.08,0.7273,-1,-1,-1
210,33,1189.98,445.98,40.01,106.14,0.4825,-1,-1,-1
210,31,510.82,442.93,40.41,118.14,0.4132,-1,-1,-1
211,2,845.58,430.17,148.80,385.82,0.7886,-1,-1,-1
211,11,686.32,418.54,174.04,576.45,0.8110,-1,-1,-1
211,5,1019.47,443.70,152.73,319.77,0.8010,-1,-1,-1
211,22,686.32,418.54,174.04,576.45,0.8110,-1,-1,-1
211,30,584.85,453.57,69.69,163.55,0.7424,-1,-1,-1
211,33,1191.87,445.12,38.89,107.53,0.4639,-1,-1,-1
211,31,510.77,441.78,40.15,119.25,0.4344,-1,-1,-1
212,2,851.56,430.48,147.52,386.03,0.7877,-1,-1,-1
212,11,688.19,416.39,173.56,578.44,0.8252,-1,-1,-1
212,5,1020.23,445.88,125.34,319.32,0.5382,-1,-1,-1
212,22,688.19,416.39,173.56,578.44,0.8252,-1,-1,-1
212,30,587.15,451.93,68.57,164.49,0.7130,-1,-1,-1
212,33,1193.25,446.46,38.62,105.94,0.5081,-1,-1,-1
212,31,510.94,440.70,40.59,119.91,0.4646,-1,-1,-1
212,24,1096.23,430.30,80.04,256.76,0.3568,-1,-1,-1
213,2,860.47,430.56,141.45,386.69,0.8084,-1,-1,-1
213,11,688.73,414.51,176.29,579.76,0.8220,-1,-1,-1
213,5,1021.63,447.83,118.39,320.73,0.4477,-1,-1,-1
213,22,688.73,414.51,176.29,579.76,0.8220,-1,-1,-1
213,30,588.13,452.26,68.27,164.58,0.7387,-1,-1,-1
213,33,1194.50,446.82,38.03,104.07,0.3672,-1,-1,-1
213,31,510.84,439.54,41.26,120.95,0.4532,-1,-1,-1
213,34,1019.53,447.69,163.52,318.58,0.8071,-1,-1,-1
213,24,1099.85,432.98,79.82,267.34,0.5044,-1,-1,-1
214,2,869.12,429.64,137.85,385.95,0.8163,-1,-1,-1
214,11,690.14,413.67,175.94,580.08,0.8242,-1,-1,-1
214,5,1025.93,448.77,114.37,319.94,0.4350,-1,-1,-1
214,22,690.14,413.67,175.94,580.08,0.8242,-1,-1,-1
214,30,589.24,451.40,67.63,166.43,0.7261,-1,-1,-1
214,33,1195.30,445.58,39.97,104.08,0.3776,-1,-1,-1
214,31,510.54,439.22,42.25,120.89,0.4718,-1,-1,-1
214,34,1019.19,448.32,164.09,319.03,0.7733,-1,-1,-1
214,24,1104.80,431.71,79.04,274.67,0.5419,-1,-1,-1
215,2,877.38,429.18,130.52,387.10,0.8098,-1,-1,-1
215,11,692.92,412.07,176.11,582.17,0.8177,-1,-1,-1
215,5,1022.97,447.42,145.31,321.33,0.8160,-1,-1,-1
215,22,692.92,412.07,176.11,582.17,0.8177,-1,-1,-1
215,30,591.00,453.97,66.97,163.63,0.6829,-1,-1,-1
215,33,1197.19,441.98,40.89,108.61,0.3535,-1,-1,-1
215,31,510.39,438.56,42.73,121.31,0.4794,-1,-1,-1
215,34,1019.51,447.06,161.12,321.16,0.8160,-1,-1,-1
215,24,1111.46,427.89,77.71,286.18,0.5565,-1,-1,-1
216,2,882.21,427.78,126.59,388.66,0.8192,-1,-1,-1
216,11,695.24,413.99,176.38,580.09,0.7932,-1,-1,-1
216,5,1022.72,446.48,159.86,323.51,0.8256,-1,-1,-1
216,22,695.24,413.99,176.38,580.09,0.7932,-1,-1,-1
216,30,593.86,455.54,65.59,165.57,0.6858,-1,-1,-1
216,33,1198.85,440.26,41.17,111.34,0.4076,-1,-1,-1
216,31,510.18,438.16,43.11,121.17,0.4929,-1,-1,-1
216,34,1020.28,446.17,164.90,323.72,0.8256,-1,-1,-1
216,24,1119.96,429.64,71.53,288.15,0.4635,-1,-1,-1
217,2,884.58,428.39,125.19,390.89,0.8151,-1,-1,-1
217,11,695.02,413.42,180.61,580.14,0.7476,-1,-1,-1
217,5,1024.14,446.52,164.48,323.28,0.7895,-1,-1,-1
217,22,695.02,413.42,180.61,580.14,0.7476,-1,-1,-1
217,30,595.21,457.10,65.66,165.56,0.7144,-1,-1,-1
217,33,1199.65,437.88,42.03,113.72,0.4759,-1,-1,-1
217,31,509.87,438.11,43.30,120.89,0.4863,-1,-1,-1
217,34,1022.54,446.34,164.35,323.40,0.7895,-1,-1,-1
217,24,1126.24,430.81,64.58,226.05,0.3334,-1,-1,-1
218,2,887.71,427.47,124.72,395.30,0.8201,-1,-1,-1
218,11,697.92,411.30,184.25,582.75,0.7673,-1,-1,-1
218,5,1027.55,442.71,163.81,327.44,0.7871,-1,-1,-1
218,22,697.92,411.30,184.25,582.75,0.7673,-1,-1,-1
218,30,597.59,457.76,64.80,165.28,0.6992,-1,-1,-1
218,33,1201.30,440.04,42.96,111.81,0.4351,-1,-1,-1
218,31,509.36,438.96,42.75,120.23,0.5041,-1,-1,-1
218,34,1026.63,442.33,161.51,327.80,0.7871,-1,-1,-1
219,2,890.25,426.02,126.55,400.25,0.8412,-1,-1,-1
219,11,701.28,411.08,186.56,582.83,0.7602,-1,-1,-1
219,5,1035.26,438.80,156.54,331.07,0.7949,-1,-1,-1
219,22,701.28,411.08,186.56,582.83,0.7602,-1,-1,-1
219,30,596.45,460.26,65.50,165.38,0.6768,-1,-1,-1
219,33,1202.06,439.41,43.50,112.25,0.4274,-1,-1,-1
219,31,509.10,439.08,42.81,119.91,0.5114,-1,-1,-1
219,34,1035.07,438.33,153.10,331.49,0.7949,-1,-1,-1
220,2,892.59,425.89,126.98,405.27,0.8422,-1,-1,-1
220,11,708.84,409.98,191.10,583.30,0.8121,-1,-1,-1
220,5,1044.03,438.75,148.69,330.85,0.8071,-1,-1,-1
220,22,708.84,409.98,191.10,583.30,0.8121,-1,-1,-1
220,30,596.92,461.34,65.42,165.06,0.7006,-1,-1,-1
220,33,1206.08,444.22,41.05,106.89,0.3048,-1,-1,-1
220,31,508.75,438.68,43.09,120.17,0.5424,-1,-1,-1
220,34,1044.31,438.39,145.03,331.16,0.8071,-1,-1,-1
221,2,895.71,424.97,128.14,407.96,0.8384,-1,-1,-1
221,11,714.54,410.26,205.61,583.84,0.8604,-1,-1,-1
221,5,1052.42,438.48,141.21,331.04,0.8093,-1,-1,-1
221,22,714.54,410.26,205.61,583.84,0.8604,-1,-1,-1
221,30,598.22,460.93,63.05,163.92,0.7230,-1,-1,-1
221,31,508.89,439.21,42.77,120.28,0.5021,-1,-1,-1
221,34,1052.89,438.19,137.73,331.28,0.8093,-1,-1,-1
221,24,1149.25,436.39,67.93,287.33,0.5500,-1,-1,-1
222,2,897.14,424.81,130.03,409.32,0.8377,-1,-1,-1
222,11,716.90,410.42,219.35,584.06,0.8615,-1,-1,-1
222,5,1064.34,439.31,129.58,330.28,0.8167,-1,-1,-1
222,22,716.90,410.42,219.35,584.06,0.8615,-1,-1,-1
222,30,600.30,461.21,60.15,163.40,0.7408,-1,-1,-1
222,31,508.88,439.13,42.49,120.82,0.4925,-1,-1,-1
222,34,1065.07,439.09,126.20,330.45,0.8167,-1,-1,-1
222,24,1154.78,433.89,76.00,295.16,0.5996,-1,-1,-1
223,2,899.98,426.41,129.96,411.03,0.8241,-1,-1,-1
223,11,717.70,407.53,239.38,587.41,0.8501,-1,-1,-1
223,5,1077.43,439.25,116.57,331.08,0.7978,-1,-1,-1
223,22,717.70,407.53,239.38,587.41,0.8501,-1,-1,-1
223,30,601.44,459.14,58.77,166.92,0.6915,-1,-1,-1
223,31,507.70,439.49,44.60,120.97,0.4913,-1,-1,-1
223,34,1078.27,439.07,113.48,331.22,0.7978,-1,-1,-1
224,2,901.67,427.33,128.52,412.80,0.8212,-1,-1,-1
224,11,721.29,406.76,256.06,587.13,0.8503,-1,-1,-1
224,5,1092.87,440.59,109.13,333.08,0.7631,-1,-1,-1
224,22,721.29,406.76,256.06,587.13,0.8503,-1,-1,-1
224,30,603.36,459.46,57.04,165.63,0.6902,-1,-1,-1
224,31,507.19,439.96,45.91,120.75,0.5186,-1,-1,-1
224,34,1093.78,440.46,106.69,333.21,0.7631,-1,-1,-1
225,2,903.39,428.01,128.81,414.37,0.8179,-1,-1,-1
225,11,724.64,408.64,267.37,586.81,0.8310,-1,-1,-1
225,5,1102.42,440.03,99.21,335.74,0.7243,-1,-1,-1
225,22,724.64,408.64,267.37,586.81,0.8310,-1,-1,-1
225,30,603.73,460.59,58.22,166.49,0.6744,-1,-1,-1
225,31,507.85,440.13,45.42,120.64,0.4953,-1,-1,-1
225,34,1103.11,439.91,97.12,335.88,0.7243,-1,-1,-1
226,2,904.91,428.54,132.33,415.44,0.8176,-1,-1,-1
226,11,727.56,405.29,279.82,590.87,0.8565,-1,-1,-1
226,5,1108.94,437.91,95.40,340.41,0.6921,-1,-1,-1
226,22,727.56,405.29,279.82,590.87,0.8565,-1,-1,-1
226,30,604.50,461.93,57.60,167.19,0.6737,-1,-1,-1
226,31,507.41,439.87,45.77,120.92,0.5071,-1,-1,-1
226,34,1109.41,437.79,93.85,340.55,0.6921,-1,-1,-1
226,24,1174.67,433.00,65.38,303.47,0.5221,-1,-1,-1
227,2,906.36,428.43,135.65,416.67,0.8111,-1,-1,-1
227,11,729.94,404.91,289.91,590.52,0.8731,-1,-1,-1
227,5,1114.62,438.08,97.18,342.40,0.7435,-1,-1,-1
227,22,729.94,404.91,289.91,590.52,0.8731,-1,-1,-1
227,30,606.48,460.04,55.73,168.09,0.6648,-1,-1,-1
227,31,506.79,438.90,46.01,121.89,0.4671,-1,-1,-1
227,34,1114.96,437.98,96.02,342.53,0.7435,-1,-1,-1
227,24,1178.91,430.13,67.82,308.22,0.5518,-1,-1,-1
228,2,907.37,426.26,138.32,418.59,0.7917,-1,-1,-1
228,11,734.17,406.80,293.30,588.49,0.8739,-1,-1,-1
228,5,1117.98,438.47,99.65,348.33,0.7539,-1,-1,-1
228,22,734.17,406.80,293.30,588.49,0.8739,-1,-1,-1
228,30,607.55,460.60,54.36,167.10,0.6632,-1,-1,-1
228,31,506.06,439.01,46.21,122.18,0.4948,-1,-1,-1
228,34,1118.24,438.39,98.67,348.46,0.7539,-1,-1,-1
228,24,1184.79,430.01,68.66,306.95,0.4432,-1,-1,-1
229,2,907.44,426.48,139.77,418.53,0.7792,-1,-1,-1
229,11,738.58,407.81,297.69,587.79,0.8632,-1,-1,-1
229,5,1119.23,440.49,101.33,348.51,0.7591,-1,-1,-1
229,22,738.58,407.81,297.69,587.79,0.8632,-1,-1,-1
229,30,608.46,457.46,55.33,173.08,0.6667,-1,-1,-1
229,31,506.36,438.74,46.31,122.74,0.4468,-1,-1,-1
229,34,1119.42,440.41,100.48,348.62,0.7591,-1,-1,-1
229,24,1189.86,423.30,73.14,230.20,0.5811,-1,-1,-1
229,29,425.69,477.35,44.14,101.08,0.3817,-1,-1,-1
230,2,908.26,425.95,143.43,417.97,0.7786,-1,-1,-1
230,11,744.33,410.62,295.21,584.53,0.8321,-1,-1,-1
230,5,1120.69,441.93,107.62,349.17,0.7169,-1,-1,-1
230,22,744.33,410.62,295.21,584.53,0.8321,-1,-1,-1
230,30,610.72,457.60,56.14,174.66,0.6643,-1,-1,-1
230,31,506.50,439.99,45.57,121.24,0.4378,-1,-1,-1
230,34,1120.84,441.87,106.92,349.27,0.7169,-1,-1,-1
230,24,1194.51,419.32,73.65,199.58,0.5677,-1,-1,-1
230,29,425.54,478.17,45.70,99.79,0.4630,-1,-1,-1
231,2,910.84,425.52,138.68,417.63,0.7762,-1,-1,-1
231,11,750.55,411.10,289.98,585.28,0.8497,-1,-1,-1
231,5,1125.98,440.66,120.60,350.66,0.7978,-1,-1,-1
231,22,750.55,411.10,289.98,585.28,0.8497,-1,-1,-1
231,30,610.92,461.39,58.92,170.58,0.6848,-1,-1,-1
231,31,507.56,439.92,44.58,121.32,0.4875,-1,-1,-1
231,34,1126.13,440.61,120.01,350.75,0.7978,-1,-1,-1
231,24,1199.45,418.73,72.93,188.44,0.5552,-1,-1,-1
231,29,425.33,477.58,45.47,100.51,0.4682,-1,-1,-1
232,2,913.35,425.10,134.01,419.05,0.7989,-1,-1,-1
232,11,759.22,410.13,282.66,586.27,0.8219,-1,-1,-1
232,5,1132.20,440.34,127.91,351.56,0.7955,-1,-1,-1
232,22,759.22,410.13,282.66,586.27,0.8219,-1,-1,-1
232,30,611.40,457.04,60.10,174.53,0.6765,-1,-1,-1
232,31,507.92,440.56,43.85,120.89,0.5415,-1,-1,-1
232,34,1132.36,440.29,127.34,351.64,0.7955,-1,-1,-1
232,24,1204.34,418.62,70.67,182.67,0.4753,-1,-1,-1
232,29,425.37,477.78,45.94,100.13,0.4855,-1,-1,-1
233,2,918.91,424.84,128.95,421.98,0.7581,-1,-1,-1
233,11,766.44,411.54,276.63,585.13,0.8232,-1,-1,-1
233,5,1134.28,442.00,132.44,351.62,0.8317,-1,-1,-1
233,22,766.44,411.54,276.63,585.13,0.8232,-1,-1,-1
233,30,611.58,454.74,62.56,176.56,0.6707,-1,-1,-1
233,31,508.56,440.53,42.07,120.64,0.5223,-1,-1,-1
233,34,1134.42,441.95,131.90,351.69,0.8317,-1,-1,-1
233,24,1208.88,424.87,68.99,176.46,0.3827,-1,-1,-1
233,29,425.50,477.82,43.74,99.42,0.4402,-1,-1,-1
234,2,922.96,424.56,126.11,424.92,0.7375,-1,-1,-1
234,11,775.07,415.58,269.95,581.93,0.7897,-1,-1,-1
234,5,1135.22,444.07,134.08,353.02,0.8439,-1,-1,-1
234,22,775.07,415.58,269.95,581.93,0.7897,-1,-1,-1
234,30,612.63,456.08,63.90,173.58,0.6643,-1,-1,-1
234,31,508.56,440.31,41.98,120.80,0.5273,-1,-1,-1
234,34,1135.33,444.04,133.58,353.08,0.8439,-1,-1,-1
234,24,1212.77,424.13,68.76,178.75,0.3029,-1,-1,-1
234,29,424.99,477.02,42.08,99.82,0.4593,-1,-1,-1
234,26,725.94,426.55,157.21,435.24,0.4182,-1,-1,-1
235,2,924.82,423.87,125.35,430.60,0.6974,-1,-1,-1
235,11,786.26,417.83,258.99,579.49,0.8167,-1,-1,-1
235,5,1135.21,444.74,137.21,355.70,0.8151,-1,-1,-1
235,22,786.26,417.83,258.99,579.49,0.8167,-1,-1,-1
235,30,615.55,454.77,61.25,175.45,0.6714,-1,-1,-1
235,31,508.66,440.53,40.90,120.49,0.5101,-1,-1,-1
235,34,1135.31,444.71,136.76,355.75,0.8151,-1,-1,-1
235,24,1216.47,428.23,68.27,175.24,0.4321,-1,-1,-1
235,29,424.74,476.69,40.71,99.17,0.4735,-1,-1,-1
235,26,732.66,426.87,157.13,436.09,0.5506,-1,-1,-1
236,2,932.46,423.35,117.88,430.09,0.6904,-1,-1,-1
236,11,790.22,413.14,254.84,584.30,0.8125,-1,-1,-1
236,5,1135.64,444.40,138.77,358.06,0.8210,-1,-1,-1
236,22,790.22,413.14,254.84,584.30,0.8125,-1,-1,-1
236,30,619.52,456.46,57.58,173.97,0.6885,-1,-1,-1
236,31,508.48,440.31,40.29,120.35,0.4782,-1,-1,-1
236,34,1135.73,444.37,138.36,358.11,0.8210,-1,-1,-1
236,24,1221.40,430.25,66.85,175.53,0.4839,-1,-1,-1
236,29,424.73,475.14,39.21,100.04,0.4675,-1,-1,-1
236,26,741.07,429.81,146.08,434.94,0.5304,-1,-1,-1
237,2,938.75,423.10,116.22,422.41,0.5453,-1,-1,-1
237,11,792.67,415.60,251.15,582.06,0.8146,-1,-1,-1
237,5,1137.49,442.69,139.54,360.79,0.8087,-1,-1,-1
237,22,792.67,415.60,251.15,582.06,0.8146,-1,-1,-1
237,30,621.49,455.20,55.79,175.12,0.6499,-1,-1,-1
237,31,509.09,440.08,39.94,119.62,0.4445,-1,-1,-1
237,34,1137.58,442.66,139.17,360.83,0.8087,-1,-1,-1
237,24,1229.55,430.16,64.94,178.51,0.4663,-1,-1,-1
237,26,751.45,432.06,134.94,432.34,0.5867,-1,-1,-1
238,2,943.11,422.06,116.22,411.52,0.5792,-1,-1,-1
238,11,791.50,411.81,251.94,585.74,0.8135,-1,-1,-1
238,5,1140.71,438.94,138.24,365.03,0.7700,-1,-1,-1
238,22,791.50,411.81,251.94,585.74,0.8135,-1,-1,-1
238,30,623.98,458.05,52.07,175.20,0.6748,-1,-1,-1
238,31,509.59,441.32,39.47,117.11,0.3343,-1,-1,-1
238,34,1140.78,438.91,137.91,365.07,0.7700,-1,-1,-1
238,24,1233.57,429.82,70.98,180.30,0.4731,-1,-1,-1
238,26,757.01,435.46,128.24,430.01,0.4338,-1,-1,-1
239,2,948.71,423.05,113.75,375.15,0.4364,-1,-1,-1
239,11,793.15,408.96,249.05,589.10,0.8387,-1,-1,-1
239,5,1147.06,437.92,132.49,366.79,0.7500,-1,-1,-1
239,22,793.15,408.96,249.05,589.10,0.8387,-1,-1,-1
239,30,625.89,460.16,52.52,174.22,0.6686,-1,-1,-1
239,31,509.53,441.56,39.51,116.68,0.3984,-1,-1,-1
239,34,1147.13,437.90,132.18,366.83,0.7500,-1,-1,-1
239,24,1238.67,432.71,75.00,272.24,0.4483,-1,-1,-1
239,26,728.85,437.72,149.92,428.68,0.5459,-1,-1,-1
240,2,954.26,424.36,114.54,402.57,0.6243,-1,-1,-1
240,11,796.39,410.84,245.56,587.72,0.8480,-1,-1,-1
240,5,1158.37,437.46,122.22,370.49,0.7143,-1,-1,-1
240,22,796.39,410.84,245.56,587.72,0.8480,-1,-1,-1
240,30,627.62,460.59,51.65,172.97,0.5951,-1,-1,-1
240,31,509.27,441.34,39.68,117.28,0.4040,-1,-1,-1
240,34,1158.44,437.44,121.95,370.52,0.7143,-1,-1,-1
240,24,1244.21,432.68,72.46,305.15,0.5410,-1,-1,-1
240,26,721.11,438.02,159.12,430.18,0.6316,-1,-1,-1
241,2,959.80,425.15,110.49,411.99,0.6742,-1,-1,-1
241,11,807.39,414.44,235.72,585.16,0.8193,-1,-1,-1
241,5,1169.75,437.76,113.18,371.23,0.7354,-1,-1,-1
241,22,807.39,414.44,235.72,585.16,0.8193,-1,-1,-1
241,30,628.96,458.20,55.07,174.37,0.5834,-1,-1,-1
241,31,509.06,441.83,39.68,116.91,0.4089,-1,-1,-1
241,34,1169.81,437.74,112.95,371.26,0.7354,-1,-1,-1
241,24,1251.01,431.39,67.31,321.59,0.5446,-1,-1,-1
241,26,721.33,437.59,161.37,429.76,0.6227,-1,-1,-1
242,2,959.65,425.61,113.08,412.06,0.5613,-1,-1,-1
242,11,820.19,420.68,221.96,581.61,0.8238,-1,-1,-1
242,5,1179.42,437.43,110.69,368.72,0.6821,-1,-1,-1
242,22,820.19,420.68,221.96,581.61,0.8238,-1,-1,-1
242,30,629.17,459.09,57.02,171.79,0.5864,-1,-1,-1
242,31,508.69,443.83,39.63,115.21,0.3895,-1,-1,-1
242,34,1179.48,437.42,110.51,368.74,0.6821,-1,-1,-1
242,26,744.08,437.55,140.53,433.27,0.6463,-1,-1,-1
243,2,972.48,427.08,101.40,409.57,0.4641,-1,-1,-1
243,11,828.35,409.02,214.52,595.34,0.8008,-1,-1,-1
243,5,1187.90,435.92,108.07,368.85,0.6394,-1,-1,-1
243,22,828.35,409.02,214.52,595.34,0.8008,-1,-1,-1
243,30,630.34,460.80,59.64,169.08,0.5671,-1,-1,-1
243,31,508.24,448.28,39.96,110.72,0.3383,-1,-1,-1
243,34,1187.94,435.91,107.92,368.88,0.6394,-1,-1,-1
243,26,738.29,437.37,149.17,432.98,0.6697,-1,-1,-1
244,2,979.85,424.08,96.92,415.02,0.4875,-1,-1,-1
244,11,838.85,399.70,205.69,607.82,0.7915,-1,-1,-1
244,5,1197.59,434.09,111.79,370.02,0.7684,-1,-1,-1
244,22,838.85,399.70,205.69,607.82,0.7915,-1,-1,-1
244,30,631.34,461.89,63.86,168.94,0.5955,-1,-1,-1
244,31,507.75,447.86,40.53,111.36,0.3746,-1,-1,-1
244,34,1197.63,434.08,111.67,370.04,0.7684,-1,-1,-1
244,26,735.68,436.62,152.73,433.10,0.6904,-1,-1,-1
245,11,847.32,400.09,201.73,613.47,0.7379,-1,-1,-1
245,5,1204.54,432.34,115.20,372.02,0.7979,-1,-1,-1
245,22,847.32,400.09,201.73,613.47,0.7379,-1,-1,-1
245,30,631.72,462.78,65.37,168.69,0.5919,-1,-1,-1
245,31,507.17,447.00,41.23,111.90,0.3853,-1,-1,-1
245,34,1204.57,432.33,115.08,372.03,0.7979,-1,-1,-1
245,26,735.45,437.42,156.63,434.38,0.6432,-1,-1,-1
246,11,855.67,407.87,197.56,615.65,0.7833,-1,-1,-1
246,5,1209.20,431.49,113.36,371.61,0.7654,-1,-1,-1
246,22,855.67,407.87,197.56,615.65,0.7833,-1,-1,-1
246,30,632.61,461.71,64.91,169.26,0.5925,-1,-1,-1
246,31,507.40,443.21,41.36,115.80,0.3772,-1,-1,-1
246,34,1209.22,431.48,113.26,371.63,0.7654,-1,-1,-1
246,26,735.42,438.81,162.43,434.09,0.5699,-1,-1,-1
246,24,1278.23,425.18,60.86,229.39,0.4113,-1,-1,-1
247,11,865.64,416.61,189.99,615.36,0.7728,-1,-1,-1
247,5,1212.55,430.68,118.03,370.59,0.7324,-1,-1,-1
247,22,865.64,416.61,189.99,615.36,0.7728,-1,-1,-1
247,30,632.49,459.24,68.04,172.24,0.5079,-1,-1,-1
247,31,505.30,441.88,43.46,117.27,0.4357,-1,-1,-1
247,34,1212.57,430.67,117.94,370.61,0.7324,-1,-1,-1
247,26,758.84,437.23,145.72,438.60,0.5570,-1,-1,-1
248,11,876.25,419.08,185.91,618.93,0.7379,-1,-1,-1
248,5,1216.36,430.94,130.06,371.33,0.8029,-1,-1,-1
248,22,876.25,419.08,185.91,618.93,0.7379,-1,-1,-1
248,30,636.48,460.57,62.56,171.42,0.5898,-1,-1,-1
248,31,504.25,440.75,44.61,118.45,0.3943,-1,-1,-1
248,34,1216.38,430.94,129.98,371.35,0.8029,-1,-1,-1
248,26,768.23,435.23,139.68,442.02,0.5744,-1,-1,-1
249,11,884.65,421.91,182.09,620.91,0.7140,-1,-1,-1
249,5,1218.15,432.60,116.24,368.17,0.5188,-1,-1,-1
249,22,884.65,421.91,182.09,620.91,0.7140,-1,-1,-1
249,30,637.34,455.08,62.00,177.68,0.5779,-1,-1,-1
249,31,504.78,442.49,44.51,116.97,0.4018,-1,-1,-1
249,34,1219.28,431.03,145.80,371.79,0.7018,-1,-1,-1
249,26,777.10,432.40,141.09,445.40,0.7502,-1,-1,-1
250,11,891.29,423.06,208.35,617.92,0.7197,-1,-1,-1
250,5,1218.51,437.25,120.14,364.50,0.3534,-1,-1,-1
250,22,891.29,423.06,208.35,617.92,0.7197,-1,-1,-1
250,30,641.85,451.51,64.63,182.01,0.6454,-1,-1,-1
250,31,506.92,443.69,42.80,115.82,0.3405,-1,-1,-1
250,34,1221.10,431.78,165.05,372.49,0.7429,-1,-1,-1
250,26,780.19,429.10,145.34,449.10,0.7525,-1,-1,-1
251,11,901.04,414.30,213.79,629.64,0.7894,-1,-1,-1
251,5,1218.97,432.44,167.44,371.47,0.8487,-1,-1,-1
251,22,901.04,414.30,213.79,629.64,0.7894,-1,-1,-1
251,30,646.57,450.09,66.70,182.30,0.6704,-1,-1,-1
251,31,507.45,445.18,42.81,114.74,0.3453,-1,-1,-1
251,34,1220.43,430.41,183.28,374.41,0.8487,-1,-1,-1
251,26,784.21,428.72,142.47,449.82,0.7635,-1,-1,-1
252,11,909.17,407.03,216.47,634.99,0.8474,-1,-1,-1
252,5,1219.64,428.76,189.78,376.70,0.8415,-1,-1,-1
252,22,909.17,407.03,216.47,634.99,0.8474,-1,-1,-1
252,30,649.42,448.28,67.42,183.75,0.7186,-1,-1,-1
252,31,507.40,443.72,43.60,116.56,0.3642,-1,-1,-1
252,34,1220.17,428.01,196.69,377.76,0.8415,-1,-1,-1
252,26,785.56,429.11,143.07,450.52,0.7430,-1,-1,-1
252,39,1848.14,519.23,71.39,261.57,0.4947,-1,-1,-1
252,29,410.68,472.26,44.12,99.99,0.3843,-1,-1,-1
253,11,917.34,405.03,212.99,636.91,0.8428,-1,-1,-1
253,5,1220.16,427.56,201.16,379.47,0.8539,-1,-1,-1
253,22,917.34,405.03,212.99,636.91,0.8428,-1,-1,-1
253,30,651.81,447.02,66.50,185.31,0.6938,-1,-1,-1
253,31,508.03,444.01,43.46,116.75,0.3319,-1,-1,-1
253,34,1220.41,427.31,203.55,379.82,0.8539,-1,-1,-1
253,26,789.00,431.11,138.56,447.04,0.7413,-1,-1,-1
253,39,1848.11,486.58,71.46,292.36,0.5931,-1,-1,-1
253,29,410.26,471.31,44.65,100.60,0.3768,-1,-1,-1
254,11,922.66,407.59,206.88,634.10,0.8357,-1,-1,-1
254,5,1219.83,424.99,204.15,383.92,0.8596,-1,-1,-1
254,22,922.66,407.59,206.88,634.10,0.8357,-1,-1,-1
254,30,654.85,447.60,63.97,184.53,0.7197,-1,-1,-1
254,31,508.48,445.76,42.96,115.30,0.3840,-1,-1,-1
254,34,1219.97,424.92,204.53,384.00,0.8596,-1,-1,-1
254,26,788.46,432.42,138.85,445.49,0.7462,-1,-1,-1
254,39,1841.48,410.83,77.97,368.96,0.5202,-1,-1,-1
254,29,410.70,468.80,42.37,103.21,0.3536,-1,-1,-1
254,40,730.98,484.76,45.65,112.45,0.3835,-1,-1,-1
255,11,926.74,405.72,196.37,637.30,0.8328,-1,-1,-1
255,5,1219.84,426.41,209.81,384.68,0.8622,-1,-1,-1
255,22,926.74,405.72,196.37,637.30,0.8328,-1,-1,-1
255,30,656.87,448.54,64.08,183.99,0.6830,-1,-1,-1
255,31,510.80,446.09,40.92,114.79,0.3652,-1,-1,-1
255,34,1219.95,426.42,209.47,384.66,0.8622,-1,-1,-1
255,26,796.86,431.22,135.37,446.11,0.7035,-1,-1,-1
255,39,1820.73,382.42,98.63,397.19,0.7464,-1,-1,-1
255,29,410.21,470.20,41.12,102.88,0.3805,-1,-1,-1
255,40,731.04,483.80,46.02,113.65,0.3562,-1,-1,-1
256,11,930.05,407.22,195.45,633.87,0.8421,-1,-1,-1
256,5,1223.06,427.39,210.82,385.79,0.8680,-1,-1,-1
256,22,930.05,407.22,195.45,633.87,0.8421,-1,-1,-1
256,30,658.15,449.58,67.32,183.90,0.7106,-1,-1,-1
256,31,510.56,442.37,41.94,118.88,0.4503,-1,-1,-1
256,34,1223.18,427.42,210.19,385.74,0.8680,-1,-1,-1
256,26,804.59,431.92,130.85,448.60,0.7447,-1,-1,-1
256,39,1808.26,377.77,110.99,401.97,0.7646,-1,-1,-1
256,29,408.67,473.37,41.47,100.63,0.3769,-1,-1,-1
256,40,730.51,483.47,45.21,114.96,0.3397,-1,-1,-1
257,11,932.17,407.37,190.64,634.28,0.8270,-1,-1,-1
257,5,1227.43,428.21,210.20,386.02,0.8662,-1,-1,-1
257,22,932.17,407.37,190.64,634.28,0.8270,-1,-1,-1
257,30,658.54,451.37,70.21,183.08,0.7090,-1,-1,-1
257,31,510.19,440.86,42.33,120.22,0.4337,-1,-1,-1
257,34,1227.56,428.25,209.49,385.96,0.8662,-1,-1,-1
257,26,809.53,433.07,128.68,456.96,0.7058,-1,-1,-1
257,39,1807.08,378.51,112.19,401.84,0.7882,-1,-1,-1
257,29,407.61,474.20,42.09,100.79,0.3686,-1,-1,-1
257,40,730.57,483.96,44.52,114.07,0.3058,-1,-1,-1
258,11,936.08,400.93,186.35,640.47,0.8023,-1,-1,-1
258,5,1237.08,427.59,202.45,386.10,0.8651,-1,-1,-1
258,22,936.08,400.93,186.35,640.47,0.8023,-1,-1,-1
258,30,659.58,449.02,71.78,189.10,0.7459,-1,-1,-1
258,34,1237.24,427.63,201.70,386.04,0.8651,-1,-1,-1
258,26,799.86,433.12,139.62,468.32,0.6283,-1,-1,-1
258,39,1803.75,382.14,115.01,397.48,0.7383,-1,-1,-1
258,41,1101.18,434.27,52.00,122.14,0.3993,-1,-1,-1
259,11,936.77,396.53,183.13,645.70,0.7603,-1,-1,-1
259,5,1247.51,427.26,192.36,386.03,0.8002,-1,-1,-1
259,22,936.77,396.53,183.13,645.70,0.7603,-1,-1,-1
259,30,660.13,449.75,73.12,188.58,0.7306,-1,-1,-1
259,34,1247.68,427.30,191.62,385.98,0.8002,-1,-1,-1
259,26,807.36,432.40,131.78,472.88,0.6530,-1,-1,-1
259,39,1786.88,387.13,131.59,390.20,0.7976,-1,-1,-1
259,41,1101.54,432.80,52.72,123.37,0.3996,-1,-1,-1
260,11,938.66,395.74,178.24,645.36,0.7713,-1,-1,-1
260,5,1258.62,426.33,182.19,386.93,0.7874,-1,-1,-1
260,22,938.66,395.74,178.24,645.36,0.7713,-1,-1,-1
260,30,662.32,451.29,71.61,186.42,0.7032,-1,-1,-1
260,34,1258.80,426.36,181.51,386.89,0.7874,-1,-1,-1
260,26,811.94,432.50,128.96,477.04,0.5793,-1,-1,-1
260,39,1759.85,391.21,158.79,385.66,0.7755,-1,-1,-1
261,11,940.57,398.23,176.25,643.10,0.7813,-1,-1,-1
261,5,1273.34,426.24,167.32,387.23,0.7394,-1,-1,-1
261,22,940.57,398.23,176.25,643.10,0.7813,-1,-1,-1
261,30,663.53,450.98,70.98,188.29,0.7250,-1,-1,-1
261,34,1273.52,426.26,166.69,387.19,0.7394,-1,-1,-1
261,26,790.50,439.32,146.97,475.24,0.5587,-1,-1,-1
261,39,1726.82,387.90,191.28,389.14,0.7870,-1,-1,-1
262,11,941.08,396.53,175.04,645.18,0.7995,-1,-1,-1
262,5,1297.81,424.83,145.24,390.41,0.7774,-1,-1,-1
262,22,941.08,396.53,175.04,645.18,0.7995,-1,-1,-1
262,30,664.26,450.65,70.61,189.39,0.6883,-1,-1,-1
262,34,1298.02,424.85,144.65,390.37,0.7774,-1,-1,-1
262,26,809.18,435.79,134.56,479.74,0.6395,-1,-1,-1
262,39,1695.11,400.31,222.34,378.23,0.8118,-1,-1,-1
262,31,505.63,438.94,45.98,121.48,0.4136,-1,-1,-1
263,11,943.39,395.98,174.95,645.70,0.8204,-1,-1,-1
263,5,1312.56,424.47,138.30,391.54,0.7906,-1,-1,-1
263,22,943.39,395.98,174.95,645.70,0.8204,-1,-1,-1
263,30,664.61,452.09,71.97,187.36,0.6496,-1,-1,-1
263,34,1312.73,424.49,137.85,391.51,0.7906,-1,-1,-1
263,26,817.86,434.53,128.28,481.91,0.6633,-1,-1,-1
263,39,1674.12,412.92,243.49,365.45,0.8336,-1,-1,-1
263,31,503.78,438.76,47.36,121.79,0.4042,-1,-1,-1
264,11,945.54,398.00,178.58,643.17,0.8213,-1,-1,-1
264,5,1328.38,421.66,129.47,395.92,0.8138,-1,-1,-1
264,22,945.54,398.00,178.58,643.17,0.8213,-1,-1,-1
264,30,666.04,452.38,73.15,187.03,0.6323,-1,-1,-1
264,34,1328.52,421.67,129.09,395.89,0.8138,-1,-1,-1
264,26,822.70,433.79,122.09,482.39,0.6327,-1,-1,-1
264,39,1662.04,419.24,254.17,359.22,0.8501,-1,-1,-1
264,31,504.22,439.28,47.46,121.12,0.4160,-1,-1,-1
264,42,1297.02,431.97,42.77,118.49,0.3471,-1,-1,-1
264,29,402.50,468.74,44.45,99.87,0.3450,-1,-1,-1
265,11,947.06,400.48,181.31,641.30,0.8286,-1,-1,-1
265,5,1339.98,421.63,121.92,398.04,0.8056,-1,-1,-1
265,22,947.06,400.48,181.31,641.30,0.8286,-1,-1,-1
265,30,668.73,452.18,73.28,187.13,0.6310,-1,-1,-1
265,34,1340.09,421.65,121.61,398.01,0.8056,-1,-1,-1
265,26,825.08,433.26,120.52,483.73,0.5964,-1,-1,-1
265,39,1655.80,422.81,253.77,354.86,0.8361,-1,-1,-1
265,31,504.53,438.90,47.57,121.44,0.4099,-1,-1,-1
265,42,1298.22,434.21,45.64,114.49,0.3181,-1,-1,-1
265,29,401.28,468.00,47.40,101.88,0.3562,-1,-1,-1
266,11,949.10,402.04,177.95,639.84,0.8176,-1,-1,-1
266,5,1347.47,421.85,121.45,403.10,0.8192,-1,-1,-1
266,22,949.10,402.04,177.95,639.84,0.8176,-1,-1,-1
266,30,673.12,453.44,71.49,185.52,0.5934,-1,-1,-1
266,34,1347.55,421.86,121.22,403.08,0.8192,-1,-1,-1
266,26,826.05,432.20,119.96,485.45,0.6313,-1,-1,-1
266,39,1652.46,415.18,245.74,360.38,0.8504,-1,-1,-1
266,31,504.91,438.71,47.56,121.67,0.4100,-1,-1,-1
266,29,401.44,467.34,47.68,105.12,0.3035,-1,-1,-1
266,41,1110.40,437.63,52.11,120.96,0.4098,-1,-1,-1
267,11,950.72,402.30,175.93,639.49,0.8105,-1,-1,-1
267,5,1353.29,419.64,121.01,411.39,0.8199,-1,-1,-1
267,22,950.72,402.30,175.93,639.49,0.8105,-1,-1,-1
267,30,674.98,453.89,71.15,184.02,0.6220,-1,-1,-1
267,34,1353.35,419.65,120.81,411.37,0.8199,-1,-1,-1
267,26,826.02,429.48,119.64,489.84,0.7041,-1,-1,-1
267,39,1650.77,415.86,232.01,353.37,0.8302,-1,-1,-1
267,31,504.94,438.85,47.62,121.43,0.4296,-1,-1,-1
267,29,400.42,465.11,49.36,108.27,0.3753,-1,-1,-1
267,41,1114.18,438.50,48.82,119.33,0.3500,-1,-1,-1
268,11,951.50,403.31,172.74,638.82,0.8181,-1,-1,-1
268,5,1356.45,422.26,133.71,410.17,0.8308,-1,-1,-1
268,22,951.50,403.31,172.74,638.82,0.8181,-1,-1,-1
268,30,676.99,454.06,69.42,183.24,0.6811,-1,-1,-1
268,34,1356.50,422.28,133.56,410.15,0.8308,-1,-1,-1
268,26,825.37,429.61,123.58,489.47,0.5946,-1,-1,-1
268,39,1651.69,414.51,206.41,345.63,0.8204,-1,-1,-1
268,31,505.60,438.00,46.96,122.95,0.4169,-1,-1,-1
268,29,397.73,463.70,51.72,110.46,0.3042,-1,-1,-1
269,11,951.86,403.48,175.87,639.07,0.8198,-1,-1,-1
269,5,1360.64,423.40,152.55,412.89,0.8578,-1,-1,-1
269,22,951.86,403.48,175.87,639.07,0.8198,-1,-1,-1
269,30,678.82,453.59,67.85,183.07,0.6686,-1,-1,-1
269,34,1360.68,423.41,152.42,412.88,0.8578,-1,-1,-1
269,26,823.85,428.86,125.38,491.70,0.5657,-1,-1,-1
269,39,1651.87,415.33,182.30,341.42,0.8106,-1,-1,-1
269,31,505.25,436.62,47.22,124.41,0.4428,-1,-1,-1
269,41,1120.70,442.83,41.86,113.59,0.3665,-1,-1,-1
270,11,953.10,404.19,173.50,638.81,0.8079,-1,-1,-1
270,5,1363.84,423.81,169.47,414.80,0.8497,-1,-1,-1
270,22,953.10,404.19,173.50,638.81,0.8079,-1,-1,-1
270,30,681.37,452.64,66.41,185.49,0.7005,-1,-1,-1
270,34,1363.89,423.82,169.34,414.79,0.8497,-1,-1,-1
270,26,825.80,427.24,131.80,493.98,0.5989,-1,-1,-1
270,39,1652.83,410.93,151.86,343.16,0.8016,-1,-1,-1
270,31,505.56,436.18,47.01,124.89,0.4105,-1,-1,-1
271,11,955.51,404.90,168.16,638.59,0.7716,-1,-1,-1
271,5,1364.42,423.58,187.54,415.29,0.8316,-1,-1,-1
271,22,955.51,404.90,168.16,638.59,0.7716,-1,-1,-1
271,30,684.83,449.37,65.38,190.76,0.6165,-1,-1,-1
271,34,1364.46,423.59,187.41,415.28,0.8316,-1,-1,-1
271,26,826.63,426.40,135.53,495.40,0.6077,-1,-1,-1
271,39,1653.48,413.00,121.13,340.20,0.7669,-1,-1,-1
271,31,506.76,437.13,46.96,123.84,0.3786,-1,-1,-1
272,11,959.35,404.26,161.30,639.02,0.8079,-1,-1,-1
272,5,1364.55,425.08,196.88,415.83,0.8647,-1,-1,-1
272,22,959.35,404.26,161.30,639.02,0.8079,-1,-1,-1
272,30,687.44,446.77,66.43,195.83,0.6518,-1,-1,-1
272,34,1364.59,425.09,196.76,415.82,0.8647,-1,-1,-1
272,26,829.01,426.42,134.40,495.02,0.6612,-1,-1,-1
272,39,1643.68,414.34,101.19,337.29,0.7028,-1,-1,-1
272,31,507.14,439.71,47.65,121.26,0.3851,-1,-1,-1
273,11,962.83,403.49,158.78,639.78,0.8124,-1,-1,-1
273,5,1365.17,426.77,201.35,418.95,0.8806,-1,-1,-1
273,22,962.83,403.49,158.78,639.78,0.8124,-1,-1,-1
273,30,688.57,444.36,67.24,200.04,0.6533,-1,-1,-1
273,34,1365.20,426.77,201.24,418.94,0.8806,-1,-1,-1
273,26,830.67,424.68,133.61,496.11,0.6598,-1,-1,-1
273,39,1637.23,424.45,87.03,327.69,0.7105,-1,-1,-1
273,29,393.45,464.05,53.22,109.27,0.3628,-1,-1,-1
274,11,964.75,403.30,155.82,640.18,0.8158,-1,-1,-1
274,5,1366.79,425.94,205.09,425.70,0.8753,-1,-1,-1
274,22,964.75,403.30,155.82,640.18,0.8158,-1,-1,-1
274,30,689.08,447.94,67.47,194.26,0.5840,-1,-1,-1
274,34,1366.83,425.95,204.99,425.70,0.8753,-1,-1,-1
274,26,832.09,424.48,133.92,495.70,0.6799,-1,-1,-1
274,39,1624.44,433.90,92.59,316.64,0.7956,-1,-1,-1
274,29,393.73,466.65,52.35,106.34,0.3272,-1,-1,-1
275,11,966.32,404.25,153.62,639.58,0.7985,-1,-1,-1
275,5,1370.40,424.75,205.08,429.53,0.8780,-1,-1,-1
275,22,966.32,404.25,153.62,639.58,0.7985,-1,-1,-1
275,30,691.79,448.70,71.66,194.11,0.5693,-1,-1,-1
275,34,1370.43,424.76,204.98,429.53,0.8780,-1,-1,-1
275,26,832.66,422.97,134.34,496.41,0.6999,-1,-1,-1
275,39,1596.29,437.31,118.61,313.66,0.7850,-1,-1,-1
275,29,392.89,465.53,54.60,107.60,0.3166,-1,-1,-1
275,2,1067.67,425.52,104.25,225.64,0.4200,-1,-1,-1
276,11,967.80,402.24,154.23,641.47,0.8143,-1,-1,-1
276,5,1375.49,425.11,200.06,430.20,0.8331,-1,-1,-1
276,22,967.80,402.24,154.23,641.47,0.8143,-1,-1,-1
276,30,696.79,449.05,68.51,193.00,0.5452,-1,-1,-1
276,34,1375.51,425.11,199.97,430.19,0.8331,-1,-1,-1
276,26,831.39,423.25,132.47,495.89,0.7018,-1,-1,-1
276,39,1573.47,437.79,138.59,314.97,0.8038,-1,-1,-1
276,2,1071.10,423.13,102.63,227.94,0.4046,-1,-1,-1
276,42,1304.66,427.87,57.00,123.08,0.4031,-1,-1,-1
277,11,970.73,403.18,155.20,640.96,0.8282,-1,-1,-1
277,5,1379.61,425.39,196.32,430.40,0.8146,-1,-1,-1
277,22,970.73,403.18,155.20,640.96,0.8282,-1,-1,-1
277,30,696.08,451.79,66.33,192.25,0.4535,-1,-1,-1
277,34,1379.63,425.39,196.24,430.39,0.8146,-1,-1,-1
277,26,828.92,423.35,131.67,496.01,0.6843,-1,-1,-1
277,39,1554.47,424.61,156.54,328.53,0.8515,-1,-1,-1
277,2,1076.28,425.76,98.66,224.87,0.3684,-1,-1,-1
278,11,971.11,402.01,158.19,642.68,0.8238,-1,-1,-1
278,5,1387.12,425.73,205.18,428.00,0.8071,-1,-1,-1
278,22,971.11,402.01,158.19,642.68,0.8238,-1,-1,-1
278,30,703.12,451.71,68.24,193.26,0.4969,-1,-1,-1
278,34,1387.14,425.74,205.11,428.00,0.8071,-1,-1,-1
278,26,830.17,423.10,130.57,496.06,0.7100,-1,-1,-1
278,39,1537.99,447.43,172.74,303.51,0.8510,-1,-1,-1
279,11,973.82,401.27,158.41,644.23,0.8243,-1,-1,-1
279,5,1427.02,429.47,164.31,421.96,0.5476,-1,-1,-1
279,22,973.82,401.27,158.41,644.23,0.8243,-1,-1,-1
279,30,707.50,452.18,73.81,192.90,0.4313,-1,-1,-1
279,34,1427.05,429.47,164.24,421.96,0.5476,-1,-1,-1
279,26,829.13,421.33,132.06,498.10,0.7354,-1,-1,-1
279,39,1530.76,429.60,178.47,319.85,0.8376,-1,-1,-1
280,11,975.55,401.12,162.39,643.77,0.8130,-1,-1,-1
280,5,1447.44,428.96,144.83,422.33,0.7809,-1,-1,-1
280,22,975.55,401.12,162.39,643.77,0.8130,-1,-1,-1
280,30,711.96,452.17,75.31,193.32,0.5391,-1,-1,-1
280,34,1447.46,428.96,144.78,422.32,0.7809,-1,-1,-1
280,26,826.73,419.87,135.29,499.54,0.7227,-1,-1,-1
280,39,1542.27,443.57,162.03,302.23,0.7801,-1,-1,-1
280,29,387.55,461.69,56.59,113.41,0.3614,-1,-1,-1
281,11,977.60,399.13,165.34,645.16,0.8159,-1,-1,-1
281,5,1458.12,428.63,128.40,421.82,0.7883,-1,-1,-1
281,22,977.60,399.13,165.34,645.16,0.8159,-1,-1,-1
281,30,714.82,454.97,76.49,191.55,0.6098,-1,-1,-1
281,34,1458.13,428.64,128.36,421.82,0.7883,-1,-1,-1
281,26,826.86,419.87,141.59,499.50,0.7254,-1,-1,-1
281,39,1546.01,424.08,148.68,323.87,0.6383,-1,-1,-1
281,29,387.05,461.02,59.16,113.06,0.3630,-1,-1,-1
282,11,979.10,399.85,168.34,644.21,0.7955,-1,-1,-1
282,5,1467.00,432.99,122.40,418.35,0.7364,-1,-1,-1
282,22,979.10,399.85,168.34,644.21,0.7955,-1,-1,-1
282,30,714.81,458.28,80.22,187.13,0.5094,-1,-1,-1
282,34,1467.01,432.99,122.36,418.35,0.7364,-1,-1,-1
282,26,826.41,419.40,149.89,498.35,0.7452,-1,-1,-1
282,39,1542.94,420.43,135.68,322.79,0.5463,-1,-1,-1
282,29,385.88,462.83,54.57,111.79,0.3589,-1,-1,-1
283,11,982.63,399.47,168.69,644.54,0.7819,-1,-1,-1
283,5,1472.33,432.18,136.06,421.01,0.7707,-1,-1,-1
283,22,982.63,399.47,168.69,644.54,0.7819,-1,-1,-1
283,30,716.57,458.75,80.37,185.87,0.6087,-1,-1,-1
283,34,1472.33,432.19,136.04,421.00,0.7707,-1,-1,-1
283,26,825.76,420.33,162.82,497.62,0.7566,-1,-1,-1
283,29,385.48,463.22,52.77,112.00,0.4533,-1,-1,-1
283,31,504.23,455.12,43.54,104.26,0.3481,-1,-1,-1
284,11,989.40,400.66,160.79,642.55,0.7643,-1,-1,-1
284,5,1479.41,429.53,143.13,422.80,0.7980,-1,-1,-1
284,22,989.40,400.66,160.79,642.55,0.7643,-1,-1,-1
284,30,717.86,457.97,80.60,186.89,0.6899,-1,-1,-1
284,34,1479.41,429.53,143.11,422.79,0.7980,-1,-1,-1
284,26,825.26,420.67,174.81,498.48,0.7645,-1,-1,-1
284,29,384.12,465.50,55.72,109.80,0.4326,-1,-1,-1
284,31,505.01,456.48,42.09,103.42,0.3524,-1,-1,-1
285,11,992.63,403.25,156.75,639.92,0.7922,-1,-1,-1
285,5,1487.57,433.91,142.23,418.65,0.7756,-1,-1,-1
285,22,992.63,403.25,156.75,639.92,0.7922,-1,-1,-1
285,30,717.12,456.35,82.90,188.42,0.7339,-1,-1,-1
285,34,1487.58,433.91,142.21,418.65,0.7756,-1,-1,-1
285,26,825.69,425.67,182.98,496.83,0.7771,-1,-1,-1
285,29,382.15,466.81,56.25,108.33,0.4212,-1,-1,-1
285,31,504.63,456.76,42.19,103.35,0.3975,-1,-1,-1
285,44,1346.09,444.29,36.17,102.15,0.4821,-1,-1,-1
286,11,995.28,405.54,154.67,637.87,0.7907,-1,-1,-1
286,5,1495.51,434.43,152.49,417.86,0.8167,-1,-1,-1
286,22,995.28,405.54,154.67,637.87,0.7907,-1,-1,-1
286,30,716.98,454.76,86.14,190.02,0.7746,-1,-1,-1
286,34,1495.52,434.43,152.47,417.86,0.8167,-1,-1,-1
286,26,825.81,425.40,189.29,498.47,0.7844,-1,-1,-1
286,29,380.77,468.21,55.07,106.73,0.3750,-1,-1,-1
286,31,504.51,457.36,42.12,102.75,0.3725,-1,-1,-1
286,44,1348.78,443.05,35.94,103.01,0.4347,-1,-1,-1
286,24,1472.86,442.67,57.15,194.43,0.4090,-1,-1,-1
287,11,995.66,406.38,155.62,637.23,0.7841,-1,-1,-1
287,5,1499.28,431.47,175.02,421.12,0.8299,-1,-1,-1
287,22,995.66,406.38,155.62,637.23,0.7841,-1,-1,-1
287,30,718.55,454.91,85.62,189.30,0.7629,-1,-1,-1
287,34,1499.29,431.47,175.01,421.12,0.8299,-1,-1,-1
287,26,828.27,422.44,192.21,500.04,0.8052,-1,-1,-1
287,29,380.31,469.54,51.78,104.76,0.3050,-1,-1,-1
287,31,504.48,457.53,41.88,102.92,0.3376,-1,-1,-1
287,44,1350.79,443.72,35.08,104.31,0.4861,-1,-1,-1
287,24,1477.96,442.23,58.92,193.63,0.5660,-1,-1,-1
288,11,997.30,406.59,154.42,637.58,0.7845,-1,-1,-1
288,5,1503.21,429.96,200.00,426.07,0.8566,-1,-1,-1
288,22,997.30,406.59,154.42,637.58,0.7845,-1,-1,-1
288,30,721.41,449.45,83.24,193.75,0.7399,-1,-1,-1
288,34,1503.22,429.96,199.99,426.07,0.8566,-1,-1,-1
288,26,830.07,421.50,193.30,500.58,0.8139,-1,-1,-1
288,29,380.81,470.59,48.75,103.97,0.3562,-1,-1,-1
288,31,504.71,456.79,41.47,103.98,0.3751,-1,-1,-1
289,11,999.32,407.80,153.01,636.02,0.7847,-1,-1,-1
289,5,1505.70,435.30,219.47,423.37,0.8817,-1,-1,-1
289,22,999.32,407.80,153.01,636.02,0.7847,-1,-1,-1
289,30,725.49,447.26,81.34,196.47,0.6604,-1,-1,-1
289,34,1505.70,435.30,219.46,423.37,0.8817,-1,-1,-1
289,26,834.34,422.96,190.15,497.94,0.8085,-1,-1,-1
289,31,505.97,456.45,40.34,104.29,0.3560,-1,-1,-1
289,39,1476.48,414.65,107.35,309.47,0.3414,-1,-1,-1
290,11,1002.31,405.88,151.48,637.98,0.8123,-1,-1,-1
290,5,1505.72,436.13,235.76,427.92,0.8747,-1,-1,-1
290,22,1002.31,405.88,151.48,637.98,0.8123,-1,-1,-1
290,30,729.84,448.14,80.24,195.66,0.6352,-1,-1,-1
290,34,1505.72,436.13,235.75,427.92,0.8747,-1,-1,-1
290,26,839.13,419.12,185.25,501.90,0.8087,-1,-1,-1
290,31,506.37,456.56,39.10,102.65,0.3483,-1,-1,-1
290,39,1440.84,414.81,132.32,309.13,0.4381,-1,-1,-1
291,11,1003.76,404.01,153.25,639.18,0.7853,-1,-1,-1
291,5,1504.03,434.75,249.95,433.31,0.8359,-1,-1,-1
291,22,1003.76,404.01,153.25,639.18,0.7853,-1,-1,-1
291,30,733.36,452.57,78.80,192.58,0.6256,-1,-1,-1
291,34,1504.03,434.75,249.94,433.31,0.8359,-1,-1,-1
291,26,835.18,420.54,189.70,501.10,0.8190,-1,-1,-1
291,39,1419.55,421.42,146.34,297.74,0.6326,-1,-1,-1
291,45,677.70,483.10,52.64,121.27,0.3436,-1,-1,-1
292,11,1003.47,403.74,155.01,638.88,0.7558,-1,-1,-1
292,5,1502.45,435.41,256.14,436.92,0.8561,-1,-1,-1
292,22,1003.47,403.74,155.01,638.88,0.7558,-1,-1,-1
292,30,741.31,452.41,70.92,193.23,0.6021,-1,-1,-1
292,34,1502.46,435.42,256.12,436.92,0.8561,-1,-1,-1
292,26,835.09,422.05,190.32,498.48,0.8120,-1,-1,-1
292,39,1403.17,426.80,154.86,308.59,0.3361,-1,-1,-1
293,11,1006.32,404.32,155.12,638.08,0.8019,-1,-1,-1
293,5,1502.13,436.53,261.72,441.13,0.8687,-1,-1,-1
293,22,1006.32,404.32,155.12,638.08,0.8019,-1,-1,-1
293,30,744.80,450.24,68.92,196.41,0.6662,-1,-1,-1
293,34,1502.13,436.53,261.71,441.13,0.8687,-1,-1,-1
293,26,839.13,418.69,185.76,502.31,0.8220,-1,-1,-1
293,39,1397.18,429.01,140.26,288.64,0.7031,-1,-1,-1
293,31,505.10,454.69,40.20,104.73,0.3592,-1,-1,-1
294,11,1008.09,403.06,154.84,640.39,0.8147,-1,-1,-1
294,5,1502.64,435.81,266.58,444.91,0.8660,-1,-1,-1
294,22,1008.09,403.06,154.84,640.39,0.8147,-1,-1,-1
294,30,747.52,451.52,64.78,195.09,0.6552,-1,-1,-1
294,34,1502.65,435.81,266.57,444.91,0.8660,-1,-1,-1
294,26,842.21,415.61,183.07,505.65,0.8318,-1,-1,-1
294,39,1394.43,429.65,139.16,282.35,0.7578,-1,-1,-1
294,31,504.84,456.94,40.43,101.95,0.3401,-1,-1,-1
294,24,1529.57,437.70,69.55,217.90,0.4473,-1,-1,-1
294,45,681.17,484.02,50.60,121.97,0.3566,-1,-1,-1
295,11,1009.68,402.94,152.29,640.60,0.8106,-1,-1,-1
295,5,1502.53,432.12,268.58,447.96,0.8550,-1,-1,-1
295,22,1009.68,402.94,152.29,640.60,0.8106,-1,-1,-1
295,30,748.00,451.68,69.07,196.24,0.6380,-1,-1,-1
295,34,1502.53,432.12,268.57,447.96,0.8550,-1,-1,-1
295,26,845.17,413.47,180.52,507.33,0.8263,-1,-1,-1
295,39,1390.17,429.37,148.16,280.81,0.7590,-1,-1,-1
295,24,1537.65,433.31,69.92,220.14,0.4278,-1,-1,-1
296,11,1009.48,403.58,154.67,639.42,0.8181,-1,-1,-1
296,5,1511.38,430.06,258.63,450.26,0.8343,-1,-1,-1
296,22,1009.48,403.58,154.67,639.42,0.8181,-1,-1,-1
296,30,750.69,449.98,73.96,196.80,0.6589,-1,-1,-1
296,34,1511.38,430.06,258.62,450.26,0.8343,-1,-1,-1
296,26,848.68,412.80,177.39,508.41,0.8370,-1,-1,-1
296,39,1391.31,428.18,144.79,281.32,0.7695,-1,-1,-1
296,24,1544.54,431.37,75.92,221.53,0.3583,-1,-1,-1
296,41,1156.43,436.64,46.65,114.70,0.3713,-1,-1,-1
297,11,1011.12,404.58,154.91,637.77,0.8149,-1,-1,-1
297,5,1527.20,429.93,240.43,449.98,0.7893,-1,-1,-1
297,22,1011.12,404.58,154.91,637.77,0.8149,-1,-1,-1
297,30,757.16,448.47,71.53,199.23,0.7292,-1,-1,-1
297,34,1527.20,429.93,240.42,449.98,0.7893,-1,-1,-1
297,26,852.79,409.92,173.23,511.47,0.8350,-1,-1,-1
297,39,1394.98,432.38,137.76,277.34,0.7834,-1,-1,-1
297,24,1553.16,437.73,77.78,216.59,0.4011,-1,-1,-1
297,41,1157.66,436.72,46.88,115.62,0.3644,-1,-1,-1
298,11,1010.77,405.57,157.30,636.29,0.8084,-1,-1,-1
298,5,1540.76,430.78,227.20,447.38,0.7478,-1,-1,-1
298,22,1010.77,405.57,157.30,636.29,0.8084,-1,-1,-1
298,30,757.70,447.58,71.92,199.99,0.7157,-1,-1,-1
298,34,1540.76,430.78,227.19,447.38,0.7478,-1,-1,-1
298,26,855.24,410.08,170.83,512.56,0.8061,-1,-1,-1
298,39,1395.02,438.54,126.98,269.48,0.7833,-1,-1,-1
298,24,1562.84,432.21,77.83,217.25,0.3778,-1,-1,-1
298,41,1157.99,436.45,47.99,116.67,0.4043,-1,-1,-1
299,11,1010.75,405.16,160.42,635.46,0.8111,-1,-1,-1
299,5,1554.81,425.77,219.95,454.18,0.7705,-1,-1,-1
299,22,1010.75,405.16,160.42,635.46,0.8111,-1,-1,-1
299,30,762.09,450.45,71.02,199.13,0.7050,-1,-1,-1
299,34,1554.81,425.77,219.94,454.18,0.7705,-1,-1,-1
299,26,865.54,413.51,160.67,512.72,0.7732,-1,-1,-1
299,39,1394.01,447.21,112.84,259.92,0.7396,-1,-1,-1
299,24,1571.60,424.39,86.50,224.89,0.3317,-1,-1,-1
300,11,1012.03,405.30,161.99,632.29,0.8217,-1,-1,-1
300,5,1574.55,423.31,196.22,457.02,0.6961,-1,-1,-1
300,22,1012.03,405.30,161.99,632.29,0.8217,-1,-1,-1
300,30,765.16,450.85,70.67,199.01,0.7143,-1,-1,-1
300,34,1574.55,423.31,196.21,457.02,0.6961,-1,-1,-1
300,26,875.53,417.48,148.98,513.51,0.7725,-1,-1,-1
300,39,1385.72,430.33,102.78,276.28,0.7878,-1,-1,-1
300,24,1579.77,424.92,83.96,224.37,0.4270,-1,-1,-1
301,11,1011.00,404.97,161.36,629.73,0.8169,-1,-1,-1
301,5,1604.81,422.07,181.35,457.37,0.7286,-1,-1,-1
301,22,1011.00,404.97,161.36,629.73,0.8169,-1,-1,-1
301,30,769.38,449.95,68.29,199.84,0.7476,-1,-1,-1
301,34,1604.81,422.07,181.34,457.37,0.7286,-1,-1,-1
301,26,884.17,418.72,139.05,520.50,0.7647,-1,-1,-1
301,39,1381.01,442.68,88.80,263.46,0.8124,-1,-1,-1
301,24,1584.38,425.34,87.35,223.33,0.3787,-1,-1,-1
301,29,378.83,468.04,44.71,105.96,0.3903,-1,-1,-1
302,11,1008.57,405.88,164.35,625.44,0.8148,-1,-1,-1
302,5,1628.16,417.11,164.22,463.27,0.7632,-1,-1,-1
302,22,1008.57,405.88,164.35,625.44,0.8148,-1,-1,-1
302,30,770.92,454.13,71.23,196.73,0.7885,-1,-1,-1
302,34,1628.16,417.11,164.21,463.27,0.7632,-1,-1,-1
302,26,889.17,419.19,134.23,527.18,0.7534,-1,-1,-1
302,39,1371.97,451.01,85.63,255.84,0.8321,-1,-1,-1
302,24,1589.38,422.34,93.73,227.73,0.3662,-1,-1,-1
302,29,379.41,468.56,44.06,104.83,0.4006,-1,-1,-1
302,31,506.79,460.12,36.14,98.75,0.3994,-1,-1,-1
303,11,1011.08,405.14,163.19,622.37,0.8100,-1,-1,-1
303,5,1646.64,411.16,152.13,475.69,0.7714,-1,-1,-1
303,22,1011.08,405.14,163.19,622.37,0.8100,-1,-1,-1
303,30,771.97,454.15,71.92,197.75,0.7771,-1,-1,-1
303,34,1646.64,411.16,152.13,475.69,0.7714,-1,-1,-1
303,26,879.31,420.57,144.62,528.57,0.7568,-1,-1,-1
303,39,1359.84,430.70,88.18,275.24,0.7921,-1,-1,-1
303,24,1595.12,419.50,94.06,229.83,0.3900,-1,-1,-1
303,29,378.89,466.63,44.43,106.87,0.4222,-1,-1,-1
303,47,0.13,655.54,116.64,202.92,0.6848,-1,-1,-1
303,31,506.33,459.65,36.39,99.96,0.4129,-1,-1,-1
304,11,1012.40,404.29,168.57,622.57,0.8101,-1,-1,-1
304,5,1660.52,410.12,153.26,486.21,0.7765,-1,-1,-1
304,22,1012.40,404.29,168.57,622.57,0.8101,-1,-1,-1
304,30,773.91,453.99,74.60,198.72,0.7692,-1,-1,-1
304,34,1660.52,410.12,153.25,486.21,0.7765,-1,-1,-1
304,26,871.51,420.29,153.50,530.86,0.7953,-1,-1,-1
304,39,1345.98,423.87,95.23,281.82,0.7748,-1,-1,-1
304,24,1603.10,419.18,93.19,230.63,0.3355,-1,-1,-1
304,29,378.51,466.55,44.60,106.92,0.3866,-1,-1,-1
304,47,0.06,579.42,118.61,278.87,0.7206,-1,-1,-1
304,31,505.61,459.18,37.62,101.32,0.4884,-1,-1,-1
305,11,1012.59,404.22,179.53,620.61,0.7975,-1,-1,-1
305,5,1670.14,412.68,150.63,491.69,0.7424,-1,-1,-1
305,22,1012.59,404.22,179.53,620.61,0.7975,-1,-1,-1
305,30,774.96,451.40,76.02,203.11,0.7744,-1,-1,-1
305,34,1670.14,412.68,150.63,491.69,0.7424,-1,-1,-1
305,26,873.30,420.78,151.79,531.11,0.7792,-1,-1,-1
305,39,1336.50,424.45,100.42,281.02,0.7665,-1,-1,-1
305,24,1611.48,411.72,93.67,239.12,0.3244,-1,-1,-1
305,29,377.74,466.36,45.36,107.27,0.3840,-1,-1,-1
305,47,0.33,512.00,117.87,346.44,0.6237,-1,-1,-1
305,31,505.55,457.94,37.44,102.67,0.4559,-1,-1,-1
305,41,1183.05,439.38,38.23,109.93,0.3827,-1,-1,-1
306,11,1014.32,404.77,191.71,616.95,0.8195,-1,-1,-1
306,5,1674.16,415.68,167.11,495.13,0.8637,-1,-1,-1
306,22,1014.32,404.77,191.71,616.95,0.8195,-1,-1,-1
306,30,776.63,448.48,76.23,206.72,0.7654,-1,-1,-1
306,34,1674.16,415.68,167.11,495.13,0.8637,-1,-1,-1
306,26,874.79,420.36,151.16,532.03,0.7990,-1,-1,-1
306,39,1321.96,434.48,113.72,268.93,0.8031,-1,-1,-1
306,24,1615.65,411.64,102.90,322.34,0.3470,-1,-1,-1
306,29,377.36,466.08,46.13,107.87,0.3832,-1,-1,-1
306,47,0.19,470.35,121.82,389.45,0.7373,-1,-1,-1
306,31,504.50,457.56,39.18,103.37,0.4757,-1,-1,-1
306,41,1183.95,441.25,40.28,107.93,0.5471,-1,-1,-1
307,11,1016.18,402.84,200.87,617.11,0.8297,-1,-1,-1
307,5,1679.02,414.07,199.29,501.31,0.8526,-1,-1,-1
307,22,1016.18,402.84,200.87,617.11,0.8297,-1,-1,-1
307,30,779.43,450.80,74.16,203.71,0.7215,-1,-1,-1
307,34,1679.02,414.07,199.29,501.31,0.8526,-1,-1,-1
307,26,873.45,419.92,153.08,532.40,0.8148,-1,-1,-1
307,39,1311.15,445.46,124.29,255.74,0.8038,-1,-1,-1
307,24,1616.43,409.31,114.12,372.63,0.5694,-1,-1,-1
307,29,378.29,466.50,45.36,107.40,0.3607,-1,-1,-1
307,47,0.38,419.34,122.84,441.59,0.7496,-1,-1,-1
307,31,504.07,460.17,38.76,100.86,0.4180,-1,-1,-1
307,41,1185.36,442.36,40.61,106.20,0.5618,-1,-1,-1
308,11,1016.60,401.77,211.00,616.08,0.8433,-1,-1,-1
308,5,1680.47,416.78,224.37,500.45,0.8354,-1,-1,-1
308,22,1016.60,401.77,211.00,616.08,0.8433,-1,-1,-1
308,30,782.13,449.84,72.38,203.92,0.7513,-1,-1,-1
308,34,1680.47,416.78,224.37,500.45,0.8354,-1,-1,-1
308,26,874.30,420.31,152.75,532.11,0.8197,-1,-1,-1
308,39,1301.30,436.81,132.63,263.41,0.8116,-1,-1,-1
308,24,1611.82,404.32,126.92,396.79,0.6371,-1,-1,-1
308,29,377.91,466.77,46.56,107.17,0.3472,-1,-1,-1
308,47,0.50,394.25,123.58,466.73,0.7872,-1,-1,-1
308,31,502.81,461.77,40.14,99.42,0.4129,-1,-1,-1
308,41,1186.81,442.53,42.65,105.75,0.4957,-1,-1,-1
308,40,731.56,478.45,46.91,117.39,0.3392,-1,-1,-1
309,11,1016.94,399.99,220.46,616.17,0.8481,-1,-1,-1
309,5,1680.12,417.53,235.82,503.20,0.8586,-1,-1,-1
309,22,1016.94,399.99,220.46,616.17,0.8481,-1,-1,-1
309,30,788.71,447.68,68.61,206.91,0.7215,-1,-1,-1
309,34,1680.12,417.53,235.82,503.20,0.8586,-1,-1,-1
309,26,873.36,421.08,153.42,530.71,0.8312,-1,-1,-1
309,39,1293.86,433.34,137.78,267.28,0.8019,-1,-1,-1
309,24,1612.56,404.82,134.60,405.23,0.5931,-1,-1,-1
309,29,378.08,465.66,46.18,108.00,0.3293,-1,-1,-1
309,47,0.50,381.61,123.91,479.55,0.8112,-1,-1,-1
309,31,501.37,461.46,41.57,99.62,0.4334,-1,-1,-1
309,41,1189.33,443.46,40.76,104.27,0.4217,-1,-1,-1
309,40,731.95,477.84,48.98,118.72,0.3721,-1,-1,-1
310,11,1017.43,399.83,228.00,615.13,0.8572,-1,-1,-1
310,5,1677.50,417.75,245.54,509.51,0.8812,-1,-1,-1
310,22,1017.43,399.83,228.00,615.13,0.8572,-1,-1,-1
310,30,793.86,445.52,65.29,209.49,0.7222,-1,-1,-1
310,34,1677.50,417.75,245.54,509.51,0.8812,-1,-1,-1
310,26,874.25,421.63,151.99,530.06,0.8077,-1,-1,-1
310,39,1288.11,430.33,139.18,269.49,0.7632,-1,-1,-1
310,24,1617.15,406.92,139.26,407.08,0.5089,-1,-1,-1
310,47,0.41,377.30,124.09,483.79,0.8050,-1,-1,-1
310,31,499.64,460.51,42.87,100.66,0.4628,-1,-1,-1
310,41,1190.66,444.91,41.27,103.03,0.4917,-1,-1,-1
310,40,732.42,479.57,49.55,118.06,0.3746,-1,-1,-1
311,11,1016.77,401.56,232.12,613.12,0.8584,-1,-1,-1
311,5,1674.96,418.89,250.97,514.33,0.8750,-1,-1,-1
311,22,1016.77,401.56,232.12,613.12,0.8584,-1,-1,-1
311,30,798.11,444.71,64.11,211.00,0.7322,-1,-1,-1
311,34,1674.96,418.90,250.97,514.33,0.8750,-1,-1,-1
311,26,873.69,421.01,152.71,530.65,0.8187,-1,-1,-1
311,39,1285.61,431.44,131.80,264.97,0.7592,-1,-1,-1
311,24,1638.15,407.71,125.72,411.72,0.4778,-1,-1,-1
311,47,0.16,375.00,121.70,483.82,0.8184,-1,-1,-1
311,31,499.00,457.34,44.59,103.57,0.4799,-1,-1,-1
311,41,1190.90,446.30,41.43,101.25,0.5117,-1,-1,-1
311,40,732.53,479.54,50.90,118.93,0.4494,-1,-1,-1
312,11,1019.16,403.11,230.64,611.50,0.8613,-1,-1,-1
312,5,1675.27,419.76,251.45,515.97,0.8619,-1,-1,-1
312,22,1019.16,403.11,230.64,611.50,0.8613,-1,-1,-1
312,30,800.02,446.85,66.05,209.47,0.7321,-1,-1,-1
312,34,1675.27,419.76,251.45,515.97,0.8619,-1,-1,-1
312,26,872.03,420.57,154.95,531.51,0.8328,-1,-1,-1
312,39,1278.82,430.42,122.73,261.41,0.7649,-1,-1,-1
312,24,1627.82,409.76,144.07,411.96,0.5096,-1,-1,-1
312,47,0.15,374.11,125.58,485.49,0.8303,-1,-1,-1
312,31,498.57,455.83,45.31,105.37,0.4225,-1,-1,-1
312,41,1191.86,443.91,40.93,104.95,0.4681,-1,-1,-1
312,40,732.40,479.88,52.20,118.81,0.4648,-1,-1,-1
313,11,1020.11,402.78,230.57,611.79,0.8613,-1,-1,-1
313,5,1679.49,421.26,246.77,516.30,0.8693,-1,-1,-1
313,22,1020.11,402.78,230.57,611.79,0.8613,-1,-1,-1
313,30,800.96,445.68,72.99,211.25,0.7279,-1,-1,-1
313,34,1679.49,421.26,246.77,516.30,0.8693,-1,-1,-1
313,26,870.84,419.85,156.65,532.46,0.8132,-1,-1,-1
313,39,1273.25,431.66,113.23,257.74,0.7861,-1,-1,-1
313,24,1623.94,411.49,159.78,407.61,0.4770,-1,-1,-1
313,47,1.07,375.38,136.27,484.97,0.8575,-1,-1,-1
313,31,498.34,457.28,45.27,104.28,0.3890,-1,-1,-1
313,41,1192.01,441.54,42.82,108.64,0.4887,-1,-1,-1
313,40,732.71,479.06,52.13,118.95,0.4911,-1,-1,-1
314,11,1021.94,402.43,228.20,611.39,0.8650,-1,-1,-1
314,5,1687.71,419.71,237.59,518.59,0.8701,-1,-1,-1
314,22,1021.94,402.43,228.20,611.39,0.8650,-1,-1,-1
314,30,802.55,445.43,75.36,211.71,0.7231,-1,-1,-1
314,34,1687.71,419.71,237.59,518.59,0.8701,-1,-1,-1
314,26,869.77,419.23,158.60,533.21,0.8202,-1,-1,-1
314,39,1273.49,428.40,97.64,259.86,0.8069,-1,-1,-1
314,24,1625.87,413.70,166.46,402.66,0.3591,-1,-1,-1
314,47,5.83,378.03,148.95,480.55,0.8541,-1,-1,-1
314,31,497.31,456.24,46.29,105.59,0.4152,-1,-1,-1
314,41,1192.50,439.64,44.23,111.36,0.5539,-1,-1,-1
314,40,733.41,481.38,50.57,116.44,0.4093,-1,-1,-1
315,11,1027.12,400.33,222.93,614.18,0.8599,-1,-1,-1
315,5,1748.74,421.22,176.02,517.85,0.7129,-1,-1,-1
315,22,1027.12,400.33,222.93,614.18,0.8599,-1,-1,-1
315,30,805.27,443.84,77.14,213.77,0.7225,-1,-1,-1
315,34,1748.74,421.22,176.02,517.85,0.7129,-1,-1,-1
315,26,868.60,417.72,161.13,534.59,0.8152,-1,-1,-1
315,39,1272.14,427.06,86.16,259.96,0.7805,-1,-1,-1
315,24,1629.29,417.09,201.84,448.54,0.4206,-1,-1,-1
315,47,13.34,382.72,173.23,477.80,0.8670,-1,-1,-1
315,31,497.44,454.65,45.47,106.56,0.4380,-1,-1,-1
315,41,1193.75,435.94,43.42,114.93,0.5376,-1,-1,-1
315,40,732.46,480.91,50.65,116.92,0.3642,-1,-1,-1
316,11,1032.59,401.09,215.95,612.44,0.8601,-1,-1,-1
316,5,1781.42,418.13,141.60,519.27,0.7917,-1,-1,-1
316,22,1032.59,401.09,215.95,612.44,0.8601,-1,-1,-1
316,30,806.13,444.02,79.06,214.83,0.6919,-1,-1,-1
316,34,1781.42,418.13,141.60,519.27,0.7917,-1,-1,-1
316,26,867.45,416.29,161.37,535.97,0.8042,-1,-1,-1
316,39,1270.97,427.62,75.86,260.95,0.7539,-1,-1,-1
316,24,1637.51,414.94,212.52,470.04,0.6289,-1,-1,-1
316,47,17.30,390.53,205.11,471.47,0.8802,-1,-1,-1
316,31,497.78,453.47,44.62,107.81,0.4584,-1,-1,-1
316,41,1195.11,435.87,44.74,115.06,0.6064,-1,-1,-1
316,40,731.46,481.15,51.20,116.21,0.3195,-1,-1,-1
317,11,1035.96,400.17,212.24,613.63,0.8566,-1,-1,-1
317,5,1799.02,416.42,123.44,518.94,0.7086,-1,-1,-1
317,22,1035.96,400.17,212.24,613.63,0.8566,-1,-1,-1
317,30,807.67,443.67,72.41,216.51,0.6837,-1,-1,-1
317,34,1799.03,416.42,123.44,518.94,0.7086,-1,-1,-1
317,26,866.09,417.11,164.87,534.65,0.8189,-1,-1,-1
317,39,1265.40,423.47,74.65,263.31,0.7736,-1,-1,-1
317,24,1646.16,410.74,206.91,475.99,0.5941,-1,-1,-1
317,47,18.50,392.50,235.26,469.82,0.8819,-1,-1,-1
317,31,497.94,451.88,43.54,109.56,0.4662,-1,-1,-1
317,41,1196.41,436.82,44.19,114.16,0.5818,-1,-1,-1
317,40,731.71,481.72,50.84,115.70,0.3407,-1,-1,-1
317,29,378.19,463.96,45.01,111.09,0.3869,-1,-1,-1
318,11,1039.06,399.97,209.61,613.15,0.8526,-1,-1,-1
318,5,1790.93,419.71,130.01,524.26,0.6355,-1,-1,-1
318,22,1039.06,399.97,209.61,613.15,0.8526,-1,-1,-1
318,30,808.71,443.61,70.35,216.71,0.6699,-1,-1,-1
318,34,1790.93,419.71,130.01,524.26,0.6355,-1,-1,-1
318,26,867.36,417.02,165.17,534.88,0.8160,-1,-1,-1
318,39,1258.12,427.14,77.77,259.08,0.7975,-1,-1,-1
318,24,1673.35,409.19,176.29,448.97,0.3696,-1,-1,-1
318,47,18.42,393.69,262.29,469.48,0.9009,-1,-1,-1
318,31,497.48,452.71,42.72,108.55,0.4917,-1,-1,-1
318,41,1198.67,437.21,44.75,112.67,0.5600,-1,-1,-1
318,40,731.07,481.62,51.15,115.64,0.3319,-1,-1,-1
318,29,377.60,463.34,45.62,110.92,0.3303,-1,-1,-1
319,11,1041.33,400.23,207.40,611.99,0.8536,-1,-1,-1
319,5,1809.81,416.85,111.03,525.61,0.6740,-1,-1,-1
319,22,1041.33,400.23,207.40,611.99,0.8536,-1,-1,-1
319,30,813.37,444.30,70.49,215.13,0.6716,-1,-1,-1
319,34,1775.25,415.89,146.26,515.34,0.5298,-1,-1,-1
319,26,866.68,416.38,166.47,535.55,0.8180,-1,-1,-1
319,39,1246.54,427.41,87.77,259.21,0.7734,-1,-1,-1
319,24,1705.86,403.69,147.34,448.79,0.4394,-1,-1,-1
319,47,18.62,393.69,278.52,469.96,0.8976,-1,-1,-1
319,31,496.85,453.54,41.80,107.85,0.4822,-1,-1,-1
319,41,1200.78,438.68,44.75,110.31,0.5845,-1,-1,-1
319,29,377.44,462.93,46.05,111.32,0.3378,-1,-1,-1
320,11,1044.83,401.15,203.29,610.80,0.8577,-1,-1,-1
320,5,1828.39,417.56,92.11,523.95,0.7309,-1,-1,-1
320,22,1044.83,401.15,203.29,610.80,0.8577,-1,-1,-1
320,30,816.11,444.97,72.13,214.49,0.6273,-1,-1,-1
320,34,1813.53,417.24,107.66,520.06,0.7309,-1,-1,-1
320,26,865.90,416.45,168.74,534.93,0.8261,-1,-1,-1
320,39,1233.92,433.56,100.35,254.23,0.7424,-1,-1,-1
320,24,1707.93,399.22,150.05,458.09,0.5105,-1,-1,-1
320,47,20.44,396.09,288.22,466.47,0.8933,-1,-1,-1
320,31,496.53,451.17,41.20,110.01,0.4494,-1,-1,-1
320,41,1202.83,440.36,44.31,108.27,0.4240,-1,-1,-1
321,11,1047.51,400.80,200.36,611.13,0.8621,-1,-1,-1
321,5,1844.18,425.31,76.00,516.41,0.7350,-1,-1,-1
321,22,1047.51,400.80,200.36,611.13,0.8621,-1,-1,-1
321,30,818.74,447.24,69.92,211.86,0.6440,-1,-1,-1
321,34,1840.05,425.20,80.37,514.97,0.7350,-1,-1,-1
321,26,867.37,417.03,166.47,534.35,0.8209,-1,-1,-1
321,39,1231.61,434.87,103.04,252.24,0.7711,-1,-1,-1
321,24,1716.12,400.01,147.91,449.49,0.5456,-1,-1,-1
321,47,22.15,397.34,293.00,464.30,0.8873,-1,-1,-1
321,31,495.60,448.92,40.55,112.14,0.4157,-1,-1,-1
321,41,1206.02,442.40,42.34,99.29,0.3213,-1,-1,-1
321,50,1437.92,435.25,43.21,114.29,0.5420,-1,-1,-1
322,11,1049.08,403.11,198.25,609.43,0.8586,-1,-1,-1
322,5,1856.32,427.32,63.55,513.64,0.6971,-1,-1,-1
322,22,1049.08,403.11,198.25,609.43,0.8586,-1,-1,-1
322,30,820.24,448.44,70.93,210.93,0.6700,-1,-1,-1
322,34,1855.39,427.31,64.54,513.14,0.6971,-1,-1,-1
322,26,868.15,416.78,164.43,534.59,0.8249,-1,-1,-1
322,39,1229.22,440.83,105.56,245.10,0.7587,-1,-1,-1
322,24,1728.98,395.64,143.94,451.94,0.5513,-1,-1,-1
322,47,24.63,399.27,298.23,456.36,0.8864,-1,-1,-1
322,31,493.84,446.82,41.73,114.47,0.4478,-1,-1,-1
322,50,1437.16,434.74,45.48,114.61,0.5469,-1,-1,-1
322,29,376.75,462.54,46.70,111.63,0.3768,-1,-1,-1
323,11,1051.14,402.51,195.56,609.54,0.8646,-1,-1,-1
323,5,1861.66,453.85,58.01,488.31,0.6178,-1,-1,-1
323,22,1051.14,402.51,195.56,609.54,0.8646,-1,-1,-1
323,30,821.15,451.67,73.19,207.51,0.6407,-1,-1,-1
323,34,1861.42,453.84,58.27,488.18,0.6178,-1,-1,-1
323,26,869.79,415.91,165.05,535.44,0.8175,-1,-1,-1
323,39,1228.44,441.24,103.15,243.50,0.7666,-1,-1,-1
323,24,1737.90,393.23,143.13,452.47,0.6869,-1,-1,-1
323,47,25.95,402.01,302.36,450.58,0.8896,-1,-1,-1
323,31,492.93,446.14,42.56,114.94,0.4655,-1,-1,-1
323,50,1436.91,437.67,50.11,111.12,0.4973,-1,-1,-1
323,29,376.58,462.86,46.65,111.49,0.4024,-1,-1,-1
324,11,1054.45,400.49,192.21,611.66,0.8561,-1,-1,-1
324,5,1862.74,450.42,56.83,493.45,0.5791,-1,-1,-1
324,22,1054.45,400.49,192.21,611.66,0.8561,-1,-1,-1
324,30,821.68,455.60,74.21,203.12,0.6244,-1,-1,-1
324,34,1862.63,450.43,56.96,493.44,0.5791,-1,-1,-1
324,26,871.71,415.95,164.61,535.55,0.8079,-1,-1,-1
324,39,1222.59,439.16,103.88,245.70,0.7494,-1,-1,-1
324,24,1748.52,392.49,141.86,454.84,0.6025,-1,-1,-1
324,47,31.05,403.62,299.87,444.88,0.8970,-1,-1,-1
324,31,492.09,446.31,42.94,114.75,0.4751,-1,-1,-1
324,50,1439.22,440.51,52.00,108.26,0.5530,-1,-1,-1
324,29,376.65,463.75,46.28,110.70,0.4077,-1,-1,-1
325,11,1056.53,398.79,190.81,613.34,0.8534,-1,-1,-1
325,5,1865.04,416.51,54.52,525.76,0.5332,-1,-1,-1
325,22,1056.53,398.79,190.81,613.34,0.8534,-1,-1,-1
325,30,825.53,447.22,76.01,213.81,0.4447,-1,-1,-1
325,34,1864.98,416.55,54.60,525.78,0.5332,-1,-1,-1
325,26,873.72,415.46,163.21,535.93,0.8058,-1,-1,-1
325,39,1217.78,442.86,102.87,241.52,0.6806,-1,-1,-1
325,24,1758.23,391.64,152.62,467.53,0.5506,-1,-1,-1
325,47,39.65,403.34,292.55,443.92,0.9014,-1,-1,-1
325,31,491.84,446.48,42.42,115.46,0.4746,-1,-1,-1
325,50,1443.41,440.12,51.82,108.05,0.5737,-1,-1,-1
325,29,376.30,464.09,47.18,110.50,0.4270,-1,-1,-1
326,11,1057.68,398.49,190.49,613.98,0.8585,-1,-1,-1
326,22,1057.68,398.49,190.49,613.98,0.8585,-1,-1,-1
326,30,828.25,442.35,79.91,220.49,0.3754,-1,-1,-1
326,34,1863.08,410.51,56.35,532.82,0.3085,-1,-1,-1
326,26,875.28,415.66,162.22,535.90,0.7934,-1,-1,-1
326,39,1212.34,451.85,98.88,229.60,0.5425,-1,-1,-1
326,24,1765.10,393.16,154.62,493.99,0.6153,-1,-1,-1
326,47,54.09,403.63,278.08,440.64,0.8902,-1,-1,-1
326,31,490.64,445.62,43.64,116.25,0.4509,-1,-1,-1
326,50,1446.28,441.52,50.92,106.94,0.5911,-1,-1,-1
326,29,376.65,465.33,46.98,109.72,0.4041,-1,-1,-1
327,11,1058.29,396.49,190.21,616.61,0.8636,-1,-1,-1
327,22,1058.29,396.49,190.21,616.61,0.8636,-1,-1,-1
327,30,841.26,442.95,67.82,166.03,0.3474,-1,-1,-1
327,26,878.60,416.62,158.85,534.90,0.7847,-1,-1,-1
327,39,1207.02,439.31,74.76,202.76,0.4024,-1,-1,-1
327,24,1770.32,392.16,152.56,525.77,0.7192,-1,-1,-1
327,47,76.77,402.06,254.60,438.37,0.8739,-1,-1,-1
327,31,489.79,445.26,43.57,116.31,0.5021,-1,-1,-1
327,50,1448.00,441.82,52.91,106.50,0.5942,-1,-1,-1
327,29,376.38,466.36,47.72,108.57,0.4006,-1,-1,-1
328,11,1058.25,395.96,191.43,617.52,0.8601,-1,-1,-1
328,22,1058.25,395.96,191.43,617.52,0.8601,-1,-1,-1
328,30,852.41,444.57,59.00,137.62,0.3227,-1,-1,-1
328,26,879.73,415.93,157.71,535.83,0.7549,-1,-1,-1
328,39,1202.16,442.73,78.93,219.00,0.3384,-1,-1,-1
328,24,1771.80,389.03,151.82,545.68,0.7892,-1,-1,-1
328,47,98.14,394.17,233.03,439.14,0.8825,-1,-1,-1
328,31,489.67,448.79,42.06,112.83,0.3993,-1,-1,-1
328,50,1452.24,442.58,48.35,105.29,0.6210,-1,-1,-1
328,29,377.09,466.92,47.55,108.49,0.4553,-1,-1,-1
328,40,733.73,484.81,48.94,112.48,0.3387,-1,-1,-1
329,11,1058.28,398.10,191.77,616.00,0.8602,-1,-1,-1
329,22,1058.28,398.10,191.77,616.00,0.8602,-1,-1,-1
329,26,876.02,417.42,162.00,535.87,0.7762,-1,-1,-1
329,24,1770.25,393.20,153.42,547.10,0.8197,-1,-1,-1
329,47,120.69,392.06,208.98,435.06,0.8311,-1,-1,-1
329,31,489.60,452.05,42.12,109.74,0.3901,-1,-1,-1
329,50,1456.79,442.00,42.91,104.13,0.5398,-1,-1,-1
329,29,377.24,467.09,47.50,107.92,0.4090,-1,-1,-1
329,40,733.62,484.53,49.13,113.32,0.3472,-1,-1,-1
330,11,1058.34,396.83,191.67,617.52,0.8641,-1,-1,-1
330,22,1058.34,396.83,191.67,617.52,0.8641,-1,-1,-1
330,26,870.85,418.97,168.82,534.15,0.8045,-1,-1,-1
330,24,1769.85,395.52,153.65,541.25,0.7418,-1,-1,-1
330,47,145.21,396.90,182.49,427.24,0.8068,-1,-1,-1
330,31,488.96,452.49,42.55,109.35,0.4433,-1,-1,-1
330,50,1460.25,441.52,39.69,103.37,0.4593,-1,-1,-1
330,29,377.60,466.75,47.02,107.55,0.4268,-1,-1,-1
330,40,734.85,484.88,47.67,112.57,0.3620,-1,-1,-1
331,11,1058.52,395.73,193.06,618.59,0.8650,-1,-1,-1
331,22,1058.52,395.73,193.06,618.59,0.8650,-1,-1,-1
331,26,869.46,419.93,171.46,532.93,0.8023,-1,-1,-1
331,24,1769.92,392.44,153.21,490.60,0.7401,-1,-1,-1
331,47,172.23,394.12,156.12,428.98,0.7996,-1,-1,-1
331,31,488.04,452.99,42.93,109.02,0.3925,-1,-1,-1
331,50,1464.02,440.88,37.79,104.44,0.5806,-1,-1,-1
331,29,377.30,465.82,47.32,108.33,0.4195,-1,-1,-1
331,40,734.82,483.94,47.27,113.87,0.3468,-1,-1,-1
332,11,1059.16,396.35,193.62,618.77,0.8638,-1,-1,-1
332,22,1059.16,396.35,193.62,618.77,0.8638,-1,-1,-1
332,26,870.89,420.23,173.92,532.46,0.8235,-1,-1,-1
332,24,1770.54,393.62,152.35,469.80,0.7845,-1,-1,-1
332,47,199.87,392.67,137.07,430.41,0.7748,-1,-1,-1
332,31,488.64,451.42,41.79,110.77,0.4044,-1,-1,-1
332,50,1467.04,440.24,39.43,105.94,0.5811,-1,-1,-1
332,29,377.68,463.60,47.25,111.80,0.4430,-1,-1,-1
332,40,736.19,484.26,46.55,113.60,0.3064,-1,-1,-1
333,11,1059.95,396.99,194.68,618.08,0.8717,-1,-1,-1
333,22,1059.95,396.99,194.68,618.08,0.8717,-1,-1,-1
333,26,871.70,419.76,175.69,532.95,0.8293,-1,-1,-1
333,24,1770.56,393.87,152.00,464.07,0.7829,-1,-1,-1
333,47,217.88,390.57,132.72,432.46,0.7503,-1,-1,-1
333,31,490.26,452.55,40.38,109.32,0.3876,-1,-1,-1
333,50,1471.03,440.38,38.65,104.48,0.5667,-1,-1,-1
333,40,738.19,482.40,45.46,115.89,0.3100,-1,-1,-1
333,51,0.39,592.05,109.73,197.62,0.3760,-1,-1,-1
334,11,1061.02,396.68,193.58,618.45,0.8759,-1,-1,-1
334,22,1061.02,396.68,193.58,618.45,0.8759,-1,-1,-1
334,26,872.43,420.14,176.75,532.49,0.8307,-1,-1,-1
334,24,1775.61,392.45,146.52,462.93,0.6609,-1,-1,-1
334,47,226.18,398.86,141.20,423.59,0.7154,-1,-1,-1
334,31,490.95,453.14,39.45,108.63,0.3503,-1,-1,-1
334,50,1472.87,440.37,37.54,105.63,0.4881,-1,-1,-1
334,40,739.07,482.36,45.56,116.21,0.3445,-1,-1,-1
334,51,0.51,484.48,126.56,306.83,0.6672,-1,-1,-1
335,11,1061.44,396.73,191.99,617.60,0.8785,-1,-1,-1
335,22,1061.44,396.73,191.99,617.60,0.8785,-1,-1,-1
335,26,872.64,419.55,177.52,532.95,0.8365,-1,-1,-1
335,24,1780.91,402.89,140.83,453.83,0.6199,-1,-1,-1
335,47,206.97,414.68,177.78,407.25,0.7267,-1,-1,-1
335,31,490.36,449.95,40.02,112.42,0.4444,-1,-1,-1
335,50,1474.27,439.03,38.25,106.52,0.5404,-1,-1,-1
335,40,739.01,481.51,45.45,117.81,0.3819,-1,-1,-1
335,51,0.43,449.59,139.67,337.39,0.6944,-1,-1,-1
336,11,1060.69,396.62,192.42,617.51,0.8793,-1,-1,-1
336,22,1060.69,396.62,192.42,617.51,0.8793,-1,-1,-1
336,26,873.13,420.45,175.65,532.06,0.8424,-1,-1,-1
336,24,1789.18,429.22,132.21,429.17,0.5101,-1,-1,-1
336,47,209.52,414.94,189.19,404.60,0.6275,-1,-1,-1
336,31,489.11,447.93,40.22,113.37,0.4386,-1,-1,-1
336,50,1475.60,438.18,37.41,106.60,0.5230,-1,-1,-1
336,40,737.44,482.67,46.53,116.27,0.3294,-1,-1,-1
336,51,0.31,429.28,147.04,358.48,0.8054,-1,-1,-1
337,11,1060.79,397.03,194.21,617.56,0.8804,-1,-1,-1
337,22,1060.79,397.03,194.21,617.56,0.8804,-1,-1,-1
337,26,873.95,419.71,174.51,532.88,0.8340,-1,-1,-1
337,24,1803.32,436.42,117.52,421.95,0.3929,-1,-1,-1
337,47,222.49,424.60,194.72,397.96,0.7153,-1,-1,-1
337,50,1476.21,436.71,39.10,108.94,0.5354,-1,-1,-1
337,40,735.84,483.01,47.13,116.94,0.3873,-1,-1,-1
337,51,0.33,423.56,151.68,363.18,0.8235,-1,-1,-1
338,11,1061.17,397.21,195.62,617.18,0.8736,-1,-1,-1
338,22,1061.17,397.21,195.62,617.18,0.8736,-1,-1,-1
338,26,874.84,418.73,175.78,534.26,0.8207,-1,-1,-1
338,47,229.35,435.56,209.74,387.39,0.7955,-1,-1,-1
338,50,1478.92,436.20,40.59,109.44,0.5941,-1,-1,-1
338,40,735.23,483.42,47.49,116.76,0.3669,-1,-1,-1
338,51,0.53,428.08,152.33,357.69,0.8323,-1,-1,-1
339,11,1062.31,396.68,193.62,617.45,0.8826,-1,-1,-1
339,22,1062.31,396.68,193.62,617.45,0.8826,-1,-1,-1
339,26,875.46,418.41,173.70,534.80,0.8225,-1,-1,-1
339,47,236.87,415.58,215.11,407.00,0.8189,-1,-1,-1
339,50,1481.53,436.95,41.64,108.79,0.5214,-1,-1,-1
339,40,736.45,484.74,46.08,114.91,0.4449,-1,-1,-1
339,51,0.60,429.49,153.12,355.61,0.8344,-1,-1,-1
340,11,1062.76,398.12,194.37,615.67,0.8842,-1,-1,-1
340,22,1062.76,398.12,194.37,615.67,0.8842,-1,-1,-1
340,26,876.91,418.24,170.83,534.87,0.8207,-1,-1,-1
340,47,237.25,408.98,224.32,413.95,0.8486,-1,-1,-1
340,50,1484.11,436.84,41.13,109.27,0.4271,-1,-1,-1
340,40,736.83,484.99,45.23,114.26,0.4511,-1,-1,-1
340,51,0.60,429.14,151.97,356.67,0.8388,-1,-1,-1
340,54,679.91,491.68,49.30,112.48,0.3514,-1,-1,-1
341,11,1063.80,401.46,194.19,612.37,0.8852,-1,-1,-1
341,22,1063.80,401.46,194.19,612.37,0.8852,-1,-1,-1
341,26,878.11,418.02,169.28,534.72,0.8210,-1,-1,-1
341,47,241.56,423.23,223.01,399.00,0.8177,-1,-1,-1
341,40,736.57,483.95,45.03,115.21,0.4480,-1,-1,-1
341,51,0.41,425.99,152.64,359.11,0.8458,-1,-1,-1
341,54,679.42,491.93,49.34,111.73,0.3516,-1,-1,-1
342,11,1065.34,400.75,195.98,612.73,0.8778,-1,-1,-1
342,22,1065.34,400.75,195.98,612.73,0.8778,-1,-1,-1
342,26,881.41,421.57,171.30,530.98,0.8177,-1,-1,-1
342,47,243.33,430.49,224.23,390.61,0.8158,-1,-1,-1
342,40,737.88,483.65,43.86,115.06,0.4758,-1,-1,-1
342,51,0.87,429.12,153.29,355.46,0.8345,-1,-1,-1
342,54,679.26,489.93,50.20,114.04,0.3739,-1,-1,-1
343,11,1065.63,400.91,194.48,612.56,0.8818,-1,-1,-1
343,22,1065.63,400.91,194.48,612.56,0.8818,-1,-1,-1
343,26,884.12,422.84,169.53,529.72,0.8164,-1,-1,-1
343,47,245.33,431.53,221.89,388.55,0.8164,-1,-1,-1
343,40,738.24,484.72,44.63,113.92,0.4111,-1,-1,-1
343,51,0.67,426.01,153.19,361.93,0.7918,-1,-1,-1
343,54,677.39,489.07,53.17,113.78,0.3020,-1,-1,-1
344,11,1066.16,400.08,194.84,613.54,0.8784,-1,-1,-1
344,22,1066.16,400.08,194.84,613.54,0.8784,-1,-1,-1
344,26,886.37,424.01,168.19,528.36,0.8186,-1,-1,-1
344,47,247.77,419.29,218.51,399.02,0.8112,-1,-1,-1
344,40,737.33,484.96,45.93,114.33,0.4690,-1,-1,-1
344,51,6.74,427.26,146.61,359.61,0.7777,-1,-1,-1
344,54,676.54,488.12,54.77,115.47,0.3695,-1,-1,-1
345,11,1066.46,400.75,197.52,612.31,0.8807,-1,-1,-1
345,22,1066.46,400.75,197.52,612.31,0.8807,-1,-1,-1
345,26,888.88,424.25,165.53,527.67,0.8060,-1,-1,-1
345,47,250.86,411.25,214.06,405.94,0.8545,-1,-1,-1
345,40,735.32,484.11,48.45,114.68,0.3773,-1,-1,-1
345,51,11.41,426.83,143.05,360.75,0.8137,-1,-1,-1
345,54,677.85,489.17,53.94,114.83,0.3229,-1,-1,-1
346,11,1066.90,400.49,196.98,613.01,0.8778,-1,-1,-1
346,22,1066.90,400.49,196.98,613.01,0.8778,-1,-1,-1
346,26,890.13,424.29,167.27,527.23,0.8132,-1,-1,-1
346,47,260.18,404.74,203.81,411.01,0.8380,-1,-1,-1
346,40,734.13,483.29,50.09,115.55,0.4085,-1,-1,-1
346,51,30.17,429.61,129.23,356.51,0.8017,-1,-1,-1
346,54,676.60,491.57,54.73,113.36,0.3189,-1,-1,-1
347,11,1067.57,402.22,198.21,611.67,0.8742,-1,-1,-1
347,22,1067.57,402.22,198.21,611.67,0.8742,-1,-1,-1
347,26,891.53,424.39,168.26,526.85,0.8083,-1,-1,-1
347,47,271.22,402.83,193.12,413.64,0.8133,-1,-1,-1
347,40,733.67,483.97,50.34,115.03,0.3358,-1,-1,-1
347,51,47.59,432.74,123.16,350.59,0.8051,-1,-1,-1
347,54,673.17,489.31,57.64,117.81,0.3355,-1,-1,-1
348,11,1067.55,400.35,199.98,613.36,0.8732,-1,-1,-1
348,22,1067.55,400.35,199.98,613.36,0.8732,-1,-1,-1
348,26,895.21,423.67,162.02,527.23,0.8008,-1,-1,-1
348,47,287.61,405.68,178.63,409.27,0.7897,-1,-1,-1
348,40,731.79,482.25,52.89,116.06,0.3803,-1,-1,-1
348,51,53.70,431.12,128.32,351.85,0.6839,-1,-1,-1
349,11,1067.53,401.67,201.15,612.32,0.8727,-1,-1,-1
349,22,1067.53,401.67,201.15,612.32,0.8727,-1,-1,-1
349,26,898.30,422.64,159.55,528.49,0.8063,-1,-1,-1
349,47,298.27,401.88,163.58,405.50,0.8061,-1,-1,-1
349,51,47.85,430.20,143.49,352.96,0.5184,-1,-1,-1
350,11,1067.07,400.36,201.42,613.37,0.8741,-1,-1,-1
350,22,1067.07,400.36,201.42,613.37,0.8741,-1,-1,-1
350,26,899.23,421.86,161.98,529.33,0.8088,-1,-1,-1
350,47,313.87,398.57,147.40,406.10,0.8008,-1,-1,-1
350,51,66.95,432.21,141.50,351.16,0.7809,-1,-1,-1
350,31,474.84,444.04,53.49,117.86,0.4959,-1,-1,-1
351,11,1066.93,399.94,199.84,613.93,0.8753,-1,-1,-1
351,22,1066.93,399.94,199.84,613.93,0.8753,-1,-1,-1
351,26,899.49,421.81,163.13,528.99,0.8007,-1,-1,-1
351,47,337.80,392.27,124.59,407.69,0.7796,-1,-1,-1
351,51,70.16,434.10,165.88,349.14,0.8103,-1,-1,-1
351,55,0.56,503.14,52.55,351.21,0.5297,-1,-1,-1
351,31,475.63,445.94,52.16,115.83,0.4333,-1,-1,-1
352,11,1066.38,400.48,201.24,613.57,0.8788,-1,-1,-1
352,22,1066.38,400.48,201.24,613.57,0.8788,-1,-1,-1
352,26,900.29,422.38,163.29,527.85,0.7985,-1,-1,-1
352,47,356.64,394.60,112.33,403.45,0.7257,-1,-1,-1
352,51,72.95,433.71,184.62,348.55,0.8394,-1,-1,-1
352,55,0.55,505.87,59.65,349.51,0.5709,-1,-1,-1
352,31,476.18,445.68,51.42,115.84,0.4016,-1,-1,-1
353,11,1065.70,400.31,201.14,614.00,0.8773,-1,-1,-1
353,22,1065.70,400.31,201.14,614.00,0.8773,-1,-1,-1
353,26,900.77,421.66,162.03,527.66,0.8014,-1,-1,-1
353,47,369.60,408.39,109.25,390.46,0.5820,-1,-1,-1
353,51,78.58,432.91,198.46,349.62,0.8505,-1,-1,-1
353,55,0.46,507.09,70.10,349.21,0.6884,-1,-1,-1
354,11,1065.58,399.49,201.51,614.90,0.8737,-1,-1,-1
354,22,1065.58,399.49,201.51,614.90,0.8737,-1,-1,-1
354,26,901.49,421.87,163.87,527.60,0.7946,-1,-1,-1
354,47,369.87,402.02,119.33,397.88,0.5878,-1,-1,-1
354,51,83.78,433.44,206.68,348.95,0.8238,-1,-1,-1
354,55,0.66,501.21,79.73,353.04,0.6864,-1,-1,-1
355,11,1066.06,400.19,199.79,613.91,0.8756,-1,-1,-1
355,22,1066.06,400.19,199.79,613.91,0.8756,-1,-1,-1
355,26,901.95,421.88,164.79,526.52,0.7721,-1,-1,-1
355,47,387.24,400.50,114.11,397.22,0.5049,-1,-1,-1
355,51,87.18,436.23,210.35,342.21,0.8581,-1,-1,-1
355,55,0.69,476.33,102.30,376.86,0.7160,-1,-1,-1
355,40,735.10,485.37,48.79,112.03,0.3871,-1,-1,-1
356,11,1066.11,401.10,198.96,613.59,0.8681,-1,-1,-1
356,22,1066.11,401.10,198.96,613.59,0.8681,-1,-1,-1
356,26,903.46,421.94,161.59,524.74,0.7562,-1,-1,-1
356,47,365.74,401.67,149.55,396.05,0.6151,-1,-1,-1
356,51,97.49,437.08,203.29,336.53,0.8342,-1,-1,-1
356,55,0.69,456.62,136.08,396.22,0.8015,-1,-1,-1
356,40,738.17,486.45,43.62,111.95,0.4018,-1,-1,-1
357,11,1066.22,399.96,202.64,614.85,0.8535,-1,-1,-1
357,22,1066.22,399.96,202.64,614.85,0.8535,-1,-1,-1
357,26,904.60,421.75,158.70,523.16,0.7648,-1,-1,-1
357,47,364.48,403.95,174.36,395.28,0.6802,-1,-1,-1
357,51,110.22,436.33,192.03,332.83,0.8123,-1,-1,-1
357,55,0.74,450.01,166.74,406.32,0.8445,-1,-1,-1
358,11,1066.74,400.22,203.76,614.55,0.8522,-1,-1,-1
358,22,1066.74,400.22,203.76,614.55,0.8522,-1,-1,-1
358,26,904.68,419.83,158.19,524.06,0.7858,-1,-1,-1
358,47,384.25,401.61,175.41,395.56,0.6520,-1,-1,-1
358,51,124.18,436.29,177.79,331.20,0.8111,-1,-1,-1
358,55,0.67,449.03,194.75,407.06,0.8560,-1,-1,-1
358,40,736.50,484.57,45.10,114.89,0.3773,-1,-1,-1
359,11,1067.13,399.52,204.90,615.12,0.8521,-1,-1,-1
359,22,1067.13,399.52,204.90,615.12,0.8521,-1,-1,-1
359,26,906.97,419.59,155.80,523.85,0.7900,-1,-1,-1
359,47,393.61,405.23,182.95,393.23,0.8121,-1,-1,-1
359,51,133.56,434.81,168.10,332.34,0.8212,-1,-1,-1
359,55,0.44,444.37,208.54,410.67,0.8449,-1,-1,-1
359,58,1045.86,429.77,65.62,213.49,0.4362,-1,-1,-1
359,40,735.91,483.60,46.13,116.23,0.3855,-1,-1,-1
360,11,1067.03,400.56,206.90,614.30,0.8504,-1,-1,-1
360,22,1067.03,400.56,206.90,614.30,0.8504,-1,-1,-1
360,26,908.53,419.94,157.60,522.98,0.7900,-1,-1,-1
360,47,399.14,409.22,189.53,388.98,0.8066,-1,-1,-1
360,51,143.96,435.22,158.54,328.85,0.7775,-1,-1,-1
360,55,0.33,443.68,218.51,410.69,0.8746,-1,-1,-1
360,40,736.97,486.17,45.03,113.87,0.3588,-1,-1,-1
361,11,1066.95,401.75,208.76,612.96,0.8539,-1,-1,-1
361,22,1066.95,401.75,208.76,612.96,0.8539,-1,-1,-1
361,26,909.14,419.37,158.19,520.57,0.7994,-1,-1,-1
361,47,399.27,406.67,199.66,391.41,0.8432,-1,-1,-1
361,51,164.67,434.81,138.29,328.61,0.7522,-1,-1,-1
361,55,0.14,441.76,225.58,411.61,0.8766,-1,-1,-1
362,11,1067.86,402.16,209.24,612.66,0.8603,-1,-1,-1
362,22,1067.86,402.16,209.24,612.66,0.8603,-1,-1,-1
362,26,909.53,417.47,160.09,519.92,0.8060,-1,-1,-1
362,47,398.76,406.58,204.20,392.03,0.8477,-1,-1,-1
362,51,174.22,437.90,126.71,326.18,0.6726,-1,-1,-1
362,55,0.13,442.32,234.99,412.11,0.8540,-1,-1,-1
363,11,1068.09,401.81,209.42,612.86,0.8537,-1,-1,-1
363,22,1068.09,401.81,209.42,612.86,0.8537,-1,-1,-1
363,26,912.52,418.87,161.17,517.58,0.8019,-1,-1,-1
363,47,395.60,409.84,209.23,388.42,0.8394,-1,-1,-1
363,51,182.96,437.68,116.83,327.37,0.7536,-1,-1,-1
363,55,0.03,443.62,237.26,409.90,0.8441,-1,-1,-1
363,50,1540.97,426.11,40.84,118.51,0.3511,-1,-1,-1
363,40,732.94,482.90,47.82,115.86,0.3877,-1,-1,-1
364,11,1068.28,401.59,210.70,613.14,0.8541,-1,-1,-1
364,22,1068.28,401.59,210.70,613.14,0.8541,-1,-1,-1
364,26,914.62,414.62,160.59,520.16,0.8270,-1,-1,-1
364,47,396.56,413.81,207.99,384.57,0.8503,-1,-1,-1
364,51,195.70,440.70,104.27,323.66,0.7327,-1,-1,-1
364,55,0.20,439.82,237.12,410.93,0.8535,-1,-1,-1
364,50,1543.20,426.17,40.66,118.54,0.3542,-1,-1,-1
364,40,732.82,482.87,48.11,116.05,0.4334,-1,-1,-1
365,11,1068.31,402.49,210.48,611.81,0.8522,-1,-1,-1
365,22,1068.31,402.49,210.48,611.81,0.8522,-1,-1,-1
365,26,916.60,413.13,160.17,521.15,0.8190,-1,-1,-1
365,47,396.21,413.06,207.63,384.86,0.8574,-1,-1,-1
365,51,203.24,438.26,101.81,326.30,0.7416,-1,-1,-1
365,55,1.48,439.74,239.01,411.85,0.8604,-1,-1,-1
365,40,733.37,481.80,47.99,117.57,0.4255,-1,-1,-1
366,11,1068.34,400.53,209.82,614.17,0.8473,-1,-1,-1
366,22,1068.34,400.53,209.82,614.17,0.8473,-1,-1,-1
366,26,919.02,412.11,159.96,522.62,0.8289,-1,-1,-1
366,47,398.01,411.85,205.54,382.50,0.8215,-1,-1,-1
366,51,209.07,435.97,102.11,328.26,0.7748,-1,-1,-1
366,55,3.14,440.44,238.62,409.26,0.8591,-1,-1,-1
366,40,733.21,482.00,46.92,116.92,0.4099,-1,-1,-1
367,11,1068.51,400.96,211.78,613.96,0.8217,-1,-1,-1
367,22,1068.51,400.96,211.78,613.96,0.8217,-1,-1,-1
367,26,921.99,410.75,157.97,524.41,0.8252,-1,-1,-1
367,47,400.15,406.91,199.80,385.11,0.8417,-1,-1,-1
367,51,218.34,436.03,104.99,327.93,0.7569,-1,-1,-1
367,55,20.99,440.26,220.39,400.16,0.7860,-1,-1,-1
367,40,732.26,481.61,46.68,117.14,0.4558,-1,-1,-1
368,11,1068.37,399.44,217.67,615.52,0.7876,-1,-1,-1
368,22,1068.37,399.44,217.67,615.52,0.7876,-1,-1,-1
368,26,924.53,409.76,156.32,525.17,0.8198,-1,-1,-1
368,47,402.49,398.71,194.49,390.50,0.8464,-1,-1,-1
368,51,227.42,437.35,116.12,327.12,0.7360,-1,-1,-1
368,55,44.68,436.45,193.17,394.44,0.7833,-1,-1,-1
368,40,731.44,481.70,47.25,116.87,0.4664,-1,-1,-1
369,11,1069.03,400.08,221.76,614.98,0.7466,-1,-1,-1
369,22,1069.03,400.08,221.76,614.98,0.7466,-1,-1,-1
369,26,926.14,413.46,155.53,519.93,0.8221,-1,-1,-1
369,47,407.76,396.54,187.09,392.11,0.8536,-1,-1,-1
369,51,234.60,435.01,131.21,329.34,0.8105,-1,-1,-1
369,55,75.67,433.10,161.66,393.14,0.7697,-1,-1,-1
369,40,731.36,482.24,47.48,116.28,0.4197,-1,-1,-1
370,11,1069.03,398.04,221.23,616.88,0.7957,-1,-1,-1
370,22,1069.03,398.04,221.23,616.88,0.7957,-1,-1,-1
370,26,928.94,415.52,156.69,519.79,0.8017,-1,-1,-1
370,47,414.41,404.23,179.40,385.43,0.8349,-1,-1,-1
370,51,241.05,432.59,146.59,330.96,0.8302,-1,-1,-1
370,55,105.73,434.12,132.88,388.50,0.8106,-1,-1,-1
370,40,730.94,481.14,47.56,117.34,0.4007,-1,-1,-1
371,11,1069.61,397.91,215.19,616.70,0.7175,-1,-1,-1
371,22,1069.61,397.91,215.19,616.70,0.7175,-1,-1,-1
371,26,932.51,415.59,155.76,520.56,0.7965,-1,-1,-1
371,47,426.55,402.20,168.86,386.77,0.8320,-1,-1,-1
371,51,244.21,431.99,159.56,330.89,0.8394,-1,-1,-1
371,55,128.05,438.22,122.07,382.17,0.7984,-1,-1,-1
371,40,730.20,481.30,48.28,117.85,0.3851,-1,-1,-1
372,11,1070.40,397.40,216.00,616.72,0.8192,-1,-1,-1
372,22,1070.40,397.40,216.00,616.72,0.8192,-1,-1,-1
372,26,935.39,415.58,154.95,520.65,0.7962,-1,-1,-1
372,47,439.05,418.10,155.77,363.89,0.7976,-1,-1,-1
372,51,245.04,434.10,167.90,327.68,0.8184,-1,-1,-1
372,55,137.36,437.57,120.89,382.24,0.7600,-1,-1,-1
372,40,730.70,481.97,46.99,116.75,0.3724,-1,-1,-1
373,11,1070.85,397.15,218.42,617.21,0.8389,-1,-1,-1
373,22,1070.85,397.15,218.42,617.21,0.8389,-1,-1,-1
373,26,938.02,416.16,154.58,521.02,0.7950,-1,-1,-1
373,47,457.05,406.06,145.46,370.71,0.8003,-1,-1,-1
373,51,253.06,435.16,164.56,321.72,0.8038,-1,-1,-1
373,55,147.10,435.03,138.51,383.51,0.8091,-1,-1,-1
373,40,731.59,482.52,47.05,115.23,0.3942,-1,-1,-1
373,59,0.34,491.84,46.26,316.24,0.6282,-1,-1,-1
374,11,1071.61,397.74,218.42,616.50,0.8100,-1,-1,-1
374,22,1071.61,397.74,218.42,616.50,0.8100,-1,-1,-1
374,26,942.79,416.73,152.05,519.84,0.7883,-1,-1,-1
374,47,470.96,402.28,139.65,370.35,0.7728,-1,-1,-1
374,51,264.76,440.28,157.85,307.41,0.7794,-1,-1,-1
374,55,156.47,431.84,144.71,385.42,0.7267,-1,-1,-1
374,40,732.58,480.69,47.46,117.39,0.3961,-1,-1,-1
374,59,0.81,491.57,49.86,316.89,0.7027,-1,-1,-1
375,11,1071.53,399.27,219.24,614.49,0.7952,-1,-1,-1
375,22,1071.53,399.27,219.24,614.49,0.7952,-1,-1,-1
375,26,942.82,414.15,152.69,521.17,0.7756,-1,-1,-1
375,47,481.67,406.66,140.52,364.38,0.7128,-1,-1,-1
375,51,277.09,449.17,147.14,297.84,0.7430,-1,-1,-1
375,55,160.93,432.91,167.08,383.54,0.8170,-1,-1,-1
375,40,733.16,480.17,47.52,118.45,0.3849,-1,-1,-1
375,59,0.63,487.37,57.86,324.43,0.6594,-1,-1,-1
376,11,1071.42,399.60,221.16,613.60,0.8091,-1,-1,-1
376,22,1071.42,399.60,221.16,613.60,0.8091,-1,-1,-1
376,26,944.52,416.75,150.03,521.17,0.7742,-1,-1,-1
376,47,488.49,404.50,140.85,364.09,0.6942,-1,-1,-1
376,51,278.36,439.72,147.34,307.66,0.7428,-1,-1,-1
376,55,160.18,436.06,186.39,380.00,0.7677,-1,-1,-1
376,40,731.41,479.33,48.61,119.72,0.3213,-1,-1,-1
376,59,0.34,481.63,69.66,330.82,0.7805,-1,-1,-1
377,11,1071.11,400.43,224.48,613.84,0.8125,-1,-1,-1
377,22,1071.11,400.43,224.48,613.84,0.8125,-1,-1,-1
377,26,946.19,417.32,151.96,521.18,0.7968,-1,-1,-1
377,47,490.44,400.71,143.68,367.37,0.7359,-1,-1,-1
377,51,283.73,441.45,144.88,306.20,0.7060,-1,-1,-1
377,55,158.54,439.07,204.05,377.33,0.7973,-1,-1,-1
377,40,731.21,480.87,47.88,118.68,0.3278,-1,-1,-1
377,59,0.05,451.81,95.04,358.62,0.7791,-1,-1,-1
378,11,1071.58,399.28,223.51,615.55,0.7748,-1,-1,-1
378,22,1071.58,399.28,223.51,615.55,0.7748,-1,-1,-1
378,26,946.45,413.32,155.57,522.77,0.7800,-1,-1,-1
378,47,494.81,396.43,147.24,373.19,0.7882,-1,-1,-1
378,51,292.46,440.67,136.53,309.25,0.6758,-1,-1,-1
378,55,159.18,440.07,211.84,376.36,0.8198,-1,-1,-1
378,40,731.48,482.08,46.68,116.03,0.3455,-1,-1,-1
378,59,0.05,436.67,125.63,373.43,0.8288,-1,-1,-1
379,11,1071.22,397.28,222.28,617.04,0.8308,-1,-1,-1
379,22,1071.22,397.28,222.28,617.04,0.8308,-1,-1,-1
379,26,946.30,411.31,156.69,523.81,0.8142,-1,-1,-1
379,47,500.60,396.73,157.68,373.75,0.7933,-1,-1,-1
379,51,309.58,439.45,119.04,309.48,0.6845,-1,-1,-1
379,55,159.01,441.36,216.33,374.88,0.8248,-1,-1,-1
379,40,731.71,482.05,45.42,116.08,0.3894,-1,-1,-1
379,59,0.06,431.09,138.47,377.36,0.8211,-1,-1,-1
380,11,1071.60,395.60,221.19,618.47,0.8254,-1,-1,-1
380,22,1071.60,395.60,221.19,618.47,0.8254,-1,-1,-1
380,26,946.81,407.65,159.10,526.40,0.8111,-1,-1,-1
380,47,505.76,398.65,163.36,371.99,0.6397,-1,-1,-1
380,51,321.95,444.45,103.00,306.55,0.6354,-1,-1,-1
380,55,160.64,443.03,221.49,371.68,0.8377,-1,-1,-1
380,40,731.28,480.62,43.99,116.81,0.3589,-1,-1,-1
380,59,0.32,428.59,157.49,378.65,0.7753,-1,-1,-1
381,11,1072.19,393.92,217.47,620.33,0.7990,-1,-1,-1
381,22,1072.19,393.92,217.47,620.33,0.7990,-1,-1,-1
381,26,950.93,411.26,157.29,525.49,0.7698,-1,-1,-1
381,47,516.14,405.56,149.86,365.45,0.5869,-1,-1,-1
381,51,324.91,442.18,98.55,309.77,0.7059,-1,-1,-1
381,55,158.59,444.14,226.58,367.26,0.8609,-1,-1,-1
381,40,730.74,479.68,46.46,118.70,0.3086,-1,-1,-1
381,59,0.55,434.39,171.24,372.32,0.7525,-1,-1,-1
382,11,1073.43,396.79,219.97,617.78,0.8141,-1,-1,-1
382,22,1073.43,396.79,219.97,617.78,0.8141,-1,-1,-1
382,26,952.08,414.44,158.83,520.90,0.7524,-1,-1,-1
382,47,533.10,405.63,140.10,364.23,0.6056,-1,-1,-1
382,51,334.65,442.02,95.48,307.53,0.6880,-1,-1,-1
382,55,164.35,442.83,220.90,367.33,0.8297,-1,-1,-1
382,40,730.80,479.21,48.70,120.45,0.3572,-1,-1,-1
382,59,0.65,436.09,179.84,369.68,0.8046,-1,-1,-1
383,11,1073.56,397.28,220.33,617.54,0.8286,-1,-1,-1
383,22,1073.56,397.28,220.33,617.54,0.8286,-1,-1,-1
383,26,954.01,416.34,157.17,521.61,0.6957,-1,-1,-1
383,47,530.18,411.36,150.36,358.53,0.6919,-1,-1,-1
383,51,345.17,443.79,96.97,301.91,0.5562,-1,-1,-1
383,55,181.73,442.27,203.50,367.04,0.7934,-1,-1,-1
383,40,730.45,477.87,51.06,121.98,0.3671,-1,-1,-1
383,59,0.43,436.32,191.10,368.75,0.8582,-1,-1,-1
384,11,1073.83,397.10,220.28,617.85,0.8328,-1,-1,-1
384,22,1073.83,397.10,220.28,617.85,0.8328,-1,-1,-1
384,26,955.68,416.53,153.75,522.72,0.7107,-1,-1,-1
384,47,531.54,408.58,154.55,361.26,0.7504,-1,-1,-1
384,51,361.45,453.05,92.21,291.04,0.6048,-1,-1,-1
384,55,194.82,437.25,189.76,371.81,0.7938,-1,-1,-1
384,40,730.08,475.87,50.83,124.86,0.4528,-1,-1,-1
384,59,0.45,433.32,200.32,372.70,0.8756,-1,-1,-1
384,60,687.83,465.99,47.21,125.41,0.3552,-1,-1,-1
385,11,1074.09,397.14,219.32,617.90,0.7875,-1,-1,-1
385,22,1074.09,397.14,219.32,617.90,0.7875,-1,-1,-1
385,26,957.87,416.55,150.66,523.71,0.7203,-1,-1,-1
385,47,535.53,408.25,154.44,361.78,0.7874,-1,-1,-1
385,51,365.41,443.57,95.88,299.85,0.7062,-1,-1,-1
385,55,210.63,434.19,173.99,369.80,0.8057,-1,-1,-1
385,40,730.27,473.21,50.13,127.77,0.5478,-1,-1,-1
385,59,0.35,434.63,210.81,371.70,0.8629,-1,-1,-1
385,60,687.24,467.94,47.37,126.30,0.3843,-1,-1,-1
386,11,1073.90,397.36,220.29,617.31,0.7052,-1,-1,-1
386,22,1073.90,397.36,220.29,617.31,0.7052,-1,-1,-1
386,26,960.34,415.03,149.45,526.35,0.7416,-1,-1,-1
386,47,540.22,406.41,154.21,363.08,0.8332,-1,-1,-1
386,51,369.12,439.73,110.44,304.81,0.7072,-1,-1,-1
386,55,230.08,435.07,152.83,365.97,0.7922,-1,-1,-1
386,40,730.71,471.00,49.22,129.68,0.5289,-1,-1,-1
386,59,0.22,433.12,213.91,374.36,0.8361,-1,-1,-1
386,60,690.09,468.66,43.63,126.08,0.3452,-1,-1,-1
387,11,1073.60,397.56,220.50,616.81,0.7755,-1,-1,-1
387,22,1073.60,397.56,220.50,616.81,0.7755,-1,-1,-1
387,26,960.36,416.33,148.41,524.49,0.7224,-1,-1,-1
387,47,542.94,407.04,151.64,360.74,0.8459,-1,-1,-1
387,51,369.94,438.55,134.44,307.62,0.8059,-1,-1,-1
387,55,253.62,431.43,128.45,367.39,0.5764,-1,-1,-1
387,40,731.07,470.78,48.68,129.80,0.5305,-1,-1,-1
387,59,1.62,432.80,212.37,373.35,0.8365,-1,-1,-1
387,60,691.31,473.30,42.41,118.69,0.3113,-1,-1,-1
388,11,1061.72,397.15,243.58,617.90,0.7371,-1,-1,-1
388,22,1061.72,397.15,243.58,617.90,0.7371,-1,-1,-1
388,26,960.87,417.45,145.35,523.12,0.7215,-1,-1,-1
388,47,546.39,405.85,148.23,358.77,0.8253,-1,-1,-1
388,51,370.83,439.73,150.65,308.03,0.7894,-1,-1,-1
388,55,275.41,433.07,105.99,363.75,0.6751,-1,-1,-1
388,40,730.65,469.15,48.68,132.87,0.4968,-1,-1,-1
388,59,9.89,432.01,203.19,372.23,0.8072,-1,-1,-1
388,60,692.03,473.81,41.96,119.54,0.3500,-1,-1,-1
389,11,1056.65,397.35,288.12,617.68,0.7285,-1,-1,-1
389,22,1056.65,397.35,288.12,617.68,0.7285,-1,-1,-1
389,26,962.81,418.02,140.13,522.38,0.7018,-1,-1,-1
389,47,549.24,407.89,145.92,355.55,0.8064,-1,-1,-1
389,51,368.11,441.08,165.30,304.51,0.8015,-1,-1,-1
389,55,285.87,429.43,100.67,368.60,0.6791,-1,-1,-1
389,40,730.42,471.05,48.69,131.01,0.5035,-1,-1,-1
389,59,20.25,425.22,192.90,374.88,0.7875,-1,-1,-1
389,60,692.40,475.53,40.67,116.68,0.3356,-1,-1,-1
390,11,1057.19,397.20,303.20,618.47,0.7750,-1,-1,-1
390,22,1057.19,397.20,303.20,618.47,0.7750,-1,-1,-1
390,26,965.52,418.09,135.81,523.30,0.6754,-1,-1,-1
390,47,554.82,409.42,141.10,352.43,0.8010,-1,-1,-1
390,51,370.40,440.97,171.23,303.28,0.8140,-1,-1,-1
390,55,285.16,433.48,108.91,364.60,0.5266,-1,-1,-1
390,40,729.88,472.93,49.80,130.61,0.4862,-1,-1,-1
390,59,32.03,426.84,183.31,371.22,0.7946,-1,-1,-1
391,11,1054.02,397.09,313.60,618.54,0.7779,-1,-1,-1
391,22,1054.02,397.09,313.60,618.54,0.7779,-1,-1,-1
391,26,972.12,416.91,128.16,527.63,0.6588,-1,-1,-1
391,47,560.62,411.50,135.46,351.86,0.8021,-1,-1,-1
391,51,377.11,441.04,168.23,300.30,0.7851,-1,-1,-1
391,55,299.48,436.96,103.25,361.81,0.5332,-1,-1,-1
391,40,728.82,471.57,50.87,131.94,0.4433,-1,-1,-1
391,59,40.32,427.99,175.72,369.70,0.7605,-1,-1,-1
391,61,917.92,435.06,67.92,154.21,0.3729,-1,-1,-1
392,11,1052.41,397.81,314.47,618.25,0.7855,-1,-1,-1
392,22,1052.41,397.81,314.47,618.25,0.7855,-1,-1,-1
392,26,978.60,412.97,123.21,527.97,0.6500,-1,-1,-1
392,47,568.36,408.98,128.69,356.27,0.7871,-1,-1,-1
392,51,388.94,439.63,157.91,299.15,0.7248,-1,-1,-1
392,55,308.43,437.43,117.26,361.86,0.6572,-1,-1,-1
392,40,728.13,468.72,51.72,134.21,0.4473,-1,-1,-1
392,59,51.93,431.62,165.74,364.20,0.7637,-1,-1,-1
392,61,924.38,434.83,58.51,155.86,0.5644,-1,-1,-1
393,11,1049.75,398.23,316.57,618.29,0.8136,-1,-1,-1
393,22,1049.75,398.23,316.57,618.29,0.8136,-1,-1,-1
393,26,971.06,416.88,130.33,525.43,0.6501,-1,-1,-1
393,47,576.15,413.14,121.41,344.23,0.7915,-1,-1,-1
393,51,398.99,439.63,148.06,297.00,0.7276,-1,-1,-1
393,55,312.46,440.09,138.71,359.54,0.7909,-1,-1,-1
393,40,727.84,467.51,52.26,134.97,0.5307,-1,-1,-1
393,59,77.43,429.51,144.12,365.68,0.6331,-1,-1,-1
393,61,925.10,437.10,54.85,162.46,0.6497,-1,-1,-1
394,11,1053.31,398.16,286.92,617.52,0.6770,-1,-1,-1
394,22,1053.31,398.16,286.92,617.52,0.6770,-1,-1,-1
394,26,979.94,413.70,120.45,525.68,0.6301,-1,-1,-1
394,47,582.67,412.44,114.91,341.08,0.7611,-1,-1,-1
394,51,410.67,442.68,137.95,292.80,0.7294,-1,-1,-1
394,55,314.39,443.11,148.59,357.35,0.7242,-1,-1,-1
394,40,726.61,473.43,52.74,129.84,0.5977,-1,-1,-1
394,59,71.03,428.81,159.04,366.83,0.7577,-1,-1,-1
394,61,922.74,438.40,55.15,165.22,0.6388,-1,-1,-1
395,11,1055.05,397.15,272.32,618.37,0.7001,-1,-1,-1
395,22,1055.05,397.15,272.32,618.37,0.7001,-1,-1,-1
395,26,985.33,413.17,113.83,524.57,0.6578,-1,-1,-1
395,47,587.90,413.47,111.54,336.54,0.7669,-1,-1,-1
395,51,421.35,441.19,127.07,293.99,0.7398,-1,-1,-1
395,55,314.53,443.90,156.70,357.11,0.7476,-1,-1,-1
395,40,725.13,471.13,53.55,134.25,0.6125,-1,-1,-1
395,59,72.31,430.22,163.49,365.94,0.7788,-1,-1,-1
395,61,920.43,439.66,54.19,164.28,0.5964,-1,-1,-1
396,11,1057.03,398.42,292.78,618.05,0.7625,-1,-1,-1
396,22,1057.03,398.42,292.78,618.05,0.7625,-1,-1,-1
396,26,984.94,413.57,113.65,523.71,0.6216,-1,-1,-1
396,47,591.89,423.02,112.39,322.34,0.7564,-1,-1,-1
396,51,433.96,443.25,114.33,289.23,0.6568,-1,-1,-1
396,55,313.10,442.87,170.36,356.48,0.7602,-1,-1,-1
396,40,722.64,466.14,56.34,142.64,0.5795,-1,-1,-1
396,59,100.10,441.37,141.01,353.85,0.5845,-1,-1,-1
396,61,918.30,442.02,53.91,167.75,0.6771,-1,-1,-1
397,11,1060.59,398.53,262.17,618.64,0.7907,-1,-1,-1
397,22,1060.59,398.53,262.17,618.64,0.7907,-1,-1,-1
397,26,985.43,413.63,112.95,524.22,0.6776,-1,-1,-1
397,47,596.07,419.50,112.90,325.02,0.7487,-1,-1,-1
397,51,447.66,465.95,98.89,264.25,0.5738,-1,-1,-1
397,55,312.89,434.44,174.43,364.14,0.7630,-1,-1,-1
397,40,720.58,464.35,57.88,144.98,0.5768,-1,-1,-1
397,59,127.20,436.44,123.61,359.85,0.6222,-1,-1,-1
397,61,915.71,442.87,54.94,167.76,0.6399,-1,-1,-1
398,11,1063.77,399.05,246.97,619.06,0.8380,-1,-1,-1
398,22,1063.77,399.05,246.97,619.06,0.8380,-1,-1,-1
398,26,975.18,415.21,123.62,524.65,0.6357,-1,-1,-1
398,47,599.52,423.13,117.11,319.68,0.7559,-1,-1,-1
398,51,448.19,443.87,98.91,287.19,0.7334,-1,-1,-1
398,55,313.95,436.52,179.41,360.21,0.8205,-1,-1,-1
398,40,720.08,461.78,57.46,147.52,0.5435,-1,-1,-1
398,59,136.81,436.29,125.29,360.01,0.7497,-1,-1,-1
398,61,915.71,444.25,55.11,163.93,0.4859,-1,-1,-1
399,11,1065.52,400.28,241.25,617.94,0.8374,-1,-1,-1
399,22,1065.52,400.28,241.25,617.94,0.8374,-1,-1,-1
399,26,970.45,415.37,129.41,525.13,0.6620,-1,-1,-1
399,47,604.76,427.57,122.90,312.77,0.7883,-1,-1,-1
399,51,463.53,442.14,85.46,289.37,0.6277,-1,-1,-1
399,55,316.83,437.67,176.85,359.06,0.8310,-1,-1,-1
399,40,719.69,463.26,55.86,145.99,0.5367,-1,-1,-1
399,59,137.35,433.50,151.29,361.59,0.7642,-1,-1,-1
399,61,913.98,439.15,56.57,171.65,0.5826,-1,-1,-1
400,11,1067.65,400.37,237.26,618.40,0.8527,-1,-1,-1
400,22,1067.65,400.37,237.26,618.40,0.8527,-1,-1,-1
400,26,968.67,414.16,130.82,526.66,0.6569,-1,-1,-1
400,47,607.19,423.84,131.57,316.31,0.7796,-1,-1,-1
400,51,471.19,439.68,81.88,290.25,0.7309,-1,-1,-1
400,55,316.59,435.73,177.62,360.12,0.8429,-1,-1,-1
400,40,718.20,468.01,52.34,140.29,0.4775,-1,-1,-1
400,59,140.40,433.04,169.67,360.99,0.7803,-1,-1,-1
400,61,911.35,438.70,56.12,171.05,0.5657,-1,-1,-1
401,11,1069.19,399.83,235.10,619.30,0.8463,-1,-1,-1
401,22,1069.19,399.83,235.10,619.30,0.8463,-1,-1,-1
401,26,979.41,411.53,118.37,527.11,0.6369,-1,-1,-1
401,47,609.58,423.92,144.27,315.82,0.7727,-1,-1,-1
401,51,480.19,443.51,80.48,287.68,0.7211,-1,-1,-1
401,55,322.75,436.62,172.06,356.74,0.8151,-1,-1,-1
401,40,715.86,465.92,52.97,145.56,0.4260,-1,-1,-1
401,59,141.88,433.15,174.55,361.00,0.8137,-1,-1,-1
401,61,908.96,438.30,59.15,168.01,0.5767,-1,-1,-1
402,11,1071.32,399.47,231.31,619.96,0.8372,-1,-1,-1
402,22,1071.32,399.47,231.31,619.96,0.8372,-1,-1,-1
402,26,983.94,410.83,113.15,527.23,0.6258,-1,-1,-1
402,47,615.36,417.10,151.39,322.74,0.8025,-1,-1,-1
402,51,484.27,449.19,86.46,280.07,0.7226,-1,-1,-1
402,55,335.21,442.42,159.44,348.74,0.8267,-1,-1,-1
402,40,715.44,463.54,53.82,147.23,0.4930,-1,-1,-1
402,59,144.27,435.39,174.74,357.61,0.8097,-1,-1,-1
402,61,904.77,438.38,66.25,170.35,0.5300,-1,-1,-1
403,11,1074.63,399.69,227.13,619.60,0.8374,-1,-1,-1
403,22,1074.63,399.69,227.13,619.60,0.8374,-1,-1,-1
403,26,970.97,415.18,127.88,524.89,0.6186,-1,-1,-1
403,47,619.17,411.09,158.11,330.25,0.8363,-1,-1,-1
403,51,488.86,445.85,95.81,283.25,0.6049,-1,-1,-1
403,55,347.01,448.63,148.50,335.81,0.7468,-1,-1,-1
403,40,715.58,464.39,53.81,146.20,0.4665,-1,-1,-1
403,59,144.15,438.69,184.01,354.24,0.8040,-1,-1,-1
403,61,901.92,441.10,72.84,169.38,0.3611,-1,-1,-1
404,11,1076.55,399.82,225.51,620.32,0.8293,-1,-1,-1
404,22,1076.55,399.82,225.51,620.32,0.8293,-1,-1,-1
404,26,965.99,416.83,132.88,524.77,0.6689,-1,-1,-1
404,47,623.74,407.89,163.60,334.70,0.8025,-1,-1,-1
404,51,491.03,441.01,115.48,286.59,0.6412,-1,-1,-1
404,55,357.50,443.70,140.38,339.73,0.7212,-1,-1,-1
404,40,715.37,463.21,52.67,148.03,0.4496,-1,-1,-1
404,59,150.31,438.55,183.82,351.56,0.8273,-1,-1,-1
404,61,898.54,446.80,60.23,164.12,0.5267,-1,-1,-1
405,11,1078.28,400.33,214.00,619.20,0.8327,-1,-1,-1
405,22,1078.28,400.33,214.00,619.20,0.8327,-1,-1,-1
405,26,964.11,416.58,134.88,525.29,0.6858,-1,-1,-1
405,47,627.66,414.22,166.43,329.43,0.7877,-1,-1,-1
405,51,495.74,444.14,123.28,283.55,0.6794,-1,-1,-1
405,55,377.70,437.99,119.49,340.14,0.7013,-1,-1,-1
405,40,716.12,466.88,51.50,144.93,0.3763,-1,-1,-1
405,59,155.03,437.01,178.93,351.13,0.8183,-1,-1,-1
405,61,895.58,452.57,54.40,158.24,0.4053,-1,-1,-1
406,11,1077.15,399.30,209.45,620.67,0.8327,-1,-1,-1
406,22,1077.15,399.30,209.45,620.67,0.8327,-1,-1,-1
406,26,961.63,416.04,137.01,525.80,0.6973,-1,-1,-1
406,47,632.09,420.67,166.64,322.67,0.7933,-1,-1,-1
406,51,499.89,447.63,123.85,279.68,0.6747,-1,-1,-1
406,55,395.76,434.79,103.31,337.95,0.7059,-1,-1,-1
406,59,159.70,436.03,173.10,352.41,0.8079,-1,-1,-1
406,61,892.56,454.80,54.01,154.35,0.3644,-1,-1,-1
407,11,1076.48,397.08,203.93,622.25,0.8346,-1,-1,-1
407,22,1076.48,397.08,203.93,622.25,0.8346,-1,-1,-1
407,26,958.52,417.64,139.13,523.85,0.7256,-1,-1,-1
407,47,635.98,416.56,163.43,327.12,0.8545,-1,-1,-1
407,51,496.89,446.30,135.03,284.05,0.7088,-1,-1,-1
407,55,410.42,434.55,93.45,335.86,0.6734,-1,-1,-1
407,59,171.65,433.62,164.21,355.16,0.8026,-1,-1,-1
407,61,888.69,458.18,55.31,150.40,0.3133,-1,-1,-1
408,11,1073.89,397.63,202.01,622.46,0.8386,-1,-1,-1
408,22,1073.89,397.63,202.01,622.46,0.8386,-1,-1,-1
408,26,959.11,417.38,138.77,523.85,0.7102,-1,-1,-1
408,47,641.13,418.69,159.26,325.80,0.8467,-1,-1,-1
408,51,500.85,440.72,139.24,289.29,0.7525,-1,-1,-1
408,55,408.41,433.70,100.97,336.21,0.6183,-1,-1,-1
408,59,185.46,433.39,152.80,352.10,0.7955,-1,-1,-1
408,61,880.49,456.00,61.00,153.93,0.4990,-1,-1,-1
409,11,1073.79,398.87,198.71,620.59,0.8396,-1,-1,-1
409,22,1073.79,398.87,198.71,620.59,0.8396,-1,-1,-1
409,26,959.13,417.05,140.20,523.59,0.7043,-1,-1,-1
409,47,643.83,418.02,157.23,326.42,0.8314,-1,-1,-1
409,51,500.33,436.79,143.41,293.36,0.7532,-1,-1,-1
409,55,400.78,437.11,116.30,331.92,0.6159,-1,-1,-1
409,59,201.80,435.73,138.20,339.14,0.7234,-1,-1,-1
409,61,875.73,448.10,63.96,162.67,0.6137,-1,-1,-1
410,11,1073.40,398.16,192.24,621.01,0.8459,-1,-1,-1
410,22,1073.40,398.16,192.24,621.01,0.8459,-1,-1,-1
410,26,959.44,418.88,139.14,521.15,0.7100,-1,-1,-1
410,47,645.69,412.74,156.48,331.79,0.8197,-1,-1,-1
410,51,511.08,438.84,133.81,285.18,0.7313,-1,-1,-1
410,55,416.52,438.54,115.56,331.15,0.5811,-1,-1,-1
410,59,222.37,435.39,123.41,336.65,0.6608,-1,-1,-1
410,61,874.75,446.48,62.48,164.74,0.5706,-1,-1,-1
411,11,1072.19,398.20,186.20,620.85,0.8465,-1,-1,-1
411,22,1072.19,398.20,186.20,620.85,0.8465,-1,-1,-1
411,26,958.38,420.86,140.25,518.62,0.7183,-1,-1,-1
411,47,646.00,416.57,155.82,326.04,0.8265,-1,-1,-1
411,51,521.02,440.47,123.07,282.85,0.6935,-1,-1,-1
411,55,423.67,436.53,132.02,331.02,0.6695,-1,-1,-1
411,59,247.57,428.34,105.70,341.36,0.5466,-1,-1,-1
411,61,874.34,442.68,62.27,168.67,0.5410,-1,-1,-1
412,11,1071.03,399.69,185.54,618.82,0.8433,-1,-1,-1
412,22,1071.03,399.69,185.54,618.82,0.8433,-1,-1,-1
412,26,961.15,421.70,137.50,518.26,0.6859,-1,-1,-1
412,47,645.98,406.98,155.93,335.98,0.8274,-1,-1,-1
412,51,528.79,437.87,116.50,283.48,0.7387,-1,-1,-1
412,55,420.73,436.18,147.79,331.22,0.6621,-1,-1,-1
412,59,263.99,426.94,99.47,342.56,0.7139,-1,-1,-1
412,61,873.95,441.69,58.97,167.69,0.5157,-1,-1,-1
413,11,1070.94,401.29,185.21,617.34,0.8517,-1,-1,-1
413,22,1070.94,401.29,185.21,617.34,0.8517,-1,-1,-1
413,26,959.24,421.68,140.42,518.26,0.7356,-1,-1,-1
413,47,647.95,408.40,154.01,333.11,0.8041,-1,-1,-1
413,51,547.48,436.55,102.00,283.18,0.6168,-1,-1,-1
413,55,431.87,435.07,154.33,331.29,0.7116,-1,-1,-1
413,59,269.70,426.14,104.72,344.36,0.7256,-1,-1,-1
413,61,874.88,440.40,55.81,167.74,0.4900,-1,-1,-1
414,11,1066.59,404.02,188.74,614.97,0.8610,-1,-1,-1
414,22,1066.59,404.02,188.74,614.97,0.8610,-1,-1,-1
414,26,961.10,421.59,137.99,516.84,0.6945,-1,-1,-1
414,47,653.05,419.92,148.07,320.86,0.8024,-1,-1,-1
414,51,558.32,437.42,95.33,282.38,0.6543,-1,-1,-1
414,55,436.48,436.95,158.91,329.04,0.7427,-1,-1,-1
414,59,273.15,424.69,109.85,346.90,0.6979,-1,-1,-1
414,61,872.11,440.17,53.90,167.97,0.5950,-1,-1,-1
415,11,1064.09,407.49,191.29,611.79,0.8578,-1,-1,-1
415,22,1064.09,407.49,191.29,611.79,0.8578,-1,-1,-1
415,26,963.38,419.95,133.69,518.52,0.7134,-1,-1,-1
415,47,657.59,424.49,143.64,316.50,0.8067,-1,-1,-1
415,51,562.39,434.36,92.07,286.58,0.6032,-1,-1,-1
415,55,436.11,438.52,162.88,327.55,0.7652,-1,-1,-1
415,59,278.84,430.98,116.77,340.60,0.6671,-1,-1,-1
415,61,871.46,440.87,50.93,167.22,0.7088,-1,-1,-1
416,11,1061.43,410.88,195.32,608.76,0.8637,-1,-1,-1
416,22,1061.43,410.88,195.32,608.76,0.8637,-1,-1,-1
416,26,964.15,419.30,131.79,519.23,0.7055,-1,-1,-1
416,47,666.77,430.48,134.75,308.21,0.7951,-1,-1,-1
416,51,570.61,433.82,87.22,286.49,0.7330,-1,-1,-1
416,55,435.68,440.88,163.63,325.48,0.8114,-1,-1,-1
416,59,287.33,435.55,115.68,334.85,0.7310,-1,-1,-1
416,61,869.65,440.41,51.20,166.48,0.6150,-1,-1,-1
417,11,1061.57,409.51,197.03,610.86,0.8532,-1,-1,-1
417,22,1061.57,409.51,197.03,610.86,0.8532,-1,-1,-1
417,26,968.10,417.37,128.22,518.42,0.6690,-1,-1,-1
417,47,675.85,424.61,125.98,310.48,0.8034,-1,-1,-1
417,51,569.61,435.54,96.74,283.89,0.6755,-1,-1,-1
417,55,436.10,449.62,164.23,317.07,0.7917,-1,-1,-1
417,59,289.13,437.97,128.75,330.76,0.5967,-1,-1,-1
417,61,868.17,439.11,50.78,167.11,0.6312,-1,-1,-1
418,11,1059.59,405.88,199.89,614.65,0.8571,-1,-1,-1
418,22,1059.59,405.88,199.89,614.65,0.8571,-1,-1,-1
418,26,968.38,418.07,126.88,519.50,0.6729,-1,-1,-1
418,47,682.06,413.72,121.82,318.45,0.7855,-1,-1,-1
418,51,581.50,436.11,94.46,282.46,0.7151,-1,-1,-1
418,55,438.19,446.40,158.83,319.47,0.8081,-1,-1,-1
418,59,289.97,436.02,142.77,332.62,0.6845,-1,-1,-1
418,61,867.44,439.66,48.86,165.30,0.5206,-1,-1,-1
419,11,1056.86,407.64,204.73,612.89,0.8490,-1,-1,-1
419,22,1056.86,407.64,204.73,612.89,0.8490,-1,-1,-1
419,26,969.99,419.55,125.73,517.13,0.6838,-1,-1,-1
419,47,688.24,407.17,120.31,324.02,0.8008,-1,-1,-1
419,51,588.49,437.00,91.27,280.40,0.7167,-1,-1,-1
419,55,441.08,439.46,159.54,324.61,0.8019,-1,-1,-1
419,59,291.15,438.17,155.79,330.77,0.7583,-1,-1,-1
419,61,865.62,440.67,46.16,164.16,0.5459,-1,-1,-1
420,11,1054.07,409.19,212.64,611.63,0.8393,-1,-1,-1
420,22,1054.07,409.19,212.64,611.63,0.8393,-1,-1,-1
420,26,970.68,415.52,123.95,521.73,0.5910,-1,-1,-1
420,47,694.89,407.33,116.72,323.10,0.7801,-1,-1,-1
420,51,586.92,436.93,97.27,278.23,0.7146,-1,-1,-1
420,55,448.03,435.81,152.95,327.37,0.7693,-1,-1,-1
420,59,293.49,442.10,161.28,326.91,0.7820,-1,-1,-1
421,11,1051.12,409.24,215.68,611.63,0.8237,-1,-1,-1
421,22,1051.12,409.24,215.68,611.63,0.8237,-1,-1,-1
421,26,969.32,412.25,123.96,525.44,0.5962,-1,-1,-1
421,47,697.74,418.57,111.22,311.96,0.7100,-1,-1,-1
421,51,589.27,438.98,108.55,277.27,0.7298,-1,-1,-1
421,55,448.28,434.32,150.95,326.96,0.7423,-1,-1,-1
421,59,292.62,439.59,167.10,328.94,0.7784,-1,-1,-1
421,61,858.64,435.45,48.21,169.86,0.4990,-1,-1,-1
422,11,1047.36,407.12,216.02,614.34,0.8180,-1,-1,-1
422,22,1047.36,407.12,216.02,614.34,0.8180,-1,-1,-1
422,26,968.77,412.59,124.32,525.13,0.5194,-1,-1,-1
422,47,701.87,431.59,108.35,296.22,0.6476,-1,-1,-1
422,51,595.38,440.49,114.07,276.31,0.7147,-1,-1,-1
422,55,459.58,435.11,135.76,325.69,0.6976,-1,-1,-1
422,59,292.89,439.61,182.89,327.67,0.8235,-1,-1,-1
422,64,1158.55,410.93,163.37,492.73,0.5072,-1,-1,-1
422,61,859.16,439.18,47.52,161.16,0.4720,-1,-1,-1
423,11,1046.18,404.02,218.34,618.25,0.8159,-1,-1,-1
423,22,1046.18,404.02,218.34,618.25,0.8159,-1,-1,-1
423,26,969.04,416.39,123.33,520.60,0.4223,-1,-1,-1
423,47,707.14,435.93,105.77,292.01,0.6223,-1,-1,-1
423,51,601.76,443.06,121.87,273.01,0.7251,-1,-1,-1
423,55,470.50,437.19,123.18,320.34,0.7150,-1,-1,-1
423,59,292.55,436.90,187.16,329.54,0.7825,-1,-1,-1
423,64,1155.42,411.97,168.28,493.44,0.6570,-1,-1,-1
423,61,856.33,438.85,50.62,161.44,0.5986,-1,-1,-1
424,11,1047.55,399.90,217.53,624.42,0.7839,-1,-1,-1
424,22,1047.55,399.90,217.53,624.42,0.7839,-1,-1,-1
424,26,969.07,462.44,121.42,472.93,0.4163,-1,-1,-1
424,47,711.56,431.24,104.87,296.26,0.6347,-1,-1,-1
424,51,607.67,443.23,130.29,272.31,0.7742,-1,-1,-1
424,55,477.00,437.20,120.75,320.57,0.7192,-1,-1,-1
424,59,300.39,436.87,179.56,327.82,0.7750,-1,-1,-1
424,64,1151.54,412.36,173.60,498.55,0.5150,-1,-1,-1
424,61,851.52,438.79,52.74,163.10,0.5306,-1,-1,-1
425,11,1048.54,397.77,208.82,633.09,0.7197,-1,-1,-1
425,22,1048.54,397.77,208.82,633.09,0.7197,-1,-1,-1
425,26,970.76,482.41,119.57,451.22,0.5239,-1,-1,-1
425,47,714.28,421.69,113.16,304.55,0.7300,-1,-1,-1
425,51,610.80,448.84,130.55,266.76,0.7356,-1,-1,-1
425,55,487.91,438.73,112.88,318.94,0.6390,-1,-1,-1
425,59,310.25,437.94,170.21,325.70,0.7790,-1,-1,-1
425,64,1159.75,412.70,165.73,508.65,0.6054,-1,-1,-1
425,61,850.05,439.87,49.85,159.39,0.5429,-1,-1,-1
426,11,1050.14,397.43,201.91,638.35,0.7136,-1,-1,-1
426,22,1050.14,397.43,201.91,638.35,0.7136,-1,-1,-1
426,26,970.98,489.78,118.88,442.04,0.5297,-1,-1,-1
426,47,715.62,413.41,115.54,312.25,0.7550,-1,-1,-1
426,51,611.79,448.99,133.12,267.93,0.7207,-1,-1,-1
426,55,514.43,438.38,96.95,315.93,0.6452,-1,-1,-1
426,59,321.45,434.43,157.97,329.49,0.7910,-1,-1,-1
426,64,1163.17,411.74,163.49,515.99,0.5903,-1,-1,-1
426,61,848.01,439.12,48.12,159.05,0.5964,-1,-1,-1
427,11,1053.73,399.98,187.81,638.41,0.6816,-1,-1,-1
427,22,1049.58,408.52,161.47,614.73,0.3553,-1,-1,-1
427,26,971.66,452.67,119.74,478.85,0.4410,-1,-1,-1
427,47,720.47,411.07,111.40,315.20,0.7456,-1,-1,-1
427,51,611.42,450.03,132.66,267.64,0.7149,-1,-1,-1
427,55,520.34,438.64,94.13,315.01,0.6319,-1,-1,-1
427,59,330.68,433.86,151.12,326.19,0.7856,-1,-1,-1
427,64,1159.61,409.68,171.11,521.72,0.4896,-1,-1,-1
427,61,844.20,437.37,49.26,161.81,0.4926,-1,-1,-1
428,11,1058.09,405.59,169.67,622.52,0.6651,-1,-1,-1
428,22,1057.19,408.82,160.67,613.61,0.6651,-1,-1,-1
428,26,972.56,440.31,120.80,486.66,0.5754,-1,-1,-1
428,47,723.83,417.55,114.60,309.90,0.7235,-1,-1,-1
428,51,609.28,447.64,133.54,268.33,0.6943,-1,-1,-1
428,55,508.13,437.79,109.37,317.25,0.6650,-1,-1,-1
428,59,346.73,436.53,136.14,317.94,0.7383,-1,-1,-1
428,64,1149.14,411.82,179.75,597.19,0.4312,-1,-1,-1
428,61,841.17,441.16,50.10,157.76,0.5169,-1,-1,-1
428,68,1692.08,330.62,227.50,619.65,0.6095,-1,-1,-1
429,11,1059.74,402.86,164.62,619.40,0.6599,-1,-1,-1
429,22,1059.48,404.05,161.72,616.19,0.6599,-1,-1,-1
429,26,973.96,452.14,119.13,478.18,0.5123,-1,-1,-1
429,47,727.32,430.93,116.30,296.41,0.7140,-1,-1,-1
429,51,618.15,442.57,123.36,271.61,0.7096,-1,-1,-1
429,55,503.02,438.50,123.80,316.41,0.6045,-1,-1,-1
429,59,366.23,438.04,119.43,314.25,0.7168,-1,-1,-1
429,64,1145.65,414.21,182.92,627.73,0.3509,-1,-1,-1
429,68,1650.14,325.81,269.69,615.34,0.4659,-1,-1,-1
430,11,1062.55,403.15,163.35,623.71,0.6898,-1,-1,-1
430,22,1059.82,405.03,135.42,612.76,0.4394,-1,-1,-1
430,26,975.06,446.04,119.19,482.42,0.5747,-1,-1,-1
430,47,729.47,431.69,119.80,295.47,0.6790,-1,-1,-1
430,51,633.51,441.89,109.16,271.16,0.6008,-1,-1,-1
430,55,510.75,438.12,136.02,317.29,0.5813,-1,-1,-1
430,59,377.40,437.85,109.85,310.24,0.7395,-1,-1,-1
430,64,1147.32,416.12,182.79,638.79,0.3104,-1,-1,-1
430,68,1597.90,320.74,321.85,620.59,0.4806,-1,-1,-1
430,61,839.41,438.92,46.36,155.53,0.3813,-1,-1,-1
431,11,1065.81,404.32,162.19,629.68,0.6788,-1,-1,-1
431,22,1061.40,407.39,122.98,610.89,0.4320,-1,-1,-1
431,26,976.12,440.13,120.33,486.95,0.5677,-1,-1,-1
431,47,728.35,430.23,122.97,297.32,0.6864,-1,-1,-1
431,51,642.06,441.88,99.92,266.35,0.5392,-1,-1,-1
431,55,531.60,441.19,132.29,313.74,0.6325,-1,-1,-1
431,59,384.77,438.00,106.34,307.03,0.7318,-1,-1,-1
431,64,1144.40,417.06,181.75,650.71,0.3024,-1,-1,-1
431,68,1548.60,308.13,371.09,689.99,0.7130,-1,-1,-1
431,61,839.40,440.15,43.53,154.01,0.5897,-1,-1,-1
432,11,1069.26,407.13,167.95,630.34,0.7300,-1,-1,-1
432,22,1068.17,408.25,156.80,623.45,0.7300,-1,-1,-1
432,26,976.89,443.53,120.85,484.85,0.5616,-1,-1,-1
432,47,728.49,424.61,124.25,301.87,0.6506,-1,-1,-1
432,51,655.64,446.57,84.38,257.63,0.4660,-1,-1,-1
432,55,543.21,441.38,135.09,313.87,0.6601,-1,-1,-1
432,59,388.92,439.63,107.00,308.01,0.7039,-1,-1,-1
432,64,1166.88,413.19,158.19,483.37,0.5699,-1,-1,-1
432,68,1501.09,301.76,418.10,715.25,0.8270,-1,-1,-1
432,61,836.73,442.03,45.04,151.45,0.6306,-1,-1,-1
432,69,1261.18,420.96,94.18,256.39,0.4263,-1,-1,-1
433,11,1073.74,409.04,165.96,616.77,0.7187,-1,-1,-1
433,22,1073.33,409.40,162.42,614.46,0.7187,-1,-1,-1
433,26,978.83,429.70,125.78,498.55,0.5652,-1,-1,-1
433,47,732.61,427.12,121.92,298.11,0.6894,-1,-1,-1
433,51,665.54,446.50,82.35,256.87,0.4263,-1,-1,-1
433,55,544.47,442.61,143.05,313.84,0.6806,-1,-1,-1
433,59,395.78,440.88,107.98,306.29,0.6751,-1,-1,-1
433,64,1179.99,413.45,151.76,410.96,0.6478,-1,-1,-1
433,68,1452.77,302.77,466.96,719.99,0.7811,-1,-1,-1
433,61,834.72,439.47,46.66,154.68,0.6020,-1,-1,-1
433,69,1266.07,417.98,93.58,258.74,0.3074,-1,-1,-1
434,11,1076.25,403.68,158.54,558.13,0.4758,-1,-1,-1
434,22,1076.25,403.79,158.32,557.71,0.4758,-1,-1,-1
434,26,981.44,424.43,132.84,512.83,0.6456,-1,-1,-1
434,47,737.80,419.97,118.02,305.66,0.6973,-1,-1,-1
434,51,669.63,448.71,84.67,254.14,0.4125,-1,-1,-1
434,55,547.91,445.18,142.61,311.32,0.7810,-1,-1,-1
434,59,403.21,440.84,107.19,305.97,0.6783,-1,-1,-1
434,64,1188.72,408.26,132.00,341.77,0.4605,-1,-1,-1
434,68,1406.71,302.41,497.49,717.31,0.7411,-1,-1,-1
434,69,1270.91,418.42,93.93,289.94,0.3899,-1,-1,-1
435,11,1081.94,404.82,160.65,439.75,0.6220,-1,-1,-1
435,22,1081.99,404.81,161.32,440.12,0.6220,-1,-1,-1
435,26,983.86,419.45,136.29,495.76,0.7033,-1,-1,-1
435,47,743.45,422.35,112.41,302.06,0.6921,-1,-1,-1
435,51,683.73,437.72,78.35,266.02,0.5282,-1,-1,-1
435,55,548.72,444.97,145.32,311.44,0.7973,-1,-1,-1
435,59,413.36,437.89,105.99,309.82,0.7634,-1,-1,-1
435,64,1193.44,405.39,126.88,306.63,0.6141,-1,-1,-1
435,68,1364.96,305.83,482.66,708.42,0.4200,-1,-1,-1
435,69,1276.95,418.72,93.46,299.77,0.5585,-1,-1,-1
436,11,1087.26,410.20,162.75,415.56,0.6528,-1,-1,-1
436,22,1087.35,410.15,163.71,415.89,0.6528,-1,-1,-1
436,26,994.15,419.08,133.64,421.34,0.6313,-1,-1,-1
436,47,751.10,424.41,105.55,297.29,0.6587,-1,-1,-1
436,51,696.06,437.09,75.93,270.63,0.4710,-1,-1,-1
436,55,547.40,442.30,148.49,314.09,0.7820,-1,-1,-1
436,59,416.95,437.24,109.47,310.92,0.7577,-1,-1,-1
436,64,1191.40,408.76,133.06,365.84,0.5849,-1,-1,-1
436,68,1312.53,309.82,471.64,704.66,0.8393,-1,-1,-1
437,11,1093.85,404.29,158.80,427.97,0.6935,-1,-1,-1
437,22,1093.92,404.25,159.87,428.21,0.6935,-1,-1,-1
437,26,997.97,419.98,135.20,403.44,0.6799,-1,-1,-1
437,47,757.21,416.89,100.00,302.81,0.5663,-1,-1,-1
437,51,701.88,439.87,65.15,269.81,0.3624,-1,-1,-1
437,55,548.19,440.62,148.94,316.69,0.7816,-1,-1,-1
437,59,418.04,438.56,115.74,311.90,0.7787,-1,-1,-1
437,64,1198.90,405.97,132.34,324.44,0.5319,-1,-1,-1
437,68,1225.83,317.35,489.26,702.89,0.8074,-1,-1,-1
438,11,1099.10,396.64,157.39,444.96,0.8134,-1,-1,-1
438,22,1099.16,396.62,158.37,445.16,0.8134,-1,-1,-1
438,26,1001.03,422.37,135.53,405.52,0.6853,-1,-1,-1
438,47,768.26,415.07,90.93,303.88,0.5403,-1,-1,-1
438,51,702.18,438.90,69.48,270.63,0.4141,-1,-1,-1
438,55,549.15,441.78,149.48,312.57,0.7834,-1,-1,-1
438,59,421.16,434.44,119.31,316.12,0.8063,-1,-1,-1
438,68,1193.62,326.23,449.11,700.98,0.7267,-1,-1,-1
438,70,707.91,429.92,84.01,280.32,0.5466,-1,-1,-1
439,11,1101.82,419.77,154.08,429.86,0.5211,-1,-1,-1
439,22,1101.90,419.72,154.98,430.05,0.5211,-1,-1,-1
439,26,1000.22,421.80,139.77,419.73,0.7035,-1,-1,-1
439,47,772.29,430.06,89.05,287.89,0.5400,-1,-1,-1
439,51,701.29,442.07,70.19,268.83,0.3961,-1,-1,-1
439,55,551.28,439.92,148.49,314.15,0.7897,-1,-1,-1
439,59,424.26,438.30,123.79,309.65,0.7598,-1,-1,-1
439,68,1155.04,333.25,417.47,701.55,0.7740,-1,-1,-1
439,70,708.33,436.15,87.50,275.39,0.4636,-1,-1,-1
440,26,999.34,423.40,146.08,435.19,0.7794,-1,-1,-1
440,47,773.85,439.07,88.19,277.77,0.5883,-1,-1,-1
440,51,708.59,440.16,80.20,270.89,0.5191,-1,-1,-1
440,55,552.21,440.81,148.12,313.47,0.7789,-1,-1,-1
440,59,428.71,438.29,124.40,306.45,0.7020,-1,-1,-1
440,68,1103.62,349.04,398.91,685.83,0.7389,-1,-1,-1
440,70,709.16,439.20,86.73,272.13,0.5191,-1,-1,-1
440,71,1832.89,466.14,65.09,179.85,0.4014,-1,-1,-1
441,26,999.81,431.62,140.03,407.96,0.4465,-1,-1,-1
441,47,776.64,436.16,86.42,276.63,0.5726,-1,-1,-1
441,51,711.77,445.75,93.36,265.71,0.5613,-1,-1,-1
441,55,552.95,441.07,147.05,312.75,0.7497,-1,-1,-1
441,59,436.05,438.78,118.47,302.88,0.6945,-1,-1,-1
441,68,1050.47,357.37,380.20,675.32,0.7503,-1,-1,-1
441,70,710.14,447.18,97.47,264.45,0.5613,-1,-1,-1
441,71,1833.43,466.31,68.94,181.97,0.4007,-1,-1,-1
441,69,1314.00,428.30,136.47,324.04,0.7007,-1,-1,-1
442,47,778.47,430.89,87.64,279.33,0.5491,-1,-1,-1
442,51,712.96,448.01,108.98,264.07,0.5511,-1,-1,-1
442,55,560.22,439.78,140.34,310.61,0.7674,-1,-1,-1
442,59,442.94,437.48,110.83,307.64,0.6984,-1,-1,-1
442,68,1004.04,364.50,363.42,660.66,0.7933,-1,-1,-1
442,70,710.48,449.69,112.38,262.53,0.5511,-1,-1,-1
442,71,1834.14,465.93,67.42,182.39,0.3564,-1,-1,-1
442,69,1310.40,432.30,149.24,325.18,0.7323,-1,-1,-1
443,47,783.96,428.47,82.59,281.94,0.6365,-1,-1,-1
443,51,712.64,444.50,114.57,267.06,0.5492,-1,-1,-1
443,55,566.91,438.39,134.56,311.00,0.7967,-1,-1,-1
443,59,450.17,439.96,106.14,303.10,0.7199,-1,-1,-1
443,68,959.98,364.50,351.70,654.43,0.8089,-1,-1,-1
443,70,709.85,445.64,117.22,265.95,0.5492,-1,-1,-1
443,69,1313.14,433.29,150.87,326.71,0.6966,-1,-1,-1
443,64,1230.16,426.50,122.19,401.66,0.6265,-1,-1,-1
444,47,787.15,430.76,84.42,279.73,0.5146,-1,-1,-1
444,51,712.04,443.58,127.39,267.51,0.5970,-1,-1,-1
444,55,578.53,437.14,123.11,308.61,0.7457,-1,-1,-1
444,59,461.09,436.43,99.69,304.35,0.7623,-1,-1,-1
444,68,917.24,363.41,338.80,651.55,0.8146,-1,-1,-1
444,70,709.36,444.53,129.78,266.56,0.5970,-1,-1,-1
444,69,1315.67,434.07,148.71,329.44,0.6656,-1,-1,-1
444,64,1235.41,429.35,120.95,413.30,0.5230,-1,-1,-1
445,47,785.55,436.35,89.83,275.94,0.5042,-1,-1,-1
445,51,712.26,445.55,107.69,263.49,0.4194,-1,-1,-1
445,55,587.24,437.72,114.60,306.89,0.7545,-1,-1,-1
445,59,468.76,434.54,99.71,301.14,0.7620,-1,-1,-1
445,68,875.89,354.25,338.98,657.45,0.7808,-1,-1,-1
445,70,709.67,446.45,109.32,262.51,0.4194,-1,-1,-1
445,69,1324.58,434.26,139.82,328.84,0.7331,-1,-1,-1
445,64,1237.79,429.55,127.06,388.01,0.4106,-1,-1,-1
445,11,1140.09,409.36,206.03,503.52,0.5942,-1,-1,-1
446,47,790.52,429.81,88.29,281.78,0.5672,-1,-1,-1
446,51,713.24,450.67,109.69,258.27,0.4569,-1,-1,-1
446,55,603.28,438.73,99.38,303.77,0.6877,-1,-1,-1
446,59,471.27,434.67,103.74,294.61,0.7219,-1,-1,-1
446,68,842.36,345.80,329.76,654.93,0.7820,-1,-1,-1
446,70,711.20,451.58,110.77,257.31,0.4569,-1,-1,-1
446,69,1333.43,433.67,130.13,329.34,0.7053,-1,-1,-1
446,64,1241.09,428.88,126.96,403.94,0.4982,-1,-1,-1
446,11,1138.70,420.96,202.33,593.08,0.7607,-1,-1,-1
446,71,1832.31,469.52,70.64,178.73,0.3500,-1,-1,-1
447,51,716.56,451.43,106.68,256.34,0.3915,-1,-1,-1
447,55,610.66,433.68,95.88,308.20,0.6746,-1,-1,-1
447,59,474.60,431.20,105.82,295.57,0.6847,-1,-1,-1
447,68,801.03,336.55,333.27,654.18,0.7789,-1,-1,-1
447,70,714.72,452.19,107.49,255.52,0.3915,-1,-1,-1
447,69,1340.67,432.50,123.44,329.83,0.6714,-1,-1,-1
447,64,1238.79,423.76,127.52,417.18,0.3029,-1,-1,-1
447,11,1136.96,416.16,197.90,636.63,0.7877,-1,-1,-1
447,26,1064.56,420.51,117.02,358.38,0.4478,-1,-1,-1
448,51,724.05,445.65,122.82,263.00,0.4139,-1,-1,-1
448,55,606.68,434.50,104.20,308.79,0.6115,-1,-1,-1
448,59,482.81,434.07,103.11,285.28,0.5850,-1,-1,-1
448,68,766.05,333.27,334.31,646.25,0.7763,-1,-1,-1
448,70,722.52,446.17,123.70,262.45,0.4139,-1,-1,-1
448,69,1346.40,424.88,120.16,339.00,0.7805,-1,-1,-1
448,64,1243.37,422.37,126.45,379.20,0.3715,-1,-1,-1
448,11,1139.17,418.85,198.18,650.26,0.7739,-1,-1,-1
448,26,1058.57,420.70,129.73,472.39,0.5337,-1,-1,-1
449,55,625.80,434.75,93.79,308.09,0.5935,-1,-1,-1
449,59,485.13,436.80,105.65,283.01,0.7030,-1,-1,-1
449,68,729.85,332.21,333.85,646.29,0.7324,-1,-1,-1
449,69,1350.53,422.75,116.74,340.62,0.7502,-1,-1,-1
449,64,1245.63,419.37,123.55,343.77,0.5112,-1,-1,-1
449,11,1142.59,423.88,192.90,649.32,0.7309,-1,-1,-1
449,26,1042.13,420.04,147.41,514.29,0.8011,-1,-1,-1
449,71,1831.14,469.79,73.08,179.36,0.3394,-1,-1,-1
450,55,635.33,434.79,87.58,303.50,0.6593,-1,-1,-1
450,59,486.57,435.77,106.68,285.26,0.6995,-1,-1,-1
450,68,695.69,335.49,331.14,635.38,0.7553,-1,-1,-1
450,69,1353.22,421.74,118.99,340.85,0.7538,-1,-1,-1
450,11,1143.87,420.75,210.84,651.28,0.8143,-1,-1,-1
450,26,1037.68,415.45,155.69,540.49,0.7718,-1,-1,-1
450,71,1831.76,468.69,74.76,180.32,0.3343,-1,-1,-1
451,55,644.81,437.97,81.03,300.50,0.6662,-1,-1,-1
451,59,489.52,434.28,118.58,289.34,0.6386,-1,-1,-1
451,68,660.42,339.50,333.41,638.58,0.7166,-1,-1,-1
451,69,1353.65,419.13,124.57,345.46,0.7267,-1,-1,-1
451,11,1136.59,418.77,248.63,654.76,0.8218,-1,-1,-1
451,26,1037.39,412.48,158.88,552.00,0.7848,-1,-1,-1
452,59,490.02,433.74,127.32,290.09,0.7213,-1,-1,-1
452,68,634.19,347.00,323.89,635.80,0.7140,-1,-1,-1
452,69,1359.03,418.24,127.15,347.05,0.7838,-1,-1,-1
452,11,1107.01,416.40,294.01,657.33,0.7162,-1,-1,-1
452,26,1040.39,413.27,160.04,553.61,0.7995,-1,-1,-1
453,59,495.97,436.24,125.58,286.76,0.7171,-1,-1,-1
453,68,586.73,358.22,347.02,668.46,0.5382,-1,-1,-1
453,69,1365.85,418.18,125.32,346.72,0.8187,-1,-1,-1
453,11,1135.70,415.91,294.65,652.83,0.8065,-1,-1,-1
453,26,1046.39,413.99,153.78,551.08,0.7939,-1,-1,-1
454,59,504.37,437.62,111.69,284.70,0.7767,-1,-1,-1
454,68,541.87,368.39,362.44,657.73,0.6763,-1,-1,-1
454,69,1370.18,418.09,126.43,349.37,0.8186,-1,-1,-1
454,11,1144.63,410.46,303.43,662.88,0.7956,-1,-1,-1
454,26,1048.56,415.02,155.76,546.63,0.7731,-1,-1,-1
454,47,820.63,423.51,69.79,270.86,0.4520,-1,-1,-1
455,59,513.87,449.27,94.42,268.60,0.6622,-1,-1,-1
455,68,499.09,384.50,370.08,631.73,0.6359,-1,-1,-1
455,69,1373.12,418.72,129.00,349.65,0.8236,-1,-1,-1
455,11,1149.00,417.15,304.36,661.38,0.7102,-1,-1,-1
455,26,1052.20,417.33,168.06,547.20,0.7695,-1,-1,-1
455,78,243.80,517.24,90.99,123.21,0.5268,-1,-1,-1
455,47,820.91,421.20,74.81,283.07,0.6189,-1,-1,-1
456,68,460.35,391.88,376.50,646.93,0.7106,-1,-1,-1
456,69,1376.68,419.80,131.42,353.30,0.8205,-1,-1,-1
456,11,1151.04,421.88,309.86,659.15,0.7528,-1,-1,-1
456,26,1056.19,419.55,169.77,545.57,0.7771,-1,-1,-1
456,47,814.85,420.20,86.03,287.83,0.5990,-1,-1,-1
457,68,411.74,395.68,382.73,645.94,0.6780,-1,-1,-1
457,69,1379.38,420.57,135.05,357.30,0.8463,-1,-1,-1
457,11,1152.50,414.92,298.28,665.17,0.8216,-1,-1,-1
457,26,1061.15,420.38,167.24,545.53,0.8059,-1,-1,-1
457,47,809.35,413.99,95.32,294.89,0.6823,-1,-1,-1
457,80,415.70,470.98,42.48,100.93,0.3416,-1,-1,-1
457,55,687.65,440.72,69.86,218.44,0.3440,-1,-1,-1
457,78,230.11,514.34,93.63,115.61,0.3941,-1,-1,-1
458,68,375.14,394.22,390.99,666.60,0.7582,-1,-1,-1
458,69,1386.31,421.77,134.81,359.33,0.8287,-1,-1,-1
458,11,1153.34,414.88,303.35,664.33,0.8406,-1,-1,-1
458,26,1068.22,419.37,161.55,543.16,0.8052,-1,-1,-1
458,47,809.02,415.44,97.72,292.89,0.6735,-1,-1,-1
458,55,688.78,441.46,81.73,271.93,0.4969,-1,-1,-1
458,78,220.64,517.66,94.13,117.29,0.4046,-1,-1,-1
459,68,339.84,390.37,395.57,680.39,0.8433,-1,-1,-1
459,69,1391.62,423.56,144.38,361.41,0.8361,-1,-1,-1
459,11,1154.83,414.76,314.06,664.30,0.8347,-1,-1,-1
459,26,1075.52,418.55,157.60,546.50,0.7696,-1,-1,-1
459,47,816.66,419.14,88.31,285.95,0.5966,-1,-1,-1
459,55,688.15,442.81,103.08,284.23,0.4899,-1,-1,-1
459,78,210.09,520.66,96.11,123.25,0.3801,-1,-1,-1
460,68,302.41,388.37,405.31,678.28,0.6819,-1,-1,-1
460,69,1397.48,424.05,156.64,363.47,0.8447,-1,-1,-1
460,11,1158.27,412.72,311.53,664.44,0.8424,-1,-1,-1
460,26,1085.49,418.66,152.55,548.33,0.7164,-1,-1,-1
460,47,820.82,422.05,88.29,280.20,0.5387,-1,-1,-1
460,55,677.96,441.42,122.31,291.93,0.6885,-1,-1,-1
460,78,202.17,521.60,95.69,117.43,0.4024,-1,-1,-1
461,68,274.08,375.10,404.56,698.78,0.8022,-1,-1,-1
461,69,1401.24,425.54,163.73,365.02,0.8552,-1,-1,-1
461,11,1160.28,411.09,310.20,667.71,0.8619,-1,-1,-1
461,26,1097.30,421.52,151.20,553.49,0.7145,-1,-1,-1
461,47,818.44,416.66,96.94,284.76,0.5820,-1,-1,-1
461,55,662.50,440.05,141.86,297.21,0.7449,-1,-1,-1
462,68,249.35,369.90,396.50,705.06,0.7668,-1,-1,-1
462,69,1403.56,426.32,167.12,366.41,0.8153,-1,-1,-1
462,11,1158.57,405.76,313.25,672.38,0.8665,-1,-1,-1
462,26,1098.83,420.12,157.25,556.56,0.7314,-1,-1,-1
462,47,813.13,413.25,102.78,289.26,0.6095,-1,-1,-1
462,55,665.20,439.86,138.08,298.46,0.6933,-1,-1,-1
462,59,563.92,434.80,88.38,276.02,0.5541,-1,-1,-1
463,68,243.48,363.34,382.05,711.23,0.7797,-1,-1,-1
463,69,1405.38,430.41,171.09,367.22,0.8300,-1,-1,-1
463,11,1160.95,403.41,310.39,674.79,0.8030,-1,-1,-1
463,26,1102.42,417.15,157.25,558.32,0.7730,-1,-1,-1
463,47,810.09,411.56,109.56,290.88,0.5973,-1,-1,-1
463,55,672.04,439.21,126.15,297.84,0.6768,-1,-1,-1
463,59,567.02,432.69,91.81,276.94,0.7024,-1,-1,-1
463,61,774.37,446.69,46.98,141.04,0.4053,-1,-1,-1
464,68,220.97,358.78,384.94,714.69,0.8130,-1,-1,-1
464,69,1413.20,427.76,166.01,372.84,0.8498,-1,-1,-1
464,11,1167.02,401.94,303.26,675.27,0.7971,-1,-1,-1
464,26,1104.71,413.41,162.11,564.48,0.7788,-1,-1,-1
464,47,809.18,411.76,114.77,291.95,0.6322,-1,-1,-1
464,55,680.64,438.69,117.20,294.53,0.6811,-1,-1,-1
464,59,572.19,432.04,91.65,275.66,0.6958,-1,-1,-1
464,61,772.89,446.09,46.93,140.32,0.5097,-1,-1,-1
465,68,195.63,360.43,393.30,710.31,0.7817,-1,-1,-1
465,69,1421.58,424.85,158.43,378.41,0.8425,-1,-1,-1
465,11,1183.20,402.00,286.27,677.07,0.8341,-1,-1,-1
465,26,1108.08,416.17,159.55,561.76,0.7697,-1,-1,-1
465,47,817.00,412.32,108.48,291.75,0.6268,-1,-1,-1
465,55,685.66,438.96,113.89,293.53,0.6242,-1,-1,-1
465,59,568.01,430.80,99.80,276.65,0.6811,-1,-1,-1
466,68,157.87,365.12,399.43,707.36,0.7493,-1,-1,-1
466,69,1432.81,421.89,147.09,382.96,0.8451,-1,-1,-1
466,11,1195.73,402.61,274.47,676.14,0.8167,-1,-1,-1
466,26,1107.68,420.21,165.23,555.53,0.7763,-1,-1,-1
466,47,822.44,409.70,106.39,295.42,0.6719,-1,-1,-1
466,55,704.19,438.59,108.30,292.98,0.6413,-1,-1,-1
466,59,564.57,430.12,106.13,278.11,0.6881,-1,-1,-1
466,81,512.15,448.55,75.12,193.38,0.3998,-1,-1,-1
467,68,129.58,369.20,402.32,703.81,0.8543,-1,-1,-1
467,69,1447.83,421.10,135.48,385.46,0.8017,-1,-1,-1
467,11,1216.25,404.50,259.62,667.73,0.7357,-1,-1,-1
467,26,1108.69,425.99,171.46,550.06,0.7267,-1,-1,-1
467,47,827.44,407.98,100.54,297.72,0.6770,-1,-1,-1
467,55,718.55,440.03,97.89,292.30,0.6695,-1,-1,-1
467,59,568.53,428.61,103.53,279.92,0.6874,-1,-1,-1
467,81,501.97,456.15,78.97,183.31,0.3588,-1,-1,-1
468,68,113.41,371.99,391.00,702.30,0.8190,-1,-1,-1
468,69,1459.69,416.34,131.52,389.04,0.8164,-1,-1,-1
468,11,1239.00,405.55,244.07,655.06,0.6441,-1,-1,-1
468,26,1112.58,423.86,176.32,561.96,0.7788,-1,-1,-1
468,47,830.55,406.98,97.25,298.40,0.6700,-1,-1,-1
468,55,713.51,439.49,101.40,293.22,0.6051,-1,-1,-1
468,59,572.39,432.37,99.11,272.87,0.7037,-1,-1,-1
469,68,78.72,379.68,388.36,689.89,0.7297,-1,-1,-1
469,69,1471.52,414.26,123.28,391.20,0.7871,-1,-1,-1
469,11,1253.47,403.36,242.73,665.76,0.7933,-1,-1,-1
469,26,1116.52,422.59,173.70,574.14,0.7744,-1,-1,-1
469,47,833.61,407.08,93.58,298.70,0.6874,-1,-1,-1
469,55,711.60,437.56,106.07,295.12,0.6255,-1,-1,-1
469,59,575.93,435.62,97.30,268.99,0.7120,-1,-1,-1
469,81,492.32,457.79,81.97,192.69,0.3642,-1,-1,-1
470,68,49.09,388.96,392.58,679.48,0.7839,-1,-1,-1
470,69,1481.44,412.29,119.70,391.55,0.8236,-1,-1,-1
470,11,1270.77,405.87,236.25,667.60,0.6420,-1,-1,-1
470,26,1123.16,422.14,178.13,583.58,0.7597,-1,-1,-1
470,47,833.32,407.98,92.99,299.10,0.7192,-1,-1,-1
470,55,712.91,437.37,118.58,293.32,0.6068,-1,-1,-1
470,59,579.69,438.78,95.01,267.57,0.7097,-1,-1,-1
470,81,488.55,470.25,75.61,177.27,0.3065,-1,-1,-1
471,68,18.97,395.51,408.80,673.58,0.8303,-1,-1,-1
471,69,1489.80,410.42,116.66,393.01,0.8153,-1,-1,-1
471,11,1289.66,401.66,213.39,673.32,0.5576,-1,-1,-1
471,26,1129.91,421.90,173.22,587.99,0.7717,-1,-1,-1
471,47,837.08,412.85,90.54,293.13,0.7532,-1,-1,-1
471,55,730.39,433.08,116.90,299.00,0.5846,-1,-1,-1
471,59,581.82,446.01,94.70,262.67,0.6995,-1,-1,-1
472,68,-2.65,401.31,398.79,665.10,0.7831,-1,-1,-1
472,69,1494.89,409.61,117.84,395.51,0.8316,-1,-1,-1
472,11,1290.41,399.19,207.74,674.60,0.6532,-1,-1,-1
472,26,1133.75,418.60,178.73,593.39,0.8032,-1,-1,-1
472,47,838.17,412.80,89.54,292.48,0.7328,-1,-1,-1
472,55,738.55,432.41,119.14,299.59,0.6450,-1,-1,-1
472,59,584.35,446.11,96.10,262.35,0.7330,-1,-1,-1
472,84,408.56,486.67,62.38,138.06,0.3862,-1,-1,-1
472,81,484.17,472.16,64.51,169.27,0.3569,-1,-1,-1
473,68,-11.34,402.91,394.36,663.67,0.6320,-1,-1,-1
473,69,1500.48,410.35,118.56,393.05,0.8030,-1,-1,-1
473,11,1310.56,399.21,201.66,669.78,0.6614,-1,-1,-1
473,26,1138.44,421.64,171.48,590.46,0.7925,-1,-1,-1
473,47,840.09,415.99,89.67,289.43,0.6985,-1,-1,-1
473,55,742.12,434.97,119.06,296.12,0.6690,-1,-1,-1
473,59,587.11,441.90,97.52,266.48,0.7317,-1,-1,-1
473,84,409.40,488.09,54.35,127.14,0.3495,-1,-1,-1
473,81,470.66,473.99,72.25,175.04,0.3430,-1,-1,-1
474,68,-13.57,401.12,364.83,669.99,0.5958,-1,-1,-1
474,69,1504.00,411.11,123.70,391.78,0.7797,-1,-1,-1
474,11,1323.96,399.68,202.01,666.54,0.7214,-1,-1,-1
474,26,1143.77,422.03,166.77,589.93,0.8009,-1,-1,-1
474,47,839.33,414.46,86.35,290.28,0.6224,-1,-1,-1
474,55,741.95,437.79,119.67,292.31,0.6531,-1,-1,-1
474,59,589.82,440.18,98.32,267.86,0.7393,-1,-1,-1
474,81,453.23,474.95,88.81,182.01,0.4082,-1,-1,-1
475,68,-12.32,398.84,346.42,674.06,0.7489,-1,-1,-1
475,69,1508.79,410.45,130.43,392.85,0.7779,-1,-1,-1
475,11,1326.34,400.98,205.72,666.14,0.7507,-1,-1,-1
475,26,1147.52,422.08,167.16,589.97,0.8164,-1,-1,-1
475,47,845.75,415.49,90.89,287.96,0.5106,-1,-1,-1
475,55,743.64,436.75,118.54,293.80,0.6518,-1,-1,-1
475,59,592.71,441.79,98.69,265.72,0.7419,-1,-1,-1
475,81,453.43,475.46,86.09,186.77,0.3747,-1,-1,-1
475,51,843.65,426.70,74.73,277.22,0.3540,-1,-1,-1
476,68,-10.24,394.47,324.91,674.55,0.3979,-1,-1,-1
476,69,1513.69,411.54,145.52,393.00,0.7605,-1,-1,-1
476,11,1328.77,397.80,212.97,673.20,0.6738,-1,-1,-1
476,26,1149.77,421.53,167.30,590.30,0.8136,-1,-1,-1
476,47,846.89,416.49,83.54,287.62,0.5582,-1,-1,-1
476,55,744.04,436.64,118.19,294.33,0.7018,-1,-1,-1
476,59,595.57,444.39,100.85,261.77,0.7922,-1,-1,-1
476,81,442.95,478.08,89.27,184.22,0.5481,-1,-1,-1
476,51,846.61,419.70,78.51,284.54,0.5582,-1,-1,-1
477,68,-8.60,390.49,302.61,679.63,0.7836,-1,-1,-1
477,69,1517.09,411.12,165.63,398.64,0.8324,-1,-1,-1
477,11,1335.24,396.82,199.02,665.34,0.3965,-1,-1,-1
477,26,1151.62,421.21,170.72,590.68,0.8252,-1,-1,-1
477,47,847.26,416.81,77.07,285.60,0.5525,-1,-1,-1
477,55,745.52,437.47,116.42,293.71,0.7029,-1,-1,-1
477,59,600.17,444.62,100.36,260.90,0.7706,-1,-1,-1
477,81,432.54,474.95,92.48,188.12,0.4177,-1,-1,-1
477,51,847.72,417.40,75.30,285.07,0.5525,-1,-1,-1
478,68,-6.85,383.07,282.42,685.14,0.4157,-1,-1,-1
478,69,1523.57,408.32,180.50,401.42,0.8261,-1,-1,-1
478,11,1338.35,398.17,202.05,660.27,0.6568,-1,-1,-1
478,26,1157.55,421.02,169.07,590.69,0.8189,-1,-1,-1
478,47,848.76,415.61,75.35,286.26,0.4896,-1,-1,-1
478,55,747.46,437.44,113.53,294.90,0.6313,-1,-1,-1
478,59,611.03,445.39,94.01,258.65,0.6860,-1,-1,-1
478,81,422.53,474.75,97.36,190.38,0.4561,-1,-1,-1
478,51,852.19,423.74,124.51,273.94,0.3468,-1,-1,-1
478,88,1307.59,418.23,86.73,511.27,0.4049,-1,-1,-1
479,68,-4.96,382.14,261.72,686.92,0.7241,-1,-1,-1
479,69,1530.00,409.41,193.69,404.34,0.8491,-1,-1,-1
479,11,1345.07,398.16,212.16,669.10,0.7608,-1,-1,-1
479,26,1162.44,420.14,168.41,590.99,0.8015,-1,-1,-1
479,47,851.32,414.16,70.35,286.06,0.5196,-1,-1,-1
479,55,755.63,438.48,106.77,293.93,0.6150,-1,-1,-1
479,59,609.61,444.45,101.04,258.74,0.6583,-1,-1,-1
479,51,879.87,431.53,118.09,260.16,0.4887,-1,-1,-1
479,88,1316.03,413.45,94.34,529.02,0.4341,-1,-1,-1
480,68,-3.73,389.88,241.43,679.42,0.3584,-1,-1,-1
480,69,1536.56,412.83,199.55,408.36,0.8576,-1,-1,-1
480,11,1348.16,401.72,226.51,670.20,0.8132,-1,-1,-1
480,26,1168.18,420.49,166.02,590.00,0.8059,-1,-1,-1
480,47,852.10,412.92,69.60,286.93,0.5706,-1,-1,-1
480,55,763.64,437.41,100.43,292.33,0.6542,-1,-1,-1
480,59,618.64,439.25,92.91,262.04,0.6057,-1,-1,-1
480,51,894.68,435.90,114.00,250.66,0.5526,-1,-1,-1
480,88,1323.79,411.31,93.80,542.14,0.4469,-1,-1,-1
481,68,-2.99,406.64,221.71,664.80,0.7644,-1,-1,-1
481,69,1542.19,417.71,203.80,407.12,0.8478,-1,-1,-1
481,11,1349.39,399.22,243.92,676.94,0.8317,-1,-1,-1
481,26,1173.06,419.48,165.07,590.49,0.8082,-1,-1,-1
481,47,853.29,413.19,67.71,286.21,0.5483,-1,-1,-1
481,55,773.10,439.42,96.26,286.29,0.6128,-1,-1,-1
481,59,625.98,436.12,92.56,263.59,0.6027,-1,-1,-1
481,51,902.19,439.29,109.95,244.56,0.6321,-1,-1,-1
481,88,1328.60,407.65,90.96,554.92,0.3927,-1,-1,-1
481,81,406.94,478.51,85.97,186.48,0.5192,-1,-1,-1
482,68,-2.48,453.11,202.45,618.88,0.7682,-1,-1,-1
482,69,1547.83,418.59,205.96,409.54,0.8333,-1,-1,-1
482,11,1354.46,396.88,254.37,680.49,0.8512,-1,-1,-1
482,26,1177.28,419.11,164.03,592.99,0.7925,-1,-1,-1
482,47,854.45,413.35,66.60,284.23,0.5304,-1,-1,-1
482,55,780.90,438.76,92.23,284.15,0.5801,-1,-1,-1
482,59,632.01,434.71,88.94,265.45,0.5775,-1,-1,-1
482,51,906.71,442.78,107.15,239.87,0.6763,-1,-1,-1
482,88,1330.69,406.46,97.17,551.08,0.3443,-1,-1,-1
482,81,404.66,477.69,83.39,191.70,0.4563,-1,-1,-1
483,68,-1.99,500.94,184.37,570.13,0.7446,-1,-1,-1
483,69,1555.21,418.48,199.50,413.04,0.8256,-1,-1,-1
483,11,1358.77,394.75,263.12,682.02,0.8280,-1,-1,-1
483,26,1183.40,418.59,162.06,593.38,0.7927,-1,-1,-1
483,47,855.70,415.25,66.91,283.97,0.5271,-1,-1,-1
483,55,792.74,437.15,82.31,287.91,0.6332,-1,-1,-1
483,59,631.13,433.74,94.95,264.35,0.6163,-1,-1,-1
483,51,910.35,445.30,102.56,237.07,0.6634,-1,-1,-1
483,88,1332.31,401.38,102.98,558.95,0.4050,-1,-1,-1
483,81,399.29,476.64,87.74,193.09,0.4748,-1,-1,-1
484,68,-1.29,544.39,163.26,454.74,0.3885,-1,-1,-1
484,69,1563.13,416.46,193.58,418.82,0.8218,-1,-1,-1
484,11,1360.58,393.99,272.21,683.73,0.8715,-1,-1,-1
484,26,1188.88,417.68,161.46,594.87,0.7880,-1,-1,-1
484,47,859.15,428.42,65.25,270.99,0.5165,-1,-1,-1
484,55,797.70,437.88,78.05,289.75,0.6598,-1,-1,-1
484,59,633.11,435.09,100.23,261.97,0.6560,-1,-1,-1
484,51,913.32,445.80,98.82,237.39,0.6519,-1,-1,-1
484,88,1336.02,405.73,101.44,557.31,0.4306,-1,-1,-1
484,81,384.79,476.01,100.56,195.07,0.4640,-1,-1,-1
485,68,-1.03,564.65,143.86,488.60,0.4239,-1,-1,-1
485,69,1573.66,411.80,184.83,425.98,0.8340,-1,-1,-1
485,11,1361.21,395.43,278.44,681.67,0.8567,-1,-1,-1
485,26,1193.90,419.61,162.93,593.56,0.7822,-1,-1,-1
485,47,861.71,425.34,61.01,271.11,0.4662,-1,-1,-1
485,55,801.12,438.75,83.12,286.69,0.6578,-1,-1,-1
485,59,632.56,434.87,110.20,261.93,0.6878,-1,-1,-1
485,51,914.46,442.59,97.70,239.54,0.6781,-1,-1,-1
485,88,1338.33,417.85,101.27,543.67,0.5507,-1,-1,-1
485,81,368.49,477.10,109.92,198.26,0.3473,-1,-1,-1
486,68,-0.49,580.16,116.70,427.08,0.5683,-1,-1,-1
486,69,1582.50,412.10,178.38,427.58,0.8357,-1,-1,-1
486,11,1360.78,396.57,283.68,679.86,0.8408,-1,-1,-1
486,26,1198.95,419.93,163.48,592.80,0.7764,-1,-1,-1
486,47,864.67,430.01,59.50,251.52,0.3566,-1,-1,-1
486,55,802.18,438.70,95.09,285.88,0.5763,-1,-1,-1
486,59,633.27,434.55,118.10,262.33,0.7144,-1,-1,-1
486,51,913.71,441.80,97.02,239.57,0.6940,-1,-1,-1
486,88,1339.44,415.59,105.29,549.07,0.6089,-1,-1,-1
486,81,356.82,478.69,107.51,193.47,0.3272,-1,-1,-1
487,68,-0.26,553.69,92.85,434.58,0.4666,-1,-1,-1
487,69,1589.99,415.29,169.94,425.14,0.7894,-1,-1,-1
487,11,1361.83,396.48,283.59,679.59,0.8439,-1,-1,-1
487,26,1201.62,419.21,175.69,593.66,0.7764,-1,-1,-1
487,47,863.97,429.46,61.37,260.37,0.4201,-1,-1,-1
487,55,804.11,437.97,93.42,285.41,0.4915,-1,-1,-1
487,59,633.84,435.33,125.27,261.37,0.6706,-1,-1,-1
487,51,918.09,441.95,93.48,239.85,0.6626,-1,-1,-1
487,88,1345.41,413.34,104.34,533.55,0.5810,-1,-1,-1
487,81,353.66,478.31,106.01,197.03,0.4733,-1,-1,-1
488,68,0.00,628.20,70.50,337.86,0.5586,-1,-1,-1
488,69,1598.43,417.91,164.66,422.17,0.7657,-1,-1,-1
488,11,1361.70,399.55,288.31,676.57,0.8192,-1,-1,-1
488,26,1203.23,419.59,181.46,592.77,0.7844,-1,-1,-1
488,47,856.23,435.76,74.32,279.30,0.3353,-1,-1,-1
488,55,805.57,434.43,115.63,290.28,0.5853,-1,-1,-1
488,59,636.01,435.43,126.50,261.06,0.6730,-1,-1,-1
488,51,921.33,447.72,90.63,233.91,0.5542,-1,-1,-1
488,88,1349.22,416.98,106.43,514.29,0.5108,-1,-1,-1
488,81,348.92,476.02,105.35,201.77,0.4939,-1,-1,-1
489,69,1607.63,414.25,156.85,428.12,0.7452,-1,-1,-1
489,11,1362.33,395.00,290.76,678.30,0.7880,-1,-1,-1
489,26,1205.77,415.09,185.47,595.03,0.8262,-1,-1,-1
489,47,853.97,436.82,81.79,287.33,0.4584,-1,-1,-1
489,55,806.89,432.39,127.73,292.21,0.5717,-1,-1,-1
489,59,640.73,436.03,125.31,260.07,0.6960,-1,-1,-1
489,51,923.94,441.47,89.63,239.70,0.6097,-1,-1,-1
489,88,1351.14,421.52,110.22,484.26,0.5553,-1,-1,-1
489,81,340.41,460.37,101.16,219.69,0.5012,-1,-1,-1
489,95,-0.32,534.49,64.81,130.33,0.5437,-1,-1,-1
490,69,1615.78,412.33,149.60,431.73,0.7320,-1,-1,-1
490,11,1366.83,396.59,274.06,675.77,0.7453,-1,-1,-1
490,26,1205.93,416.70,187.84,594.56,0.8009,-1,-1,-1
490,47,823.05,437.98,116.53,287.58,0.5803,-1,-1,-1
490,55,807.09,435.33,134.42,289.29,0.5803,-1,-1,-1
490,59,643.33,435.42,124.54,262.00,0.7904,-1,-1,-1
490,51,933.39,439.98,81.15,240.10,0.6167,-1,-1,-1
490,88,1355.06,420.24,113.07,477.14,0.6121,-1,-1,-1
490,81,332.17,460.64,97.63,220.32,0.5006,-1,-1,-1
490,95,-0.47,541.89,53.18,112.92,0.3635,-1,-1,-1
491,69,1620.84,409.72,133.56,432.53,0.7349,-1,-1,-1
491,11,1369.20,399.17,260.78,670.69,0.6714,-1,-1,-1
491,26,1206.56,417.43,188.33,594.44,0.8077,-1,-1,-1
491,47,812.78,438.10,129.74,287.91,0.5251,-1,-1,-1
491,55,808.53,436.45,137.03,288.23,0.5251,-1,-1,-1
491,59,647.18,435.06,122.53,263.79,0.7891,-1,-1,-1
491,51,944.84,437.33,72.64,241.11,0.5935,-1,-1,-1
491,88,1361.35,418.80,114.36,473.48,0.5507,-1,-1,-1
491,81,321.46,482.37,101.58,199.82,0.4786,-1,-1,-1
492,69,1631.68,409.76,120.25,436.75,0.7096,-1,-1,-1
492,11,1373.24,394.89,298.46,668.03,0.4265,-1,-1,-1
492,26,1206.49,414.36,194.18,596.04,0.8155,-1,-1,-1
492,47,808.02,443.19,138.67,283.18,0.6700,-1,-1,-1
492,55,808.87,442.06,141.10,282.95,0.6700,-1,-1,-1
492,59,648.58,433.54,123.71,266.85,0.7643,-1,-1,-1
492,51,952.78,437.03,73.23,241.24,0.6238,-1,-1,-1
492,88,1366.37,413.46,164.38,569.68,0.3784,-1,-1,-1
492,81,315.48,482.47,97.82,200.77,0.5228,-1,-1,-1
492,97,723.83,444.44,46.77,132.01,0.3469,-1,-1,-1
492,98,565.66,440.55,32.50,89.81,0.3613,-1,-1,-1
492,64,1367.79,411.31,122.18,470.22,0.5256,-1,-1,-1
492,95,-0.26,559.25,35.08,89.60,0.3579,-1,-1,-1
493,69,1636.70,409.91,120.83,434.90,0.6392,-1,-1,-1
493,11,1411.28,392.08,258.62,665.92,0.3617,-1,-1,-1
493,26,1206.93,416.39,198.11,593.74,0.8291,-1,-1,-1
493,47,807.43,446.01,142.18,279.54,0.6883,-1,-1,-1
493,55,810.29,445.15,142.47,279.13,0.6883,-1,-1,-1
493,59,651.78,439.36,120.96,262.42,0.7728,-1,-1,-1
493,51,957.85,439.25,74.36,239.73,0.7059,-1,-1,-1
493,88,1372.01,397.55,208.38,636.15,0.4744,-1,-1,-1
493,81,306.72,486.64,101.10,194.12,0.4880,-1,-1,-1
493,97,727.78,444.27,42.05,130.10,0.3712,-1,-1,-1
493,98,563.81,439.07,34.93,92.42,0.3296,-1,-1,-1
493,64,1373.05,410.19,121.29,489.09,0.5387,-1,-1,-1
494,69,1637.31,410.05,129.29,410.41,0.6720,-1,-1,-1
494,11,1390.64,389.23,283.87,661.37,0.4998,-1,-1,-1
494,26,1207.05,419.66,205.12,590.45,0.8280,-1,-1,-1
494,47,807.52,446.49,144.67,279.79,0.7114,-1,-1,-1
494,55,810.96,445.79,144.13,279.37,0.7114,-1,-1,-1
494,59,654.50,441.49,119.70,260.60,0.7825,-1,-1,-1
494,51,958.47,441.08,77.86,238.64,0.6561,-1,-1,-1
494,88,1377.70,402.78,163.15,576.64,0.6170,-1,-1,-1
494,81,301.31,479.18,103.74,200.79,0.3786,-1,-1,-1
494,98,564.08,439.55,35.01,92.55,0.3095,-1,-1,-1
494,64,1378.16,408.16,122.15,518.59,0.6170,-1,-1,-1
495,69,1638.36,406.79,154.34,441.82,0.6937,-1,-1,-1
495,11,1383.92,384.85,284.95,663.72,0.4463,-1,-1,-1
495,26,1207.73,421.03,212.24,589.96,0.8144,-1,-1,-1
495,47,813.64,444.46,139.70,281.41,0.6831,-1,-1,-1
495,55,817.24,443.85,138.71,281.02,0.6831,-1,-1,-1
495,59,655.21,438.64,118.54,263.29,0.7628,-1,-1,-1
495,51,961.33,441.69,86.71,239.11,0.6628,-1,-1,-1
495,88,1378.69,404.93,140.37,566.88,0.5724,-1,-1,-1
495,81,295.10,474.13,100.59,214.92,0.3153,-1,-1,-1
495,98,564.10,441.00,35.43,92.52,0.3225,-1,-1,-1
495,64,1378.74,407.08,124.67,546.77,0.5724,-1,-1,-1
496,69,1641.98,404.54,168.93,417.38,0.4884,-1,-1,-1
496,11,1389.94,377.34,280.01,684.31,0.5699,-1,-1,-1
496,26,1208.16,420.33,219.11,591.14,0.8325,-1,-1,-1
496,47,818.29,442.39,136.42,284.66,0.7018,-1,-1,-1
496,55,821.64,441.86,135.33,284.30,0.7018,-1,-1,-1
496,59,657.24,438.07,116.18,263.86,0.7866,-1,-1,-1
496,51,961.19,442.72,99.74,238.79,0.7294,-1,-1,-1
496,88,1382.45,409.99,134.85,566.84,0.6479,-1,-1,-1
496,81,291.57,463.21,92.16,224.33,0.3577,-1,-1,-1
496,98,566.32,441.68,33.83,91.92,0.3880,-1,-1,-1
496,64,1382.28,410.77,128.28,561.19,0.6479,-1,-1,-1
497,69,1646.14,405.38,160.65,454.32,0.7998,-1,-1,-1
497,11,1396.09,377.27,288.57,692.26,0.6532,-1,-1,-1
497,26,1209.22,420.45,223.54,590.56,0.8527,-1,-1,-1
497,47,825.72,443.11,129.47,285.48,0.7345,-1,-1,-1
497,55,828.84,442.65,128.32,285.16,0.7345,-1,-1,-1
497,59,663.09,435.09,109.55,267.08,0.7761,-1,-1,-1
497,51,963.64,442.39,108.88,239.47,0.7283,-1,-1,-1
497,88,1389.73,415.67,132.86,498.27,0.6543,-1,-1,-1
497,81,262.88,467.96,109.41,224.20,0.4461,-1,-1,-1
497,98,567.08,442.26,33.12,91.18,0.3681,-1,-1,-1
497,64,1389.47,415.93,129.60,499.49,0.6543,-1,-1,-1
498,69,1651.63,408.41,160.18,462.96,0.7415,-1,-1,-1
498,11,1409.70,376.66,280.03,693.82,0.6500,-1,-1,-1
498,26,1213.03,418.26,223.29,592.86,0.8472,-1,-1,-1
498,47,835.23,444.12,120.46,283.58,0.6814,-1,-1,-1
498,55,838.05,443.73,119.31,283.28,0.6814,-1,-1,-1
498,59,669.41,432.99,102.15,269.30,0.7722,-1,-1,-1
498,51,967.76,440.63,113.45,241.40,0.7381,-1,-1,-1
498,88,1392.32,413.23,136.92,519.82,0.6516,-1,-1,-1
498,81,256.33,474.81,111.41,223.83,0.4576,-1,-1,-1
498,98,567.06,441.71,33.53,92.00,0.3902,-1,-1,-1
498,64,1392.08,413.41,134.98,521.65,0.6516,-1,-1,-1
499,69,1654.47,406.71,190.95,469.06,0.8521,-1,-1,-1
499,11,1422.18,377.66,272.53,693.76,0.6666,-1,-1,-1
499,26,1220.05,415.70,216.23,596.12,0.8359,-1,-1,-1
499,47,849.01,443.69,107.41,284.91,0.6997,-1,-1,-1
499,55,851.54,443.36,106.27,284.65,0.6997,-1,-1,-1
499,59,673.36,435.37,98.12,265.94,0.7668,-1,-1,-1
499,51,970.41,440.72,119.19,242.04,0.6977,-1,-1,-1
499,88,1393.57,407.90,143.89,531.41,0.6558,-1,-1,-1
499,81,244.90,480.67,111.21,220.32,0.5498,-1,-1,-1
499,98,567.25,442.26,32.75,91.61,0.3971,-1,-1,-1
499,64,1393.35,408.09,142.52,533.63,0.6558,-1,-1,-1
500,69,1661.09,410.57,205.95,473.11,0.8429,-1,-1,-1
500,11,1443.61,377.87,263.18,693.12,0.5800,-1,-1,-1
500,26,1228.43,416.51,209.90,595.95,0.7888,-1,-1,-1
500,47,854.40,440.40,103.77,286.93,0.6593,-1,-1,-1
500,55,856.42,440.11,102.87,286.70,0.6593,-1,-1,-1
500,59,676.27,433.96,95.96,267.04,0.7472,-1,-1,-1
500,51,971.24,442.94,120.68,240.10,0.6805,-1,-1,-1
500,88,1390.81,409.06,154.72,544.35,0.6765,-1,-1,-1
500,81,237.37,481.39,104.18,222.77,0.6092,-1,-1,-1
500,98,568.40,442.68,32.00,91.06,0.3357,-1,-1,-1
500,64,1390.62,409.20,153.62,546.50,0.6765,-1,-1,-1
501,69,1671.64,415.16,218.52,472.31,0.8531,-1,-1,-1
501,11,1477.00,375.00,232.80,611.62,0.6115,-1,-1,-1
501,26,1239.76,414.91,202.52,598.21,0.7919,-1,-1,-1
501,47,857.75,438.60,103.30,287.75,0.6991,-1,-1,-1
501,55,859.47,438.35,102.56,287.54,0.6991,-1,-1,-1
501,59,682.32,433.78,91.19,266.36,0.6855,-1,-1,-1
501,51,970.55,451.05,120.71,231.80,0.7068,-1,-1,-1
501,88,1394.24,411.63,154.28,543.36,0.6844,-1,-1,-1
501,81,226.61,481.36,107.23,222.34,0.6271,-1,-1,-1
501,98,570.86,445.03,29.87,88.89,0.3176,-1,-1,-1
501,64,1394.08,411.72,153.31,545.45,0.6844,-1,-1,-1
502,69,1683.00,415.15,217.68,474.64,0.8443,-1,-1,-1
502,11,1496.07,376.20,225.89,662.20,0.6168,-1,-1,-1
502,26,1252.98,414.94,195.95,599.41,0.7967,-1,-1,-1
502,47,860.55,439.99,104.29,286.58,0.6560,-1,-1,-1
502,55,862.04,439.77,103.67,286.40,0.6560,-1,-1,-1
502,59,691.58,435.44,83.61,263.64,0.6774,-1,-1,-1
502,51,972.88,451.18,117.56,231.60,0.7335,-1,-1,-1
502,88,1390.50,407.44,162.49,554.39,0.7128,-1,-1,-1
502,81,217.92,483.59,112.75,219.41,0.6013,-1,-1,-1
502,98,572.18,449.13,28.49,84.27,0.3027,-1,-1,-1
502,64,1390.36,407.55,161.66,556.21,0.7128,-1,-1,-1
503,69,1691.72,413.08,216.06,481.29,0.8554,-1,-1,-1
503,11,1508.66,374.13,218.05,681.49,0.7256,-1,-1,-1
503,26,1276.50,411.41,178.72,605.11,0.7670,-1,-1,-1
503,47,865.96,440.36,105.29,285.77,0.6739,-1,-1,-1
503,55,867.28,440.17,104.75,285.60,0.6739,-1,-1,-1
503,59,691.95,434.70,86.43,265.03,0.6964,-1,-1,-1
503,51,979.74,448.24,110.91,234.43,0.7197,-1,-1,-1
503,88,1386.41,409.96,170.22,555.44,0.6206,-1,-1,-1
503,81,205.68,481.76,118.48,230.15,0.5356,-1,-1,-1
503,98,572.27,447.78,28.44,86.39,0.3502,-1,-1,-1
503,64,1386.29,410.04,169.48,557.10,0.6206,-1,-1,-1
503,101,0.07,914.28,111.30,165.73,0.4081,-1,-1,-1
504,69,1698.18,411.07,218.76,492.77,0.8658,-1,-1,-1
504,11,1518.21,372.75,216.56,690.42,0.7004,-1,-1,-1
504,26,1292.63,411.84,168.59,606.88,0.8043,-1,-1,-1
504,47,863.92,424.80,76.04,291.22,0.3593,-1,-1,-1
504,55,873.28,440.47,105.88,284.62,0.5696,-1,-1,-1
504,59,693.81,435.36,86.80,265.04,0.6870,-1,-1,-1
504,51,989.08,447.99,99.81,234.70,0.6599,-1,-1,-1
504,88,1389.99,410.49,170.66,555.85,0.6970,-1,-1,-1
504,81,192.32,482.04,119.04,234.92,0.6460,-1,-1,-1
504,98,572.10,447.33,28.46,87.43,0.4039,-1,-1,-1
504,64,1389.90,410.56,169.97,557.34,0.6970,-1,-1,-1
504,101,0.36,929.51,92.83,149.28,0.3497,-1,-1,-1
505,69,1708.38,408.12,212.60,500.80,0.8849,-1,-1,-1
505,11,1525.06,372.79,219.63,698.05,0.7683,-1,-1,-1
505,26,1302.47,410.53,165.30,613.16,0.8282,-1,-1,-1
505,47,867.20,425.88,64.44,283.85,0.4616,-1,-1,-1
505,55,882.28,442.85,113.80,281.03,0.5834,-1,-1,-1
505,59,694.35,436.71,89.73,264.41,0.7826,-1,-1,-1
505,51,1000.17,453.83,87.61,229.11,0.6444,-1,-1,-1
505,88,1401.04,420.85,164.42,547.54,0.6624,-1,-1,-1
505,81,182.00,482.38,114.46,235.93,0.6028,-1,-1,-1
505,98,572.01,448.98,28.44,85.80,0.4042,-1,-1,-1
505,64,1400.98,420.87,163.80,548.89,0.6624,-1,-1,-1
506,69,1718.11,403.49,204.84,507.34,0.8853,-1,-1,-1
506,11,1529.56,372.05,218.22,701.30,0.7570,-1,-1,-1
506,26,1309.27,411.21,163.98,622.96,0.7936,-1,-1,-1
506,47,869.26,416.83,67.42,287.48,0.5857,-1,-1,-1
506,55,893.91,449.06,117.83,273.58,0.6529,-1,-1,-1
506,59,699.08,435.44,90.21,266.35,0.7435,-1,-1,-1
506,51,1010.77,459.11,78.85,223.39,0.6265,-1,-1,-1
506,88,1430.72,422.92,138.14,534.28,0.7065,-1,-1,-1
506,81,168.35,484.02,114.25,234.25,0.6545,-1,-1,-1
506,98,571.83,448.41,28.91,85.82,0.4098,-1,-1,-1
506,64,1430.67,422.93,137.60,535.50,0.7065,-1,-1,-1
507,69,1732.68,399.92,190.45,512.92,0.8766,-1,-1,-1
507,11,1532.24,374.26,220.22,701.08,0.7412,-1,-1,-1
507,26,1314.85,411.98,162.02,631.97,0.8117,-1,-1,-1
507,47,870.08,413.99,67.40,288.57,0.6056,-1,-1,-1
507,55,899.95,450.77,120.68,270.79,0.6701,-1,-1,-1
507,59,702.33,435.46,95.27,266.10,0.7240,-1,-1,-1
507,51,1017.36,452.70,79.47,228.83,0.5342,-1,-1,-1
507,88,1444.43,418.95,126.93,541.33,0.6956,-1,-1,-1
507,81,153.24,482.50,116.25,242.43,0.6776,-1,-1,-1
507,98,572.24,447.36,28.70,86.88,0.3938,-1,-1,-1
507,64,1444.37,418.98,126.54,542.36,0.6956,-1,-1,-1
508,69,1743.23,397.79,179.02,514.87,0.8461,-1,-1,-1
508,11,1531.95,373.84,227.22,699.36,0.7467,-1,-1,-1
508,26,1319.35,414.77,178.71,637.71,0.7754,-1,-1,-1
508,47,870.03,412.44,67.89,286.53,0.6059,-1,-1,-1
508,55,901.37,452.33,133.18,269.12,0.7102,-1,-1,-1
508,59,712.28,435.76,92.03,264.47,0.6846,-1,-1,-1
508,51,1026.12,449.99,73.52,230.21,0.5334,-1,-1,-1
508,88,1453.89,413.77,121.46,537.41,0.6748,-1,-1,-1
508,81,139.38,483.40,120.34,244.61,0.6713,-1,-1,-1
508,98,571.29,446.96,29.21,88.12,0.4383,-1,-1,-1
508,64,1453.82,413.80,121.15,538.34,0.6748,-1,-1,-1
509,69,1751.72,396.11,170.16,514.36,0.7913,-1,-1,-1
509,11,1532.81,373.83,225.67,695.08,0.7011,-1,-1,-1
509,26,1324.80,413.57,199.10,643.81,0.8280,-1,-1,-1
509,47,873.27,419.04,64.67,280.20,0.5877,-1,-1,-1
509,55,902.47,448.96,138.70,274.26,0.7374,-1,-1,-1
509,59,715.71,438.05,96.23,262.15,0.6717,-1,-1,-1
509,51,1032.24,460.86,68.10,218.11,0.4936,-1,-1,-1
509,88,1461.74,407.81,120.79,558.19,0.5873,-1,-1,-1
509,81,127.54,479.44,120.66,245.44,0.6707,-1,-1,-1
509,98,570.86,446.48,29.86,89.02,0.4295,-1,-1,-1
509,64,1461.67,407.84,120.54,558.97,0.5873,-1,-1,-1
510,69,1767.83,393.45,153.81,503.92,0.8241,-1,-1,-1
510,11,1545.17,375.77,237.94,697.84,0.6134,-1,-1,-1
510,26,1326.88,413.26,217.49,644.99,0.8407,-1,-1,-1
510,47,875.15,413.48,65.42,284.12,0.5885,-1,-1,-1
510,55,902.40,446.75,139.80,277.93,0.7513,-1,-1,-1
510,59,715.50,436.28,109.15,263.79,0.7043,-1,-1,-1
510,51,1036.72,465.37,69.93,210.37,0.4967,-1,-1,-1
510,88,1468.64,405.33,121.15,570.07,0.7085,-1,-1,-1
510,81,110.02,477.49,125.75,247.84,0.6633,-1,-1,-1
510,98,570.34,445.69,29.93,88.88,0.4338,-1,-1,-1
510,64,1468.58,405.36,120.93,570.77,0.7085,-1,-1,-1
511,69,1778.94,393.63,142.55,497.36,0.8075,-1,-1,-1
511,11,1545.19,371.13,262.31,703.80,0.7179,-1,-1,-1
511,26,1326.18,414.54,233.32,645.44,0.8384,-1,-1,-1
511,47,875.36,420.89,66.70,274.58,0.4938,-1,-1,-1
511,55,901.39,446.49,150.31,278.82,0.7628,-1,-1,-1
511,59,715.92,438.28,114.22,261.54,0.7253,-1,-1,-1
511,51,1037.38,461.79,75.83,213.24,0.5467,-1,-1,-1
511,88,1475.05,405.16,119.94,558.96,0.6677,-1,-1,-1
511,81,98.06,477.12,127.15,251.47,0.5590,-1,-1,-1
511,98,570.19,446.06,29.81,88.04,0.4672,-1,-1,-1
511,64,1475.00,405.18,119.75,559.61,0.6677,-1,-1,-1
512,69,1786.28,393.64,134.74,497.85,0.8064,-1,-1,-1
512,11,1548.63,373.65,242.49,694.49,0.5774,-1,-1,-1
512,26,1324.41,417.64,241.56,644.52,0.8452,-1,-1,-1
512,47,875.06,414.50,71.71,280.62,0.5614,-1,-1,-1
512,55,901.33,444.40,153.24,281.23,0.7581,-1,-1,-1
512,59,718.37,437.21,113.76,261.91,0.7392,-1,-1,-1
512,51,1039.70,456.25,83.31,220.37,0.6052,-1,-1,-1
512,88,1477.05,407.60,119.80,541.89,0.6389,-1,-1,-1
512,98,570.46,446.85,29.28,87.14,0.4569,-1,-1,-1
512,64,1477.00,407.61,119.64,542.46,0.6389,-1,-1,-1
513,69,1802.08,390.71,118.83,507.77,0.7983,-1,-1,-1
513,11,1549.07,373.47,241.78,614.00,0.4813,-1,-1,-1
513,26,1323.63,418.46,248.31,647.25,0.8471,-1,-1,-1
513,47,876.08,412.77,74.34,283.19,0.5145,-1,-1,-1
513,55,901.41,443.95,155.42,281.76,0.7508,-1,-1,-1
513,59,719.92,436.46,117.19,262.89,0.7425,-1,-1,-1
513,51,1042.49,448.00,89.90,229.12,0.6052,-1,-1,-1
513,88,1480.44,411.99,120.14,550.70,0.6534,-1,-1,-1
513,98,570.60,446.25,29.29,87.74,0.4768,-1,-1,-1
513,64,1480.40,412.00,120.00,551.18,0.6534,-1,-1,-1
513,81,66.43,476.75,138.87,257.00,0.6038,-1,-1,-1
514,69,1809.35,390.26,111.50,512.10,0.8034,-1,-1,-1
514,11,1556.62,371.90,229.56,589.12,0.5666,-1,-1,-1
514,26,1323.38,418.60,251.82,648.43,0.8434,-1,-1,-1
514,47,877.93,412.56,75.84,284.24,0.5095,-1,-1,-1
514,55,902.24,444.28,156.00,280.77,0.7018,-1,-1,-1
514,59,722.36,439.00,115.20,258.98,0.7480,-1,-1,-1
514,51,1043.58,445.61,99.03,231.30,0.6228,-1,-1,-1
514,88,1485.22,415.35,119.96,538.45,0.5941,-1,-1,-1
514,98,570.19,446.03,29.68,87.48,0.5259,-1,-1,-1
514,64,1485.18,415.36,119.84,538.89,0.5941,-1,-1,-1
514,81,50.90,476.72,142.54,258.07,0.6570,-1,-1,-1
515,69,1819.62,388.79,101.09,517.39,0.7930,-1,-1,-1
515,11,1563.32,372.07,244.15,660.02,0.5287,-1,-1,-1
515,26,1324.18,418.00,253.58,650.08,0.8439,-1,-1,-1
515,47,877.10,417.64,74.72,279.65,0.5767,-1,-1,-1
515,55,903.53,443.48,156.79,280.82,0.7431,-1,-1,-1
515,59,725.82,439.17,112.89,257.34,0.7253,-1,-1,-1
515,51,1046.02,449.13,103.82,228.04,0.6780,-1,-1,-1
515,88,1489.48,415.39,124.93,524.90,0.5210,-1,-1,-1
515,98,569.80,446.17,30.30,87.65,0.4834,-1,-1,-1
515,64,1489.45,415.40,124.83,525.29,0.5210,-1,-1,-1
515,81,37.79,477.59,145.10,259.14,0.6996,-1,-1,-1
515,104,693.67,451.76,39.07,124.53,0.4619,-1,-1,-1
516,69,1824.33,387.60,95.72,525.23,0.7579,-1,-1,-1
516,11,1563.96,374.03,269.56,675.73,0.6068,-1,-1,-1
516,26,1324.09,421.43,257.17,648.50,0.8307,-1,-1,-1
516,47,877.78,417.78,78.35,282.26,0.5691,-1,-1,-1
516,55,906.66,439.38,154.32,282.71,0.7598,-1,-1,-1
516,59,730.85,436.33,109.36,259.25,0.7487,-1,-1,-1
516,51,1049.36,449.75,100.53,226.06,0.5777,-1,-1,-1
516,88,1495.48,415.01,128.01,516.10,0.4169,-1,-1,-1
516,98,569.28,445.71,31.26,89.19,0.5022,-1,-1,-1
516,64,1495.45,415.02,127.91,516.43,0.4169,-1,-1,-1
516,81,22.81,478.62,148.37,259.64,0.7056,-1,-1,-1
516,104,692.67,450.07,38.44,126.29,0.4894,-1,-1,-1
517,69,1833.95,390.62,86.03,517.23,0.6984,-1,-1,-1
517,11,1572.18,376.89,274.77,686.58,0.4330,-1,-1,-1
517,26,1324.20,423.70,261.27,646.73,0.8206,-1,-1,-1
517,47,879.29,422.40,82.28,280.66,0.5803,-1,-1,-1
517,55,910.22,437.83,149.72,284.22,0.7689,-1,-1,-1
517,59,734.95,438.84,106.91,255.81,0.7293,-1,-1,-1
517,51,1050.41,449.90,101.44,226.22,0.5540,-1,-1,-1
517,88,1501.43,411.12,130.44,508.39,0.3989,-1,-1,-1
517,98,568.36,444.72,31.85,90.96,0.4721,-1,-1,-1
517,64,1501.40,411.13,130.36,508.68,0.3989,-1,-1,-1
517,81,14.01,489.72,148.18,248.70,0.5800,-1,-1,-1
517,104,686.11,446.46,43.12,129.71,0.4908,-1,-1,-1
518,69,1842.44,393.16,77.47,514.13,0.6633,-1,-1,-1
518,11,1576.97,377.79,275.66,690.90,0.4229,-1,-1,-1
518,26,1327.52,419.75,263.64,649.75,0.8205,-1,-1,-1
518,47,879.50,418.09,80.91,285.99,0.6183,-1,-1,-1
518,55,913.88,435.59,145.94,286.95,0.7867,-1,-1,-1
518,59,740.14,433.80,102.29,259.72,0.7801,-1,-1,-1
518,51,1050.29,457.28,103.73,219.76,0.5713,-1,-1,-1
518,88,1506.32,412.85,132.95,477.67,0.3561,-1,-1,-1
518,98,569.55,446.19,30.89,89.00,0.4531,-1,-1,-1
518,64,1509.04,411.28,131.11,597.82,0.3608,-1,-1,-1
518,81,2.76,483.71,150.10,255.83,0.6832,-1,-1,-1
518,104,682.09,447.81,44.86,126.20,0.4470,-1,-1,-1
519,69,1852.34,393.53,67.43,497.45,0.5252,-1,-1,-1
519,11,1577.51,380.33,301.80,690.39,0.6566,-1,-1,-1
519,26,1330.13,420.45,263.31,648.25,0.7949,-1,-1,-1
519,47,880.06,428.04,79.27,273.27,0.5929,-1,-1,-1
519,55,917.36,439.18,142.42,281.50,0.6558,-1,-1,-1
519,59,743.81,432.65,100.62,260.06,0.7721,-1,-1,-1
519,51,1051.11,451.41,102.98,226.12,0.5339,-1,-1,-1
519,88,1515.28,413.21,126.98,589.92,0.4686,-1,-1,-1
519,98,570.44,449.00,30.04,86.47,0.4611,-1,-1,-1
519,64,1516.32,412.51,126.20,630.18,0.4686,-1,-1,-1
519,81,-2.84,488.73,147.96,251.27,0.6147,-1,-1,-1
519,104,678.61,447.61,45.86,126.00,0.5495,-1,-1,-1
520,69,1866.63,395.51,53.16,483.49,0.5436,-1,-1,-1
520,11,1580.72,380.26,269.45,691.87,0.5517,-1,-1,-1
520,26,1334.52,418.68,258.18,649.75,0.7827,-1,-1,-1
520,47,881.35,433.19,78.66,266.37,0.6394,-1,-1,-1
520,55,927.90,443.94,135.85,276.04,0.6578,-1,-1,-1
520,59,749.54,430.78,95.13,260.32,0.7280,-1,-1,-1
520,51,1051.37,454.51,102.20,222.79,0.5669,-1,-1,-1
520,88,1521.78,417.16,130.21,547.69,0.4471,-1,-1,-1
520,98,570.91,449.41,29.68,86.43,0.4252,-1,-1,-1
520,64,1522.15,416.99,129.89,561.68,0.4471,-1,-1,-1
520,81,-4.75,482.90,149.91,260.38,0.5352,-1,-1,-1
520,104,679.02,448.07,44.79,124.63,0.5481,-1,-1,-1
521,69,1868.44,391.23,51.22,458.60,0.3693,-1,-1,-1
521,11,1580.30,380.84,313.72,687.06,0.6122,-1,-1,-1
521,26,1339.33,415.93,250.62,651.68,0.8273,-1,-1,-1
521,47,881.97,432.54,80.08,267.42,0.6336,-1,-1,-1
521,55,936.34,444.73,130.45,275.01,0.6328,-1,-1,-1
521,59,756.29,430.87,89.41,259.63,0.7424,-1,-1,-1
521,51,1052.82,443.42,99.79,234.16,0.6212,-1,-1,-1
521,88,1526.90,419.08,135.85,530.03,0.4995,-1,-1,-1
521,98,571.44,452.41,29.12,82.60,0.4261,-1,-1,-1
521,64,1527.02,419.03,135.70,534.22,0.4995,-1,-1,-1
521,81,-4.88,481.25,135.39,266.60,0.4943,-1,-1,-1
521,104,679.17,450.15,43.05,122.92,0.5130,-1,-1,-1
522,11,1602.06,378.36,305.71,606.58,0.6289,-1,-1,-1
522,26,1345.02,413.15,249.67,653.67,0.8024,-1,-1,-1
522,47,880.73,431.89,84.10,269.02,0.6430,-1,-1,-1
522,55,948.02,442.13,121.98,277.24,0.6704,-1,-1,-1
522,59,765.66,432.51,80.76,256.08,0.7152,-1,-1,-1
522,51,1054.52,443.15,98.12,234.54,0.6243,-1,-1,-1
522,88,1531.66,417.00,142.96,536.17,0.4886,-1,-1,-1
522,98,572.32,454.18,28.52,80.56,0.3794,-1,-1,-1
522,64,1531.68,416.95,142.88,537.28,0.4886,-1,-1,-1
522,81,-4.42,478.56,114.56,268.45,0.4968,-1,-1,-1
522,104,677.48,449.09,44.01,124.15,0.5586,-1,-1,-1
523,11,1589.07,379.08,330.61,664.15,0.6017,-1,-1,-1
523,26,1352.01,412.21,246.81,655.04,0.7315,-1,-1,-1
523,47,881.20,422.88,89.40,279.70,0.6485,-1,-1,-1
523,55,952.81,442.22,115.71,278.29,0.6811,-1,-1,-1
523,59,766.02,432.82,85.54,256.46,0.7168,-1,-1,-1
523,51,1055.57,452.56,98.32,225.20,0.6445,-1,-1,-1
523,88,1538.37,413.29,151.67,543.40,0.5182,-1,-1,-1
523,98,572.71,454.12,28.71,80.94,0.4002,-1,-1,-1
523,64,1538.36,413.23,151.61,543.41,0.5182,-1,-1,-1
523,81,-3.44,503.22,107.63,250.67,0.3590,-1,-1,-1
523,104,675.37,448.47,45.49,125.58,0.5925,-1,-1,-1
524,11,1589.09,375.42,335.22,684.44,0.7971,-1,-1,-1
524,26,1363.14,411.34,238.46,655.38,0.7126,-1,-1,-1
524,47,880.50,419.46,94.10,283.30,0.6637,-1,-1,-1
524,55,964.86,443.02,104.90,276.61,0.6239,-1,-1,-1
524,59,768.25,431.31,87.86,258.47,0.7389,-1,-1,-1
524,51,1059.15,455.71,95.87,221.67,0.6088,-1,-1,-1
524,88,1546.63,412.11,150.94,557.12,0.4787,-1,-1,-1
524,98,573.44,454.00,29.25,82.00,0.4084,-1,-1,-1
524,64,1489.57,412.19,200.86,616.05,0.4416,-1,-1,-1
524,104,673.99,448.66,46.26,124.76,0.6092,-1,-1,-1
525,11,1594.39,370.96,330.91,697.72,0.6825,-1,-1,-1
525,26,1380.06,411.14,224.94,656.71,0.7221,-1,-1,-1
525,47,885.49,413.40,93.60,291.04,0.6532,-1,-1,-1
525,55,971.79,443.97,97.33,275.69,0.6576,-1,-1,-1
525,59,767.91,430.39,91.36,259.47,0.7484,-1,-1,-1
525,51,1061.11,459.44,97.33,218.64,0.6290,-1,-1,-1
525,88,1546.52,409.31,157.26,580.81,0.5924,-1,-1,-1
525,98,573.89,452.51,29.42,82.39,0.4420,-1,-1,-1
525,64,1488.05,412.10,210.55,643.45,0.4051,-1,-1,-1
525,104,673.84,451.27,44.78,121.55,0.6311,-1,-1,-1
526,11,1598.91,363.51,325.91,707.89,0.8162,-1,-1,-1
526,26,1401.73,410.57,207.91,654.20,0.6753,-1,-1,-1
526,47,893.55,411.66,88.42,294.30,0.6753,-1,-1,-1
526,55,985.62,444.88,81.79,277.12,0.6588,-1,-1,-1
526,59,767.84,434.22,95.72,255.21,0.7178,-1,-1,-1
526,51,1064.32,461.85,97.74,215.34,0.6340,-1,-1,-1
526,88,1549.26,408.98,160.78,587.95,0.5766,-1,-1,-1
526,98,573.87,451.68,29.96,82.55,0.4094,-1,-1,-1
526,64,1436.26,412.88,263.80,654.66,0.3160,-1,-1,-1
526,104,671.15,451.21,46.97,120.99,0.5834,-1,-1,-1
526,107,715.04,450.34,33.87,89.07,0.4103,-1,-1,-1
527,11,1600.99,365.97,322.76,706.54,0.6971,-1,-1,-1
527,26,1422.05,412.94,197.38,653.88,0.7506,-1,-1,-1
527,47,898.07,408.45,85.98,297.62,0.7361,-1,-1,-1
527,55,994.26,447.96,77.44,274.65,0.7053,-1,-1,-1
527,59,770.50,435.73,104.32,253.68,0.6897,-1,-1,-1
527,51,1069.12,459.97,97.77,215.85,0.6217,-1,-1,-1
527,88,1561.13,408.79,156.69,590.85,0.6798,-1,-1,-1
527,98,573.88,451.26,29.63,82.47,0.4242,-1,-1,-1
527,64,1429.95,413.75,227.13,657.73,0.7506,-1,-1,-1
527,104,668.98,454.15,48.09,117.83,0.5884,-1,-1,-1
527,107,715.02,449.98,33.60,89.27,0.4907,-1,-1,-1
528,11,1603.52,383.00,320.76,690.05,0.7346,-1,-1,-1
528,26,1436.72,412.08,184.20,653.74,0.6917,-1,-1,-1
528,47,903.33,410.86,81.36,295.54,0.7280,-1,-1,-1
528,55,997.29,446.04,82.19,278.35,0.7122,-1,-1,-1
528,59,783.91,437.08,96.98,250.79,0.5987,-1,-1,-1
528,51,1075.87,454.64,90.01,220.43,0.6412,-1,-1,-1
528,88,1569.52,410.08,162.48,591.43,0.7151,-1,-1,-1
528,98,573.77,450.73,30.57,83.68,0.4255,-1,-1,-1
528,64,1434.78,412.40,199.01,658.52,0.6917,-1,-1,-1
528,104,668.52,455.95,47.64,115.06,0.6123,-1,-1,-1
528,107,714.45,451.17,34.45,87.77,0.4950,-1,-1,-1
528,108,0.07,546.97,56.78,114.15,0.3470,-1,-1,-1
529,11,1664.31,384.14,258.72,604.81,0.5813,-1,-1,-1
529,26,1445.00,412.61,181.61,654.70,0.7816,-1,-1,-1
529,47,912.18,407.03,74.84,299.20,0.7329,-1,-1,-1
529,55,1000.64,443.45,90.03,279.16,0.7067,-1,-1,-1
529,59,782.31,436.20,118.49,251.92,0.6298,-1,-1,-1
529,51,1084.51,451.61,78.06,222.33,0.5325,-1,-1,-1
529,88,1577.46,411.74,164.48,592.67,0.7310,-1,-1,-1
529,98,573.61,450.18,31.03,84.46,0.4560,-1,-1,-1
529,64,1440.20,412.74,189.87,659.48,0.7816,-1,-1,-1
529,104,665.78,454.25,52.40,116.90,0.5692,-1,-1,-1
529,107,712.69,450.80,29.55,88.14,0.4922,-1,-1,-1
529,108,0.00,545.79,44.71,112.55,0.3691,-1,-1,-1
530,11,1694.76,371.13,227.16,585.03,0.5900,-1,-1,-1
530,26,1450.40,413.83,180.34,654.57,0.7933,-1,-1,-1
530,47,916.89,404.58,72.30,301.76,0.7548,-1,-1,-1
530,55,1003.82,440.57,94.94,279.32,0.7164,-1,-1,-1
530,59,789.53,435.23,115.14,252.00,0.6852,-1,-1,-1
530,51,1092.01,448.78,71.10,225.54,0.5649,-1,-1,-1
530,88,1581.01,411.85,164.70,596.54,0.6777,-1,-1,-1
530,98,573.51,449.20,31.17,86.14,0.4599,-1,-1,-1
530,64,1444.92,413.89,186.04,659.03,0.7933,-1,-1,-1
530,104,663.69,454.78,52.33,115.86,0.5687,-1,-1,-1
530,107,711.50,450.23,29.31,88.34,0.4387,-1,-1,-1
531,11,1647.69,374.16,274.23,662.70,0.4349,-1,-1,-1
531,26,1452.56,413.41,188.07,653.94,0.8098,-1,-1,-1
531,47,919.46,402.90,72.36,303.90,0.7637,-1,-1,-1
531,55,1007.26,442.56,99.55,276.11,0.7753,-1,-1,-1
531,59,787.33,434.49,116.79,252.82,0.7536,-1,-1,-1
531,51,1093.30,450.53,71.62,225.45,0.5842,-1,-1,-1
531,88,1586.88,413.40,162.23,599.39,0.7201,-1,-1,-1
531,98,573.03,448.59,31.51,87.86,0.4670,-1,-1,-1
531,64,1447.35,413.46,192.21,658.00,0.8098,-1,-1,-1
531,104,662.90,454.65,50.12,114.24,0.5485,-1,-1,-1
531,107,712.17,450.23,29.97,89.09,0.3999,-1,-1,-1
532,11,1645.31,369.07,276.75,692.60,0.7790,-1,-1,-1
532,26,1454.88,412.46,199.27,654.64,0.7969,-1,-1,-1
532,47,922.44,401.81,74.19,303.59,0.7299,-1,-1,-1
532,55,1009.08,443.44,106.43,275.28,0.8030,-1,-1,-1
532,59,788.68,435.24,117.89,252.25,0.7541,-1,-1,-1
532,51,1096.60,451.89,63.57,224.40,0.5175,-1,-1,-1
532,88,1590.10,410.65,166.79,612.57,0.7535,-1,-1,-1
532,98,572.13,448.14,32.15,88.96,0.4833,-1,-1,-1
532,64,1449.99,412.51,202.59,658.27,0.7969,-1,-1,-1
532,104,663.68,452.67,46.15,116.66,0.5464,-1,-1,-1
532,107,713.64,450.66,30.25,89.47,0.4131,-1,-1,-1
533,11,1657.95,367.49,263.89,706.38,0.8246,-1,-1,-1
533,26,1456.77,411.50,208.61,654.89,0.8243,-1,-1,-1
533,47,922.58,402.99,79.71,302.11,0.7078,-1,-1,-1
533,55,1006.83,444.88,114.01,273.06,0.7603,-1,-1,-1
533,59,793.17,435.47,114.70,251.86,0.7410,-1,-1,-1
533,51,1099.04,447.17,65.67,230.83,0.5592,-1,-1,-1
533,88,1596.27,407.98,175.28,623.18,0.7708,-1,-1,-1
533,98,572.78,447.09,33.02,90.17,0.3916,-1,-1,-1
533,64,1452.27,411.55,211.50,658.12,0.8243,-1,-1,-1
533,104,663.53,452.26,42.46,117.66,0.5587,-1,-1,-1
533,107,715.80,452.22,28.33,88.40,0.3784,-1,-1,-1
534,11,1703.24,368.78,218.62,655.29,0.6669,-1,-1,-1
534,26,1457.63,410.96,212.51,655.53,0.8335,-1,-1,-1
534,47,921.30,406.13,85.47,300.29,0.7235,-1,-1,-1
534,55,1007.78,448.68,124.86,270.17,0.7159,-1,-1,-1
534,59,799.55,435.96,115.18,251.44,0.7643,-1,-1,-1
534,51,1096.36,447.54,67.96,230.45,0.5681,-1,-1,-1
534,88,1598.65,410.94,188.04,618.35,0.7506,-1,-1,-1
534,98,574.58,447.31,34.41,90.20,0.4190,-1,-1,-1
534,64,1453.57,411.00,215.13,658.39,0.8335,-1,-1,-1
534,104,661.58,451.05,42.04,118.45,0.6094,-1,-1,-1
534,107,715.81,452.36,27.95,88.52,0.4162,-1,-1,-1
535,11,1714.50,372.03,206.90,686.46,0.6241,-1,-1,-1
535,26,1457.71,411.84,213.12,654.91,0.8324,-1,-1,-1
535,47,920.39,421.45,92.82,285.53,0.7380,-1,-1,-1
535,55,1008.38,444.87,131.64,276.86,0.6865,-1,-1,-1
535,59,799.33,437.79,119.52,249.49,0.7658,-1,-1,-1
535,51,1099.75,444.84,72.32,231.88,0.4564,-1,-1,-1
535,88,1606.13,409.60,184.23,615.86,0.7676,-1,-1,-1
535,98,575.09,445.76,35.14,91.71,0.4700,-1,-1,-1
535,64,1454.13,411.88,215.48,657.44,0.8324,-1,-1,-1
535,104,660.24,449.97,42.00,119.45,0.6458,-1,-1,-1
535,107,715.28,451.85,28.11,88.81,0.4223,-1,-1,-1
536,11,1739.04,369.07,181.83,701.17,0.8057,-1,-1,-1
536,26,1457.84,412.95,216.60,654.23,0.8187,-1,-1,-1
536,47,916.31,426.73,100.09,280.43,0.7413,-1,-1,-1
536,55,1007.37,448.33,137.81,272.75,0.7141,-1,-1,-1
536,59,801.55,436.95,117.97,249.33,0.7338,-1,-1,-1
536,51,1103.56,445.12,70.43,229.21,0.3853,-1,-1,-1
536,88,1610.01,408.46,182.74,620.39,0.7376,-1,-1,-1
536,98,576.01,450.27,34.13,88.15,0.3893,-1,-1,-1
536,64,1454.68,412.99,218.67,656.47,0.8187,-1,-1,-1
536,104,659.16,449.67,41.64,119.01,0.5693,-1,-1,-1
536,107,714.19,450.19,28.73,90.36,0.4318,-1,-1,-1
537,11,1758.10,369.87,162.27,705.52,0.8076,-1,-1,-1
537,26,1458.87,414.12,227.14,652.36,0.7860,-1,-1,-1
537,47,916.34,433.57,102.75,272.20,0.7106,-1,-1,-1
537,55,1006.99,452.92,141.70,268.06,0.6610,-1,-1,-1
537,59,804.06,436.53,116.14,249.90,0.7346,-1,-1,-1
537,51,1108.75,453.78,65.82,220.31,0.4646,-1,-1,-1
537,88,1614.73,407.38,184.18,626.55,0.5629,-1,-1,-1
537,98,578.40,455.79,31.92,82.71,0.3420,-1,-1,-1
537,64,1456.04,414.15,228.93,654.33,0.7860,-1,-1,-1
537,104,658.46,449.68,41.71,119.10,0.6081,-1,-1,-1
537,107,712.42,449.56,29.85,91.08,0.4627,-1,-1,-1
538,11,1768.10,370.23,152.08,707.62,0.8158,-1,-1,-1
538,26,1459.93,413.73,229.86,652.99,0.7968,-1,-1,-1
538,47,917.56,428.18,104.34,279.21,0.7381,-1,-1,-1
538,55,1009.82,450.98,138.71,270.20,0.7043,-1,-1,-1
538,59,804.95,435.26,117.53,250.97,0.7534,-1,-1,-1
538,51,1107.25,450.46,66.97,225.64,0.4777,-1,-1,-1
538,88,1618.92,408.57,189.80,624.03,0.6290,-1,-1,-1
538,98,579.58,457.75,31.51,80.93,0.3854,-1,-1,-1
538,64,1457.34,413.76,231.53,654.72,0.7968,-1,-1,-1
538,104,657.32,450.78,42.00,118.48,0.5809,-1,-1,-1
538,107,711.49,449.06,31.42,91.04,0.4800,-1,-1,-1
539,11,1777.86,378.84,142.24,700.22,0.7908,-1,-1,-1
539,26,1461.41,413.19,232.98,653.83,0.7979,-1,-1,-1
539,47,919.92,425.17,103.61,282.73,0.7459,-1,-1,-1
539,55,1011.10,443.59,137.18,277.65,0.7103,-1,-1,-1
539,59,807.78,434.37,116.37,253.22,0.7495,-1,-1,-1
539,51,1112.86,447.16,64.89,229.59,0.4292,-1,-1,-1
539,88,1623.50,408.59,195.69,618.22,0.6961,-1,-1,-1
539,98,579.99,458.48,31.41,79.98,0.3887,-1,-1,-1
539,64,1459.10,413.22,234.47,655.36,0.7979,-1,-1,-1
539,104,656.36,451.67,41.61,117.78,0.5729,-1,-1,-1
539,107,712.74,449.29,29.55,91.23,0.4759,-1,-1,-1
540,11,1784.17,404.14,135.73,673.17,0.7929,-1,-1,-1
540,26,1464.54,414.00,233.03,653.86,0.7924,-1,-1,-1
540,47,920.31,424.70,107.04,283.52,0.7698,-1,-1,-1
540,55,1012.18,440.39,136.02,281.47,0.6799,-1,-1,-1
540,59,812.82,433.57,112.27,252.94,0.7279,-1,-1,-1
540,51,1112.30,447.68,64.82,229.94,0.3886,-1,-1,-1
540,88,1631.90,408.37,192.69,612.31,0.7276,-1,-1,-1
540,98,578.50,458.54,32.99,79.97,0.4300,-1,-1,-1
540,64,1462.46,414.03,234.38,655.20,0.7924,-1,-1,-1
540,104,655.09,452.89,38.60,116.40,0.6163,-1,-1,-1
540,107,712.56,449.04,27.68,91.73,0.4968,-1,-1,-1
541,11,1789.41,393.20,130.73,686.01,0.7730,-1,-1,-1
541,26,1468.07,412.48,239.07,658.26,0.7714,-1,-1,-1
541,47,921.53,420.90,118.06,287.44,0.7209,-1,-1,-1
541,55,1020.36,437.44,127.17,285.15,0.6591,-1,-1,-1
541,59,815.43,432.63,111.75,254.04,0.7387,-1,-1,-1
541,51,1115.86,447.69,62.11,230.15,0.4594,-1,-1,-1
541,88,1639.58,407.14,191.32,613.55,0.7709,-1,-1,-1
541,98,577.91,458.72,33.28,80.06,0.3892,-1,-1,-1
541,64,1466.22,412.51,240.25,659.44,0.7714,-1,-1,-1
541,104,654.86,453.72,37.36,116.17,0.5562,-1,-1,-1
541,107,712.67,449.32,27.30,93.10,0.5287,-1,-1,-1
542,11,1797.83,388.33,122.31,691.73,0.7391,-1,-1,-1
542,26,1472.10,411.44,258.44,659.58,0.7631,-1,-1,-1
542,47,921.97,415.98,122.38,293.11,0.7284,-1,-1,-1
542,55,1028.41,434.14,117.68,288.05,0.6439,-1,-1,-1
542,59,819.80,433.78,108.86,253.08,0.7248,-1,-1,-1
542,51,1118.72,451.71,60.38,224.49,0.5017,-1,-1,-1
542,88,1644.49,405.92,191.81,615.63,0.6299,-1,-1,-1
542,98,578.26,459.25,33.50,79.72,0.4258,-1,-1,-1
542,64,1470.43,411.47,259.45,660.63,0.7631,-1,-1,-1
542,104,655.05,454.49,36.84,115.28,0.5635,-1,-1,-1
542,107,712.67,449.43,27.69,95.39,0.5136,-1,-1,-1
543,11,1806.07,388.48,114.04,692.50,0.6775,-1,-1,-1
543,26,1480.28,411.09,256.40,658.21,0.6022,-1,-1,-1
543,47,921.84,421.73,121.31,285.80,0.7432,-1,-1,-1
543,55,1060.04,433.62,93.61,276.14,0.4241,-1,-1,-1
543,59,825.27,432.65,103.92,253.57,0.6637,-1,-1,-1
543,51,1121.84,449.31,57.89,226.08,0.3831,-1,-1,-1
543,88,1648.13,404.50,194.37,614.67,0.5381,-1,-1,-1
543,98,577.58,458.55,33.39,80.35,0.3938,-1,-1,-1
543,64,1478.71,411.11,257.39,659.14,0.6022,-1,-1,-1
543,104,655.24,455.43,37.52,114.76,0.5963,-1,-1,-1
543,107,712.16,449.19,28.68,96.25,0.5184,-1,-1,-1
544,11,1812.49,394.26,107.74,686.57,0.5771,-1,-1,-1
544,26,1493.59,411.19,308.11,658.15,0.5405,-1,-1,-1
544,47,921.76,431.23,124.18,275.47,0.7081,-1,-1,-1
544,55,1055.57,435.40,95.91,280.54,0.5859,-1,-1,-1
544,59,834.22,433.33,96.47,252.18,0.6830,-1,-1,-1
544,51,1123.27,450.23,59.34,226.58,0.3421,-1,-1,-1
544,88,1646.15,405.58,200.11,621.79,0.4879,-1,-1,-1
544,98,577.63,457.00,33.43,81.36,0.4465,-1,-1,-1
544,64,1491.63,409.53,244.18,659.37,0.4814,-1,-1,-1
544,104,654.95,455.20,38.46,114.88,0.6251,-1,-1,-1
544,107,712.25,448.74,28.90,96.11,0.5108,-1,-1,-1
545,11,1815.68,452.97,103.98,626.36,0.5018,-1,-1,-1
545,26,1511.25,410.44,298.84,656.65,0.5707,-1,-1,-1
545,47,924.29,432.58,126.63,274.39,0.6997,-1,-1,-1
545,55,1065.94,434.60,92.36,284.84,0.4629,-1,-1,-1
545,59,844.67,435.16,89.39,247.54,0.6680,-1,-1,-1
545,88,1651.75,406.60,196.05,622.85,0.5733,-1,-1,-1
545,98,578.59,455.29,33.46,82.98,0.3943,-1,-1,-1
545,64,1511.00,409.83,274.20,657.52,0.5707,-1,-1,-1
545,104,655.01,453.29,41.01,115.75,0.5944,-1,-1,-1
545,107,711.88,448.14,30.55,96.91,0.5505,-1,-1,-1
545,112,1835.94,457.50,83.61,498.82,0.5112,-1,-1,-1
546,11,1821.00,472.67,98.52,606.50,0.5892,-1,-1,-1
546,26,1528.21,409.85,242.27,656.32,0.5446,-1,-1,-1
546,47,929.05,433.23,123.56,272.43,0.7104,-1,-1,-1
546,55,1075.50,435.49,83.50,281.83,0.5181,-1,-1,-1
546,59,860.03,433.95,78.26,246.70,0.7016,-1,-1,-1
546,88,1657.61,406.11,192.57,626.43,0.5452,-1,-1,-1
546,98,579.17,452.59,33.43,84.87,0.4171,-1,-1,-1
546,64,1527.98,410.25,295.52,657.44,0.4361,-1,-1,-1
546,104,655.14,453.22,40.02,115.10,0.5901,-1,-1,-1
546,107,712.75,448.07,30.29,97.45,0.5189,-1,-1,-1
546,112,1823.42,474.01,96.31,580.10,0.5892,-1,-1,-1
546,51,1124.72,453.58,64.97,227.20,0.3775,-1,-1,-1
547,11,1822.95,490.37,96.39,588.79,0.6471,-1,-1,-1
547,26,1541.64,408.32,213.88,655.37,0.6403,-1,-1,-1
547,47,934.73,429.31,118.84,276.87,0.6848,-1,-1,-1
547,55,1083.10,434.16,76.24,284.65,0.4556,-1,-1,-1
547,59,867.89,435.44,71.98,244.47,0.6616,-1,-1,-1
547,88,1664.05,410.71,189.50,608.37,0.6550,-1,-1,-1
547,98,579.33,452.37,33.71,85.22,0.4721,-1,-1,-1
547,64,1540.43,408.49,238.98,656.10,0.6403,-1,-1,-1
547,104,654.20,454.27,39.91,113.10,0.6223,-1,-1,-1
547,107,713.16,448.29,29.64,97.00,0.5016,-1,-1,-1
547,112,1819.99,491.09,99.60,593.93,0.6471,-1,-1,-1
547,113,544.45,449.14,30.56,87.21,0.3811,-1,-1,-1
547,51,1105.29,441.13,79.90,254.85,0.4569,-1,-1,-1
548,11,1829.71,462.22,89.53,617.98,0.5220,-1,-1,-1
548,26,1548.32,408.45,198.87,659.82,0.7219,-1,-1,-1
548,47,937.19,427.68,117.95,277.85,0.6609,-1,-1,-1
548,55,1090.36,433.30,88.62,279.16,0.4722,-1,-1,-1
548,59,871.50,435.10,70.30,242.79,0.6322,-1,-1,-1
548,88,1668.50,411.63,191.06,602.67,0.7375,-1,-1,-1
548,98,579.88,453.67,33.73,83.50,0.4925,-1,-1,-1
548,64,1547.56,408.53,207.60,660.36,0.7219,-1,-1,-1
548,104,653.67,454.04,37.92,112.41,0.6778,-1,-1,-1
548,107,713.85,448.42,28.87,96.80,0.4948,-1,-1,-1
548,112,1825.83,460.04,93.60,632.67,0.5220,-1,-1,-1
548,113,545.30,449.70,31.29,86.64,0.4369,-1,-1,-1
548,51,1096.04,435.70,90.01,269.41,0.4722,-1,-1,-1
549,11,1833.90,434.44,85.32,645.31,0.3144,-1,-1,-1
549,26,1551.25,408.46,196.89,656.47,0.7543,-1,-1,-1
549,47,943.90,425.98,111.52,278.21,0.6542,-1,-1,-1
549,55,1086.88,437.02,86.88,281.21,0.4024,-1,-1,-1
549,59,874.85,436.84,71.48,243.32,0.6222,-1,-1,-1
549,88,1675.94,413.08,188.48,600.94,0.7199,-1,-1,-1
549,98,580.13,452.18,33.85,85.17,0.4402,-1,-1,-1
549,64,1550.66,408.50,200.00,656.91,0.7543,-1,-1,-1
549,104,652.43,454.48,38.52,110.57,0.6687,-1,-1,-1
549,107,714.44,448.41,29.11,96.85,0.5572,-1,-1,-1
549,113,545.95,447.92,31.64,87.88,0.4113,-1,-1,-1
549,51,1073.47,436.61,113.36,275.08,0.3953,-1,-1,-1
550,26,1553.25,409.05,195.27,655.76,0.7736,-1,-1,-1
550,47,953.67,419.95,106.38,282.69,0.6236,-1,-1,-1
550,55,1099.60,436.58,87.54,269.74,0.3653,-1,-1,-1
550,59,876.68,437.61,76.25,243.66,0.6223,-1,-1,-1
550,88,1683.92,407.89,191.66,609.97,0.7345,-1,-1,-1
550,98,580.62,453.11,33.25,84.15,0.4516,-1,-1,-1
550,64,1552.77,409.08,196.49,656.14,0.7736,-1,-1,-1
550,104,652.58,455.01,37.60,109.14,0.6714,-1,-1,-1
550,107,714.72,449.89,31.27,96.01,0.5145,-1,-1,-1
550,113,546.70,448.04,31.61,87.49,0.4033,-1,-1,-1
550,51,1073.14,435.49,116.19,281.26,0.4619,-1,-1,-1
551,26,1555.88,409.70,199.00,658.71,0.7707,-1,-1,-1
551,47,961.57,414.87,100.01,286.25,0.6155,-1,-1,-1
551,55,1078.37,437.76,115.09,275.48,0.5128,-1,-1,-1
551,59,879.09,435.73,76.37,246.62,0.6449,-1,-1,-1
551,88,1690.60,404.99,192.55,610.59,0.7085,-1,-1,-1
551,98,580.80,453.74,33.05,83.54,0.5145,-1,-1,-1
551,64,1555.50,409.72,199.53,659.03,0.7707,-1,-1,-1
551,104,651.99,455.63,37.98,108.02,0.6458,-1,-1,-1
551,107,714.38,449.83,32.23,96.01,0.5346,-1,-1,-1
551,113,547.63,447.84,31.17,87.61,0.4028,-1,-1,-1
551,51,1066.88,436.94,125.93,281.32,0.5128,-1,-1,-1
552,26,1557.99,409.80,207.51,665.26,0.8022,-1,-1,-1
552,47,970.84,416.20,88.93,282.43,0.6095,-1,-1,-1
552,55,1081.60,436.92,118.58,281.47,0.5012,-1,-1,-1
552,59,884.56,433.36,75.47,250.06,0.6797,-1,-1,-1
552,88,1696.80,404.29,190.87,609.65,0.7361,-1,-1,-1
552,98,580.63,452.83,33.37,84.41,0.5234,-1,-1,-1
552,64,1557.66,409.82,207.79,665.55,0.8022,-1,-1,-1
552,104,650.75,455.50,40.69,109.02,0.6137,-1,-1,-1
552,107,714.84,449.69,32.76,96.27,0.5943,-1,-1,-1
552,113,547.67,445.94,31.36,89.13,0.4413,-1,-1,-1
552,51,1074.82,436.31,123.69,284.99,0.5012,-1,-1,-1
553,26,1560.73,409.36,212.13,666.61,0.7907,-1,-1,-1
553,47,984.18,418.75,78.48,276.84,0.6987,-1,-1,-1
553,55,1085.19,436.76,111.20,283.76,0.4999,-1,-1,-1
553,59,887.04,433.07,81.27,249.99,0.7233,-1,-1,-1
553,88,1702.04,403.49,196.50,614.76,0.6792,-1,-1,-1
553,98,580.30,452.60,33.81,84.92,0.5200,-1,-1,-1
553,64,1560.43,409.37,212.30,666.86,0.7907,-1,-1,-1
553,104,649.57,455.24,42.19,109.83,0.5781,-1,-1,-1
553,107,715.46,449.06,34.04,96.25,0.5778,-1,-1,-1
553,113,547.43,445.54,30.89,90.02,0.4164,-1,-1,-1
553,51,1080.72,436.24,113.73,286.30,0.4999,-1,-1,-1
554,26,1561.62,409.70,272.27,662.36,0.5405,-1,-1,-1
554,47,988.70,415.02,78.77,284.72,0.6595,-1,-1,-1
554,55,1109.49,438.07,93.11,265.67,0.3413,-1,-1,-1
554,59,887.93,431.93,86.57,251.32,0.7367,-1,-1,-1
554,98,580.61,449.97,33.45,87.45,0.5262,-1,-1,-1
554,64,1561.36,409.72,272.49,662.59,0.5405,-1,-1,-1
554,104,647.47,455.31,41.53,109.49,0.4868,-1,-1,-1
554,107,715.29,448.46,33.64,95.75,0.5860,-1,-1,-1
554,113,546.87,444.51,30.46,91.31,0.4491,-1,-1,-1
554,51,1078.38,435.35,121.29,287.32,0.5788,-1,-1,-1
555,26,1562.34,408.87,264.23,661.86,0.6171,-1,-1,-1
555,47,993.66,412.03,78.29,287.63,0.6792,-1,-1,-1
555,55,1088.55,435.17,116.59,279.93,0.5961,-1,-1,-1
555,59,888.06,431.91,88.45,251.46,0.7329,-1,-1,-1
555,98,580.90,447.63,33.61,89.75,0.5426,-1,-1,-1
555,64,1562.07,408.88,264.44,662.06,0.6171,-1,-1,-1
555,104,645.91,456.32,41.36,107.73,0.4911,-1,-1,-1
555,107,714.44,446.65,33.74,98.15,0.5745,-1,-1,-1
555,113,546.43,444.01,31.65,91.95,0.4763,-1,-1,-1
555,51,1077.02,434.03,126.11,288.62,0.5961,-1,-1,-1
555,88,1712.89,402.05,200.00,633.70,0.4133,-1,-1,-1
556,26,1561.84,407.19,270.85,660.82,0.5705,-1,-1,-1
556,47,999.82,411.20,80.23,288.21,0.7243,-1,-1,-1
556,55,1089.03,435.80,119.18,282.80,0.7189,-1,-1,-1
556,59,889.14,432.88,87.85,251.18,0.7685,-1,-1,-1
556,98,581.39,446.40,33.33,90.86,0.5002,-1,-1,-1
556,64,1561.61,407.20,271.02,661.00,0.5705,-1,-1,-1
556,104,644.16,457.01,42.17,107.18,0.5158,-1,-1,-1
556,107,714.59,446.29,33.64,99.65,0.5951,-1,-1,-1
556,113,546.31,442.28,32.76,93.62,0.4541,-1,-1,-1
556,51,1083.31,435.19,123.14,286.85,0.7189,-1,-1,-1
557,26,1560.85,407.20,263.63,661.77,0.6845,-1,-1,-1
557,47,996.93,420.61,88.06,275.93,0.6696,-1,-1,-1
557,55,1089.73,437.17,118.59,282.58,0.7479,-1,-1,-1
557,59,890.95,434.73,89.27,249.46,0.7570,-1,-1,-1
557,98,581.06,446.43,33.87,91.25,0.5235,-1,-1,-1
557,64,1560.64,407.21,263.77,661.92,0.6845,-1,-1,-1
557,104,643.58,457.63,41.67,106.59,0.5421,-1,-1,-1
557,107,714.05,445.96,34.21,101.31,0.6253,-1,-1,-1
557,113,546.02,440.95,33.66,95.90,0.4753,-1,-1,-1
557,51,1086.62,436.79,120.17,284.72,0.7479,-1,-1,-1
558,26,1560.59,405.21,288.97,667.83,0.8045,-1,-1,-1
558,47,991.39,430.66,98.83,265.62,0.7064,-1,-1,-1
558,55,1092.01,437.20,117.38,282.07,0.8019,-1,-1,-1
558,59,892.09,435.80,88.39,248.26,0.7479,-1,-1,-1
558,98,582.87,450.33,32.64,88.75,0.5481,-1,-1,-1
558,64,1560.41,405.22,289.10,667.96,0.8045,-1,-1,-1
558,104,643.00,459.39,40.94,105.07,0.5466,-1,-1,-1
558,107,712.79,445.32,35.73,102.34,0.6487,-1,-1,-1
558,113,546.36,442.14,34.59,94.78,0.5019,-1,-1,-1
558,51,1090.04,436.92,118.03,283.41,0.8019,-1,-1,-1
559,26,1561.58,405.27,295.23,665.85,0.8006,-1,-1,-1
559,47,992.80,430.90,102.44,265.97,0.6419,-1,-1,-1
559,55,1092.63,434.91,119.93,283.47,0.8028,-1,-1,-1
559,59,891.57,436.81,90.47,247.31,0.7448,-1,-1,-1
559,98,583.75,452.36,32.03,87.07,0.5575,-1,-1,-1
559,64,1561.40,405.28,295.35,665.97,0.8006,-1,-1,-1
559,104,643.40,461.41,39.93,101.99,0.5363,-1,-1,-1
559,107,712.49,444.92,36.19,102.14,0.6460,-1,-1,-1
559,113,546.50,442.60,34.18,94.53,0.5174,-1,-1,-1
559,51,1091.19,434.68,120.24,284.44,0.8028,-1,-1,-1
559,88,1747.04,400.21,174.07,578.65,0.3954,-1,-1,-1
560,26,1562.06,404.17,305.37,670.46,0.8599,-1,-1,-1
560,47,997.35,424.83,104.52,271.76,0.6792,-1,-1,-1
560,55,1096.80,435.51,116.60,282.21,0.7142,-1,-1,-1
560,59,891.04,435.79,92.45,247.13,0.7595,-1,-1,-1
560,98,584.27,453.52,31.58,86.01,0.5229,-1,-1,-1
560,64,1561.90,404.17,305.48,670.57,0.8599,-1,-1,-1
560,104,643.24,460.93,37.73,101.15,0.5569,-1,-1,-1
560,107,712.84,444.98,36.03,101.89,0.6333,-1,-1,-1
560,113,547.51,444.92,32.84,92.45,0.5049,-1,-1,-1
560,51,1095.63,435.32,116.76,282.99,0.7142,-1,-1,-1
560,88,1752.66,402.79,168.70,405.73,0.3133,-1,-1,-1
561,26,1565.64,403.05,289.53,669.77,0.7236,-1,-1,-1
561,47,1000.25,423.52,110.25,273.10,0.6982,-1,-1,-1
561,55,1101.29,436.75,111.69,278.83,0.6601,-1,-1,-1
561,59,900.01,435.56,88.67,246.57,0.6555,-1,-1,-1
561,98,584.44,453.07,31.79,85.89,0.4890,-1,-1,-1
561,64,1565.49,403.06,289.63,669.86,0.7236,-1,-1,-1
561,104,642.45,458.77,36.32,102.88,0.5437,-1,-1,-1
561,107,712.20,445.76,37.13,101.74,0.6252,-1,-1,-1
561,113,548.53,442.66,32.18,94.56,0.5230,-1,-1,-1
561,51,1100.32,436.58,111.76,279.49,0.6601,-1,-1,-1
561,88,1749.27,399.28,171.80,513.49,0.3755,-1,-1,-1
562,26,1569.20,404.80,301.47,669.62,0.8119,-1,-1,-1
562,47,1000.90,419.58,112.62,276.70,0.6648,-1,-1,-1
562,55,1105.29,438.21,113.47,277.93,0.7009,-1,-1,-1
562,59,908.41,435.05,84.33,246.00,0.6983,-1,-1,-1
562,98,584.42,452.46,31.84,87.03,0.4988,-1,-1,-1
562,64,1569.07,404.80,301.56,669.71,0.8119,-1,-1,-1
562,104,642.75,458.52,35.45,102.68,0.5039,-1,-1,-1
562,107,713.78,448.24,35.96,99.09,0.5759,-1,-1,-1
562,113,548.74,441.26,33.37,95.99,0.4872,-1,-1,-1
562,51,1104.49,438.07,113.52,278.49,0.7009,-1,-1,-1
562,88,1757.98,397.70,162.97,556.91,0.3101,-1,-1,-1
563,26,1573.53,405.07,316.27,669.85,0.8046,-1,-1,-1
563,47,1000.08,419.25,117.59,277.10,0.6619,-1,-1,-1
563,55,1109.83,439.51,111.56,275.34,0.6918,-1,-1,-1
563,59,911.73,434.18,83.58,248.68,0.7013,-1,-1,-1
563,98,584.36,452.98,32.53,86.59,0.4492,-1,-1,-1
563,64,1573.41,405.07,316.35,669.92,0.8046,-1,-1,-1
563,104,642.12,457.98,34.47,102.82,0.5253,-1,-1,-1
563,107,714.39,448.98,36.89,98.68,0.5300,-1,-1,-1
563,113,548.69,441.09,34.46,95.47,0.4623,-1,-1,-1
563,51,1109.12,439.39,111.60,275.84,0.6918,-1,-1,-1
563,88,1765.91,394.00,154.91,548.41,0.3422,-1,-1,-1
564,26,1580.77,402.69,325.40,669.53,0.8681,-1,-1,-1
564,47,1002.46,425.42,117.71,269.94,0.6409,-1,-1,-1
564,55,1112.93,435.68,112.55,277.55,0.7002,-1,-1,-1
564,59,915.08,431.67,82.73,250.23,0.6335,-1,-1,-1
564,98,584.60,454.28,32.22,84.19,0.3943,-1,-1,-1
564,64,1580.67,402.69,325.47,669.59,0.8681,-1,-1,-1
564,104,641.96,457.40,34.72,103.59,0.4950,-1,-1,-1
564,107,715.47,448.98,36.04,98.40,0.5198,-1,-1,-1
564,113,548.53,441.59,34.83,94.68,0.3781,-1,-1,-1
564,51,1112.32,435.58,112.58,277.97,0.7002,-1,-1,-1
564,88,1780.56,398.24,140.11,494.84,0.4055,-1,-1,-1
565,26,1587.23,400.43,313.96,668.35,0.7040,-1,-1,-1
565,47,1000.93,429.67,122.14,265.11,0.6371,-1,-1,-1
565,55,1117.29,433.21,111.13,279.16,0.6436,-1,-1,-1
565,59,920.05,433.15,79.91,245.85,0.6351,-1,-1,-1
565,98,584.75,455.26,32.32,83.01,0.3995,-1,-1,-1
565,64,1587.13,400.43,314.02,668.40,0.7040,-1,-1,-1
565,104,641.83,456.50,35.33,104.47,0.5472,-1,-1,-1
565,107,716.22,449.12,35.69,97.45,0.5553,-1,-1,-1
565,113,548.43,441.79,34.38,94.28,0.4270,-1,-1,-1
565,51,1116.76,433.12,111.15,279.53,0.6436,-1,-1,-1
565,88,1783.63,393.54,136.53,615.17,0.6216,-1,-1,-1
566,26,1601.29,399.31,306.35,670.59,0.7346,-1,-1,-1
566,47,1003.99,435.12,122.33,261.25,0.6651,-1,-1,-1
566,55,1123.81,433.02,107.79,281.50,0.5411,-1,-1,-1
566,59,927.29,432.08,84.35,242.71,0.5394,-1,-1,-1
566,98,585.02,455.60,32.48,83.04,0.4352,-1,-1,-1
566,64,1601.21,399.32,306.41,670.64,0.7346,-1,-1,-1
566,104,641.46,454.79,35.60,106.51,0.5225,-1,-1,-1
566,107,716.96,449.52,35.50,97.07,0.5432,-1,-1,-1
566,113,548.60,442.22,34.10,93.84,0.4297,-1,-1,-1
566,51,1123.35,432.94,107.81,281.83,0.5411,-1,-1,-1
566,88,1790.80,392.17,129.30,648.61,0.6383,-1,-1,-1
567,26,1620.92,399.80,289.10,669.23,0.8354,-1,-1,-1
567,47,1005.47,440.54,126.37,257.11,0.6882,-1,-1,-1
567,55,1124.32,431.49,109.40,283.54,0.6358,-1,-1,-1
567,59,932.09,430.31,84.22,242.48,0.5118,-1,-1,-1
567,98,585.40,455.76,32.28,82.72,0.4650,-1,-1,-1
567,64,1620.85,399.80,289.15,669.27,0.8354,-1,-1,-1
567,104,641.18,454.59,34.58,106.48,0.4867,-1,-1,-1
567,107,717.73,449.24,35.44,97.71,0.5407,-1,-1,-1
567,113,548.84,442.33,33.77,93.89,0.4384,-1,-1,-1
567,51,1123.92,431.41,109.41,283.84,0.6358,-1,-1,-1
567,88,1797.38,396.36,122.82,645.34,0.6307,-1,-1,-1
568,26,1642.87,400.41,267.93,668.92,0.8225,-1,-1,-1
568,47,1004.97,432.34,136.14,267.06,0.6908,-1,-1,-1
568,55,1129.18,430.61,108.57,282.55,0.6109,-1,-1,-1
568,59,940.78,431.54,78.52,241.38,0.5361,-1,-1,-1
568,98,585.90,456.05,32.13,84.15,0.4901,-1,-1,-1
568,64,1642.80,400.41,267.97,668.96,0.8225,-1,-1,-1
568,104,641.14,455.62,32.81,105.01,0.4802,-1,-1,-1
568,107,718.15,448.60,36.95,99.13,0.5150,-1,-1,-1
568,113,548.48,441.05,35.16,95.83,0.4364,-1,-1,-1
568,51,1128.82,430.54,108.58,282.81,0.6109,-1,-1,-1
568,88,1801.51,401.14,118.51,656.99,0.6098,-1,-1,-1
569,26,1655.68,400.60,243.31,671.74,0.8118,-1,-1,-1
569,47,1006.28,432.81,139.03,267.39,0.7160,-1,-1,-1
569,55,1132.02,431.23,109.89,281.48,0.5313,-1,-1,-1
569,59,943.08,434.73,79.31,234.25,0.6683,-1,-1,-1
569,98,586.21,455.87,32.25,85.26,0.5298,-1,-1,-1
569,64,1655.63,400.60,243.34,671.77,0.8118,-1,-1,-1
569,104,641.22,455.47,33.26,104.54,0.5250,-1,-1,-1
569,107,718.36,448.46,37.18,99.84,0.5257,-1,-1,-1
569,113,548.49,442.22,35.50,95.46,0.4210,-1,-1,-1
569,51,1131.71,431.17,109.90,281.71,0.5313,-1,-1,-1
569,88,1800.78,407.59,119.04,653.70,0.4549,-1,-1,-1
570,26,1662.75,402.01,236.31,670.24,0.7783,-1,-1,-1
570,47,1007.02,433.08,138.89,267.38,0.7113,-1,-1,-1
570,55,1135.11,433.27,116.44,280.31,0.6420,-1,-1,-1
570,59,944.33,434.76,81.61,234.17,0.7106,-1,-1,-1
570,98,586.59,455.88,31.79,85.59,0.5236,-1,-1,-1
570,64,1662.71,402.01,236.33,670.27,0.7783,-1,-1,-1
570,104,640.00,455.27,32.43,104.44,0.5119,-1,-1,-1
570,107,718.11,447.07,37.75,102.07,0.5574,-1,-1,-1
570,113,548.87,442.69,35.63,95.85,0.4401,-1,-1,-1
570,51,1134.83,433.22,116.45,280.51,0.6420,-1,-1,-1
571,26,1667.91,401.56,246.67,671.39,0.8659,-1,-1,-1
571,47,1010.39,428.26,134.58,270.91,0.7016,-1,-1,-1
571,55,1142.78,432.29,126.77,281.57,0.5986,-1,-1,-1
571,59,947.21,435.05,80.40,239.34,0.6899,-1,-1,-1
571,98,586.77,455.90,31.62,85.94,0.5256,-1,-1,-1
571,64,1667.87,401.56,246.69,671.41,0.8659,-1,-1,-1
571,104,638.88,456.25,30.85,104.21,0.4924,-1,-1,-1
571,107,717.58,445.95,39.06,102.78,0.6076,-1,-1,-1
571,113,549.44,447.25,35.94,91.84,0.4301,-1,-1,-1
571,51,1142.53,432.25,126.78,281.75,0.5986,-1,-1,-1
572,26,1672.07,401.98,247.00,670.87,0.8699,-1,-1,-1
572,47,1012.31,430.75,131.43,268.13,0.6879,-1,-1,-1
572,55,1144.97,433.09,133.44,281.84,0.7603,-1,-1,-1
572,59,948.93,435.71,80.48,239.86,0.6855,-1,-1,-1
572,98,586.90,452.79,31.95,89.12,0.4949,-1,-1,-1
572,64,1672.04,401.98,247.02,670.89,0.8699,-1,-1,-1
572,104,637.72,456.72,31.95,102.99,0.5207,-1,-1,-1
572,107,717.54,444.87,40.03,104.47,0.6258,-1,-1,-1
572,113,549.45,442.23,37.15,97.37,0.4578,-1,-1,-1
572,51,1144.74,433.05,133.46,281.99,0.7603,-1,-1,-1
573,26,1676.16,402.42,244.86,668.95,0.8861,-1,-1,-1
573,47,1015.98,430.49,126.51,266.02,0.6444,-1,-1,-1
573,55,1149.80,435.87,137.13,279.31,0.7015,-1,-1,-1
573,59,945.75,434.79,89.61,242.49,0.6385,-1,-1,-1
573,98,585.88,453.32,32.21,88.94,0.4883,-1,-1,-1
573,64,1676.13,402.42,244.88,668.97,0.8861,-1,-1,-1
573,104,636.81,456.76,30.82,102.63,0.5576,-1,-1,-1
573,107,718.11,445.13,40.27,104.80,0.5689,-1,-1,-1
573,113,550.42,449.16,35.47,90.90,0.4043,-1,-1,-1
573,51,1149.59,435.83,137.14,279.45,0.7015,-1,-1,-1
573,115,1110.38,430.42,47.46,146.15,0.3489,-1,-1,-1
574,26,1676.88,399.70,244.78,674.00,0.9004,-1,-1,-1
574,47,1029.15,432.49,112.99,263.62,0.5438,-1,-1,-1
574,55,1150.95,437.49,141.02,278.08,0.7350,-1,-1,-1
574,59,952.43,446.51,82.28,233.98,0.3702,-1,-1,-1
574,98,585.03,454.62,33.04,88.18,0.3409,-1,-1,-1
574,64,1676.86,399.70,244.80,674.02,0.9004,-1,-1,-1
574,104,636.33,457.10,30.36,101.62,0.5467,-1,-1,-1
574,107,718.03,445.05,40.72,105.24,0.5541,-1,-1,-1
574,113,550.26,450.26,35.74,89.14,0.3866,-1,-1,-1
574,51,1150.76,437.46,141.03,278.20,0.7350,-1,-1,-1
574,115,1111.99,428.40,45.81,149.12,0.3578,-1,-1,-1
574,116,1836.20,429.96,83.63,250.86,0.3403,-1,-1,-1
575,26,1677.14,398.28,244.58,676.30,0.9046,-1,-1,-1
575,47,1036.99,427.79,104.44,268.56,0.5020,-1,-1,-1
575,55,1154.52,438.83,139.89,276.95,0.7005,-1,-1,-1
575,59,955.50,438.81,99.53,243.32,0.5756,-1,-1,-1
575,98,584.71,454.31,33.63,88.68,0.4284,-1,-1,-1
575,64,1677.12,398.29,244.59,676.32,0.9046,-1,-1,-1
575,104,635.60,456.33,30.54,102.21,0.5662,-1,-1,-1
575,107,718.04,445.35,40.59,104.78,0.5797,-1,-1,-1
575,113,550.50,450.15,35.21,88.73,0.3538,-1,-1,-1
575,51,1154.35,438.81,139.90,277.06,0.7005,-1,-1,-1
575,116,1843.70,430.90,76.15,239.74,0.3100,-1,-1,-1
576,26,1676.28,397.44,245.13,677.22,0.8990,-1,-1,-1
576,47,1041.47,426.96,99.55,269.17,0.6166,-1,-1,-1
576,55,1157.68,438.16,138.22,277.57,0.7313,-1,-1,-1
576,59,956.68,435.78,108.39,246.48,0.6244,-1,-1,-1
576,98,585.31,454.24,33.19,88.78,0.4246,-1,-1,-1
576,64,1676.26,397.44,245.15,677.23,0.8990,-1,-1,-1
576,104,634.33,456.13,32.67,102.02,0.5206,-1,-1,-1
576,107,719.16,445.97,39.52,104.72,0.6064,-1,-1,-1
576,51,1157.53,438.14,138.22,277.67,0.7313,-1,-1,-1
576,116,1854.40,431.44,65.42,220.69,0.4447,-1,-1,-1
577,26,1675.43,398.36,245.63,676.72,0.9090,-1,-1,-1
577,47,1048.24,424.41,92.48,270.74,0.6271,-1,-1,-1
577,55,1157.69,436.91,138.44,278.69,0.7450,-1,-1,-1
577,59,958.00,434.57,111.02,246.61,0.6654,-1,-1,-1
577,98,585.16,453.09,33.53,90.33,0.3977,-1,-1,-1
577,64,1675.41,398.36,245.64,676.74,0.9090,-1,-1,-1
577,104,633.39,453.56,33.27,105.26,0.5251,-1,-1,-1
577,107,719.67,446.87,38.93,104.31,0.5856,-1,-1,-1
577,51,1157.56,436.89,138.45,278.77,0.7450,-1,-1,-1
578,26,1673.91,399.07,246.81,676.66,0.9063,-1,-1,-1
578,47,1051.52,426.67,88.91,266.93,0.6184,-1,-1,-1
578,55,1159.15,434.53,134.20,280.42,0.7297,-1,-1,-1
578,59,958.86,438.72,103.97,237.41,0.7225,-1,-1,-1
578,98,584.42,451.79,34.31,92.07,0.3744,-1,-1,-1
578,64,1673.89,399.07,246.82,676.67,0.9063,-1,-1,-1
578,104,632.91,450.12,33.20,108.34,0.6219,-1,-1,-1
578,107,719.73,445.90,38.83,104.21,0.6296,-1,-1,-1
578,51,1159.03,434.52,134.20,280.50,0.7297,-1,-1,-1
579,26,1673.37,400.31,247.26,676.12,0.8991,-1,-1,-1
579,47,1055.65,431.64,86.07,262.89,0.6595,-1,-1,-1
579,55,1159.84,434.89,132.51,279.26,0.6915,-1,-1,-1
579,59,959.10,439.46,102.43,234.43,0.7532,-1,-1,-1
579,98,583.85,449.30,32.67,93.04,0.3512,-1,-1,-1
579,64,1673.35,400.31,247.27,676.13,0.8991,-1,-1,-1
579,104,632.40,448.50,33.06,110.01,0.5781,-1,-1,-1
579,107,720.35,446.81,38.58,104.20,0.5933,-1,-1,-1
579,51,1159.74,434.87,132.52,279.33,0.6915,-1,-1,-1
580,26,1673.20,401.91,247.19,675.05,0.9084,-1,-1,-1
580,47,1054.36,436.86,88.56,257.76,0.6681,-1,-1,-1
580,55,1158.87,440.12,133.73,275.15,0.7507,-1,-1,-1
580,59,959.68,437.43,102.25,236.83,0.7576,-1,-1,-1
580,98,584.44,448.80,31.50,92.74,0.3529,-1,-1,-1
580,64,1673.19,401.91,247.20,675.06,0.9084,-1,-1,-1
580,104,631.03,449.35,35.59,109.14,0.5579,-1,-1,-1
580,107,720.77,446.97,38.31,104.74,0.5723,-1,-1,-1
580,51,1158.77,440.10,133.73,275.20,0.7507,-1,-1,-1
580,113,549.67,441.45,38.38,96.77,0.3507,-1,-1,-1
581,26,1673.09,402.43,247.13,674.87,0.9082,-1,-1,-1
581,47,1055.80,438.78,92.55,256.20,0.6867,-1,-1,-1
581,55,1159.75,440.43,134.80,276.00,0.6990,-1,-1,-1
581,59,959.68,435.62,103.03,237.61,0.7610,-1,-1,-1
581,98,584.52,447.51,33.34,95.41,0.3911,-1,-1,-1
581,64,1673.08,402.43,247.13,674.88,0.9082,-1,-1,-1
581,104,630.68,452.66,36.38,105.57,0.5500,-1,-1,-1
581,107,721.02,447.19,38.35,104.23,0.5028,-1,-1,-1
581,51,1159.67,440.42,134.80,276.05,0.6990,-1,-1,-1
581,113,549.09,436.60,40.33,101.84,0.3648,-1,-1,-1
582,26,1673.27,402.09,246.81,676.12,0.9087,-1,-1,-1
582,47,1065.49,438.18,86.95,260.56,0.6232,-1,-1,-1
582,55,1180.59,439.64,117.06,275.52,0.6916,-1,-1,-1
582,59,957.97,435.69,109.99,236.94,0.7490,-1,-1,-1
582,98,584.45,446.90,33.95,96.22,0.4204,-1,-1,-1
582,64,1673.26,402.09,246.81,676.12,0.9087,-1,-1,-1
582,104,631.21,453.04,34.67,105.08,0.5109,-1,-1,-1
582,107,721.51,447.85,37.86,103.44,0.4972,-1,-1,-1
582,51,1180.52,439.63,117.06,275.56,0.6916,-1,-1,-1
582,113,548.58,435.62,40.05,102.48,0.3785,-1,-1,-1
583,26,1674.23,399.43,245.64,679.08,0.9097,-1,-1,-1
583,47,1076.67,434.50,78.73,263.65,0.6312,-1,-1,-1
583,55,1192.87,439.77,107.22,274.32,0.7226,-1,-1,-1
583,59,962.44,435.99,108.89,235.91,0.7287,-1,-1,-1
583,98,584.43,447.96,33.90,95.32,0.4672,-1,-1,-1
583,64,1674.22,399.43,245.65,679.09,0.9097,-1,-1,-1
583,104,631.05,453.67,34.20,104.43,0.4541,-1,-1,-1
583,107,721.22,446.66,38.76,103.63,0.5278,-1,-1,-1
583,51,1192.81,439.76,107.22,274.36,0.7226,-1,-1,-1
583,113,549.20,438.17,38.92,99.67,0.4176,-1,-1,-1
584,26,1675.98,395.68,243.86,682.06,0.9116,-1,-1,-1
584,47,1083.97,435.43,75.54,261.75,0.6626,-1,-1,-1
584,55,1201.77,440.61,100.01,271.95,0.7222,-1,-1,-1
584,59,966.16,436.70,107.52,236.04,0.7423,-1,-1,-1
584,98,584.81,447.82,33.57,95.70,0.4718,-1,-1,-1
584,64,1675.98,395.68,243.86,682.06,0.9116,-1,-1,-1
584,104,630.49,454.95,35.13,103.30,0.4310,-1,-1,-1
584,107,722.00,447.19,37.97,104.16,0.5301,-1,-1,-1
584,51,1201.73,440.61,100.01,271.98,0.7222,-1,-1,-1
584,113,550.15,438.67,37.91,99.28,0.3970,-1,-1,-1
585,26,1677.70,394.50,242.18,682.86,0.8981,-1,-1,-1
585,47,1087.79,438.88,74.84,257.24,0.6355,-1,-1,-1
585,55,1204.80,441.08,100.35,267.36,0.7488,-1,-1,-1
585,59,969.32,436.46,105.82,235.74,0.7614,-1,-1,-1
585,98,585.44,447.99,33.23,95.11,0.4599,-1,-1,-1
585,64,1677.70,394.50,242.19,682.86,0.8981,-1,-1,-1
585,104,628.39,452.07,36.58,105.90,0.3952,-1,-1,-1
585,107,722.81,447.14,37.73,103.46,0.5278,-1,-1,-1
585,51,1204.76,441.07,100.35,267.39,0.7488,-1,-1,-1
585,113,550.23,438.60,38.38,99.42,0.4324,-1,-1,-1
586,26,1681.23,393.17,238.93,683.15,0.8962,-1,-1,-1
586,47,1089.62,436.57,72.96,260.51,0.6899,-1,-1,-1
586,55,1212.27,438.20,100.49,272.17,0.7545,-1,-1,-1
586,59,976.14,440.40,100.92,233.35,0.7689,-1,-1,-1
586,98,585.01,445.41,34.62,98.10,0.4495,-1,-1,-1
586,64,1681.22,393.17,238.94,683.15,0.8962,-1,-1,-1
586,104,626.96,452.37,37.35,105.36,0.4271,-1,-1,-1
586,107,723.58,445.24,37.76,103.71,0.5441,-1,-1,-1
586,51,1212.24,438.19,100.49,272.20,0.7545,-1,-1,-1
586,113,549.89,439.93,37.79,98.62,0.4356,-1,-1,-1
587,26,1684.95,390.03,235.26,685.59,0.8696,-1,-1,-1
587,47,1090.73,429.94,73.38,267.38,0.7209,-1,-1,-1
587,55,1216.49,434.56,99.60,276.20,0.6144,-1,-1,-1
587,59,981.34,443.40,96.86,228.06,0.7386,-1,-1,-1
587,98,584.61,444.62,35.16,98.66,0.4201,-1,-1,-1
587,64,1684.95,390.03,235.27,685.60,0.8696,-1,-1,-1
587,104,625.55,452.28,38.25,105.52,0.4831,-1,-1,-1
587,107,724.32,444.40,37.50,104.69,0.5522,-1,-1,-1
587,51,1216.46,434.56,99.60,276.23,0.6144,-1,-1,-1
587,113,550.09,441.02,37.28,98.17,0.4669,-1,-1,-1
587,118,665.18,452.71,32.95,101.25,0.3701,-1,-1,-1
588,26,1692.29,387.60,227.72,687.86,0.8557,-1,-1,-1
588,47,1092.06,423.53,77.99,273.50,0.7360,-1,-1,-1
588,55,1215.34,434.52,102.57,277.69,0.7926,-1,-1,-1
588,59,987.82,445.43,91.21,223.92,0.7008,-1,-1,-1
588,98,584.03,445.46,35.79,98.62,0.4144,-1,-1,-1
588,64,1692.29,387.60,227.72,687.86,0.8557,-1,-1,-1
588,104,625.25,453.03,36.64,104.50,0.5081,-1,-1,-1
588,107,726.19,442.94,34.90,106.34,0.5564,-1,-1,-1
588,51,1215.32,434.51,102.57,277.71,0.7926,-1,-1,-1
588,113,551.10,445.82,36.18,94.03,0.4324,-1,-1,-1
588,118,664.26,452.06,30.87,104.96,0.3578,-1,-1,-1
589,26,1700.56,390.20,219.23,683.60,0.7503,-1,-1,-1
589,47,1092.98,420.48,86.15,276.37,0.7106,-1,-1,-1
589,55,1217.60,434.59,101.27,275.91,0.7782,-1,-1,-1
589,59,995.82,446.03,85.14,222.95,0.7048,-1,-1,-1
589,98,583.35,446.66,36.76,98.67,0.3778,-1,-1,-1
589,64,1700.56,390.20,219.23,683.61,0.7503,-1,-1,-1
589,104,624.73,452.01,35.94,105.64,0.5815,-1,-1,-1
589,107,725.05,443.27,36.42,106.25,0.5504,-1,-1,-1
589,51,1217.57,434.58,101.27,275.93,0.7782,-1,-1,-1
589,113,551.00,447.04,36.61,93.54,0.4278,-1,-1,-1
589,118,663.71,450.83,30.93,108.10,0.4621,-1,-1,-1
589,119,1183.72,438.51,58.58,234.76,0.3397,-1,-1,-1
590,26,1711.73,410.06,207.93,663.71,0.7423,-1,-1,-1
590,47,1092.65,426.61,88.06,270.56,0.6570,-1,-1,-1
590,55,1220.16,433.87,101.20,277.01,0.7845,-1,-1,-1
590,59,1005.21,446.96,79.24,221.43,0.7377,-1,-1,-1
590,98,583.94,448.05,36.00,97.89,0.3165,-1,-1,-1
590,64,1711.73,410.06,207.93,663.72,0.7423,-1,-1,-1
590,104,624.17,450.99,35.25,106.38,0.5152,-1,-1,-1
590,107,726.19,442.78,35.22,106.80,0.5677,-1,-1,-1
590,51,1220.14,433.87,101.20,277.02,0.7845,-1,-1,-1
590,113,551.09,447.65,37.12,92.89,0.3673,-1,-1,-1
590,118,663.50,451.57,31.42,107.95,0.4666,-1,-1,-1
590,119,1184.91,437.67,59.03,239.00,0.3704,-1,-1,-1
591,26,1731.23,461.46,188.36,612.79,0.5597,-1,-1,-1
591,47,1091.52,418.60,92.25,278.07,0.6516,-1,-1,-1
591,55,1223.04,434.33,103.66,276.70,0.7448,-1,-1,-1
591,59,1011.00,444.69,78.35,222.70,0.7132,-1,-1,-1
591,98,585.13,449.47,33.29,94.78,0.3403,-1,-1,-1
591,64,1731.23,461.46,188.36,612.79,0.5597,-1,-1,-1
591,104,623.99,449.67,34.00,107.88,0.5368,-1,-1,-1
591,107,727.35,442.55,33.59,107.15,0.5752,-1,-1,-1
591,51,1223.03,434.33,103.66,276.72,0.7448,-1,-1,-1
591,113,550.82,445.03,37.55,95.23,0.3385,-1,-1,-1
591,118,663.36,451.73,32.14,108.16,0.5347,-1,-1,-1
591,119,1188.72,435.23,60.37,241.20,0.3288,-1,-1,-1
592,26,1753.23,490.26,166.21,582.55,0.6785,-1,-1,-1
592,47,1091.43,416.81,102.15,279.72,0.6759,-1,-1,-1
592,55,1226.57,436.84,108.06,274.43,0.7291,-1,-1,-1
592,59,1013.08,443.89,77.67,222.11,0.7365,-1,-1,-1
592,98,585.51,450.17,32.23,93.43,0.3119,-1,-1,-1
592,64,1753.22,490.26,166.21,582.55,0.6785,-1,-1,-1
592,104,623.99,449.05,34.47,108.87,0.5158,-1,-1,-1
592,107,728.11,443.14,32.30,106.99,0.5662,-1,-1,-1
592,51,1226.56,436.84,108.06,274.44,0.7291,-1,-1,-1
592,113,550.03,444.29,38.56,95.43,0.3228,-1,-1,-1
592,118,662.63,452.03,33.08,108.11,0.5611,-1,-1,-1
593,26,1777.05,500.20,142.40,572.95,0.3894,-1,-1,-1
593,47,1092.14,413.42,101.35,282.95,0.6913,-1,-1,-1
593,55,1230.96,439.20,110.44,273.70,0.7523,-1,-1,-1
593,59,1014.58,439.81,79.34,226.28,0.6583,-1,-1,-1
593,98,584.38,450.87,32.35,91.27,0.3163,-1,-1,-1
593,64,1777.05,500.20,142.40,572.95,0.3894,-1,-1,-1
593,104,623.21,449.24,35.86,108.56,0.4958,-1,-1,-1
593,107,728.29,443.41,32.74,107.38,0.5409,-1,-1,-1
593,51,1230.95,439.20,110.44,273.71,0.7523,-1,-1,-1
593,113,550.60,446.39,35.77,93.12,0.3091,-1,-1,-1
593,118,661.67,451.86,33.91,108.17,0.5483,-1,-1,-1
594,26,1809.97,520.45,109.48,557.23,0.3174,-1,-1,-1
594,47,1092.25,412.58,101.79,285.28,0.6998,-1,-1,-1
594,55,1234.35,441.84,112.77,270.83,0.7832,-1,-1,-1
594,59,1020.65,436.67,76.92,229.01,0.6274,-1,-1,-1
594,98,584.08,451.36,32.37,90.53,0.3225,-1,-1,-1
594,104,622.89,448.78,36.20,107.95,0.5041,-1,-1,-1
594,107,726.99,444.60,35.69,106.72,0.5127,-1,-1,-1
594,51,1234.34,441.84,112.77,270.84,0.7832,-1,-1,-1
594,113,549.70,447.98,36.69,91.39,0.3505,-1,-1,-1
594,118,660.46,451.55,35.15,108.97,0.5306,-1,-1,-1
594,119,1191.14,437.85,76.09,241.06,0.3651,-1,-1,-1
595,47,1094.28,413.68,101.17,283.15,0.7179,-1,-1,-1
595,55,1239.39,439.14,112.22,273.31,0.8187,-1,-1,-1
595,59,1023.13,436.17,76.11,228.83,0.6712,-1,-1,-1
595,104,622.53,449.18,36.98,106.84,0.5523,-1,-1,-1
595,107,728.52,444.08,33.43,106.69,0.5404,-1,-1,-1
595,51,1239.38,439.14,112.22,273.32,0.8187,-1,-1,-1
595,118,660.50,452.33,35.16,108.51,0.4742,-1,-1,-1
595,119,1189.91,440.83,75.93,238.76,0.4700,-1,-1,-1
596,47,1095.81,418.92,100.47,278.90,0.7370,-1,-1,-1
596,55,1242.51,437.42,112.93,275.33,0.8097,-1,-1,-1
596,59,1024.87,440.06,76.61,224.75,0.7104,-1,-1,-1
596,104,623.05,450.09,36.95,104.90,0.5697,-1,-1,-1
596,107,727.06,445.13,35.89,105.55,0.5617,-1,-1,-1
596,51,1242.50,437.42,112.93,275.34,0.8097,-1,-1,-1
596,118,660.73,453.76,35.18,107.10,0.4559,-1,-1,-1
596,119,1190.67,442.19,76.76,238.45,0.5270,-1,-1,-1
597,47,1097.53,422.10,98.47,275.92,0.7591,-1,-1,-1
597,55,1244.54,437.62,113.14,275.73,0.8037,-1,-1,-1
597,59,1026.35,441.76,76.66,223.91,0.7391,-1,-1,-1
597,104,623.71,451.70,35.49,103.24,0.5127,-1,-1,-1
597,107,726.23,445.10,37.58,106.46,0.6075,-1,-1,-1
597,51,1244.53,437.61,113.14,275.73,0.8037,-1,-1,-1
597,118,659.80,453.97,37.76,106.94,0.4254,-1,-1,-1
597,119,1191.36,455.25,77.31,226.81,0.5311,-1,-1,-1
598,47,1099.10,427.38,98.05,270.25,0.7212,-1,-1,-1
598,55,1248.05,437.69,111.22,275.59,0.8137,-1,-1,-1
598,59,1026.51,441.70,79.39,224.46,0.7390,-1,-1,-1
598,104,624.45,453.13,33.67,101.76,0.4815,-1,-1,-1
598,107,725.89,445.40,38.54,107.38,0.5876,-1,-1,-1
598,51,1248.04,437.69,111.22,275.60,0.8137,-1,-1,-1
598,118,659.04,455.67,37.10,105.19,0.4314,-1,-1,-1
598,119,1193.04,452.37,77.05,230.33,0.5216,-1,-1,-1
598,98,584.08,451.61,32.20,89.31,0.3394,-1,-1,-1
598,113,550.27,449.45,34.89,90.32,0.3660,-1,-1,-1
599,47,1101.66,430.56,97.22,265.59,0.7001,-1,-1,-1
599,55,1252.33,437.22,107.74,275.84,0.7814,-1,-1,-1
599,59,1027.54,442.20,85.06,224.71,0.7391,-1,-1,-1
599,104,624.65,454.24,33.48,100.85,0.4789,-1,-1,-1
599,107,726.41,445.89,37.76,106.52,0.5700,-1,-1,-1
599,51,1252.32,437.22,107.74,275.85,0.7814,-1,-1,-1
599,118,657.73,455.05,39.47,105.91,0.4075,-1,-1,-1
599,119,1191.38,444.07,79.32,238.72,0.5728,-1,-1,-1
599,121,378.26,467.31,47.76,109.13,0.3763,-1,-1,-1
599,98,583.64,452.57,33.72,90.47,0.3283,-1,-1,-1
599,113,551.23,449.08,33.39,90.88,0.3354,-1,-1,-1
600,47,1106.74,431.06,94.15,263.55,0.7021,-1,-1,-1
600,55,1256.29,437.14,104.89,275.87,0.8179,-1,-1,-1
600,59,1028.49,441.87,88.09,223.94,0.7548,-1,-1,-1
600,104,624.88,454.96,33.13,100.84,0.5049,-1,-1,-1
600,107,726.48,444.67,37.20,108.08,0.5861,-1,-1,-1
600,51,1256.29,437.14,104.89,275.88,0.8179,-1,-1,-1
600,118,657.06,455.61,39.73,105.35,0.3589,-1,-1,-1
600,119,1197.02,447.54,73.70,228.51,0.6018,-1,-1,-1
600,121,378.91,465.17,46.29,111.62,0.3499,-1,-1,-1
600,98,583.37,455.93,32.83,85.84,0.3145,-1,-1,-1
600,113,550.81,451.60,35.92,88.65,0.3190,-1,-1,-1
