2,1,0.42,6.10,344.96,1064.53,0.9307,-1,-1,-1
2,2,869.91,148.62,234.32,629.16,0.8052,-1,-1,-1
2,3,542.38,266.36,95.56,322.52,0.8086,-1,-1,-1
2,4,397.45,274.21,111.18,321.46,0.8143,-1,-1,-1
2,6,1053.61,291.54,87.50,330.09,0.4815,-1,-1,-1
3,1,0.36,5.06,338.76,1062.25,0.9291,-1,-1,-1
3,2,864.87,152.63,225.76,627.17,0.8285,-1,-1,-1
3,3,536.27,265.81,97.30,327.53,0.8047,-1,-1,-1
3,4,390.30,274.48,108.38,322.73,0.8451,-1,-1,-1
3,6,1047.90,293.73,91.62,333.66,0.5742,-1,-1,-1
4,1,0.74,3.39,324.56,1061.40,0.9252,-1,-1,-1
4,2,870.52,153.17,216.99,629.09,0.8343,-1,-1,-1
4,3,531.72,264.80,95.93,328.93,0.8076,-1,-1,-1
4,4,381.04,270.59,112.40,328.22,0.8424,-1,-1,-1
4,6,1044.09,292.79,90.55,343.70,0.5787,-1,-1,-1
4,8,732.80,324.66,41.43,129.34,0.4024,-1,-1,-1
5,1,1.14,3.33,308.88,1062.92,0.9159,-1,-1,-1
5,2,880.09,151.43,204.91,638.24,0.8187,-1,-1,-1
5,3,526.09,262.11,97.58,334.80,0.8087,-1,-1,-1
5,4,376.59,264.09,111.33,332.40,0.8344,-1,-1,-1
5,6,1049.39,291.97,82.37,344.00,0.5786,-1,-1,-1
5,8,730.32,320.91,44.03,126.38,0.3938,-1,-1,-1
5,9,691.35,333.46,37.85,110.11,0.3964,-1,-1,-1
6,1,2.29,16.12,287.95,1057.41,0.8777,-1,-1,-1
6,2,885.31,150.93,197.32,625.09,0.8034,-1,-1,-1
6,3,519.68,262.29,102.18,335.32,0.7974,-1,-1,-1
6,4,372.54,261.76,110.82,334.91,0.8305,-1,-1,-1
6,6,1046.34,293.40,81.67,344.98,0.5865,-1,-1,-1
6,8,728.10,323.64,38.84,112.67,0.3995,-1,-1,-1
6,9,688.03,333.91,39.50,115.33,0.4194,-1,-1,-1
7,1,1.62,78.66,270.51,991.11,0.9035,-1,-1,-1
7,2,892.09,153.30,189.13,619.48,0.8162,-1,-1,-1
7,3,515.29,259.10,101.92,345.43,0.7802,-1,-1,-1
7,4,363.05,260.78,114.47,338.45,0.8224,-1,-1,-1
7,6,1040.59,296.80,84.96,346.35,0.6035,-1,-1,-1
7,8,726.33,322.23,38.96,122.52,0.4658,-1,-1,-1
7,9,684.90,332.28,41.63,120.34,0.4069,-1,-1,-1
7,10,864.10,254.60,80.29,307.35,0.5746,-1,-1,-1
7,11,784.97,315.14,40.93,127.03,0.3461,-1,-1,-1
8,1,0.87,89.33,257.84,981.54,0.8960,-1,-1,-1
8,2,889.57,152.46,191.26,628.55,0.7931,-1,-1,-1
8,3,511.30,263.24,101.35,345.31,0.8154,-1,-1,-1
8,4,352.66,260.16,119.51,342.42,0.8265,-1,-1,-1
8,6,1037.07,299.80,88.29,346.11,0.6755,-1,-1,-1
8,8,723.58,321.40,41.18,126.70,0.5086,-1,-1,-1
8,9,682.62,331.80,40.03,121.30,0.5018,-1,-1,-1
8,10,863.20,265.01,72.20,298.97,0.5863,-1,-1,-1
8,11,783.35,302.96,49.74,144.20,0.4138,-1,-1,-1
9,1,4.54,100.03,221.01,972.44,0.8638,-1,-1,-1
9,2,886.81,154.40,188.54,626.03,0.7892,-1,-1,-1
9,3,506.54,262.45,103.21,342.82,0.8362,-1,-1,-1
9,4,348.04,261.08,120.10,343.29,0.8186,-1,-1,-1
9,6,1036.73,303.83,84.22,348.23,0.6625,-1,-1,-1
9,8,721.45,321.43,38.60,131.35,0.5791,-1,-1,-1
9,9,679.59,333.69,37.25,121.02,0.4071,-1,-1,-1
9,10,862.45,263.90,72.63,300.45,0.5882,-1,-1,-1
9,11,782.56,304.78,41.97,143.10,0.3866,-1,-1,-1
10,1,3.92,106.27,204.12,961.99,0.7265,-1,-1,-1
10,2,879.64,157.49,190.80,622.94,0.8159,-1,-1,-1
10,3,499.54,264.92,107.43,347.15,0.8258,-1,-1,-1
10,4,346.22,259.49,116.46,346.96,0.8081,-1,-1,-1
10,6,1037.40,300.21,81.45,353.46,0.7002,-1,-1,-1
10,8,720.61,324.80,40.52,131.42,0.5866,-1,-1,-1
10,9,676.54,336.68,41.57,123.45,0.4887,-1,-1,-1
10,10,861.75,260.85,72.70,303.74,0.5660,-1,-1,-1
10,11,777.12,297.53,49.48,155.61,0.4916,-1,-1,-1
11,1,7.11,109.62,174.80,957.44,0.7327,-1,-1,-1
11,2,878.52,156.30,188.58,631.48,0.8166,-1,-1,-1
11,3,492.60,261.89,109.97,354.00,0.8231,-1,-1,-1
11,4,337.22,262.51,121.47,348.79,0.7893,-1,-1,-1
11,6,1039.32,295.96,73.54,360.48,0.6630,-1,-1,-1
11,8,719.18,326.39,38.83,129.53,0.5185,-1,-1,-1
11,9,676.26,340.85,41.24,117.38,0.4719,-1,-1,-1
11,10,862.03,276.95,67.43,290.60,0.5332,-1,-1,-1
11,11,776.56,318.11,47.93,136.88,0.5638,-1,-1,-1
12,1,2.31,121.80,162.37,686.17,0.7884,-1,-1,-1
12,2,868.54,158.44,190.69,633.29,0.8356,-1,-1,-1
12,3,490.35,257.88,110.36,359.01,0.7974,-1,-1,-1
12,4,324.48,265.40,129.48,351.70,0.8278,-1,-1,-1
12,6,1037.25,296.67,71.37,362.09,0.6773,-1,-1,-1
12,8,717.98,327.66,41.61,131.97,0.5503,-1,-1,-1
12,9,673.92,339.53,40.42,121.05,0.4351,-1,-1,-1
12,10,864.61,245.65,66.41,318.69,0.3901,-1,-1,-1
12,11,773.72,319.82,53.30,134.85,0.5496,-1,-1,-1
12,12,828.93,324.04,43.30,122.36,0.3624,-1,-1,-1
13,1,1.86,142.16,139.34,593.78,0.8203,-1,-1,-1
13,2,860.55,155.24,198.77,640.16,0.8254,-1,-1,-1
13,3,482.37,255.18,114.43,362.11,0.8272,-1,-1,-1
13,4,317.75,264.94,134.80,356.31,0.8304,-1,-1,-1
13,6,1035.46,300.06,73.90,352.35,0.6956,-1,-1,-1
13,8,717.10,328.06,40.36,133.10,0.4867,-1,-1,-1
13,9,672.79,340.62,39.22,122.96,0.4349,-1,-1,-1
13,11,772.16,321.45,52.20,133.87,0.5430,-1,-1,-1
13,12,829.60,326.67,43.73,120.64,0.4361,-1,-1,-1
14,1,1.82,180.42,116.74,581.05,0.8183,-1,-1,-1
14,2,852.28,152.93,203.88,645.01,0.7866,-1,-1,-1
14,3,478.95,254.93,115.09,364.23,0.8363,-1,-1,-1
14,4,313.56,266.81,135.81,359.00,0.8351,-1,-1,-1
14,6,1033.56,291.37,74.27,358.47,0.6844,-1,-1,-1
14,8,714.79,327.49,44.71,133.64,0.5342,-1,-1,-1
14,9,672.13,342.54,37.10,120.35,0.3721,-1,-1,-1
14,11,773.08,323.84,46.85,129.89,0.5630,-1,-1,-1
14,12,828.34,325.41,43.93,122.35,0.4674,-1,-1,-1
15,1,7.69,236.62,83.85,546.90,0.5554,-1,-1,-1
15,2,839.26,153.34,211.34,637.42,0.7982,-1,-1,-1
15,3,474.87,257.23,119.98,360.91,0.8393,-1,-1,-1
15,4,316.11,269.84,130.90,359.55,0.8287,-1,-1,-1
15,6,1029.02,282.62,79.13,370.73,0.6677,-1,-1,-1
15,8,713.61,330.34,46.71,130.43,0.5305,-1,-1,-1
15,9,671.61,345.10,34.34,112.35,0.4076,-1,-1,-1
15,11,772.56,322.61,47.23,129.65,0.5427,-1,-1,-1
15,12,827.69,328.97,43.74,120.37,0.4351,-1,-1,-1
16,2,836.06,153.43,215.07,640.29,0.8022,-1,-1,-1
16,3,472.84,256.52,123.01,366.24,0.8448,-1,-1,-1
16,4,310.31,269.75,134.69,366.36,0.8397,-1,-1,-1
16,6,1026.22,275.19,83.27,379.47,0.6332,-1,-1,-1
16,8,713.87,330.65,45.43,130.50,0.5308,-1,-1,-1
16,9,671.11,348.97,32.48,108.86,0.4412,-1,-1,-1
16,11,770.99,323.44,49.88,129.28,0.5740,-1,-1,-1
16,12,828.60,333.29,42.45,116.46,0.4189,-1,-1,-1
17,2,834.97,155.02,218.10,643.45,0.8270,-1,-1,-1
17,3,471.79,258.96,123.15,367.29,0.8426,-1,-1,-1
17,4,309.35,275.36,132.79,367.65,0.8502,-1,-1,-1
17,6,1022.57,275.22,89.20,378.25,0.6610,-1,-1,-1
17,8,713.26,330.06,46.65,135.72,0.5725,-1,-1,-1
17,9,671.40,347.26,32.73,117.71,0.4482,-1,-1,-1
17,11,770.23,325.69,52.31,129.55,0.5935,-1,-1,-1
17,12,829.38,338.66,41.10,116.24,0.4208,-1,-1,-1
18,2,838.42,158.33,213.49,655.52,0.8573,-1,-1,-1
18,3,469.01,259.35,126.90,374.38,0.8379,-1,-1,-1
18,4,311.16,278.66,131.47,369.38,0.8304,-1,-1,-1
18,6,1020.97,255.29,89.56,396.32,0.6972,-1,-1,-1
18,8,714.34,333.10,46.53,136.26,0.4785,-1,-1,-1
18,11,772.99,317.88,49.17,141.92,0.4272,-1,-1,-1
18,12,829.27,339.21,42.45,117.65,0.3603,-1,-1,-1
19,2,845.37,159.77,199.36,658.84,0.8587,-1,-1,-1
19,3,467.33,264.86,130.84,379.36,0.8216,-1,-1,-1
19,4,294.55,281.18,147.56,379.18,0.8304,-1,-1,-1
19,6,1013.90,255.20,96.08,398.86,0.7192,-1,-1,-1
19,8,715.97,338.61,45.37,138.44,0.4876,-1,-1,-1
19,11,772.52,333.31,51.54,131.25,0.5109,-1,-1,-1
19,12,830.37,347.61,45.78,112.48,0.3051,-1,-1,-1
20,2,847.74,168.11,194.25,654.58,0.8635,-1,-1,-1
20,3,469.14,273.00,129.48,379.20,0.8268,-1,-1,-1
20,4,297.72,287.42,145.75,378.94,0.8283,-1,-1,-1
20,6,1010.90,249.86,99.61,410.41,0.7665,-1,-1,-1
20,8,718.13,343.02,42.63,140.28,0.5285,-1,-1,-1
20,11,773.01,334.82,52.00,131.55,0.5674,-1,-1,-1
20,12,827.29,356.83,50.02,107.32,0.3490,-1,-1,-1
21,2,863.38,170.06,184.16,656.80,0.8511,-1,-1,-1
21,3,472.41,273.85,133.99,388.92,0.8127,-1,-1,-1
21,4,305.03,287.42,144.65,384.39,0.8442,-1,-1,-1
21,6,1016.88,249.86,107.78,415.00,0.8080,-1,-1,-1
21,11,772.80,335.31,59.72,131.68,0.3787,-1,-1,-1
22,2,881.78,168.50,187.60,660.21,0.8536,-1,-1,-1
22,3,496.29,276.45,127.47,390.74,0.8249,-1,-1,-1
22,4,324.17,288.30,143.47,386.39,0.8276,-1,-1,-1
22,6,1032.30,251.64,107.82,418.13,0.7957,-1,-1,-1
22,8,744.06,349.71,42.24,138.85,0.5246,-1,-1,-1
22,11,798.18,341.07,51.98,136.26,0.5641,-1,-1,-1
22,12,853.29,358.43,51.77,108.44,0.3256,-1,-1,-1
23,2,883.05,170.92,190.55,664.25,0.8620,-1,-1,-1
23,3,508.06,281.83,128.54,393.00,0.8269,-1,-1,-1
23,4,332.29,291.51,144.92,386.40,0.8292,-1,-1,-1
23,6,1040.17,255.05,113.76,421.09,0.8010,-1,-1,-1
23,8,753.22,350.09,47.80,133.29,0.3741,-1,-1,-1
23,9,705.48,366.44,40.31,126.78,0.4195,-1,-1,-1
24,2,879.40,173.36,203.49,662.93,0.8682,-1,-1,-1
24,3,517.20,285.34,130.97,396.35,0.8445,-1,-1,-1
24,4,342.69,293.24,146.49,391.15,0.8333,-1,-1,-1
24,6,1046.81,258.37,121.02,414.94,0.8176,-1,-1,-1
24,8,767.84,352.27,42.29,137.90,0.5115,-1,-1,-1
24,9,716.61,367.97,41.98,126.37,0.5327,-1,-1,-1
24,11,824.58,347.33,47.56,133.11,0.5155,-1,-1,-1
25,2,874.21,173.34,210.95,658.38,0.8634,-1,-1,-1
25,3,523.62,284.81,134.69,405.04,0.8443,-1,-1,-1
25,4,355.22,294.75,144.61,387.87,0.8321,-1,-1,-1
25,6,1057.66,259.43,123.59,417.55,0.8358,-1,-1,-1
25,8,777.67,352.09,48.11,139.86,0.4212,-1,-1,-1
25,9,731.96,368.41,39.14,129.61,0.4548,-1,-1,-1
26,2,879.21,174.43,217.59,653.53,0.8693,-1,-1,-1
26,3,540.55,294.57,130.52,404.20,0.7981,-1,-1,-1
26,4,365.36,295.39,150.89,395.81,0.8539,-1,-1,-1
26,6,1065.92,262.74,134.88,421.97,0.8315,-1,-1,-1
26,8,794.31,352.81,45.61,134.26,0.3050,-1,-1,-1
26,9,744.44,376.31,41.57,121.55,0.3268,-1,-1,-1
27,2,880.19,177.20,227.71,656.67,0.8628,-1,-1,-1
27,3,554.40,293.45,132.66,412.10,0.8311,-1,-1,-1
27,4,382.55,300.00,143.69,397.02,0.8405,-1,-1,-1
27,6,1081.93,268.09,138.69,416.83,0.8299,-1,-1,-1
27,8,806.88,355.32,50.52,136.83,0.3714,-1,-1,-1
27,9,763.36,378.44,36.66,125.89,0.3309,-1,-1,-1
27,11,868.24,340.16,52.33,148.94,0.3363,-1,-1,-1
27,13,1875.77,551.69,43.83,206.08,0.3677,-1,-1,-1
28,2,883.19,185.60,234.57,658.19,0.8746,-1,-1,-1
28,3,562.29,300.15,131.69,412.86,0.8471,-1,-1,-1
28,4,385.13,306.70,148.48,398.54,0.8610,-1,-1,-1
28,6,1087.18,275.38,139.08,415.84,0.8358,-1,-1,-1
28,8,818.03,364.33,41.83,132.17,0.4379,-1,-1,-1
28,9,768.99,382.78,39.42,126.47,0.4177,-1,-1,-1
29,2,883.71,192.25,224.21,659.62,0.8796,-1,-1,-1
29,3,564.51,299.85,133.95,417.24,0.8639,-1,-1,-1
29,4,392.53,309.97,141.37,405.38,0.8420,-1,-1,-1
29,6,1091.39,280.01,143.14,429.30,0.8129,-1,-1,-1
29,8,819.65,369.02,44.81,143.49,0.5042,-1,-1,-1
29,9,772.59,387.35,41.03,129.18,0.3730,-1,-1,-1
30,2,887.63,196.61,224.87,661.05,0.8922,-1,-1,-1
30,3,567.80,299.45,137.86,416.35,0.8519,-1,-1,-1
30,4,396.98,312.61,144.45,412.66,0.8394,-1,-1,-1
30,6,1097.73,282.11,150.98,432.63,0.8320,-1,-1,-1
30,8,826.44,370.77,49.40,141.69,0.4917,-1,-1,-1
31,2,888.23,202.02,227.67,665.24,0.8833,-1,-1,-1
31,3,572.90,301.68,136.44,419.55,0.8359,-1,-1,-1
31,4,400.23,318.64,145.16,418.53,0.8436,-1,-1,-1
31,6,1101.94,285.58,154.07,435.59,0.8544,-1,-1,-1
31,8,837.59,379.74,43.10,138.52,0.5141,-1,-1,-1
31,9,790.03,393.35,41.44,126.08,0.4834,-1,-1,-1
32,2,889.78,209.64,232.10,669.00,0.8842,-1,-1,-1
32,3,577.87,304.90,134.17,429.58,0.8522,-1,-1,-1
32,4,401.77,323.91,145.57,418.29,0.8572,-1,-1,-1
32,6,1103.26,290.77,155.43,430.64,0.8578,-1,-1,-1
32,8,841.29,380.63,42.50,146.50,0.5933,-1,-1,-1
32,9,793.02,399.99,46.16,127.59,0.3946,-1,-1,-1
33,2,894.10,213.38,232.98,669.87,0.8825,-1,-1,-1
33,3,580.44,307.45,139.38,431.13,0.8464,-1,-1,-1
33,4,403.67,329.50,149.00,418.02,0.8585,-1,-1,-1
33,6,1105.74,299.88,163.29,428.87,0.8558,-1,-1,-1
33,8,845.95,388.66,44.93,145.12,0.5302,-1,-1,-1
33,9,798.97,401.85,42.20,127.20,0.3542,-1,-1,-1
34,2,895.00,220.44,241.33,672.77,0.8749,-1,-1,-1
34,3,585.53,308.99,135.51,433.75,0.8413,-1,-1,-1
34,4,399.83,333.10,149.88,426.90,0.8418,-1,-1,-1
34,6,1107.93,302.98,163.33,421.98,0.8550,-1,-1,-1
34,8,847.49,392.70,48.36,147.31,0.5581,-1,-1,-1
34,9,800.06,407.98,48.17,130.02,0.3366,-1,-1,-1
35,2,902.31,227.94,235.13,677.02,0.8777,-1,-1,-1
35,3,589.20,313.98,135.41,439.71,0.8297,-1,-1,-1
35,4,397.25,336.70,151.76,435.41,0.8268,-1,-1,-1
35,6,1110.49,306.71,165.25,418.60,0.8462,-1,-1,-1
35,8,849.55,396.87,48.78,146.34,0.5382,-1,-1,-1
35,9,802.71,408.75,49.53,134.56,0.4808,-1,-1,-1
36,2,906.34,233.93,230.93,678.09,0.8840,-1,-1,-1
36,3,591.38,319.24,140.35,441.57,0.8214,-1,-1,-1
36,4,392.22,340.83,152.23,440.45,0.8543,-1,-1,-1
36,6,1113.78,311.60,161.85,418.42,0.8511,-1,-1,-1
36,9,804.88,413.26,50.19,134.64,0.4316,-1,-1,-1
37,2,905.66,242.78,231.98,676.46,0.8903,-1,-1,-1
37,3,593.36,323.08,134.22,446.66,0.8044,-1,-1,-1
37,4,388.57,342.96,148.69,447.21,0.8667,-1,-1,-1
37,6,1118.23,316.00,162.05,425.85,0.8438,-1,-1,-1
37,8,861.32,413.81,43.10,133.55,0.4536,-1,-1,-1
37,9,805.74,423.44,51.15,130.06,0.3629,-1,-1,-1
38,2,913.38,248.33,226.53,676.57,0.8889,-1,-1,-1
38,3,594.26,329.08,135.14,450.46,0.8261,-1,-1,-1
38,4,381.33,347.31,153.76,447.91,0.8689,-1,-1,-1
38,6,1118.63,321.47,162.92,420.69,0.8462,-1,-1,-1
38,8,865.51,417.11,40.01,136.36,0.6132,-1,-1,-1
38,9,810.70,431.47,53.13,127.12,0.3784,-1,-1,-1
39,2,923.38,254.80,218.92,679.12,0.8845,-1,-1,-1
39,3,591.13,333.27,139.03,461.71,0.8167,-1,-1,-1
39,4,375.97,350.66,157.38,453.07,0.8804,-1,-1,-1
39,6,1125.17,328.38,157.51,429.25,0.8542,-1,-1,-1
39,8,863.72,424.66,43.81,134.74,0.5069,-1,-1,-1
39,9,810.39,438.04,50.32,117.79,0.3248,-1,-1,-1
40,2,928.07,256.25,214.61,686.75,0.8765,-1,-1,-1
40,3,584.54,344.22,146.00,468.94,0.7968,-1,-1,-1
40,4,371.09,355.99,159.45,455.42,0.8739,-1,-1,-1
40,6,1128.15,335.55,157.09,432.64,0.8541,-1,-1,-1
40,8,863.01,427.64,48.08,146.61,0.5480,-1,-1,-1
41,2,927.23,258.68,211.67,682.40,0.8803,-1,-1,-1
41,3,581.52,342.64,145.60,474.95,0.8021,-1,-1,-1
41,4,355.95,355.39,169.34,458.19,0.8625,-1,-1,-1
41,6,1133.57,339.35,152.67,429.88,0.8500,-1,-1,-1
41,8,862.50,432.68,48.15,145.53,0.4789,-1,-1,-1
41,9,806.35,452.85,55.53,125.91,0.3322,-1,-1,-1
42,2,931.48,265.99,207.27,672.47,0.8821,-1,-1,-1
42,3,576.46,347.54,149.78,480.58,0.7102,-1,-1,-1
42,4,343.56,357.04,174.23,466.36,0.8717,-1,-1,-1
42,6,1134.70,348.20,149.23,427.62,0.8560,-1,-1,-1
42,8,863.22,435.76,46.04,146.99,0.4656,-1,-1,-1
42,9,808.03,460.04,53.44,127.25,0.3292,-1,-1,-1
43,2,933.22,273.25,200.64,659.90,0.8820,-1,-1,-1
43,3,572.43,352.48,142.44,481.32,0.8053,-1,-1,-1
43,4,331.03,363.56,177.91,470.43,0.8483,-1,-1,-1
43,6,1130.90,354.04,151.50,429.50,0.8570,-1,-1,-1
43,8,859.08,440.67,47.18,137.91,0.3510,-1,-1,-1
44,2,931.47,279.52,199.74,657.75,0.8858,-1,-1,-1
44,3,566.96,357.13,141.56,491.80,0.8117,-1,-1,-1
44,4,315.99,366.45,183.79,477.51,0.8582,-1,-1,-1
44,6,1127.99,363.04,152.14,423.69,0.8562,-1,-1,-1
44,8,855.78,443.19,45.33,146.28,0.3891,-1,-1,-1
45,2,929.69,284.57,198.44,660.54,0.8876,-1,-1,-1
45,3,561.53,361.81,138.95,502.00,0.8245,-1,-1,-1
45,4,302.91,371.90,189.30,489.51,0.8452,-1,-1,-1
45,6,1124.31,368.76,150.50,426.40,0.8408,-1,-1,-1
45,8,847.19,450.16,49.71,146.75,0.4304,-1,-1,-1
46,2,925.44,293.65,198.23,667.34,0.8865,-1,-1,-1
46,3,554.45,364.25,140.78,507.89,0.8213,-1,-1,-1
46,4,292.56,379.29,188.83,503.88,0.8411,-1,-1,-1
46,6,1121.62,376.93,150.02,433.85,0.8509,-1,-1,-1
46,8,845.52,457.20,50.35,147.65,0.4780,-1,-1,-1
47,2,921.48,303.20,194.87,670.37,0.8781,-1,-1,-1
47,3,545.94,370.13,145.15,513.72,0.8246,-1,-1,-1
47,4,270.19,383.58,202.43,522.10,0.8437,-1,-1,-1
47,6,1117.39,382.24,146.41,434.66,0.8359,-1,-1,-1
47,8,842.09,469.75,50.54,137.22,0.3348,-1,-1,-1
48,2,915.65,309.95,196.57,680.47,0.8773,-1,-1,-1
48,3,531.87,372.14,151.80,525.05,0.8579,-1,-1,-1
48,4,256.49,393.24,206.57,529.40,0.8567,-1,-1,-1
48,6,1113.62,390.09,138.39,435.65,0.8321,-1,-1,-1
48,8,838.46,467.42,47.10,152.93,0.6836,-1,-1,-1
48,9,780.98,485.21,44.27,116.97,0.3229,-1,-1,-1
49,2,908.65,319.85,194.54,685.08,0.8784,-1,-1,-1
49,3,524.32,376.69,154.17,532.22,0.8508,-1,-1,-1
49,4,239.69,399.61,212.06,534.44,0.8718,-1,-1,-1
49,6,1104.73,395.45,147.17,434.35,0.8528,-1,-1,-1
49,8,831.73,472.29,50.31,151.88,0.4990,-1,-1,-1
50,2,903.86,328.36,193.34,684.28,0.8773,-1,-1,-1
50,3,520.11,383.39,154.99,537.65,0.8387,-1,-1,-1
50,4,223.73,406.73,219.48,521.88,0.8353,-1,-1,-1
50,6,1099.77,399.57,142.68,440.05,0.8538,-1,-1,-1
50,8,821.93,476.56,51.57,154.59,0.5770,-1,-1,-1
50,9,767.10,493.33,47.24,139.33,0.3141,-1,-1,-1
51,2,898.64,335.71,190.30,685.69,0.8695,-1,-1,-1
51,3,510.06,385.71,157.09,544.85,0.8470,-1,-1,-1
51,4,207.57,413.19,223.11,517.20,0.8442,-1,-1,-1
51,6,1094.96,403.15,145.28,439.66,0.8681,-1,-1,-1
51,8,815.83,480.04,56.29,156.22,0.5905,-1,-1,-1
52,2,893.40,342.47,189.41,684.40,0.8758,-1,-1,-1
52,3,501.30,388.01,160.26,545.75,0.8376,-1,-1,-1
52,4,195.53,417.24,225.58,558.62,0.8291,-1,-1,-1
52,6,1091.95,404.21,146.30,442.93,0.8644,-1,-1,-1
52,8,810.96,489.91,56.18,146.36,0.3283,-1,-1,-1
52,9,755.91,498.08,49.80,135.99,0.3136,-1,-1,-1
53,2,888.06,348.08,190.27,681.27,0.8784,-1,-1,-1
53,3,494.00,396.16,162.59,549.18,0.8405,-1,-1,-1
53,4,186.26,419.72,220.47,567.23,0.8704,-1,-1,-1
53,6,1083.33,408.34,154.80,443.17,0.8653,-1,-1,-1
53,8,810.83,491.94,52.90,146.88,0.6576,-1,-1,-1
53,9,753.97,502.06,52.04,138.70,0.3274,-1,-1,-1
54,2,881.91,350.44,193.92,678.71,0.8833,-1,-1,-1
54,3,483.14,395.72,170.94,558.30,0.8509,-1,-1,-1
54,4,175.01,420.68,224.58,574.71,0.8822,-1,-1,-1
54,6,1077.28,409.15,160.24,446.10,0.8711,-1,-1,-1
54,8,811.26,492.64,50.96,139.37,0.5961,-1,-1,-1
55,2,872.30,349.03,198.11,679.62,0.8836,-1,-1,-1
55,3,475.31,396.70,179.12,565.79,0.8581,-1,-1,-1
55,4,167.00,418.73,223.42,583.63,0.8953,-1,-1,-1
55,6,1073.76,410.35,162.96,445.18,0.8756,-1,-1,-1
55,8,807.53,492.83,52.67,142.82,0.4666,-1,-1,-1
55,9,747.39,508.25,51.14,140.18,0.5130,-1,-1,-1
56,2,868.73,348.08,197.38,683.43,0.8791,-1,-1,-1
56,3,470.50,398.94,185.08,578.84,0.8728,-1,-1,-1
56,4,159.12,417.62,221.91,594.37,0.8826,-1,-1,-1
56,6,1076.21,412.09,162.14,439.62,0.8744,-1,-1,-1
56,8,806.14,493.85,52.58,152.27,0.4627,-1,-1,-1
57,2,861.41,347.74,200.71,687.55,0.8751,-1,-1,-1
57,3,463.50,402.65,191.96,592.95,0.8757,-1,-1,-1
57,4,146.53,418.45,225.71,600.68,0.8887,-1,-1,-1
57,6,1074.29,414.30,164.94,437.47,0.8675,-1,-1,-1
57,8,806.10,498.66,52.76,154.54,0.3716,-1,-1,-1
57,9,744.93,524.28,46.98,127.34,0.3014,-1,-1,-1
58,2,856.26,347.21,204.66,676.75,0.8682,-1,-1,-1
58,3,458.46,398.47,196.50,609.65,0.8814,-1,-1,-1
58,4,138.42,417.14,228.47,611.80,0.8760,-1,-1,-1
58,6,1070.10,411.66,168.12,445.47,0.8717,-1,-1,-1
59,2,843.01,343.95,209.70,667.59,0.8825,-1,-1,-1
59,3,453.88,393.00,193.42,624.66,0.8829,-1,-1,-1
59,4,126.71,416.57,234.46,616.85,0.8969,-1,-1,-1
59,6,1069.18,414.57,169.35,440.37,0.8703,-1,-1,-1
59,8,801.60,501.95,52.63,147.11,0.3330,-1,-1,-1
59,9,745.35,514.40,40.00,121.52,0.3156,-1,-1,-1
60,2,835.93,345.18,211.31,664.88,0.8873,-1,-1,-1
60,3,452.69,397.44,190.63,623.99,0.8773,-1,-1,-1
60,4,114.41,415.87,239.28,622.29,0.9068,-1,-1,-1
60,6,1065.90,415.02,173.85,442.62,0.8684,-1,-1,-1
60,8,798.32,497.59,54.10,141.62,0.3742,-1,-1,-1
61,2,821.95,346.09,222.82,668.22,0.8888,-1,-1,-1
61,3,445.41,399.44,193.58,637.30,0.8643,-1,-1,-1
61,4,105.16,415.47,242.12,632.56,0.9052,-1,-1,-1
61,6,1063.44,416.34,177.25,443.12,0.8658,-1,-1,-1
61,8,797.72,498.00,53.51,139.95,0.4122,-1,-1,-1
62,2,818.78,345.80,227.28,668.42,0.8800,-1,-1,-1
62,3,445.71,397.89,193.23,643.57,0.8513,-1,-1,-1
62,4,99.52,411.73,243.46,657.78,0.9003,-1,-1,-1
62,6,1065.15,415.31,179.53,442.48,0.8631,-1,-1,-1
62,8,796.81,495.75,52.30,142.10,0.3429,-1,-1,-1
63,2,818.79,341.84,225.14,675.09,0.8811,-1,-1,-1
63,3,442.45,392.99,198.61,651.08,0.8613,-1,-1,-1
63,4,98.69,406.01,236.08,671.84,0.8924,-1,-1,-1
63,6,1066.84,414.12,184.06,442.76,0.8705,-1,-1,-1
63,19,1018.37,430.83,67.70,322.08,0.7152,-1,-1,-1
64,2,819.99,340.80,221.59,677.85,0.8784,-1,-1,-1
64,3,448.84,386.15,197.90,660.28,0.8709,-1,-1,-1
64,4,92.99,402.81,236.17,674.80,0.8872,-1,-1,-1
64,6,1068.31,414.33,186.10,442.95,0.8702,-1,-1,-1
64,8,802.67,494.53,46.39,148.78,0.3712,-1,-1,-1
64,9,739.65,508.99,52.99,143.43,0.3750,-1,-1,-1
64,19,1020.02,435.09,68.38,315.00,0.7915,-1,-1,-1
65,2,815.90,339.26,227.81,680.79,0.8889,-1,-1,-1
65,3,446.50,379.66,203.63,667.82,0.8722,-1,-1,-1
65,4,82.71,404.14,240.06,674.33,0.8833,-1,-1,-1
65,6,1072.11,411.57,186.40,444.75,0.8628,-1,-1,-1
65,8,803.31,490.58,45.51,156.01,0.4023,-1,-1,-1
65,9,740.45,508.53,59.50,143.26,0.5811,-1,-1,-1
65,19,1021.31,435.85,70.97,312.29,0.7873,-1,-1,-1
66,2,819.09,337.57,225.37,682.86,0.8876,-1,-1,-1
66,3,443.89,372.48,211.09,676.18,0.8765,-1,-1,-1
66,4,73.89,402.17,244.81,673.43,0.8885,-1,-1,-1
66,6,1081.82,405.16,187.75,452.85,0.8390,-1,-1,-1
66,8,808.58,487.43,39.70,151.74,0.3337,-1,-1,-1
66,9,743.38,503.59,58.54,146.54,0.4668,-1,-1,-1
66,19,1022.53,434.60,74.30,311.88,0.7799,-1,-1,-1
67,2,819.57,337.64,226.93,683.38,0.8931,-1,-1,-1
67,3,443.58,366.32,215.17,682.75,0.8734,-1,-1,-1
67,4,63.70,396.75,246.56,680.43,0.8879,-1,-1,-1
67,6,1085.38,402.03,190.93,457.74,0.8460,-1,-1,-1
67,9,745.49,496.02,59.90,150.46,0.6051,-1,-1,-1
67,19,1023.19,431.03,77.49,308.96,0.7465,-1,-1,-1
68,2,822.37,336.12,227.13,684.75,0.8933,-1,-1,-1
68,3,441.56,355.53,221.83,691.76,0.8708,-1,-1,-1
68,4,48.68,394.55,253.92,676.02,0.8889,-1,-1,-1
68,6,1091.89,399.43,180.42,454.19,0.8457,-1,-1,-1
68,9,747.33,497.42,60.49,146.18,0.5302,-1,-1,-1
68,19,1026.78,423.01,79.12,315.16,0.7265,-1,-1,-1
69,2,830.54,330.80,222.61,685.57,0.8878,-1,-1,-1
69,3,441.96,347.17,225.37,700.28,0.8776,-1,-1,-1
69,4,34.68,383.11,263.51,684.27,0.8998,-1,-1,-1
69,6,1094.71,395.11,181.44,456.29,0.8725,-1,-1,-1
69,9,750.87,490.90,59.35,149.49,0.6037,-1,-1,-1
69,19,1030.91,419.30,77.94,315.77,0.7210,-1,-1,-1
70,2,829.83,328.23,225.88,682.20,0.8967,-1,-1,-1
70,3,436.92,341.21,232.75,707.71,0.8913,-1,-1,-1
70,4,16.32,375.21,274.09,695.94,0.9135,-1,-1,-1
70,6,1097.30,390.94,182.31,456.45,0.8720,-1,-1,-1
70,8,817.87,469.06,46.68,163.21,0.3131,-1,-1,-1
70,9,753.09,486.97,58.98,151.39,0.5371,-1,-1,-1
70,19,1032.66,415.77,78.87,315.55,0.7090,-1,-1,-1
70,21,1544.47,449.69,57.27,64.14,0.3556,-1,-1,-1
71,2,833.40,325.58,224.12,681.26,0.8905,-1,-1,-1
71,3,431.99,333.98,236.63,721.75,0.8901,-1,-1,-1
71,4,3.65,368.02,267.61,703.62,0.9096,-1,-1,-1
71,6,1100.54,386.45,179.65,453.53,0.8643,-1,-1,-1
71,9,753.02,484.83,60.24,151.40,0.5792,-1,-1,-1
71,19,1033.05,412.37,80.18,316.19,0.7218,-1,-1,-1
71,21,1541.80,447.35,61.18,62.45,0.4410,-1,-1,-1
72,2,832.65,319.27,226.46,682.27,0.8906,-1,-1,-1
72,3,426.96,323.94,239.96,747.85,0.8917,-1,-1,-1
72,4,-0.22,360.51,257.26,711.67,0.9195,-1,-1,-1
72,6,1103.01,384.57,178.68,450.70,0.8593,-1,-1,-1
72,9,754.27,484.58,60.31,150.45,0.5613,-1,-1,-1
72,19,1034.59,410.87,78.76,314.96,0.7230,-1,-1,-1
72,21,1553.11,445.41,50.74,61.90,0.4075,-1,-1,-1
73,2,834.40,313.19,224.57,678.69,0.8855,-1,-1,-1
73,3,420.69,314.33,243.65,762.22,0.8933,-1,-1,-1
73,4,-0.68,347.33,241.97,725.02,0.9110,-1,-1,-1
73,6,1104.56,381.35,177.01,444.35,0.8557,-1,-1,-1
73,9,753.26,476.73,56.16,152.86,0.4685,-1,-1,-1
73,19,1035.85,410.61,77.66,312.50,0.6759,-1,-1,-1
73,21,1544.91,442.18,60.26,61.41,0.4263,-1,-1,-1
74,2,833.36,308.31,224.96,664.23,0.8804,-1,-1,-1
74,3,412.39,310.66,247.08,763.59,0.8908,-1,-1,-1
74,4,-0.44,342.74,223.97,733.29,0.9065,-1,-1,-1
74,6,1106.04,377.79,172.77,441.68,0.8566,-1,-1,-1
74,9,750.04,475.08,59.77,152.71,0.5561,-1,-1,-1
74,19,1035.20,410.20,79.37,310.94,0.6850,-1,-1,-1
74,21,1547.19,440.90,62.59,61.59,0.4311,-1,-1,-1
75,2,837.15,304.34,219.28,661.99,0.8722,-1,-1,-1
75,3,401.88,302.70,250.03,771.50,0.8954,-1,-1,-1
75,4,-0.38,329.82,207.60,746.47,0.8959,-1,-1,-1
75,6,1105.34,375.35,173.40,440.41,0.8616,-1,-1,-1
75,8,817.19,456.13,45.04,160.14,0.3705,-1,-1,-1
75,9,748.84,471.69,58.07,153.48,0.5619,-1,-1,-1
75,19,1035.14,424.42,75.79,294.30,0.6644,-1,-1,-1
75,21,1546.59,438.47,64.66,61.83,0.4433,-1,-1,-1
76,2,842.44,300.54,215.25,661.36,0.8690,-1,-1,-1
76,3,391.39,296.55,254.80,774.23,0.8893,-1,-1,-1
76,4,-0.32,322.77,192.04,749.83,0.8882,-1,-1,-1
76,6,1109.42,373.41,166.84,439.92,0.8560,-1,-1,-1
76,8,817.24,452.49,44.24,163.14,0.3975,-1,-1,-1
76,9,746.84,471.94,63.42,148.04,0.5173,-1,-1,-1
76,19,1035.78,436.90,76.19,277.38,0.7231,-1,-1,-1
76,21,1543.37,438.05,69.62,61.91,0.4527,-1,-1,-1
77,2,847.33,298.37,207.32,664.67,0.8787,-1,-1,-1
77,3,381.86,294.43,257.61,772.20,0.8912,-1,-1,-1
77,4,-0.21,317.45,176.38,758.07,0.8803,-1,-1,-1
77,6,1109.37,371.95,167.02,443.01,0.8657,-1,-1,-1
77,8,817.26,450.29,44.77,160.66,0.4089,-1,-1,-1
77,9,745.71,471.33,65.79,148.64,0.5046,-1,-1,-1
77,19,1034.16,436.64,77.26,277.71,0.6328,-1,-1,-1
77,21,1540.56,437.65,72.39,61.06,0.4095,-1,-1,-1
78,2,852.15,295.83,197.95,667.55,0.8637,-1,-1,-1
78,3,366.63,289.92,265.09,781.05,0.8972,-1,-1,-1
78,4,-0.69,311.77,157.85,760.16,0.8673,-1,-1,-1
78,6,1108.81,370.80,166.59,444.07,0.8639,-1,-1,-1
78,8,814.73,451.48,45.90,162.15,0.6319,-1,-1,-1
78,9,743.77,464.96,65.54,156.51,0.5502,-1,-1,-1
78,19,1029.79,417.94,78.12,298.72,0.7076,-1,-1,-1
78,21,1544.50,437.25,67.80,61.57,0.4214,-1,-1,-1
79,2,852.92,292.10,197.72,673.26,0.8592,-1,-1,-1
79,3,350.53,284.89,266.97,786.53,0.9002,-1,-1,-1
79,4,-2.62,310.63,143.57,762.72,0.8294,-1,-1,-1
79,6,1108.43,367.77,165.64,445.55,0.8596,-1,-1,-1
79,8,811.25,449.60,47.08,166.07,0.6447,-1,-1,-1
79,9,742.61,470.33,51.13,151.75,0.4967,-1,-1,-1
79,19,1024.54,401.26,80.19,313.83,0.7192,-1,-1,-1
79,21,1540.46,435.55,67.19,61.72,0.3016,-1,-1,-1
80,2,851.60,289.61,192.43,677.17,0.8566,-1,-1,-1
80,3,331.67,275.42,276.24,794.99,0.8966,-1,-1,-1
80,4,-12.82,410.58,138.61,433.99,0.5090,-1,-1,-1
80,6,1105.94,363.99,162.14,448.58,0.8433,-1,-1,-1
80,8,801.23,445.91,57.59,171.84,0.6157,-1,-1,-1
80,9,738.51,470.28,51.31,153.53,0.5417,-1,-1,-1
80,19,1023.11,398.12,74.59,317.69,0.7099,-1,-1,-1
81,2,849.73,293.56,190.13,675.89,0.8513,-1,-1,-1
81,3,314.94,266.22,279.41,803.23,0.9018,-1,-1,-1
81,4,-1.26,437.50,92.35,433.74,0.6419,-1,-1,-1
81,6,1103.88,364.27,156.73,445.90,0.8566,-1,-1,-1
81,8,796.85,444.22,56.43,168.72,0.6196,-1,-1,-1
81,9,732.17,462.81,52.75,154.65,0.5611,-1,-1,-1
81,19,1017.25,405.44,74.10,308.82,0.6939,-1,-1,-1
81,21,1534.77,431.11,69.26,63.29,0.3122,-1,-1,-1
81,22,1872.23,882.19,46.96,197.16,0.3597,-1,-1,-1
82,2,846.49,294.42,186.11,674.77,0.8529,-1,-1,-1
82,3,291.46,252.07,297.54,820.17,0.8974,-1,-1,-1
82,4,-0.88,443.79,71.33,356.82,0.7812,-1,-1,-1
82,6,1098.64,359.53,154.78,448.08,0.8627,-1,-1,-1
82,8,793.50,440.88,56.11,169.05,0.6750,-1,-1,-1
82,9,725.36,455.70,54.04,159.43,0.6339,-1,-1,-1
82,19,1014.91,391.51,74.36,315.62,0.6470,-1,-1,-1
83,2,845.29,292.53,178.85,673.56,0.8515,-1,-1,-1
83,3,268.56,239.47,303.60,830.96,0.8896,-1,-1,-1
83,6,1095.73,358.36,151.96,452.62,0.8517,-1,-1,-1
83,8,791.92,436.25,52.85,165.25,0.5781,-1,-1,-1
83,9,720.64,451.43,60.88,156.86,0.3877,-1,-1,-1
83,19,1002.15,382.27,82.39,323.91,0.5450,-1,-1,-1
84,2,835.75,292.31,178.17,675.21,0.8475,-1,-1,-1
84,3,239.42,228.05,304.65,844.90,0.9034,-1,-1,-1
84,6,1086.47,354.41,155.11,457.54,0.8585,-1,-1,-1
84,8,783.89,434.98,51.76,166.05,0.5587,-1,-1,-1
84,9,712.33,450.00,55.37,154.97,0.5919,-1,-1,-1
84,19,995.13,376.06,80.98,321.35,0.7453,-1,-1,-1
84,22,1875.43,872.20,44.13,179.87,0.3650,-1,-1,-1
85,2,824.43,290.40,178.19,671.29,0.8275,-1,-1,-1
85,3,205.65,215.90,333.23,858.29,0.9170,-1,-1,-1
85,6,1079.48,354.41,149.20,453.00,0.8485,-1,-1,-1
85,8,772.16,426.04,55.10,171.38,0.6000,-1,-1,-1
85,9,706.82,451.58,53.23,151.50,0.4583,-1,-1,-1
85,19,984.32,373.88,82.19,317.42,0.7614,-1,-1,-1
86,2,809.61,283.65,183.73,671.85,0.8417,-1,-1,-1
86,3,185.19,202.46,323.29,872.21,0.9056,-1,-1,-1
86,6,1071.54,348.87,151.37,454.12,0.8316,-1,-1,-1
86,8,770.32,420.08,46.38,176.51,0.5161,-1,-1,-1
86,9,695.53,444.49,58.09,155.13,0.5361,-1,-1,-1
86,19,970.91,369.40,90.54,319.97,0.8069,-1,-1,-1
86,24,480.56,412.20,79.86,286.33,0.7156,-1,-1,-1
87,2,796.23,277.84,190.67,676.80,0.8524,-1,-1,-1
87,3,152.91,187.57,332.37,887.59,0.9105,-1,-1,-1
87,6,1062.40,346.97,153.57,451.95,0.8508,-1,-1,-1
87,8,760.54,413.28,48.09,181.39,0.6885,-1,-1,-1
87,9,688.94,447.79,60.22,151.21,0.4648,-1,-1,-1
87,19,962.66,366.86,91.53,320.00,0.7797,-1,-1,-1
87,21,1529.00,420.79,39.96,55.91,0.3001,-1,-1,-1
87,24,472.93,410.84,76.47,285.63,0.7296,-1,-1,-1
88,2,779.80,274.29,201.42,670.05,0.8571,-1,-1,-1
88,3,129.07,180.02,338.53,896.54,0.9155,-1,-1,-1
88,6,1052.45,339.67,152.35,454.53,0.8484,-1,-1,-1
88,8,747.45,409.41,50.89,177.24,0.4643,-1,-1,-1
88,9,680.56,439.88,56.37,155.10,0.6149,-1,-1,-1
88,19,949.09,358.47,96.37,325.03,0.7448,-1,-1,-1
88,21,1521.97,416.70,37.82,56.73,0.3523,-1,-1,-1
88,24,445.78,408.13,95.05,286.74,0.7607,-1,-1,-1
89,2,765.26,267.81,203.79,668.79,0.8476,-1,-1,-1
89,3,100.48,167.72,353.08,907.04,0.9201,-1,-1,-1
89,6,1042.42,333.60,161.04,454.53,0.8534,-1,-1,-1
89,8,743.81,409.02,41.11,180.67,0.3304,-1,-1,-1
89,9,672.22,436.45,59.15,157.29,0.5575,-1,-1,-1
89,19,941.09,359.42,99.15,316.97,0.8164,-1,-1,-1
89,24,429.05,396.77,105.46,301.08,0.7744,-1,-1,-1
90,2,747.70,260.08,218.59,656.08,0.8690,-1,-1,-1
90,3,70.47,151.78,375.04,922.76,0.9241,-1,-1,-1
90,6,1037.04,328.11,159.37,460.54,0.8484,-1,-1,-1
90,9,666.40,432.98,62.86,156.21,0.4324,-1,-1,-1
90,19,937.83,355.04,95.87,314.91,0.7823,-1,-1,-1
90,24,421.19,388.86,104.82,303.54,0.7801,-1,-1,-1
91,2,734.94,257.02,224.62,647.73,0.8808,-1,-1,-1
91,3,49.21,141.52,384.35,930.56,0.9224,-1,-1,-1
91,6,1030.57,324.50,164.63,455.92,0.8681,-1,-1,-1
91,9,659.01,425.52,53.87,156.77,0.4525,-1,-1,-1
91,19,930.09,350.15,100.53,318.42,0.7998,-1,-1,-1
91,21,1506.82,397.26,39.87,62.04,0.3412,-1,-1,-1
91,24,413.71,386.77,103.55,305.21,0.7614,-1,-1,-1
92,2,722.99,250.67,227.83,651.92,0.8786,-1,-1,-1
92,3,20.28,125.70,405.47,946.54,0.9221,-1,-1,-1
92,6,1024.58,317.44,167.72,453.80,0.8637,-1,-1,-1
92,9,654.06,423.17,59.88,158.28,0.5493,-1,-1,-1
92,19,923.89,349.51,96.59,316.72,0.7897,-1,-1,-1
92,21,1505.71,396.10,37.27,60.41,0.4945,-1,-1,-1
92,24,404.00,385.02,106.84,307.12,0.8223,-1,-1,-1
93,2,714.78,244.60,235.82,656.41,0.8890,-1,-1,-1
93,3,0.32,116.33,413.01,956.28,0.9244,-1,-1,-1
93,6,1017.44,313.72,172.25,454.35,0.8705,-1,-1,-1
93,9,653.24,420.66,55.06,157.63,0.3375,-1,-1,-1
93,19,922.47,347.76,97.78,316.82,0.7763,-1,-1,-1
93,21,1497.05,390.13,43.17,62.20,0.4658,-1,-1,-1
93,24,397.32,379.11,107.68,312.20,0.8072,-1,-1,-1
93,27,1845.28,839.90,74.06,194.42,0.3976,-1,-1,-1
94,2,708.16,241.22,229.63,660.39,0.8730,-1,-1,-1
94,3,-0.78,106.79,403.58,969.21,0.9323,-1,-1,-1
94,6,1012.87,312.82,175.68,453.78,0.8726,-1,-1,-1
94,19,918.76,346.51,99.88,319.20,0.8030,-1,-1,-1
94,21,1495.46,390.32,42.15,59.29,0.4162,-1,-1,-1
94,24,389.45,378.71,110.96,308.39,0.8028,-1,-1,-1
94,28,1725.72,854.13,94.20,220.15,0.3620,-1,-1,-1
95,2,701.82,240.04,230.98,667.12,0.8860,-1,-1,-1
95,3,-0.88,96.67,401.80,978.89,0.9307,-1,-1,-1
95,6,1007.21,311.67,179.46,453.54,0.8644,-1,-1,-1
95,19,917.03,344.13,98.60,320.44,0.7807,-1,-1,-1
95,21,1493.80,391.01,40.97,58.14,0.3202,-1,-1,-1
95,24,384.26,375.03,111.77,314.74,0.8178,-1,-1,-1
95,28,1724.34,855.51,95.16,219.26,0.3674,-1,-1,-1
96,2,693.34,243.14,231.77,665.48,0.9045,-1,-1,-1
96,3,0.37,85.02,379.68,990.29,0.9350,-1,-1,-1
96,6,1003.60,311.18,183.90,456.59,0.8597,-1,-1,-1
96,9,633.60,427.81,67.34,154.93,0.3026,-1,-1,-1
96,19,912.18,345.30,102.48,320.05,0.7542,-1,-1,-1
96,21,1490.59,392.29,41.34,57.33,0.3027,-1,-1,-1
96,24,379.81,374.66,110.70,321.75,0.8099,-1,-1,-1
96,28,1723.64,856.19,97.66,220.59,0.4047,-1,-1,-1
97,2,695.48,241.62,227.51,672.98,0.8995,-1,-1,-1
97,3,0.14,75.26,368.58,999.78,0.9338,-1,-1,-1
97,6,1001.85,311.21,187.35,456.53,0.8619,-1,-1,-1
97,9,632.81,418.67,61.09,161.79,0.5597,-1,-1,-1
97,19,903.73,342.77,108.67,319.28,0.7327,-1,-1,-1
97,24,377.67,370.31,112.36,327.10,0.8188,-1,-1,-1
97,27,1849.35,834.79,70.08,185.41,0.3593,-1,-1,-1
97,28,1727.32,855.67,96.98,221.23,0.4497,-1,-1,-1
98,2,694.18,243.90,226.28,676.60,0.8996,-1,-1,-1
98,3,0.07,56.12,358.48,1015.02,0.9345,-1,-1,-1
98,6,1001.10,310.78,192.21,459.44,0.8591,-1,-1,-1
98,9,632.19,415.72,59.27,166.85,0.6316,-1,-1,-1
98,19,907.46,343.47,104.51,320.92,0.7306,-1,-1,-1
98,24,377.03,368.51,112.56,330.46,0.8257,-1,-1,-1
98,28,1731.83,857.41,97.64,220.62,0.4018,-1,-1,-1
99,2,693.48,248.18,226.58,677.71,0.8986,-1,-1,-1
99,3,0.56,46.53,347.39,1025.61,0.9272,-1,-1,-1
99,6,1002.51,311.54,197.51,461.13,0.8700,-1,-1,-1
99,9,633.25,416.28,54.38,165.41,0.6342,-1,-1,-1
99,19,908.75,343.58,104.31,320.99,0.7372,-1,-1,-1
99,21,1497.73,383.67,39.49,66.18,0.3080,-1,-1,-1
99,24,375.58,366.60,113.58,334.01,0.8215,-1,-1,-1
100,2,695.23,251.02,222.55,675.13,0.8987,-1,-1,-1
100,3,0.99,35.51,333.52,1035.05,0.9225,-1,-1,-1
100,6,1005.49,313.18,199.08,460.58,0.8763,-1,-1,-1
100,9,630.86,415.09,59.44,166.24,0.6493,-1,-1,-1
100,19,911.07,349.53,105.69,316.97,0.7439,-1,-1,-1
100,21,1496.17,380.59,43.59,67.33,0.4184,-1,-1,-1
100,24,373.05,368.94,115.18,332.79,0.8324,-1,-1,-1
101,2,702.05,250.85,215.48,675.57,0.8889,-1,-1,-1
101,3,1.59,16.33,315.79,1059.18,0.9144,-1,-1,-1
101,6,1007.28,312.20,201.19,463.69,0.8566,-1,-1,-1
101,9,633.59,413.92,59.27,165.02,0.7018,-1,-1,-1
101,19,913.81,348.31,104.80,317.30,0.7683,-1,-1,-1
101,24,375.03,365.89,114.72,337.51,0.8240,-1,-1,-1
102,2,703.74,251.47,220.35,668.47,0.8949,-1,-1,-1
102,3,2.05,13.72,295.51,1058.96,0.9190,-1,-1,-1
102,6,1015.47,312.96,197.87,465.20,0.8306,-1,-1,-1
102,9,637.50,414.27,59.76,165.59,0.5221,-1,-1,-1
102,19,920.72,347.08,102.48,319.64,0.7923,-1,-1,-1
102,24,375.51,365.06,116.65,341.43,0.8319,-1,-1,-1
103,2,716.40,251.03,221.63,665.95,0.8881,-1,-1,-1
103,3,3.01,9.85,278.53,1061.71,0.9093,-1,-1,-1
103,6,1023.19,315.98,201.95,465.77,0.8433,-1,-1,-1
103,9,643.37,408.88,61.11,166.40,0.5541,-1,-1,-1
103,19,931.66,340.82,100.41,322.96,0.7443,-1,-1,-1
103,24,386.12,366.85,113.55,336.21,0.8039,-1,-1,-1
104,2,726.05,246.66,222.32,668.70,0.8919,-1,-1,-1
104,3,8.30,13.82,259.85,1046.05,0.8318,-1,-1,-1
104,6,1042.49,308.07,202.58,470.18,0.8582,-1,-1,-1
104,9,658.84,407.30,56.36,169.01,0.6634,-1,-1,-1
104,19,941.67,338.27,107.14,322.59,0.7347,-1,-1,-1
104,21,1534.34,377.26,43.55,66.31,0.5234,-1,-1,-1
104,24,396.21,371.00,112.98,333.46,0.8111,-1,-1,-1
104,28,1787.46,859.59,107.98,220.41,0.3994,-1,-1,-1
105,2,739.55,245.25,220.28,663.49,0.8861,-1,-1,-1
105,3,10.20,230.92,238.38,826.75,0.7802,-1,-1,-1
105,6,1053.03,308.89,200.26,469.40,0.8545,-1,-1,-1
105,9,663.73,408.81,60.47,166.89,0.3730,-1,-1,-1
105,19,953.17,333.50,103.69,328.66,0.7371,-1,-1,-1
105,21,1546.15,374.33,46.88,67.65,0.4184,-1,-1,-1
105,24,404.57,365.86,111.35,337.63,0.8087,-1,-1,-1
105,28,1804.90,861.26,107.79,218.55,0.4960,-1,-1,-1
106,2,748.66,242.30,213.33,649.24,0.8781,-1,-1,-1
106,3,35.22,252.16,137.52,674.50,0.6228,-1,-1,-1
106,6,1066.20,303.37,205.25,477.86,0.8422,-1,-1,-1
106,9,668.31,405.51,62.78,167.65,0.6817,-1,-1,-1
106,19,958.95,332.45,104.09,329.55,0.7896,-1,-1,-1
106,21,1557.32,372.95,44.37,67.60,0.4630,-1,-1,-1
106,24,411.43,365.32,111.55,335.65,0.8014,-1,-1,-1
106,28,1818.04,857.39,100.92,222.43,0.6354,-1,-1,-1
107,2,757.05,235.95,211.74,644.39,0.8782,-1,-1,-1
107,3,15.11,247.23,103.08,787.71,0.7250,-1,-1,-1
107,6,1072.93,303.23,195.50,474.32,0.8423,-1,-1,-1
107,9,669.72,404.31,67.23,169.43,0.6752,-1,-1,-1
107,19,963.65,330.62,107.21,326.81,0.7451,-1,-1,-1
107,21,1568.14,371.86,44.44,66.98,0.3614,-1,-1,-1
107,24,414.63,361.66,112.70,338.74,0.7889,-1,-1,-1
107,28,1831.66,855.31,87.81,222.26,0.4791,-1,-1,-1
108,2,761.93,233.22,209.18,645.22,0.8828,-1,-1,-1
108,6,1081.12,301.54,173.80,471.44,0.8384,-1,-1,-1
108,9,672.71,403.64,67.93,170.20,0.7286,-1,-1,-1
108,19,969.60,328.29,104.05,329.59,0.7284,-1,-1,-1
108,21,1575.09,370.00,43.36,65.60,0.4640,-1,-1,-1
108,24,416.74,360.66,112.93,345.58,0.7967,-1,-1,-1
109,2,771.89,232.22,201.59,645.86,0.8753,-1,-1,-1
109,6,1085.07,297.62,170.67,468.64,0.8703,-1,-1,-1
109,9,678.01,400.82,64.02,170.85,0.6813,-1,-1,-1
109,19,972.05,326.95,96.06,326.24,0.5501,-1,-1,-1
109,21,1583.63,373.52,42.96,62.50,0.6011,-1,-1,-1
109,24,414.34,358.08,116.17,350.35,0.8083,-1,-1,-1
110,2,772.32,230.62,203.13,648.24,0.8753,-1,-1,-1
110,6,1089.29,294.53,171.36,464.88,0.8722,-1,-1,-1
110,9,679.54,397.54,67.19,171.06,0.6259,-1,-1,-1
110,19,976.56,324.04,103.47,327.25,0.6669,-1,-1,-1
110,21,1587.86,367.46,39.80,64.98,0.4038,-1,-1,-1
110,24,411.30,353.45,118.32,357.59,0.7984,-1,-1,-1
111,2,776.70,229.80,198.52,651.36,0.8720,-1,-1,-1
111,6,1093.11,291.48,169.19,461.56,0.8666,-1,-1,-1
111,9,682.82,394.59,65.52,173.80,0.6584,-1,-1,-1
111,19,974.81,324.14,105.83,324.81,0.6154,-1,-1,-1
111,21,1599.93,371.39,38.76,62.86,0.4414,-1,-1,-1
111,24,409.82,352.67,120.52,354.74,0.8058,-1,-1,-1
112,2,777.29,229.42,197.52,650.36,0.8675,-1,-1,-1
112,6,1098.34,288.65,169.47,460.05,0.8548,-1,-1,-1
112,9,685.07,395.28,67.43,174.37,0.6443,-1,-1,-1
112,19,974.19,323.99,110.10,326.33,0.6345,-1,-1,-1
112,24,408.79,349.75,121.75,357.58,0.7480,-1,-1,-1
113,2,779.72,229.00,194.85,651.06,0.8647,-1,-1,-1
113,6,1104.38,286.19,165.90,463.81,0.8512,-1,-1,-1
113,9,686.75,390.72,68.07,180.46,0.7007,-1,-1,-1
113,19,980.07,323.49,108.43,325.59,0.6033,-1,-1,-1
113,24,411.15,347.96,117.97,363.19,0.7393,-1,-1,-1
114,2,786.23,231.30,190.58,652.10,0.8545,-1,-1,-1
114,6,1110.11,285.11,162.86,467.49,0.8578,-1,-1,-1
114,9,690.59,393.62,67.03,175.70,0.6300,-1,-1,-1
114,19,987.33,320.99,102.65,320.48,0.5934,-1,-1,-1
114,21,1612.62,374.80,39.52,52.96,0.3502,-1,-1,-1
114,24,412.55,344.97,116.93,366.00,0.7353,-1,-1,-1
115,2,791.79,232.90,191.57,651.94,0.8444,-1,-1,-1
115,6,1112.19,286.58,163.72,466.19,0.8681,-1,-1,-1
115,9,695.12,391.00,65.58,179.17,0.5961,-1,-1,-1
115,19,997.20,321.04,99.31,322.98,0.7350,-1,-1,-1
115,21,1623.69,365.88,34.63,60.37,0.3317,-1,-1,-1
115,24,410.61,344.15,120.59,368.21,0.7379,-1,-1,-1
116,2,792.49,233.38,192.49,652.54,0.8508,-1,-1,-1
116,6,1113.98,286.31,165.10,464.17,0.8629,-1,-1,-1
116,9,693.34,393.16,69.16,179.33,0.5579,-1,-1,-1
116,19,992.91,322.95,109.19,319.74,0.7069,-1,-1,-1
116,21,1625.46,363.81,38.41,63.12,0.3822,-1,-1,-1
116,24,403.72,342.62,127.36,369.99,0.7735,-1,-1,-1
117,2,791.16,233.78,190.00,652.64,0.8519,-1,-1,-1
117,6,1116.86,284.93,165.10,467.65,0.8592,-1,-1,-1
117,9,689.29,389.26,75.23,179.48,0.6246,-1,-1,-1
117,19,993.46,321.17,107.71,321.31,0.6700,-1,-1,-1
117,24,401.28,343.57,129.52,368.75,0.7213,-1,-1,-1
118,2,783.85,235.66,190.21,649.01,0.8566,-1,-1,-1
118,6,1118.58,285.86,166.23,471.00,0.8564,-1,-1,-1
118,9,688.04,392.25,75.36,179.26,0.6153,-1,-1,-1
118,19,981.84,322.69,119.93,321.87,0.7299,-1,-1,-1
118,24,395.37,338.87,131.97,375.53,0.7031,-1,-1,-1
119,2,781.79,234.83,189.41,649.74,0.8667,-1,-1,-1
119,6,1122.96,287.76,162.18,473.45,0.8510,-1,-1,-1
119,9,690.90,393.15,72.78,179.15,0.5533,-1,-1,-1
119,19,978.10,324.51,124.43,322.38,0.7558,-1,-1,-1
119,24,390.56,338.23,132.78,376.79,0.8251,-1,-1,-1
120,2,775.18,232.21,194.47,649.44,0.8781,-1,-1,-1
120,6,1122.27,288.34,162.17,474.57,0.8532,-1,-1,-1
120,9,686.13,392.24,77.03,178.63,0.5291,-1,-1,-1
120,19,972.92,324.86,126.92,323.60,0.7073,-1,-1,-1
120,24,386.49,333.54,132.62,384.43,0.8358,-1,-1,-1
121,2,768.91,227.75,197.21,644.29,0.8741,-1,-1,-1
121,6,1119.66,290.51,163.57,475.71,0.8472,-1,-1,-1
121,9,683.52,394.57,80.72,182.51,0.4330,-1,-1,-1
121,19,968.82,326.02,130.30,322.42,0.6080,-1,-1,-1
121,24,380.12,333.64,134.33,386.45,0.8384,-1,-1,-1
122,2,760.82,227.55,196.58,634.48,0.8655,-1,-1,-1
122,6,1117.34,291.35,163.27,477.49,0.8408,-1,-1,-1
122,19,968.78,325.38,130.96,322.70,0.6374,-1,-1,-1
122,21,1638.35,372.48,44.85,59.80,0.3635,-1,-1,-1
122,24,369.24,333.34,139.38,395.03,0.8260,-1,-1,-1
123,2,748.62,226.07,203.26,635.71,0.8672,-1,-1,-1
123,6,1115.09,290.70,161.51,478.15,0.8582,-1,-1,-1
123,19,957.15,326.32,138.27,324.15,0.6224,-1,-1,-1
123,21,1634.02,372.13,48.24,60.14,0.4416,-1,-1,-1
123,24,363.68,332.17,137.06,402.84,0.8543,-1,-1,-1
124,2,739.54,227.03,206.77,637.66,0.8720,-1,-1,-1
124,6,1111.20,289.14,159.10,484.65,0.8490,-1,-1,-1
124,19,956.42,327.56,122.29,325.42,0.6118,-1,-1,-1
124,21,1632.48,372.55,48.04,62.25,0.4494,-1,-1,-1
124,24,355.26,332.65,139.93,404.82,0.8590,-1,-1,-1
125,2,731.40,228.12,210.31,641.81,0.8766,-1,-1,-1
125,6,1106.87,289.53,160.75,480.10,0.8453,-1,-1,-1
125,9,676.53,393.29,67.58,192.93,0.4488,-1,-1,-1
125,19,951.92,324.30,125.80,331.17,0.6956,-1,-1,-1
125,21,1628.60,372.40,47.09,63.75,0.3825,-1,-1,-1
125,24,346.37,339.40,141.25,402.25,0.8449,-1,-1,-1
126,2,711.55,228.88,225.48,646.50,0.8684,-1,-1,-1
126,6,1100.60,290.30,161.30,476.03,0.8445,-1,-1,-1
126,9,668.96,393.46,68.86,189.52,0.3815,-1,-1,-1
126,19,952.64,320.72,126.13,334.00,0.5803,-1,-1,-1
126,21,1626.54,370.57,45.83,65.11,0.4173,-1,-1,-1
126,24,333.20,336.94,143.82,407.82,0.8398,-1,-1,-1
127,2,708.88,231.67,224.91,647.18,0.8698,-1,-1,-1
127,6,1093.86,290.94,166.40,481.68,0.8565,-1,-1,-1
127,19,942.41,320.33,138.65,336.78,0.7701,-1,-1,-1
127,21,1622.92,372.05,44.05,64.97,0.4365,-1,-1,-1
127,24,327.13,343.39,142.30,408.04,0.8475,-1,-1,-1
128,2,706.76,231.39,225.41,651.92,0.8799,-1,-1,-1
128,6,1087.74,288.89,170.65,482.50,0.8707,-1,-1,-1
128,9,659.96,389.71,74.69,192.85,0.3747,-1,-1,-1
128,19,932.21,323.32,145.10,334.66,0.6100,-1,-1,-1
128,21,1620.53,371.04,41.56,66.11,0.3538,-1,-1,-1
128,24,318.45,341.33,144.89,411.61,0.8530,-1,-1,-1
129,2,710.49,235.84,219.16,648.12,0.8803,-1,-1,-1
129,6,1082.72,286.35,175.79,483.30,0.8739,-1,-1,-1
129,9,660.45,389.19,65.57,193.05,0.5350,-1,-1,-1
129,19,935.57,321.83,107.19,334.91,0.6500,-1,-1,-1
129,21,1616.72,368.09,44.71,69.08,0.3773,-1,-1,-1
129,24,313.66,337.05,146.89,423.61,0.8338,-1,-1,-1
130,2,708.00,237.01,221.56,649.11,0.8819,-1,-1,-1
130,6,1081.56,286.72,174.85,482.75,0.8673,-1,-1,-1
130,9,659.71,389.10,62.27,193.03,0.5532,-1,-1,-1
130,19,934.49,320.23,105.19,334.81,0.7349,-1,-1,-1
130,21,1618.37,367.41,42.09,69.90,0.4036,-1,-1,-1
130,24,310.80,333.11,148.63,432.34,0.8404,-1,-1,-1
131,2,708.57,238.90,222.75,649.32,0.8799,-1,-1,-1
131,6,1080.22,283.89,176.74,482.48,0.8665,-1,-1,-1
131,9,657.19,389.45,63.84,193.30,0.5878,-1,-1,-1
131,19,927.95,318.76,110.96,333.00,0.7376,-1,-1,-1
131,21,1619.26,365.82,43.05,69.53,0.3857,-1,-1,-1
131,24,309.46,331.23,145.51,436.00,0.8388,-1,-1,-1
131,31,1012.04,370.53,70.02,222.87,0.5434,-1,-1,-1
132,2,710.30,238.63,220.98,649.58,0.8754,-1,-1,-1
132,6,1080.36,282.45,174.84,481.47,0.8633,-1,-1,-1
132,9,657.07,388.90,64.30,194.92,0.5686,-1,-1,-1
132,19,925.15,317.34,111.55,333.69,0.7341,-1,-1,-1
132,21,1619.20,364.90,41.99,69.27,0.4079,-1,-1,-1
132,24,309.79,332.55,141.91,435.95,0.8288,-1,-1,-1
132,31,1013.30,366.62,69.54,227.23,0.5589,-1,-1,-1
133,2,713.87,238.96,220.73,646.88,0.8756,-1,-1,-1
133,6,1076.56,282.26,179.67,481.97,0.8685,-1,-1,-1
133,9,657.44,389.40,62.64,195.18,0.4429,-1,-1,-1
133,19,926.29,316.17,107.52,336.43,0.7473,-1,-1,-1
133,21,1621.23,364.38,41.61,70.60,0.3856,-1,-1,-1
133,24,294.22,329.92,156.25,441.26,0.8196,-1,-1,-1
133,31,1012.56,367.83,72.66,225.46,0.5762,-1,-1,-1
134,2,715.75,238.37,215.85,649.76,0.8765,-1,-1,-1
134,6,1074.68,284.08,183.83,486.11,0.8679,-1,-1,-1
134,9,655.82,392.12,68.64,194.88,0.5307,-1,-1,-1
134,19,928.80,318.49,101.00,337.82,0.7332,-1,-1,-1
134,21,1622.68,364.63,41.80,71.62,0.3574,-1,-1,-1
134,24,289.00,324.59,156.13,455.14,0.8404,-1,-1,-1
134,31,1011.35,367.52,73.82,223.49,0.6113,-1,-1,-1
135,2,717.90,239.92,213.89,648.11,0.8799,-1,-1,-1
135,6,1073.36,285.13,184.37,489.04,0.8647,-1,-1,-1
135,9,651.51,393.73,72.86,195.50,0.5425,-1,-1,-1
135,19,927.24,318.20,98.86,341.57,0.7100,-1,-1,-1
135,24,287.36,330.27,153.66,452.93,0.8316,-1,-1,-1
135,31,1010.41,370.21,76.28,219.18,0.6536,-1,-1,-1
136,2,723.21,240.17,210.55,641.66,0.8736,-1,-1,-1
136,6,1071.82,287.86,188.11,490.18,0.8663,-1,-1,-1
136,9,644.44,395.01,81.34,196.96,0.6852,-1,-1,-1
136,19,926.23,320.42,99.84,339.45,0.7319,-1,-1,-1
136,24,281.89,327.40,158.04,459.57,0.8389,-1,-1,-1
136,31,1011.08,364.38,76.97,230.66,0.7073,-1,-1,-1
137,2,723.92,240.65,211.88,624.49,0.8832,-1,-1,-1
137,6,1070.49,291.05,193.63,492.40,0.8635,-1,-1,-1
137,9,649.05,395.23,77.03,201.42,0.6354,-1,-1,-1
137,19,928.07,319.53,97.16,341.57,0.7317,-1,-1,-1
137,21,1632.01,368.38,44.37,69.00,0.4990,-1,-1,-1
137,24,284.38,323.62,154.12,465.72,0.8409,-1,-1,-1
137,31,1014.02,369.76,76.93,225.43,0.7446,-1,-1,-1
138,2,722.39,242.39,217.96,622.23,0.8863,-1,-1,-1
138,6,1078.03,295.13,192.28,490.76,0.8617,-1,-1,-1
138,9,651.59,397.13,71.42,200.73,0.5941,-1,-1,-1
138,19,928.39,321.37,96.92,342.16,0.7457,-1,-1,-1
138,21,1637.90,371.69,45.71,69.23,0.3215,-1,-1,-1
138,24,279.58,322.96,157.57,469.21,0.8040,-1,-1,-1
138,31,1018.26,368.24,75.54,229.31,0.7445,-1,-1,-1
139,2,729.65,242.38,212.45,622.48,0.8851,-1,-1,-1
139,6,1082.43,295.73,193.24,490.95,0.8480,-1,-1,-1
139,9,651.94,395.64,70.90,204.51,0.5823,-1,-1,-1
139,19,930.40,320.83,97.15,343.84,0.7270,-1,-1,-1
139,24,270.05,320.16,164.29,475.37,0.8148,-1,-1,-1
139,31,1021.27,364.21,75.52,230.61,0.7170,-1,-1,-1
140,2,743.79,241.32,200.19,629.07,0.8780,-1,-1,-1
140,6,1089.67,296.80,188.63,489.24,0.8452,-1,-1,-1
140,9,648.70,396.88,76.16,205.04,0.6322,-1,-1,-1
140,19,938.16,320.09,92.44,345.37,0.7154,-1,-1,-1
140,21,1646.86,367.82,47.42,68.63,0.3393,-1,-1,-1
140,24,268.69,318.54,166.17,486.64,0.8303,-1,-1,-1
140,31,1022.85,368.87,76.62,226.65,0.7772,-1,-1,-1
141,2,749.27,245.97,195.36,631.25,0.8735,-1,-1,-1
141,6,1093.68,295.81,188.70,496.50,0.8583,-1,-1,-1
141,9,647.09,395.15,80.07,206.81,0.7630,-1,-1,-1
141,19,934.70,322.24,97.41,344.16,0.7391,-1,-1,-1
141,21,1650.18,368.08,48.72,70.04,0.3900,-1,-1,-1
141,24,272.16,319.96,164.14,497.66,0.8245,-1,-1,-1
141,31,1024.39,366.89,80.29,228.00,0.6855,-1,-1,-1
142,2,754.69,251.95,192.41,628.87,0.8694,-1,-1,-1
142,6,1101.12,296.59,186.13,499.90,0.8516,-1,-1,-1
142,9,648.21,400.10,86.52,202.42,0.6910,-1,-1,-1
142,19,935.26,325.59,97.55,340.52,0.7643,-1,-1,-1
142,24,271.38,323.16,167.34,500.59,0.8491,-1,-1,-1
142,31,1029.72,372.51,78.97,226.08,0.7249,-1,-1,-1
143,2,768.70,253.86,185.86,634.37,0.8787,-1,-1,-1
143,6,1107.99,296.74,186.68,502.73,0.8676,-1,-1,-1
143,9,654.94,400.45,83.31,204.20,0.6636,-1,-1,-1
143,19,953.17,325.83,86.03,340.72,0.7238,-1,-1,-1
143,21,1670.66,375.48,44.12,62.34,0.3947,-1,-1,-1
143,24,269.27,326.28,171.37,502.64,0.8472,-1,-1,-1
143,31,1038.23,372.33,72.72,225.95,0.7462,-1,-1,-1
144,2,771.79,256.05,186.50,633.75,0.8729,-1,-1,-1
144,6,1112.45,296.77,186.69,501.05,0.8615,-1,-1,-1
144,9,662.98,397.00,75.43,207.88,0.7031,-1,-1,-1
144,19,959.26,331.45,83.13,332.44,0.8007,-1,-1,-1
144,21,1672.18,370.02,51.21,67.77,0.4204,-1,-1,-1
144,24,267.20,325.53,175.23,511.09,0.8579,-1,-1,-1
144,31,1040.29,372.51,78.30,227.47,0.7544,-1,-1,-1
145,2,779.16,258.32,185.03,634.85,0.8605,-1,-1,-1
145,6,1121.77,296.60,186.94,500.49,0.8608,-1,-1,-1
145,9,664.33,396.46,80.29,210.38,0.7020,-1,-1,-1
145,19,961.92,329.18,83.49,337.96,0.7499,-1,-1,-1
145,21,1681.34,370.81,49.93,70.09,0.4227,-1,-1,-1
145,24,264.94,324.68,178.81,513.26,0.8533,-1,-1,-1
145,31,1041.87,375.90,79.39,222.75,0.7399,-1,-1,-1
146,2,780.46,262.62,189.28,636.58,0.8637,-1,-1,-1
146,6,1129.19,301.38,183.33,491.98,0.8741,-1,-1,-1
146,9,669.86,397.67,80.30,210.02,0.6983,-1,-1,-1
146,19,969.13,332.03,86.65,337.49,0.6870,-1,-1,-1
146,21,1694.38,378.88,45.88,63.34,0.3286,-1,-1,-1
146,24,268.32,324.67,177.86,524.50,0.8772,-1,-1,-1
146,31,1048.38,378.30,78.03,219.41,0.6480,-1,-1,-1
147,2,781.60,265.42,190.38,637.63,0.8651,-1,-1,-1
147,6,1134.08,298.29,187.64,490.47,0.8669,-1,-1,-1
147,9,669.73,396.18,81.87,215.86,0.7260,-1,-1,-1
147,19,964.44,330.90,92.00,341.10,0.7119,-1,-1,-1
147,21,1699.95,375.76,46.55,67.65,0.4342,-1,-1,-1
147,24,262.45,326.05,182.54,528.83,0.8601,-1,-1,-1
147,31,1049.96,382.08,80.32,220.56,0.6331,-1,-1,-1
148,2,789.94,265.73,185.01,635.57,0.8554,-1,-1,-1
148,6,1140.64,297.41,181.91,490.98,0.8671,-1,-1,-1
148,9,673.65,395.07,75.47,218.74,0.7261,-1,-1,-1
148,19,968.99,331.12,91.30,341.21,0.7303,-1,-1,-1
148,21,1699.64,375.03,51.84,68.75,0.3774,-1,-1,-1
148,24,257.92,325.82,186.28,541.86,0.8684,-1,-1,-1
148,31,1053.94,376.88,77.29,227.86,0.6771,-1,-1,-1
149,2,793.70,266.15,183.88,638.16,0.8616,-1,-1,-1
149,6,1148.20,298.52,178.51,487.87,0.8618,-1,-1,-1
149,9,675.30,401.25,76.41,217.45,0.6012,-1,-1,-1
149,19,973.25,336.35,86.98,338.04,0.7347,-1,-1,-1
149,21,1706.83,381.31,50.07,65.70,0.3495,-1,-1,-1
149,24,251.78,322.93,182.52,550.11,0.8647,-1,-1,-1
149,31,1055.78,378.36,77.40,229.40,0.6369,-1,-1,-1
150,2,793.00,266.54,185.35,637.35,0.8496,-1,-1,-1
150,6,1151.32,300.03,178.55,490.56,0.8642,-1,-1,-1
150,9,673.48,406.00,79.51,215.79,0.6134,-1,-1,-1
150,19,975.70,339.99,89.28,338.92,0.7370,-1,-1,-1
150,21,1711.48,381.43,51.68,67.00,0.4522,-1,-1,-1
150,24,246.78,318.10,179.36,559.28,0.8503,-1,-1,-1
150,31,1056.71,369.24,76.15,239.08,0.6724,-1,-1,-1
151,2,792.39,266.52,189.01,633.03,0.8408,-1,-1,-1
151,6,1152.37,299.41,180.14,501.78,0.8715,-1,-1,-1
151,9,675.32,409.80,77.63,213.18,0.6695,-1,-1,-1
151,19,981.02,340.82,84.41,342.12,0.7335,-1,-1,-1
151,21,1711.98,379.91,54.07,69.71,0.4881,-1,-1,-1
151,24,233.57,317.46,185.29,568.91,0.8507,-1,-1,-1
151,31,1056.38,369.23,77.14,241.72,0.5986,-1,-1,-1
152,2,789.03,265.07,192.86,624.41,0.8417,-1,-1,-1
152,6,1153.33,300.26,181.61,499.42,0.8801,-1,-1,-1
152,9,675.23,409.75,81.16,215.63,0.7132,-1,-1,-1
152,19,978.01,341.39,86.83,341.40,0.7107,-1,-1,-1
152,21,1716.00,378.61,54.67,70.95,0.5268,-1,-1,-1
152,24,225.53,313.61,188.40,578.09,0.8509,-1,-1,-1
152,31,1054.13,372.61,79.75,237.74,0.6063,-1,-1,-1
153,2,782.87,262.65,202.86,617.47,0.8417,-1,-1,-1
153,6,1158.18,302.67,179.39,498.39,0.8826,-1,-1,-1
153,9,675.40,410.15,83.97,219.37,0.7128,-1,-1,-1
153,19,983.59,341.41,82.45,345.87,0.7253,-1,-1,-1
153,21,1719.36,385.88,50.61,67.15,0.4317,-1,-1,-1
153,24,213.09,311.08,196.14,582.67,0.8585,-1,-1,-1
153,31,1055.53,372.37,79.21,239.18,0.6201,-1,-1,-1
154,2,776.37,260.99,210.99,618.19,0.8593,-1,-1,-1
154,6,1158.89,303.06,178.69,496.19,0.8731,-1,-1,-1
154,9,676.01,411.13,86.98,220.89,0.7178,-1,-1,-1
154,19,980.25,341.16,84.57,344.60,0.7267,-1,-1,-1
154,21,1723.25,385.33,50.47,68.20,0.4098,-1,-1,-1
154,24,201.16,308.93,203.23,588.41,0.8724,-1,-1,-1
154,31,1053.75,374.06,80.81,238.66,0.6565,-1,-1,-1
155,2,769.10,258.52,218.18,619.83,0.8684,-1,-1,-1
155,6,1160.63,302.60,177.36,500.04,0.8790,-1,-1,-1
155,9,671.60,406.61,100.01,224.30,0.7299,-1,-1,-1
155,19,983.96,339.96,80.47,342.38,0.7274,-1,-1,-1
155,21,1721.35,378.19,51.48,72.29,0.3252,-1,-1,-1
155,24,190.73,306.38,208.19,592.04,0.8711,-1,-1,-1
155,31,1053.90,372.53,80.24,238.96,0.7018,-1,-1,-1
156,2,764.67,257.47,225.86,623.61,0.8702,-1,-1,-1
156,6,1158.89,306.58,180.45,507.10,0.8773,-1,-1,-1
156,9,672.22,405.02,99.60,226.59,0.7667,-1,-1,-1
156,19,981.41,339.64,83.53,343.98,0.7025,-1,-1,-1
156,21,1720.27,381.63,53.23,71.85,0.3495,-1,-1,-1
156,24,180.90,301.91,207.18,598.93,0.8714,-1,-1,-1
156,31,1052.35,370.27,80.29,242.96,0.6923,-1,-1,-1
157,2,758.93,260.13,231.24,625.91,0.8774,-1,-1,-1
157,6,1155.28,308.07,178.02,508.35,0.8730,-1,-1,-1
157,9,667.36,407.13,99.92,225.98,0.7038,-1,-1,-1
157,19,971.35,341.20,93.58,346.79,0.6965,-1,-1,-1
157,21,1721.50,380.72,53.23,74.70,0.4143,-1,-1,-1
157,24,170.29,300.71,211.69,604.35,0.8635,-1,-1,-1
157,31,1049.35,370.07,82.65,244.18,0.6787,-1,-1,-1
158,2,760.31,257.11,225.32,630.72,0.8731,-1,-1,-1
158,6,1149.75,304.73,177.23,507.48,0.8645,-1,-1,-1
158,9,661.86,405.69,79.27,228.10,0.6731,-1,-1,-1
158,19,967.03,341.43,90.96,344.48,0.7419,-1,-1,-1
158,21,1715.61,383.45,56.24,70.85,0.4164,-1,-1,-1
158,24,156.02,297.05,214.60,611.33,0.8608,-1,-1,-1
158,31,1044.30,370.99,85.54,243.55,0.7394,-1,-1,-1
159,2,766.08,262.95,216.99,629.06,0.8665,-1,-1,-1
159,6,1146.48,306.86,174.95,503.60,0.8761,-1,-1,-1
159,9,658.75,401.04,85.27,230.76,0.6604,-1,-1,-1
159,19,965.87,341.68,86.48,339.85,0.6550,-1,-1,-1
159,21,1710.28,377.47,58.77,75.04,0.5081,-1,-1,-1
159,24,138.25,294.57,218.13,622.40,0.8559,-1,-1,-1
159,31,1040.20,377.65,85.94,237.11,0.7011,-1,-1,-1
160,2,768.99,265.08,211.17,630.86,0.8641,-1,-1,-1
160,6,1141.60,305.96,173.67,506.87,0.8768,-1,-1,-1
160,9,649.84,401.58,96.16,229.85,0.6726,-1,-1,-1
160,19,961.68,338.90,91.31,340.07,0.7254,-1,-1,-1
160,21,1706.77,374.57,57.47,77.79,0.3369,-1,-1,-1
160,24,126.63,290.85,221.80,642.04,0.8641,-1,-1,-1
160,31,1037.55,378.71,83.15,234.57,0.6980,-1,-1,-1
160,33,748.79,355.34,70.00,277.81,0.5039,-1,-1,-1
161,2,770.93,271.36,209.33,628.26,0.8707,-1,-1,-1
161,6,1138.24,306.22,172.38,506.07,0.8781,-1,-1,-1
161,9,645.87,397.86,91.05,236.60,0.6921,-1,-1,-1
161,19,955.71,338.73,88.55,341.47,0.6700,-1,-1,-1
161,21,1706.45,372.88,55.31,80.68,0.3378,-1,-1,-1
161,24,112.46,290.57,225.48,659.26,0.8548,-1,-1,-1
161,31,1032.80,385.06,85.10,227.17,0.7516,-1,-1,-1
161,33,735.43,362.78,72.46,273.68,0.4961,-1,-1,-1
162,2,774.09,271.49,204.65,626.77,0.8824,-1,-1,-1
162,6,1132.98,298.97,171.50,513.92,0.8732,-1,-1,-1
162,9,637.69,395.18,77.93,239.62,0.7044,-1,-1,-1
162,19,950.48,336.12,81.62,348.32,0.6474,-1,-1,-1
162,21,1699.45,380.93,57.38,75.50,0.4565,-1,-1,-1
162,24,94.80,283.43,230.50,660.38,0.8688,-1,-1,-1
162,31,1025.72,386.52,83.27,224.92,0.7444,-1,-1,-1
162,33,730.64,360.71,78.27,278.95,0.6037,-1,-1,-1
163,2,774.04,270.21,200.44,629.10,0.8930,-1,-1,-1
163,6,1122.37,299.64,176.39,512.33,0.8681,-1,-1,-1
163,9,629.52,394.41,83.32,240.64,0.7251,-1,-1,-1
163,19,946.66,331.52,85.53,352.19,0.6177,-1,-1,-1
163,21,1693.92,382.19,55.33,74.83,0.4454,-1,-1,-1
163,24,82.63,284.54,221.72,678.62,0.8466,-1,-1,-1
163,31,1020.07,387.24,84.46,224.19,0.6821,-1,-1,-1
163,33,725.73,357.61,76.46,280.93,0.6671,-1,-1,-1
164,2,767.24,267.77,203.81,624.36,0.8908,-1,-1,-1
164,6,1112.81,297.43,183.94,510.11,0.8671,-1,-1,-1
164,9,619.03,392.49,87.28,243.90,0.7239,-1,-1,-1
164,19,943.18,333.27,82.68,350.31,0.6623,-1,-1,-1
164,24,55.99,282.59,246.41,697.48,0.8834,-1,-1,-1
164,31,1018.64,390.45,78.62,219.26,0.7018,-1,-1,-1
164,33,713.22,362.51,79.12,278.35,0.6747,-1,-1,-1
165,2,763.79,262.80,198.14,628.00,0.8866,-1,-1,-1
165,6,1106.87,299.23,181.82,505.46,0.8747,-1,-1,-1
165,9,610.05,392.98,85.28,243.95,0.6890,-1,-1,-1
165,19,942.02,332.76,81.91,347.27,0.6922,-1,-1,-1
165,21,1682.60,377.50,56.48,74.99,0.3295,-1,-1,-1
165,24,37.58,280.32,249.89,715.94,0.8715,-1,-1,-1
165,31,1014.53,391.10,78.61,215.22,0.6869,-1,-1,-1
165,33,707.64,364.04,79.02,277.28,0.7068,-1,-1,-1
166,2,766.14,258.68,194.68,631.66,0.8856,-1,-1,-1
166,6,1100.27,297.20,186.34,500.73,0.8767,-1,-1,-1
166,9,605.65,391.10,88.87,246.75,0.7176,-1,-1,-1
166,19,933.10,326.00,85.24,352.74,0.6966,-1,-1,-1
166,21,1677.98,375.45,53.66,75.32,0.3933,-1,-1,-1
166,24,19.08,278.57,262.22,726.52,0.8875,-1,-1,-1
166,31,1008.64,390.04,79.72,214.00,0.6683,-1,-1,-1
166,33,704.27,365.10,80.03,277.89,0.7311,-1,-1,-1
167,2,767.11,256.05,192.66,631.04,0.8747,-1,-1,-1
167,6,1094.00,291.96,192.14,505.78,0.8659,-1,-1,-1
167,9,601.14,389.78,86.51,248.94,0.7261,-1,-1,-1
167,19,934.05,324.90,84.04,349.83,0.6922,-1,-1,-1
167,21,1679.18,374.49,55.38,74.70,0.3864,-1,-1,-1
167,24,6.59,273.73,255.53,737.36,0.8649,-1,-1,-1
167,31,1008.73,397.36,77.44,208.52,0.5619,-1,-1,-1
167,33,697.71,361.92,87.65,282.01,0.7088,-1,-1,-1
168,2,773.92,253.36,184.59,619.61,0.8657,-1,-1,-1
168,6,1090.86,291.57,191.50,504.10,0.8647,-1,-1,-1
168,9,596.59,389.44,88.31,248.96,0.6916,-1,-1,-1
168,19,930.37,329.38,86.54,348.88,0.6994,-1,-1,-1
168,21,1672.92,371.59,59.79,77.75,0.3804,-1,-1,-1
168,24,-0.84,263.98,256.91,752.00,0.8877,-1,-1,-1
168,31,1008.06,376.33,77.16,231.40,0.6038,-1,-1,-1
168,33,682.59,356.88,97.70,287.15,0.7779,-1,-1,-1
169,2,777.57,248.90,184.04,611.60,0.8632,-1,-1,-1
169,6,1086.87,291.36,193.83,502.71,0.8698,-1,-1,-1
169,9,590.77,387.42,91.18,252.16,0.7353,-1,-1,-1
169,19,929.23,329.06,84.48,343.35,0.6961,-1,-1,-1
169,21,1672.82,370.81,58.13,77.86,0.4165,-1,-1,-1
169,24,-0.68,256.79,241.46,763.89,0.9024,-1,-1,-1
169,31,1004.07,374.79,80.70,229.25,0.6369,-1,-1,-1
169,33,680.24,356.00,96.38,281.87,0.7692,-1,-1,-1
170,2,778.66,247.86,180.99,610.45,0.8546,-1,-1,-1
170,6,1081.20,290.84,198.53,506.07,0.8706,-1,-1,-1
170,9,588.91,386.66,81.13,251.62,0.6209,-1,-1,-1
170,19,928.13,329.55,81.61,342.73,0.6890,-1,-1,-1
170,21,1676.55,368.76,52.42,77.49,0.3147,-1,-1,-1
170,24,-0.80,250.36,228.92,776.84,0.9022,-1,-1,-1
170,31,1004.24,371.24,80.75,232.42,0.6341,-1,-1,-1
170,33,672.56,352.31,104.46,288.04,0.7918,-1,-1,-1
171,2,777.58,245.96,180.25,614.28,0.8564,-1,-1,-1
171,6,1078.88,290.62,201.06,510.00,0.8682,-1,-1,-1
171,9,581.11,382.34,90.41,259.62,0.6405,-1,-1,-1
171,19,927.66,328.56,83.49,347.93,0.7116,-1,-1,-1
171,24,-0.77,245.73,217.68,789.81,0.9018,-1,-1,-1
171,31,1005.87,366.51,77.26,230.81,0.6712,-1,-1,-1
171,33,664.10,352.47,112.55,292.57,0.8043,-1,-1,-1
172,2,775.37,247.27,184.17,618.87,0.8504,-1,-1,-1
172,6,1075.54,290.24,204.37,509.31,0.8734,-1,-1,-1
172,9,573.48,384.63,99.39,261.06,0.6862,-1,-1,-1
172,19,928.16,338.06,80.76,333.83,0.6802,-1,-1,-1
172,24,-0.51,240.99,204.62,799.71,0.8958,-1,-1,-1
172,31,1002.22,367.03,78.68,229.93,0.6563,-1,-1,-1
172,33,659.13,350.68,117.59,295.89,0.8316,-1,-1,-1
173,2,777.29,245.36,180.18,621.67,0.8552,-1,-1,-1
173,6,1074.40,288.93,202.83,511.54,0.8676,-1,-1,-1
173,9,565.48,385.84,103.31,261.49,0.7056,-1,-1,-1
173,19,926.74,336.55,78.05,335.28,0.6683,-1,-1,-1
173,21,1674.75,363.83,53.26,76.59,0.4413,-1,-1,-1
173,24,-0.96,235.82,194.35,816.44,0.8877,-1,-1,-1
173,31,1002.25,372.51,78.88,221.46,0.6630,-1,-1,-1
173,33,656.75,347.59,122.87,299.18,0.8320,-1,-1,-1
174,2,775.95,246.21,182.79,623.28,0.8594,-1,-1,-1
174,6,1076.90,288.82,204.50,516.15,0.8719,-1,-1,-1
174,9,562.76,380.44,94.71,269.86,0.6960,-1,-1,-1
174,19,928.20,335.39,77.63,336.85,0.6468,-1,-1,-1
174,21,1675.97,362.62,54.73,75.47,0.4164,-1,-1,-1
174,24,-0.85,231.97,186.84,828.13,0.8844,-1,-1,-1
174,31,1003.02,367.69,76.60,227.87,0.6678,-1,-1,-1
174,33,655.47,345.42,125.60,301.26,0.8183,-1,-1,-1
175,2,780.13,247.52,178.29,628.18,0.8637,-1,-1,-1
175,6,1080.54,289.00,203.76,520.33,0.8728,-1,-1,-1
175,9,559.90,379.18,95.91,272.98,0.6824,-1,-1,-1
175,19,930.30,329.66,77.83,342.60,0.6400,-1,-1,-1
175,21,1680.02,363.21,56.59,75.89,0.4676,-1,-1,-1
175,24,-0.47,226.56,179.04,836.98,0.8855,-1,-1,-1
175,31,1004.06,367.79,76.23,230.79,0.6666,-1,-1,-1
175,33,653.83,345.07,128.70,304.09,0.8185,-1,-1,-1
176,2,785.19,254.21,175.65,628.39,0.8479,-1,-1,-1
176,6,1084.18,289.79,203.03,520.17,0.8720,-1,-1,-1
176,9,555.38,378.62,100.85,276.45,0.7237,-1,-1,-1
176,19,932.92,325.55,74.34,347.32,0.6379,-1,-1,-1
176,21,1686.11,363.93,50.40,72.34,0.3573,-1,-1,-1
176,24,0.03,226.93,172.64,844.12,0.8836,-1,-1,-1
176,31,1008.38,365.82,74.64,231.85,0.6800,-1,-1,-1
176,33,654.41,345.43,126.83,310.60,0.8108,-1,-1,-1
177,2,786.76,258.43,176.60,626.79,0.8483,-1,-1,-1
177,6,1087.04,290.75,202.52,517.36,0.8749,-1,-1,-1
177,9,554.23,379.82,102.13,274.68,0.7127,-1,-1,-1
177,19,935.00,323.86,64.54,349.26,0.5909,-1,-1,-1
177,21,1683.89,359.02,58.26,74.36,0.3954,-1,-1,-1
177,24,0.84,225.14,162.28,850.65,0.8759,-1,-1,-1
177,31,1009.14,368.18,75.11,229.11,0.6890,-1,-1,-1
177,33,654.34,345.95,127.17,311.29,0.8152,-1,-1,-1
178,2,790.29,262.46,177.79,625.42,0.8573,-1,-1,-1
178,6,1090.94,290.17,205.83,524.31,0.8789,-1,-1,-1
178,9,554.71,379.73,100.17,277.35,0.7326,-1,-1,-1
178,19,940.69,327.39,57.87,352.61,0.4103,-1,-1,-1
178,21,1690.93,360.08,56.97,74.90,0.3318,-1,-1,-1
178,24,0.76,222.37,155.24,854.04,0.8739,-1,-1,-1
178,31,1014.35,370.97,74.46,228.48,0.6445,-1,-1,-1
178,33,653.84,348.73,133.05,314.31,0.8253,-1,-1,-1
179,2,792.19,263.51,177.24,624.23,0.8564,-1,-1,-1
179,6,1099.40,287.54,200.88,527.42,0.8803,-1,-1,-1
179,9,553.28,379.59,102.24,279.98,0.7101,-1,-1,-1
179,19,931.64,302.56,71.85,370.83,0.5769,-1,-1,-1
179,21,1686.31,356.93,69.02,79.19,0.4428,-1,-1,-1
179,24,1.70,227.26,143.80,849.36,0.8739,-1,-1,-1
179,31,1015.67,374.96,75.40,222.74,0.6750,-1,-1,-1
179,33,651.02,349.78,140.77,314.68,0.8251,-1,-1,-1
180,2,795.62,267.04,180.74,616.61,0.8630,-1,-1,-1
180,6,1104.45,290.62,201.80,523.14,0.8716,-1,-1,-1
180,9,553.10,378.79,104.48,283.86,0.7642,-1,-1,-1
180,19,943.12,316.63,59.71,358.29,0.3250,-1,-1,-1
180,21,1696.55,357.86,65.72,76.92,0.4641,-1,-1,-1
180,24,2.53,231.30,133.53,846.33,0.8652,-1,-1,-1
180,31,1018.83,384.10,74.39,215.76,0.6115,-1,-1,-1
180,33,653.71,351.36,135.03,315.50,0.7989,-1,-1,-1
181,2,796.41,265.70,183.81,618.29,0.8678,-1,-1,-1
181,6,1114.28,284.68,196.56,527.55,0.8748,-1,-1,-1
181,9,554.32,382.33,103.33,283.47,0.7261,-1,-1,-1
181,19,942.81,311.90,59.97,360.04,0.3653,-1,-1,-1
181,21,1713.13,355.59,51.67,77.20,0.4130,-1,-1,-1
181,24,2.28,260.87,127.35,816.63,0.8626,-1,-1,-1
181,31,1019.26,371.74,77.05,227.49,0.6324,-1,-1,-1
181,33,654.46,351.29,137.44,320.53,0.8164,-1,-1,-1
182,2,796.53,264.95,185.05,617.55,0.8722,-1,-1,-1
182,6,1120.91,286.07,196.62,526.41,0.8727,-1,-1,-1
182,9,555.27,383.34,107.06,286.61,0.7499,-1,-1,-1
182,19,944.72,313.25,63.29,360.82,0.4411,-1,-1,-1
182,21,1713.88,355.27,59.52,77.45,0.5689,-1,-1,-1
182,24,2.48,288.03,118.31,790.20,0.8565,-1,-1,-1
182,31,1022.09,378.12,80.63,220.32,0.7340,-1,-1,-1
182,33,654.59,351.40,137.27,323.65,0.8203,-1,-1,-1
183,2,799.40,263.20,191.91,610.37,0.8732,-1,-1,-1
183,6,1131.91,282.46,191.22,519.12,0.8705,-1,-1,-1
183,9,555.03,386.88,107.41,286.51,0.7400,-1,-1,-1
183,19,947.30,314.13,64.49,356.41,0.3326,-1,-1,-1
183,21,1715.45,353.79,60.66,78.07,0.4130,-1,-1,-1
183,24,3.96,312.98,105.36,764.01,0.8433,-1,-1,-1
183,31,1024.75,384.45,80.58,215.17,0.6711,-1,-1,-1
183,33,654.64,348.80,143.71,324.74,0.8299,-1,-1,-1
184,2,801.96,264.84,193.26,596.94,0.8759,-1,-1,-1
184,6,1133.58,282.59,193.04,515.13,0.8754,-1,-1,-1
184,9,555.56,389.58,110.88,283.62,0.7550,-1,-1,-1
184,19,951.42,306.62,66.95,367.95,0.4226,-1,-1,-1
184,21,1726.80,353.67,61.13,77.73,0.4382,-1,-1,-1
184,24,4.04,382.39,93.27,693.43,0.8428,-1,-1,-1
184,31,1031.47,381.54,80.62,221.81,0.6437,-1,-1,-1
184,33,660.61,347.36,143.99,327.64,0.8309,-1,-1,-1
185,2,802.05,262.02,194.36,598.53,0.8586,-1,-1,-1
185,6,1139.91,283.34,192.55,512.10,0.8709,-1,-1,-1
185,9,557.58,390.72,116.67,285.63,0.7171,-1,-1,-1
185,19,958.06,312.37,70.58,363.33,0.6058,-1,-1,-1
185,21,1727.59,350.71,64.65,79.49,0.4079,-1,-1,-1
185,24,3.11,390.59,85.55,684.94,0.8066,-1,-1,-1
185,31,1037.34,384.58,77.00,217.24,0.6759,-1,-1,-1
185,33,670.16,328.83,136.65,349.98,0.8513,-1,-1,-1
186,2,803.89,257.23,192.80,605.64,0.8642,-1,-1,-1
186,6,1149.91,284.69,185.42,514.56,0.8792,-1,-1,-1
186,9,558.24,390.79,119.12,287.94,0.7528,-1,-1,-1
186,19,962.40,318.13,67.14,359.20,0.5449,-1,-1,-1
186,21,1738.87,352.20,62.05,78.88,0.4772,-1,-1,-1
186,24,0.24,397.16,84.19,678.52,0.7606,-1,-1,-1
186,31,1037.36,383.70,82.63,218.44,0.6862,-1,-1,-1
186,33,669.81,324.44,138.51,357.05,0.8472,-1,-1,-1
187,2,805.95,253.60,195.15,605.01,0.8674,-1,-1,-1
187,6,1153.86,279.43,189.59,521.66,0.8826,-1,-1,-1
187,9,557.81,385.56,124.34,294.62,0.7657,-1,-1,-1
187,19,970.42,343.26,60.66,334.76,0.3716,-1,-1,-1
187,21,1755.58,354.01,55.25,76.99,0.3295,-1,-1,-1
187,24,5.58,415.16,63.48,659.65,0.4284,-1,-1,-1
187,31,1042.73,377.91,79.67,220.94,0.7041,-1,-1,-1
187,33,671.07,328.56,138.24,351.06,0.8512,-1,-1,-1
188,2,800.64,252.39,203.54,607.54,0.8689,-1,-1,-1
188,6,1154.80,279.04,189.72,520.64,0.8860,-1,-1,-1
188,9,557.00,385.11,125.79,294.24,0.7760,-1,-1,-1
188,21,1762.30,353.95,50.75,73.85,0.4169,-1,-1,-1
188,31,1037.18,376.68,85.35,223.67,0.7108,-1,-1,-1
188,33,668.82,325.67,139.06,352.10,0.8550,-1,-1,-1
189,2,798.97,252.80,203.93,611.05,0.8675,-1,-1,-1
189,6,1159.90,275.91,182.22,523.96,0.8822,-1,-1,-1
189,9,554.08,381.57,131.11,298.58,0.7092,-1,-1,-1
189,21,1760.42,351.74,57.01,74.84,0.4728,-1,-1,-1
189,31,1037.45,375.07,85.41,224.29,0.7260,-1,-1,-1
189,33,666.71,325.04,141.82,355.51,0.8494,-1,-1,-1
190,2,803.56,251.47,199.61,613.85,0.8585,-1,-1,-1
190,6,1159.87,275.30,185.68,527.37,0.8807,-1,-1,-1
190,9,547.95,379.77,141.24,301.81,0.7272,-1,-1,-1
190,21,1757.07,353.31,61.67,76.51,0.4655,-1,-1,-1
190,31,1031.59,376.15,91.57,221.57,0.7133,-1,-1,-1
190,33,671.98,323.05,136.28,360.08,0.8445,-1,-1,-1
191,2,805.38,253.14,197.85,618.66,0.8554,-1,-1,-1
191,6,1161.27,278.41,185.67,529.23,0.8796,-1,-1,-1
191,9,546.13,378.19,136.51,305.71,0.6630,-1,-1,-1
191,19,978.15,329.27,56.34,353.89,0.3140,-1,-1,-1
191,21,1758.78,355.38,60.39,78.60,0.4875,-1,-1,-1
191,31,1034.16,374.07,89.63,225.76,0.6992,-1,-1,-1
191,33,671.45,324.74,135.61,361.31,0.8075,-1,-1,-1
192,2,811.51,260.64,191.55,618.22,0.8579,-1,-1,-1
192,6,1160.39,285.69,183.76,527.93,0.8861,-1,-1,-1
192,9,541.46,377.63,101.17,307.33,0.7030,-1,-1,-1
192,21,1756.94,360.40,64.04,77.67,0.4315,-1,-1,-1
192,31,1031.87,378.59,89.80,222.85,0.7032,-1,-1,-1
192,33,666.35,325.67,140.27,361.55,0.8328,-1,-1,-1
193,2,810.03,264.77,194.51,617.40,0.8681,-1,-1,-1
193,6,1160.30,285.20,179.32,531.16,0.8836,-1,-1,-1
193,9,535.36,377.10,130.75,308.79,0.6639,-1,-1,-1
193,21,1754.20,361.04,69.67,77.52,0.4434,-1,-1,-1
193,31,1030.59,376.22,88.85,227.14,0.6982,-1,-1,-1
193,33,656.99,330.73,148.92,360.00,0.7859,-1,-1,-1
194,2,806.39,268.57,198.62,613.74,0.8655,-1,-1,-1
194,6,1158.82,288.12,177.57,534.88,0.8792,-1,-1,-1
194,9,530.62,377.67,132.78,313.25,0.7528,-1,-1,-1
194,21,1756.49,362.93,67.52,79.69,0.4234,-1,-1,-1
194,31,1034.85,378.35,84.79,227.22,0.7261,-1,-1,-1
194,33,656.22,332.30,145.81,365.22,0.8256,-1,-1,-1
195,2,802.11,274.58,205.62,609.61,0.8797,-1,-1,-1
195,6,1155.07,291.42,175.85,534.28,0.8688,-1,-1,-1
195,9,521.63,380.69,112.75,316.53,0.7485,-1,-1,-1
195,21,1757.63,367.63,64.95,79.59,0.5031,-1,-1,-1
195,31,1026.47,381.12,90.64,225.38,0.7374,-1,-1,-1
195,33,645.34,337.61,153.16,367.30,0.8446,-1,-1,-1
196,2,798.31,270.66,206.74,615.61,0.8865,-1,-1,-1
196,6,1148.63,294.60,176.46,536.92,0.8562,-1,-1,-1
196,9,514.72,379.83,115.28,323.39,0.7627,-1,-1,-1
196,21,1761.32,369.29,59.22,79.26,0.3740,-1,-1,-1
196,31,1021.08,384.06,93.35,223.21,0.7189,-1,-1,-1
196,33,643.86,342.82,151.22,365.61,0.8284,-1,-1,-1
197,2,796.20,271.33,208.95,615.27,0.8946,-1,-1,-1
197,6,1144.32,294.96,173.95,536.33,0.8556,-1,-1,-1
197,9,506.59,383.35,115.01,323.88,0.7712,-1,-1,-1
197,21,1757.56,375.89,62.91,74.21,0.3223,-1,-1,-1
197,31,1018.60,388.45,93.29,221.73,0.7607,-1,-1,-1
197,33,634.10,342.36,154.00,369.83,0.8228,-1,-1,-1
198,2,797.82,273.06,207.35,615.84,0.8892,-1,-1,-1
198,6,1137.84,297.22,177.98,526.58,0.8546,-1,-1,-1
198,9,495.22,385.90,118.87,330.82,0.7920,-1,-1,-1
198,31,1015.40,391.14,91.71,220.75,0.7207,-1,-1,-1
198,33,619.19,343.53,159.23,375.70,0.8374,-1,-1,-1
199,2,806.49,276.44,195.63,593.66,0.8819,-1,-1,-1
199,6,1133.20,297.95,180.27,544.17,0.8628,-1,-1,-1
199,9,488.33,388.77,122.33,332.52,0.8202,-1,-1,-1
199,31,1009.95,397.90,91.37,214.73,0.7435,-1,-1,-1
199,33,604.27,348.50,164.76,383.26,0.8337,-1,-1,-1
200,2,801.04,281.30,201.42,584.63,0.8845,-1,-1,-1
200,6,1124.93,299.66,183.85,541.71,0.8615,-1,-1,-1
200,9,478.39,393.68,132.41,336.00,0.7007,-1,-1,-1
200,21,1734.61,381.20,72.01,79.79,0.5504,-1,-1,-1
200,31,1009.53,406.70,87.70,209.02,0.6669,-1,-1,-1
200,33,609.15,349.42,150.92,383.69,0.8438,-1,-1,-1
201,2,801.19,281.16,195.05,588.61,0.8868,-1,-1,-1
201,6,1116.19,304.25,188.33,529.92,0.8699,-1,-1,-1
201,9,467.54,396.14,115.36,333.86,0.7718,-1,-1,-1
201,21,1731.96,384.43,72.87,79.37,0.4135,-1,-1,-1
201,31,1009.38,393.94,80.86,222.95,0.7352,-1,-1,-1
201,33,581.63,347.29,166.35,383.83,0.7973,-1,-1,-1
202,2,796.25,281.25,194.19,593.59,0.8920,-1,-1,-1
202,6,1110.68,304.21,190.45,531.59,0.8721,-1,-1,-1
202,9,457.46,399.95,129.88,334.37,0.8073,-1,-1,-1
202,21,1725.66,383.92,75.10,81.50,0.4242,-1,-1,-1
202,31,1005.72,405.26,79.98,214.65,0.6841,-1,-1,-1
202,33,584.79,346.12,152.93,389.77,0.8088,-1,-1,-1
203,2,800.15,281.95,186.60,595.80,0.8818,-1,-1,-1
203,6,1106.44,304.50,193.30,531.87,0.8731,-1,-1,-1
203,9,444.51,396.88,107.93,344.44,0.6158,-1,-1,-1
203,21,1728.95,384.46,67.64,82.33,0.4239,-1,-1,-1
203,31,1001.09,409.07,82.09,215.05,0.7237,-1,-1,-1
203,33,578.70,344.09,155.85,397.37,0.8281,-1,-1,-1
203,38,761.27,397.76,63.75,241.19,0.4432,-1,-1,-1
204,2,807.64,284.95,175.86,596.77,0.8649,-1,-1,-1
204,6,1104.27,303.46,191.37,530.71,0.8711,-1,-1,-1
204,9,434.05,398.87,142.86,346.66,0.7255,-1,-1,-1
204,21,1730.55,384.86,64.45,82.01,0.3567,-1,-1,-1
204,31,1004.32,413.16,77.12,217.08,0.7369,-1,-1,-1
204,33,572.81,344.43,156.48,397.42,0.8172,-1,-1,-1
204,38,758.42,400.14,68.39,240.83,0.6660,-1,-1,-1
205,2,807.84,286.32,174.50,598.38,0.8644,-1,-1,-1
205,6,1103.00,303.65,192.90,529.54,0.8741,-1,-1,-1
205,9,425.23,399.03,146.08,348.79,0.7801,-1,-1,-1
205,21,1722.57,382.60,70.17,84.34,0.4835,-1,-1,-1
205,31,1002.53,413.86,76.42,214.54,0.7012,-1,-1,-1
205,33,564.59,343.47,152.48,400.00,0.8010,-1,-1,-1
205,38,758.86,397.19,68.36,244.93,0.6582,-1,-1,-1
206,2,808.14,287.90,172.53,599.93,0.8670,-1,-1,-1
206,6,1099.60,307.16,199.68,531.69,0.8667,-1,-1,-1
206,9,418.53,396.70,150.63,352.79,0.7962,-1,-1,-1
206,21,1730.74,381.91,62.32,84.38,0.4242,-1,-1,-1
206,31,999.74,415.49,79.11,211.20,0.6889,-1,-1,-1
206,33,558.92,342.52,155.60,404.95,0.8322,-1,-1,-1
206,38,756.02,396.47,69.39,249.26,0.6906,-1,-1,-1
207,2,808.32,289.31,171.11,598.56,0.8644,-1,-1,-1
207,6,1096.02,307.85,204.60,533.88,0.8681,-1,-1,-1
207,9,412.36,394.99,148.14,356.42,0.8316,-1,-1,-1
207,21,1735.55,382.17,58.05,84.23,0.3874,-1,-1,-1
207,31,1000.04,414.12,78.14,214.44,0.6986,-1,-1,-1
207,33,551.32,344.24,161.99,406.69,0.8532,-1,-1,-1
207,38,753.56,395.88,71.87,248.67,0.6907,-1,-1,-1
208,2,809.06,290.01,169.19,598.08,0.8560,-1,-1,-1
208,6,1094.17,304.08,207.95,540.21,0.8679,-1,-1,-1
208,9,404.44,394.71,143.47,358.17,0.8411,-1,-1,-1
208,21,1741.42,383.40,53.37,82.71,0.3025,-1,-1,-1
208,31,1003.21,409.07,75.14,211.92,0.7250,-1,-1,-1
208,33,546.14,335.41,161.59,414.64,0.8586,-1,-1,-1
208,38,753.75,393.72,71.49,250.55,0.6882,-1,-1,-1
209,2,807.53,291.47,170.03,598.30,0.8555,-1,-1,-1
209,6,1095.17,305.14,209.35,542.07,0.8675,-1,-1,-1
209,9,399.52,391.08,147.47,362.50,0.8273,-1,-1,-1
209,21,1746.22,383.39,51.03,80.73,0.3861,-1,-1,-1
209,31,1002.27,402.96,75.98,217.09,0.7163,-1,-1,-1
209,33,536.77,335.38,174.27,420.67,0.8640,-1,-1,-1
209,38,754.56,394.19,67.46,251.88,0.6315,-1,-1,-1
210,2,804.46,294.86,173.13,597.38,0.8647,-1,-1,-1
210,6,1096.39,308.87,210.82,539.81,0.8719,-1,-1,-1
210,9,392.36,389.22,146.83,366.00,0.8247,-1,-1,-1
210,21,1724.57,383.01,71.31,83.90,0.4033,-1,-1,-1
210,31,1001.75,403.71,78.07,216.91,0.5580,-1,-1,-1
210,33,532.02,339.88,177.64,422.48,0.8501,-1,-1,-1
210,38,748.13,392.95,71.80,254.88,0.6423,-1,-1,-1
211,2,803.28,293.87,175.01,601.21,0.8701,-1,-1,-1
211,6,1096.98,310.19,210.29,545.23,0.8726,-1,-1,-1
211,9,384.60,389.35,147.88,367.16,0.8251,-1,-1,-1
211,21,1747.47,382.24,50.57,83.34,0.4626,-1,-1,-1
211,31,1003.77,418.56,74.41,203.03,0.5494,-1,-1,-1
211,33,519.91,328.61,186.56,442.65,0.8324,-1,-1,-1
211,38,745.44,394.24,72.06,257.95,0.6484,-1,-1,-1
212,2,796.95,291.96,184.15,600.50,0.8608,-1,-1,-1
212,6,1095.59,314.98,213.63,540.65,0.8650,-1,-1,-1
212,9,376.95,389.50,143.32,376.41,0.8259,-1,-1,-1
212,31,999.24,404.76,78.86,218.40,0.6693,-1,-1,-1
212,33,503.34,331.03,200.73,448.78,0.8214,-1,-1,-1
212,38,742.33,395.31,75.06,259.00,0.6526,-1,-1,-1
213,2,793.39,293.42,183.34,600.28,0.8643,-1,-1,-1
213,6,1095.53,310.97,212.55,546.66,0.8607,-1,-1,-1
213,9,368.25,390.88,150.82,387.19,0.8418,-1,-1,-1
213,31,995.62,402.33,82.19,222.47,0.7171,-1,-1,-1
213,33,507.64,340.99,191.97,443.24,0.8369,-1,-1,-1
213,38,740.12,396.87,70.02,263.31,0.6710,-1,-1,-1
214,2,790.88,299.20,184.95,589.44,0.8605,-1,-1,-1
214,6,1096.50,319.32,212.80,545.07,0.8704,-1,-1,-1
214,9,364.53,397.62,150.64,391.20,0.8434,-1,-1,-1
214,31,995.02,411.44,83.78,219.20,0.7443,-1,-1,-1
214,33,505.91,344.41,191.23,447.99,0.8454,-1,-1,-1
214,38,738.95,403.18,69.20,260.01,0.6719,-1,-1,-1
215,2,788.10,293.33,188.78,582.36,0.8648,-1,-1,-1
215,6,1101.63,312.89,208.83,555.69,0.8719,-1,-1,-1
215,9,360.43,396.78,150.10,396.84,0.8484,-1,-1,-1
215,31,994.52,406.46,86.16,222.66,0.7165,-1,-1,-1
215,33,503.53,341.39,193.57,455.93,0.8643,-1,-1,-1
215,38,738.49,401.18,68.17,260.01,0.6943,-1,-1,-1
216,2,786.09,291.39,192.88,588.35,0.8661,-1,-1,-1
216,6,1112.41,310.23,199.85,560.00,0.8833,-1,-1,-1
216,9,358.01,397.04,149.64,402.58,0.8468,-1,-1,-1
216,21,1763.27,396.99,49.63,76.58,0.3598,-1,-1,-1
216,31,1004.11,414.03,79.53,215.78,0.7527,-1,-1,-1
216,33,501.42,336.90,191.99,467.31,0.8710,-1,-1,-1
216,38,741.24,400.39,67.20,259.13,0.6178,-1,-1,-1
217,2,785.95,290.27,194.95,589.53,0.8724,-1,-1,-1
217,6,1116.67,308.77,201.45,559.57,0.8830,-1,-1,-1
217,9,356.37,397.79,149.49,401.96,0.8452,-1,-1,-1
217,21,1769.75,393.91,45.29,78.31,0.3738,-1,-1,-1
217,31,1007.42,417.77,80.93,213.64,0.7737,-1,-1,-1
217,33,501.41,333.17,191.45,474.84,0.8698,-1,-1,-1
217,38,743.29,398.49,67.57,267.17,0.6354,-1,-1,-1
218,2,790.85,289.93,194.03,592.25,0.8777,-1,-1,-1
218,6,1125.30,313.04,196.02,551.17,0.8740,-1,-1,-1
218,9,354.05,397.20,157.95,409.57,0.8515,-1,-1,-1
218,31,1011.18,424.28,80.00,207.15,0.7527,-1,-1,-1
218,33,503.78,325.65,187.99,485.55,0.8720,-1,-1,-1
218,38,748.10,397.28,65.15,270.76,0.6783,-1,-1,-1
218,40,663.48,400.38,54.99,197.95,0.4533,-1,-1,-1
219,2,795.22,290.84,194.93,592.73,0.8761,-1,-1,-1
219,6,1131.56,313.64,196.34,546.18,0.8745,-1,-1,-1
219,9,353.26,396.73,166.05,414.81,0.8509,-1,-1,-1
219,21,1783.81,395.25,51.00,81.39,0.3227,-1,-1,-1
219,31,1016.48,419.77,81.43,216.82,0.7161,-1,-1,-1
219,33,507.54,323.71,188.39,488.37,0.8771,-1,-1,-1
219,38,750.37,398.00,66.99,273.17,0.6846,-1,-1,-1
219,40,666.23,406.78,56.53,185.10,0.3867,-1,-1,-1
220,2,794.18,296.11,198.27,593.23,0.8705,-1,-1,-1
220,6,1136.52,314.41,196.85,545.35,0.8722,-1,-1,-1
220,9,353.47,394.97,168.07,416.99,0.8579,-1,-1,-1
220,21,1793.60,394.08,48.86,81.87,0.4105,-1,-1,-1
220,31,1020.39,419.23,81.24,216.88,0.7222,-1,-1,-1
220,33,510.39,322.78,187.93,491.21,0.8668,-1,-1,-1
220,38,750.28,398.64,72.54,272.79,0.6724,-1,-1,-1
220,40,665.18,404.86,60.63,179.09,0.5587,-1,-1,-1
221,2,802.10,298.32,199.15,595.96,0.8588,-1,-1,-1
221,6,1145.72,314.77,199.42,545.61,0.8734,-1,-1,-1
221,9,352.18,389.55,171.25,423.85,0.8507,-1,-1,-1
221,21,1798.14,394.75,52.93,85.40,0.4941,-1,-1,-1
221,31,1025.98,423.09,80.86,214.52,0.7115,-1,-1,-1
221,33,510.71,318.22,188.22,496.97,0.8654,-1,-1,-1
221,38,753.79,396.56,75.54,276.87,0.7017,-1,-1,-1
221,40,665.21,404.79,64.60,184.27,0.5404,-1,-1,-1
222,2,807.96,300.19,195.70,598.49,0.8566,-1,-1,-1
222,6,1155.71,318.45,192.70,545.73,0.8893,-1,-1,-1
222,9,350.98,386.41,172.67,428.42,0.8544,-1,-1,-1
222,21,1812.14,399.36,49.97,81.39,0.4910,-1,-1,-1
222,31,1023.11,423.64,88.11,216.77,0.7125,-1,-1,-1
222,33,511.28,315.36,189.01,502.99,0.8750,-1,-1,-1
222,38,757.08,397.06,78.14,277.97,0.7175,-1,-1,-1
222,40,667.81,407.00,68.67,187.61,0.5038,-1,-1,-1
223,2,817.59,302.92,191.70,596.18,0.8708,-1,-1,-1
223,6,1163.28,317.43,190.22,548.12,0.8806,-1,-1,-1
223,9,347.89,385.60,175.64,430.24,0.8504,-1,-1,-1
223,21,1816.05,396.11,52.89,85.34,0.4957,-1,-1,-1
223,31,1035.12,420.51,77.84,219.53,0.7050,-1,-1,-1
223,33,511.16,312.62,192.24,501.86,0.8739,-1,-1,-1
223,38,759.68,395.70,79.72,279.44,0.7204,-1,-1,-1
223,40,668.94,407.12,70.10,190.28,0.5441,-1,-1,-1
223,42,1431.81,528.07,156.42,330.50,0.3552,-1,-1,-1
224,2,823.12,305.27,193.78,593.34,0.8799,-1,-1,-1
224,6,1169.11,311.39,189.15,556.13,0.8860,-1,-1,-1
224,9,347.52,384.94,173.35,430.99,0.8485,-1,-1,-1
224,21,1822.13,394.63,56.95,88.11,0.4427,-1,-1,-1
224,31,1038.43,418.48,80.82,219.24,0.7570,-1,-1,-1
224,33,508.92,304.82,196.52,513.72,0.8765,-1,-1,-1
224,38,760.61,392.74,83.18,285.95,0.8185,-1,-1,-1
224,40,671.64,406.80,69.16,195.04,0.4124,-1,-1,-1
224,42,1444.65,532.72,144.77,324.76,0.4133,-1,-1,-1
225,2,826.63,303.89,200.39,593.62,0.8805,-1,-1,-1
225,6,1175.95,313.81,188.98,555.14,0.8826,-1,-1,-1
225,9,347.83,384.33,167.67,434.83,0.8527,-1,-1,-1
225,21,1834.62,397.89,54.03,84.20,0.4409,-1,-1,-1
225,31,1038.79,421.01,82.02,215.69,0.7666,-1,-1,-1
225,33,506.72,300.23,201.42,525.91,0.8706,-1,-1,-1
225,38,760.32,393.28,89.07,286.57,0.8124,-1,-1,-1
225,40,672.82,404.58,68.58,201.41,0.5327,-1,-1,-1
226,2,837.27,301.76,195.34,586.95,0.8722,-1,-1,-1
226,6,1179.27,313.51,187.31,558.12,0.8710,-1,-1,-1
226,9,340.55,381.83,170.43,438.16,0.8618,-1,-1,-1
226,21,1835.23,394.99,59.73,87.30,0.6332,-1,-1,-1
226,31,1038.27,422.83,82.97,212.96,0.7551,-1,-1,-1
226,33,498.70,300.63,208.54,533.31,0.8717,-1,-1,-1
226,38,759.76,393.84,95.04,287.69,0.7939,-1,-1,-1
226,40,672.30,405.79,71.70,214.03,0.6471,-1,-1,-1
227,2,837.78,301.30,197.49,578.78,0.8734,-1,-1,-1
227,6,1182.45,314.70,188.58,558.39,0.8638,-1,-1,-1
227,9,334.05,378.70,171.03,449.25,0.8500,-1,-1,-1
227,21,1837.55,397.99,65.12,85.78,0.4283,-1,-1,-1
227,31,1041.04,426.88,86.05,207.94,0.7622,-1,-1,-1
227,33,492.23,296.27,212.80,546.90,0.8762,-1,-1,-1
227,38,754.73,393.58,101.90,290.30,0.7856,-1,-1,-1
227,40,671.77,403.21,73.22,218.03,0.6701,-1,-1,-1
228,2,841.21,298.51,195.13,597.55,0.8664,-1,-1,-1
228,6,1184.37,315.44,187.25,564.04,0.8642,-1,-1,-1
228,9,330.51,371.48,162.22,463.93,0.8495,-1,-1,-1
228,21,1840.80,397.75,66.56,85.39,0.3611,-1,-1,-1
228,31,1043.32,419.97,85.39,214.01,0.7660,-1,-1,-1
228,33,472.15,291.71,231.97,554.15,0.8746,-1,-1,-1
228,38,754.53,393.24,104.96,293.17,0.7977,-1,-1,-1
228,40,667.08,400.89,78.79,226.26,0.6484,-1,-1,-1
229,2,848.62,296.40,188.99,592.92,0.8582,-1,-1,-1
229,6,1184.07,316.67,187.17,565.49,0.8664,-1,-1,-1
229,9,321.13,368.71,162.24,474.44,0.8457,-1,-1,-1
229,21,1847.61,396.83,61.14,88.47,0.4354,-1,-1,-1
229,31,1046.70,420.53,82.78,213.21,0.7607,-1,-1,-1
229,33,471.49,290.99,227.13,554.98,0.8691,-1,-1,-1
229,38,754.66,393.77,103.08,296.23,0.8025,-1,-1,-1
229,40,662.97,400.95,81.18,226.89,0.6380,-1,-1,-1
230,2,855.19,297.34,186.54,582.23,0.8512,-1,-1,-1
230,6,1185.27,316.80,186.70,564.96,0.8679,-1,-1,-1
230,9,307.91,371.65,175.32,482.51,0.8694,-1,-1,-1
230,21,1849.05,398.90,65.52,89.15,0.4777,-1,-1,-1
230,31,1048.50,419.10,80.26,216.18,0.7604,-1,-1,-1
230,33,451.35,291.05,243.77,567.45,0.8506,-1,-1,-1
230,38,755.22,396.12,101.96,297.38,0.8083,-1,-1,-1
230,40,658.30,397.99,86.08,231.82,0.6839,-1,-1,-1
231,2,862.23,298.70,180.84,574.70,0.8566,-1,-1,-1
231,6,1184.57,315.85,187.08,567.48,0.8618,-1,-1,-1
231,9,293.66,376.71,177.80,480.83,0.8451,-1,-1,-1
231,21,1849.99,401.60,66.63,89.25,0.5354,-1,-1,-1
231,31,1047.70,416.74,80.65,219.12,0.7490,-1,-1,-1
231,33,444.15,288.78,248.50,581.84,0.8316,-1,-1,-1
231,38,755.15,395.75,102.07,300.35,0.8188,-1,-1,-1
231,40,653.14,398.10,91.31,245.06,0.6943,-1,-1,-1
232,2,863.01,298.61,179.62,574.20,0.8497,-1,-1,-1
232,6,1182.76,316.39,186.80,570.85,0.8626,-1,-1,-1
232,9,275.56,372.97,178.08,494.53,0.8270,-1,-1,-1
232,21,1851.47,402.86,65.19,90.99,0.5293,-1,-1,-1
232,31,1045.02,422.11,79.57,214.86,0.7539,-1,-1,-1
232,33,438.13,287.60,243.50,589.51,0.8570,-1,-1,-1
232,38,749.79,400.58,102.65,300.09,0.8365,-1,-1,-1
232,40,646.47,399.00,93.00,267.06,0.7758,-1,-1,-1
232,42,1470.09,478.02,148.01,410.82,0.3151,-1,-1,-1
233,2,855.92,301.78,183.91,583.62,0.8624,-1,-1,-1
233,6,1178.76,318.32,190.32,577.35,0.8610,-1,-1,-1
233,9,252.70,370.47,194.12,510.93,0.8719,-1,-1,-1
233,21,1848.97,408.14,67.31,88.71,0.5333,-1,-1,-1
233,31,1042.23,422.18,79.92,219.89,0.7542,-1,-1,-1
233,33,425.98,284.67,245.84,606.34,0.8818,-1,-1,-1
233,38,734.50,394.92,112.36,307.26,0.8272,-1,-1,-1
233,40,636.69,406.22,95.39,279.37,0.7756,-1,-1,-1
234,2,856.43,303.16,184.39,585.33,0.8705,-1,-1,-1
234,6,1173.08,321.97,194.17,574.87,0.8714,-1,-1,-1
234,9,247.52,367.77,189.58,522.69,0.8782,-1,-1,-1
234,21,1847.86,412.33,67.27,85.55,0.4893,-1,-1,-1
234,31,1036.32,426.64,81.33,218.17,0.7214,-1,-1,-1
234,33,410.80,280.44,242.86,616.84,0.8917,-1,-1,-1
234,38,735.10,391.09,107.56,312.73,0.8215,-1,-1,-1
234,40,630.70,403.74,96.97,287.45,0.7807,-1,-1,-1
235,2,855.44,304.27,185.17,588.85,0.8745,-1,-1,-1
235,6,1162.87,320.95,199.44,577.33,0.8779,-1,-1,-1
235,9,231.96,363.69,190.34,534.21,0.8850,-1,-1,-1
235,21,1850.33,413.75,64.38,86.16,0.4452,-1,-1,-1
235,31,1037.24,426.63,78.85,217.27,0.7095,-1,-1,-1
235,33,394.81,272.57,248.33,626.57,0.8764,-1,-1,-1
235,38,722.09,391.41,111.51,314.41,0.8086,-1,-1,-1
235,40,624.44,404.71,94.69,290.13,0.7870,-1,-1,-1
236,2,856.95,307.37,181.21,589.94,0.8761,-1,-1,-1
236,6,1156.67,323.41,204.52,576.47,0.8717,-1,-1,-1
236,9,218.21,362.86,194.43,536.33,0.8436,-1,-1,-1
236,21,1850.12,415.83,65.68,85.70,0.5010,-1,-1,-1
236,31,1032.17,428.78,82.30,213.91,0.6686,-1,-1,-1
236,33,386.20,269.35,241.84,635.66,0.8690,-1,-1,-1
236,38,721.74,392.31,108.84,319.20,0.7958,-1,-1,-1
236,40,612.74,405.94,100.83,302.67,0.8305,-1,-1,-1
237,2,858.56,312.05,177.24,588.97,0.8785,-1,-1,-1
237,6,1153.29,325.08,208.43,570.11,0.8787,-1,-1,-1
237,9,203.61,360.86,198.60,542.88,0.8655,-1,-1,-1
237,21,1849.33,416.45,66.62,87.90,0.5010,-1,-1,-1
237,31,1035.38,427.87,76.58,219.44,0.6896,-1,-1,-1
237,33,375.56,265.79,242.23,642.48,0.8656,-1,-1,-1
237,38,708.83,393.48,118.76,322.19,0.7997,-1,-1,-1
237,40,607.09,406.39,98.69,304.98,0.7909,-1,-1,-1
238,2,857.90,312.90,174.12,592.82,0.8761,-1,-1,-1
238,6,1148.11,329.34,213.45,563.03,0.8780,-1,-1,-1
238,9,190.22,351.26,197.84,557.49,0.8589,-1,-1,-1
238,21,1846.60,416.38,68.74,91.38,0.5428,-1,-1,-1
238,31,1036.81,427.23,74.25,221.99,0.5372,-1,-1,-1
238,33,360.23,260.09,239.85,658.06,0.8687,-1,-1,-1
238,38,713.76,388.26,112.45,327.07,0.8141,-1,-1,-1
238,40,598.84,406.26,102.95,306.32,0.7957,-1,-1,-1
239,2,856.22,318.60,173.46,590.70,0.8672,-1,-1,-1
239,6,1145.94,327.79,212.45,563.99,0.8813,-1,-1,-1
239,9,176.21,349.77,192.65,565.52,0.8869,-1,-1,-1
239,21,1847.18,418.54,66.06,91.35,0.5645,-1,-1,-1
239,31,1031.93,427.09,71.34,225.34,0.5560,-1,-1,-1
239,33,337.14,257.69,256.24,661.80,0.8638,-1,-1,-1
239,38,702.00,387.63,118.86,331.16,0.8318,-1,-1,-1
239,40,593.03,404.99,101.06,312.37,0.7613,-1,-1,-1
240,2,850.47,322.86,169.83,589.45,0.8586,-1,-1,-1
240,6,1135.83,327.29,218.70,568.21,0.8884,-1,-1,-1
240,9,152.17,345.71,205.13,575.15,0.8435,-1,-1,-1
240,21,1841.24,420.97,68.54,92.44,0.5892,-1,-1,-1
240,31,1030.50,433.73,73.87,228.10,0.5885,-1,-1,-1
240,33,307.50,252.68,282.99,670.55,0.8766,-1,-1,-1
240,38,697.46,388.11,119.17,334.57,0.8187,-1,-1,-1
240,40,588.45,407.13,101.02,313.70,0.7665,-1,-1,-1
241,2,844.01,323.32,168.33,589.39,0.8660,-1,-1,-1
241,6,1132.36,326.36,216.95,571.43,0.8763,-1,-1,-1
241,9,136.15,347.61,207.29,572.66,0.8463,-1,-1,-1
241,21,1840.37,423.76,68.74,89.25,0.4499,-1,-1,-1
241,31,1018.91,426.88,80.82,226.60,0.4998,-1,-1,-1
241,33,305.48,250.46,264.10,677.01,0.8830,-1,-1,-1
241,38,691.96,389.87,121.01,334.64,0.8158,-1,-1,-1
241,40,578.39,407.12,102.31,322.98,0.8253,-1,-1,-1
242,2,833.77,324.08,169.76,588.49,0.8503,-1,-1,-1
242,6,1130.04,328.45,215.52,570.28,0.8684,-1,-1,-1
242,9,99.41,340.10,232.15,590.60,0.8462,-1,-1,-1
242,21,1829.25,421.88,76.24,93.38,0.4364,-1,-1,-1
242,31,1012.57,424.39,78.24,232.65,0.5243,-1,-1,-1
242,33,282.29,245.60,280.12,695.93,0.8867,-1,-1,-1
242,38,682.75,389.82,121.95,338.05,0.8128,-1,-1,-1
242,40,569.33,403.85,103.18,328.23,0.8341,-1,-1,-1
243,2,824.80,318.82,174.54,591.94,0.8414,-1,-1,-1
243,6,1124.59,329.46,213.77,571.81,0.8705,-1,-1,-1
243,9,81.76,338.48,231.92,597.55,0.8169,-1,-1,-1
243,21,1825.84,420.70,71.21,94.24,0.5537,-1,-1,-1
243,31,1007.88,426.62,77.98,241.65,0.5488,-1,-1,-1
243,33,247.53,241.23,305.81,720.20,0.8872,-1,-1,-1
243,38,681.29,389.62,115.36,343.23,0.8163,-1,-1,-1
243,40,553.66,402.68,113.25,330.61,0.8133,-1,-1,-1
243,42,1441.83,473.09,160.40,426.31,0.4278,-1,-1,-1
244,2,815.19,317.19,178.87,591.96,0.8399,-1,-1,-1
244,6,1117.77,332.52,215.64,571.13,0.8609,-1,-1,-1
244,9,64.30,336.16,231.69,628.82,0.8240,-1,-1,-1
244,21,1823.51,421.36,70.93,92.45,0.5691,-1,-1,-1
244,31,1005.21,425.81,78.86,234.99,0.6818,-1,-1,-1
244,33,214.97,236.67,327.53,760.95,0.8654,-1,-1,-1
244,38,675.64,392.78,113.43,342.13,0.8387,-1,-1,-1
244,40,543.51,400.26,114.08,338.30,0.7690,-1,-1,-1
245,2,802.11,316.73,185.20,586.04,0.8471,-1,-1,-1
245,6,1114.55,333.04,214.99,571.33,0.8654,-1,-1,-1
245,9,23.56,336.02,256.37,635.63,0.8576,-1,-1,-1
245,21,1821.59,422.00,68.13,92.52,0.5663,-1,-1,-1
245,31,1003.74,412.61,75.75,241.70,0.5801,-1,-1,-1
245,33,202.35,236.79,328.42,747.50,0.8577,-1,-1,-1
245,38,666.01,393.55,118.23,345.61,0.8310,-1,-1,-1
245,40,531.78,398.80,114.79,345.48,0.7877,-1,-1,-1
246,2,792.93,316.56,193.07,577.22,0.8483,-1,-1,-1
246,6,1109.76,333.35,217.76,573.53,0.8730,-1,-1,-1
246,9,13.33,334.33,243.72,643.25,0.8508,-1,-1,-1
246,21,1817.98,422.02,67.83,92.01,0.5319,-1,-1,-1
246,31,998.59,418.15,75.22,232.43,0.6106,-1,-1,-1
246,33,183.15,232.99,339.80,801.87,0.8852,-1,-1,-1
246,38,653.05,392.19,123.20,353.49,0.8209,-1,-1,-1
246,40,520.50,397.38,121.74,350.41,0.8026,-1,-1,-1
247,2,788.96,316.74,195.46,576.24,0.8435,-1,-1,-1
247,6,1105.24,335.60,220.55,573.51,0.8730,-1,-1,-1
247,9,-1.26,336.31,245.39,657.23,0.8650,-1,-1,-1
247,21,1810.38,420.41,70.22,92.63,0.5255,-1,-1,-1
247,31,994.81,430.78,74.99,222.23,0.5133,-1,-1,-1
247,33,146.99,230.38,363.31,814.50,0.8751,-1,-1,-1
247,38,646.52,393.38,126.95,355.63,0.8230,-1,-1,-1
247,40,514.09,398.62,117.29,359.21,0.7666,-1,-1,-1
247,45,952.09,393.32,58.98,337.92,0.3265,-1,-1,-1
248,2,783.45,320.19,203.43,577.18,0.8274,-1,-1,-1
248,6,1100.36,335.79,221.50,583.86,0.8772,-1,-1,-1
248,9,-2.97,335.19,233.95,681.89,0.8501,-1,-1,-1
248,21,1817.80,425.59,57.91,91.97,0.3501,-1,-1,-1
248,31,992.77,426.59,71.59,236.45,0.4327,-1,-1,-1
248,33,110.66,230.14,386.72,810.61,0.8777,-1,-1,-1
248,38,640.38,397.52,125.10,358.21,0.7828,-1,-1,-1
248,40,505.78,400.13,115.37,366.79,0.8085,-1,-1,-1
248,45,946.27,386.28,61.04,357.70,0.4089,-1,-1,-1
249,2,779.50,322.96,194.18,578.92,0.8298,-1,-1,-1
249,6,1101.88,338.69,218.36,586.89,0.8771,-1,-1,-1
249,9,-0.49,354.51,202.69,686.21,0.8295,-1,-1,-1
249,21,1804.39,425.25,71.11,91.28,0.4910,-1,-1,-1
249,31,988.62,439.75,71.75,242.72,0.3226,-1,-1,-1
249,33,95.44,225.65,382.53,837.55,0.8829,-1,-1,-1
249,38,631.75,395.68,131.46,367.78,0.7802,-1,-1,-1
249,40,497.27,403.58,122.62,377.22,0.7966,-1,-1,-1
249,42,1409.46,480.14,170.37,438.08,0.3766,-1,-1,-1
249,45,940.68,367.24,67.04,381.30,0.5874,-1,-1,-1
250,2,775.46,321.66,196.20,584.03,0.8366,-1,-1,-1
250,6,1102.05,339.46,217.78,589.11,0.8789,-1,-1,-1
250,9,-0.74,343.12,184.80,723.53,0.8306,-1,-1,-1
250,21,1811.22,426.72,65.99,90.56,0.3875,-1,-1,-1
250,33,81.29,220.96,382.21,848.90,0.8588,-1,-1,-1
250,38,628.85,396.13,131.54,373.05,0.8157,-1,-1,-1
250,40,493.58,406.87,120.36,380.12,0.7876,-1,-1,-1
250,45,937.74,371.99,71.92,379.89,0.5606,-1,-1,-1
251,2,774.81,326.93,195.06,586.43,0.8482,-1,-1,-1
251,6,1103.49,338.53,216.63,592.41,0.8795,-1,-1,-1
251,9,-2.40,338.87,174.09,731.07,0.8394,-1,-1,-1
251,21,1808.99,428.88,70.93,88.02,0.3565,-1,-1,-1
251,33,73.50,216.79,372.91,856.96,0.8853,-1,-1,-1
251,38,625.63,398.53,133.78,376.09,0.8166,-1,-1,-1
251,40,486.63,412.78,127.10,380.93,0.8383,-1,-1,-1
251,45,939.43,371.10,67.59,383.96,0.4818,-1,-1,-1
252,2,774.46,329.30,190.23,591.83,0.8511,-1,-1,-1
252,6,1104.27,341.51,216.43,591.66,0.8808,-1,-1,-1
252,9,-1.57,338.35,156.77,732.89,0.8276,-1,-1,-1
252,21,1806.74,430.37,78.24,88.09,0.3163,-1,-1,-1
252,33,68.40,210.95,364.22,863.19,0.8887,-1,-1,-1
252,38,610.63,399.86,146.30,379.95,0.8207,-1,-1,-1
252,40,478.27,414.49,132.46,382.61,0.8333,-1,-1,-1
252,45,937.14,361.52,75.96,395.93,0.4317,-1,-1,-1
253,2,773.99,330.18,190.93,597.56,0.8524,-1,-1,-1
253,6,1109.26,340.52,213.89,594.59,0.8715,-1,-1,-1
253,9,-0.26,335.54,138.43,738.94,0.8349,-1,-1,-1
253,21,1813.65,427.27,71.75,88.82,0.3178,-1,-1,-1
253,33,69.87,201.95,349.51,865.49,0.9058,-1,-1,-1
253,38,602.15,397.20,153.24,378.50,0.8345,-1,-1,-1
253,40,473.13,412.77,136.11,389.93,0.8362,-1,-1,-1
253,45,933.03,369.87,79.71,387.14,0.4859,-1,-1,-1
254,2,775.03,334.40,194.29,595.73,0.8484,-1,-1,-1
254,6,1112.65,339.62,211.18,591.86,0.8704,-1,-1,-1
254,9,0.86,336.79,123.69,735.88,0.8303,-1,-1,-1
254,21,1817.72,424.37,71.45,83.00,0.3259,-1,-1,-1
254,33,51.16,197.03,352.58,871.97,0.9120,-1,-1,-1
254,38,603.34,399.02,152.98,380.34,0.8475,-1,-1,-1
254,40,470.71,416.60,134.06,395.81,0.8382,-1,-1,-1
254,45,943.44,389.51,111.43,375.20,0.6338,-1,-1,-1
255,2,777.53,339.36,200.08,593.06,0.8591,-1,-1,-1
255,6,1116.09,338.02,213.87,589.84,0.8781,-1,-1,-1
255,9,2.98,333.40,105.77,740.80,0.7594,-1,-1,-1
255,21,1822.12,423.91,74.43,89.98,0.4646,-1,-1,-1
255,33,32.07,188.04,364.44,884.17,0.9114,-1,-1,-1
255,38,601.16,399.52,156.25,384.19,0.8396,-1,-1,-1
255,40,469.49,416.33,133.89,400.34,0.8350,-1,-1,-1
255,45,945.68,396.58,120.13,370.19,0.6910,-1,-1,-1
256,2,786.30,346.93,192.19,588.23,0.8654,-1,-1,-1
256,6,1121.26,341.56,215.84,583.19,0.8771,-1,-1,-1
256,9,3.28,334.20,93.16,737.73,0.7023,-1,-1,-1
256,21,1822.66,424.73,84.37,92.56,0.5415,-1,-1,-1
256,33,14.55,178.16,375.25,896.78,0.9073,-1,-1,-1
256,38,596.86,402.08,163.13,388.42,0.8378,-1,-1,-1
256,40,466.61,415.62,139.77,407.33,0.8295,-1,-1,-1
256,45,949.10,396.54,127.29,372.48,0.6654,-1,-1,-1
257,2,791.20,352.24,193.94,581.99,0.8738,-1,-1,-1
257,6,1128.38,341.86,213.31,578.74,0.8827,-1,-1,-1
257,9,2.96,415.11,83.05,651.27,0.5349,-1,-1,-1
257,21,1832.27,425.91,76.84,92.85,0.3616,-1,-1,-1
257,33,7.20,180.19,372.72,887.71,0.9080,-1,-1,-1
257,38,595.87,400.86,162.22,397.47,0.8300,-1,-1,-1
257,40,464.84,415.67,140.43,411.89,0.8238,-1,-1,-1
257,45,954.21,420.37,128.87,352.02,0.5360,-1,-1,-1
258,2,797.63,349.94,190.24,584.65,0.8659,-1,-1,-1
258,6,1134.64,340.45,211.08,580.96,0.8779,-1,-1,-1
258,21,1826.66,421.20,87.24,95.91,0.4488,-1,-1,-1
258,33,1.15,174.06,373.41,893.58,0.9189,-1,-1,-1
258,38,593.47,400.78,164.19,405.83,0.8384,-1,-1,-1
258,40,464.13,412.73,137.17,414.38,0.8270,-1,-1,-1
258,45,960.64,439.48,126.86,331.76,0.5044,-1,-1,-1
259,2,800.39,350.38,191.06,587.31,0.8703,-1,-1,-1
259,6,1139.10,340.50,208.83,581.31,0.8937,-1,-1,-1
259,21,1849.19,421.43,69.45,94.19,0.4239,-1,-1,-1
259,33,-0.69,168.50,371.61,899.50,0.9223,-1,-1,-1
259,38,586.67,405.00,170.74,401.64,0.8511,-1,-1,-1
259,40,458.60,409.59,137.13,413.93,0.8326,-1,-1,-1
259,45,963.44,427.40,125.21,343.79,0.5863,-1,-1,-1
260,2,804.81,347.42,192.12,588.74,0.8503,-1,-1,-1
260,6,1145.65,339.92,205.33,588.36,0.8959,-1,-1,-1
260,21,1852.38,423.39,67.09,93.63,0.3699,-1,-1,-1
260,33,-0.58,159.09,366.40,910.68,0.9302,-1,-1,-1
260,38,583.51,409.77,174.35,401.13,0.8414,-1,-1,-1
260,40,452.21,407.30,142.71,421.34,0.8239,-1,-1,-1
260,45,979.71,431.47,114.02,337.43,0.5954,-1,-1,-1
261,2,817.52,343.24,183.15,574.26,0.8508,-1,-1,-1
261,6,1148.27,340.28,204.23,589.56,0.9040,-1,-1,-1
261,21,1853.43,424.21,65.89,94.46,0.3955,-1,-1,-1
261,33,-0.41,150.30,359.03,921.78,0.9334,-1,-1,-1
261,38,585.98,411.01,169.14,405.70,0.8246,-1,-1,-1
261,40,449.43,403.83,143.96,424.93,0.8192,-1,-1,-1
261,45,976.47,430.93,119.64,341.31,0.6729,-1,-1,-1
261,48,784.40,454.51,56.58,205.36,0.5751,-1,-1,-1
262,2,822.34,341.21,181.02,568.05,0.8614,-1,-1,-1
262,6,1151.58,339.46,203.69,591.32,0.9056,-1,-1,-1
262,21,1860.87,423.10,58.47,95.15,0.4688,-1,-1,-1
262,33,-0.22,142.47,348.72,930.47,0.9328,-1,-1,-1
262,38,592.70,411.05,157.08,409.11,0.7844,-1,-1,-1
262,40,445.28,403.62,143.66,433.20,0.8478,-1,-1,-1
262,45,977.14,428.77,123.20,343.91,0.6617,-1,-1,-1
262,48,783.92,455.22,58.50,207.96,0.5738,-1,-1,-1
263,2,826.85,341.03,175.44,564.87,0.8499,-1,-1,-1
263,6,1156.17,336.88,202.53,594.61,0.9056,-1,-1,-1
263,21,1864.08,423.30,55.40,94.08,0.3671,-1,-1,-1
263,33,-0.02,128.99,336.39,943.07,0.9310,-1,-1,-1
263,38,589.42,407.66,153.45,419.57,0.7173,-1,-1,-1
263,40,439.50,400.38,144.00,440.73,0.8473,-1,-1,-1
263,45,984.59,426.30,121.38,346.22,0.6633,-1,-1,-1
263,48,784.32,451.28,60.86,212.24,0.5936,-1,-1,-1
264,2,825.75,339.80,176.66,564.20,0.8388,-1,-1,-1
264,6,1158.28,335.67,203.06,595.99,0.8981,-1,-1,-1
264,21,1865.06,419.94,46.09,93.72,0.3381,-1,-1,-1
264,33,0.28,122.65,322.43,947.00,0.9193,-1,-1,-1
264,38,585.57,403.25,152.41,425.86,0.7753,-1,-1,-1
264,40,425.10,394.52,158.47,456.43,0.8481,-1,-1,-1
264,45,983.90,420.70,131.54,352.84,0.6284,-1,-1,-1
264,48,787.16,448.55,58.77,216.65,0.6358,-1,-1,-1
265,2,829.92,329.09,169.54,569.60,0.8415,-1,-1,-1
265,6,1159.27,333.80,203.62,598.43,0.8975,-1,-1,-1
265,21,1868.84,420.11,50.42,94.91,0.3797,-1,-1,-1
265,33,0.85,114.01,303.71,953.42,0.8963,-1,-1,-1
265,38,586.34,395.17,142.77,428.83,0.7814,-1,-1,-1
265,40,413.37,394.88,164.77,455.50,0.8464,-1,-1,-1
265,45,997.29,413.25,125.31,357.21,0.7845,-1,-1,-1
265,48,786.64,444.98,62.00,228.91,0.6929,-1,-1,-1
266,2,832.43,323.70,168.80,578.14,0.8497,-1,-1,-1
266,6,1160.50,331.40,203.25,601.72,0.8977,-1,-1,-1
266,21,1877.45,419.49,41.98,95.34,0.4605,-1,-1,-1
266,33,2.42,119.42,280.05,940.92,0.8296,-1,-1,-1
266,38,574.25,389.10,151.99,428.19,0.7627,-1,-1,-1
266,40,405.57,397.50,159.50,454.87,0.8252,-1,-1,-1
266,45,997.23,408.18,139.67,359.78,0.7644,-1,-1,-1
266,48,785.77,443.63,65.61,229.75,0.7495,-1,-1,-1
267,2,837.01,323.36,164.97,579.22,0.8438,-1,-1,-1
267,6,1162.66,330.34,203.22,603.41,0.8953,-1,-1,-1
267,21,1882.29,418.54,37.18,94.94,0.4993,-1,-1,-1
267,33,3.23,235.06,251.82,817.65,0.8203,-1,-1,-1
267,38,544.99,379.02,179.06,445.98,0.8280,-1,-1,-1
267,40,404.22,389.87,152.77,465.56,0.8340,-1,-1,-1
267,45,1007.99,405.48,131.55,359.46,0.7735,-1,-1,-1
267,48,786.29,442.63,67.98,234.92,0.7604,-1,-1,-1
267,49,722.03,467.32,41.22,141.54,0.3079,-1,-1,-1
268,2,843.58,324.23,155.98,580.38,0.8449,-1,-1,-1
268,6,1162.99,327.66,203.45,604.70,0.8973,-1,-1,-1
268,21,1883.74,416.18,35.63,95.72,0.4885,-1,-1,-1
268,33,4.62,239.67,209.24,751.58,0.8355,-1,-1,-1
268,38,552.21,373.79,168.24,453.00,0.8388,-1,-1,-1
268,40,402.36,389.76,153.56,469.19,0.8423,-1,-1,-1
268,45,1011.23,403.65,130.09,362.77,0.8019,-1,-1,-1
268,48,785.25,441.23,71.71,236.25,0.7924,-1,-1,-1
268,49,721.26,466.95,40.86,140.55,0.3099,-1,-1,-1
269,2,847.34,325.09,151.05,579.61,0.8457,-1,-1,-1
269,6,1162.42,324.39,204.48,612.49,0.8878,-1,-1,-1
269,21,1885.16,412.70,34.13,98.91,0.4547,-1,-1,-1
269,33,2.38,223.03,182.13,819.57,0.8226,-1,-1,-1
269,38,548.26,362.25,167.08,464.24,0.8325,-1,-1,-1
269,40,393.88,379.34,156.25,482.83,0.8693,-1,-1,-1
269,45,1002.74,400.79,142.66,371.47,0.7268,-1,-1,-1
269,48,784.56,438.34,70.95,235.13,0.7776,-1,-1,-1
270,2,831.02,319.64,168.31,582.94,0.8154,-1,-1,-1
270,6,1161.16,317.44,203.60,615.59,0.8821,-1,-1,-1
270,21,1888.05,410.09,31.31,100.65,0.3747,-1,-1,-1
270,33,-1.92,231.25,162.25,549.15,0.5930,-1,-1,-1
270,38,543.09,350.51,171.82,473.86,0.8410,-1,-1,-1
270,40,384.39,369.55,164.33,489.93,0.8761,-1,-1,-1
270,45,1002.62,396.49,147.16,373.42,0.6435,-1,-1,-1
270,48,782.73,434.11,71.25,232.24,0.7537,-1,-1,-1
271,2,832.24,320.63,164.70,578.89,0.7981,-1,-1,-1
271,6,1160.82,316.02,202.62,610.88,0.8906,-1,-1,-1
271,21,1891.23,404.79,28.08,103.96,0.3269,-1,-1,-1
271,33,2.04,221.02,125.79,575.65,0.3996,-1,-1,-1
271,38,536.16,347.78,175.59,474.52,0.8421,-1,-1,-1
271,40,374.33,364.08,170.93,495.13,0.8749,-1,-1,-1
271,45,1010.43,396.29,138.00,374.04,0.7602,-1,-1,-1
271,48,780.66,430.10,71.61,231.79,0.7620,-1,-1,-1
272,2,839.61,318.27,148.18,576.23,0.8417,-1,-1,-1
272,6,1159.11,309.21,200.38,610.09,0.8949,-1,-1,-1
272,21,1887.18,403.35,32.19,102.07,0.3500,-1,-1,-1
272,33,-0.40,239.16,98.91,567.96,0.3168,-1,-1,-1
272,38,530.18,344.66,174.79,477.23,0.8577,-1,-1,-1
272,40,356.06,350.95,171.28,508.12,0.8719,-1,-1,-1
272,45,1009.77,393.74,137.97,372.43,0.7888,-1,-1,-1
272,48,776.07,425.29,71.86,227.80,0.7923,-1,-1,-1
272,49,710.53,458.63,40.93,134.34,0.3516,-1,-1,-1
273,2,830.39,317.25,154.48,571.05,0.8369,-1,-1,-1
273,6,1154.68,304.81,201.08,609.02,0.8988,-1,-1,-1
273,21,1881.89,396.98,37.38,103.91,0.4526,-1,-1,-1
273,38,524.34,339.96,171.75,478.40,0.8675,-1,-1,-1
273,40,341.32,343.11,169.77,512.76,0.8804,-1,-1,-1
273,45,1007.48,391.59,138.24,374.78,0.7886,-1,-1,-1
273,48,768.07,418.84,74.44,227.83,0.7444,-1,-1,-1
273,49,703.19,449.29,44.47,138.76,0.3993,-1,-1,-1
273,51,961.43,359.72,66.64,397.65,0.3754,-1,-1,-1
274,2,825.59,306.53,155.21,577.61,0.8516,-1,-1,-1
274,6,1149.84,301.43,204.16,604.14,0.8962,-1,-1,-1
274,21,1879.97,390.13,39.28,108.03,0.4736,-1,-1,-1
274,38,518.41,334.76,181.69,489.73,0.8622,-1,-1,-1
274,40,330.98,333.42,166.28,517.75,0.8700,-1,-1,-1
274,45,998.03,387.27,146.49,378.32,0.7957,-1,-1,-1
274,48,765.76,413.21,71.15,241.47,0.7064,-1,-1,-1
274,49,699.86,444.10,42.03,139.17,0.4363,-1,-1,-1
275,2,811.99,300.96,169.09,575.45,0.8568,-1,-1,-1
275,6,1138.78,293.94,212.67,599.35,0.8891,-1,-1,-1
275,21,1872.25,393.50,47.35,102.97,0.4520,-1,-1,-1
275,38,506.80,325.91,187.39,496.90,0.8632,-1,-1,-1
275,40,316.14,321.49,177.46,524.84,0.8608,-1,-1,-1
275,45,987.38,380.39,154.53,382.23,0.8150,-1,-1,-1
275,48,758.41,403.46,71.24,250.69,0.6669,-1,-1,-1
275,52,2.93,660.50,193.18,419.04,0.5317,-1,-1,-1
276,2,804.43,288.19,165.21,582.66,0.8375,-1,-1,-1
276,6,1135.50,288.62,213.88,594.51,0.8893,-1,-1,-1
276,21,1871.13,391.13,48.24,101.15,0.3670,-1,-1,-1
276,38,498.34,317.96,187.80,507.35,0.8691,-1,-1,-1
276,40,299.31,316.70,183.08,531.59,0.8739,-1,-1,-1
276,45,981.97,372.84,154.78,387.78,0.8270,-1,-1,-1
276,48,752.36,398.45,69.08,252.87,0.6719,-1,-1,-1
276,51,941.41,325.25,61.46,414.72,0.4669,-1,-1,-1
277,2,796.96,282.24,165.05,567.20,0.8438,-1,-1,-1
277,6,1130.21,280.51,216.12,595.29,0.8844,-1,-1,-1
277,21,1869.21,385.17,50.34,98.55,0.3430,-1,-1,-1
277,38,488.76,304.63,188.14,508.57,0.8567,-1,-1,-1
277,40,288.68,302.66,176.41,548.74,0.8824,-1,-1,-1
277,45,993.57,366.36,139.44,394.69,0.7624,-1,-1,-1
277,48,743.77,391.87,68.36,248.42,0.6609,-1,-1,-1
277,51,939.86,326.04,66.80,412.83,0.4954,-1,-1,-1
278,2,785.87,277.92,168.80,561.21,0.8564,-1,-1,-1
278,6,1124.81,274.82,215.04,596.58,0.8731,-1,-1,-1
278,21,1864.55,379.77,54.87,97.97,0.3429,-1,-1,-1
278,38,481.07,298.21,182.91,527.07,0.8624,-1,-1,-1
278,40,273.77,301.22,176.45,554.43,0.8596,-1,-1,-1
278,45,977.54,354.39,153.65,400.02,0.7673,-1,-1,-1
278,48,740.60,387.42,63.74,239.17,0.6235,-1,-1,-1
278,49,672.92,420.62,44.12,134.63,0.3239,-1,-1,-1
278,51,936.86,342.95,90.58,385.31,0.4709,-1,-1,-1
279,2,775.53,268.73,176.75,563.62,0.8400,-1,-1,-1
279,6,1121.77,266.27,217.53,597.53,0.8720,-1,-1,-1
279,21,1862.55,374.83,56.80,98.31,0.4475,-1,-1,-1
279,38,473.17,294.56,183.73,531.18,0.8796,-1,-1,-1
279,40,257.51,293.75,188.17,569.29,0.8748,-1,-1,-1
279,45,976.46,345.21,153.62,402.86,0.7964,-1,-1,-1
279,48,733.05,376.48,66.39,242.12,0.6374,-1,-1,-1
279,51,926.32,306.76,72.56,406.08,0.6060,-1,-1,-1
280,2,773.66,259.89,172.97,562.33,0.8441,-1,-1,-1
280,6,1117.74,256.61,220.14,602.17,0.8694,-1,-1,-1
280,21,1862.68,370.36,56.80,96.41,0.4229,-1,-1,-1
280,38,469.60,281.35,183.31,545.38,0.8745,-1,-1,-1
280,40,246.17,278.07,188.21,581.92,0.8668,-1,-1,-1
280,45,981.42,334.33,148.30,407.64,0.7759,-1,-1,-1
280,48,730.17,370.66,65.84,246.80,0.6923,-1,-1,-1
280,51,925.84,299.03,75.53,409.17,0.4329,-1,-1,-1
281,2,776.48,250.68,173.17,555.77,0.8472,-1,-1,-1
281,6,1120.47,250.38,217.95,600.83,0.8828,-1,-1,-1
281,21,1866.26,363.19,53.14,96.02,0.4042,-1,-1,-1
281,38,463.98,271.33,187.91,554.40,0.8880,-1,-1,-1
281,40,234.07,270.72,200.03,590.51,0.8720,-1,-1,-1
281,45,983.11,319.55,148.00,419.87,0.7970,-1,-1,-1
281,48,729.03,366.00,61.55,235.97,0.6348,-1,-1,-1
281,51,922.96,279.21,82.66,420.25,0.6049,-1,-1,-1
282,2,762.37,236.83,187.33,570.87,0.8553,-1,-1,-1
282,6,1117.05,239.73,219.89,606.45,0.8778,-1,-1,-1
282,21,1870.38,353.87,48.84,99.28,0.3752,-1,-1,-1
282,38,458.97,245.17,193.24,572.98,0.8818,-1,-1,-1
282,40,225.48,250.49,205.82,600.33,0.8829,-1,-1,-1
282,45,986.16,306.71,144.39,422.62,0.7747,-1,-1,-1
282,48,727.67,355.14,62.44,246.35,0.6160,-1,-1,-1
282,49,661.94,385.16,40.87,149.98,0.3101,-1,-1,-1
282,51,919.61,270.06,78.05,413.94,0.4655,-1,-1,-1
283,2,762.13,230.54,188.36,569.37,0.8246,-1,-1,-1
283,6,1118.95,228.41,221.77,608.44,0.8830,-1,-1,-1
283,21,1870.51,344.51,48.77,101.95,0.4119,-1,-1,-1
283,38,452.54,228.69,199.18,576.67,0.8750,-1,-1,-1
283,40,211.92,237.92,214.69,610.76,0.8724,-1,-1,-1
283,45,984.48,298.24,148.00,429.59,0.7855,-1,-1,-1
283,48,726.12,345.73,62.41,252.09,0.6341,-1,-1,-1
283,49,662.99,377.26,38.13,142.90,0.3447,-1,-1,-1
283,51,919.90,261.87,73.96,414.72,0.5174,-1,-1,-1
284,2,764.30,222.96,188.71,569.13,0.8239,-1,-1,-1
284,6,1120.93,220.42,222.93,616.08,0.8841,-1,-1,-1
284,38,442.37,220.62,210.52,573.39,0.8764,-1,-1,-1
284,40,204.43,225.72,216.88,630.06,0.8726,-1,-1,-1
284,45,976.81,288.67,161.89,435.79,0.7917,-1,-1,-1
284,48,724.65,341.48,64.57,245.17,0.6229,-1,-1,-1
284,51,918.95,254.25,73.54,418.71,0.5822,-1,-1,-1
285,2,767.99,215.29,184.70,573.85,0.8501,-1,-1,-1
285,6,1122.34,212.75,225.32,619.94,0.8895,-1,-1,-1
285,21,1878.26,318.22,40.93,111.79,0.3145,-1,-1,-1
285,38,435.51,207.38,218.67,590.91,0.8818,-1,-1,-1
285,40,194.12,212.86,222.99,635.62,0.8813,-1,-1,-1
285,45,980.80,282.37,161.99,439.62,0.7205,-1,-1,-1
285,48,725.76,332.98,65.48,251.07,0.6384,-1,-1,-1
285,49,664.73,364.26,37.97,139.67,0.4341,-1,-1,-1
285,51,922.15,247.27,71.64,420.77,0.3616,-1,-1,-1
286,2,772.64,210.46,182.05,573.78,0.8570,-1,-1,-1
286,6,1124.95,206.31,225.26,623.90,0.8913,-1,-1,-1
286,38,434.86,191.21,219.45,596.80,0.8973,-1,-1,-1
286,40,180.91,200.21,226.20,645.64,0.8713,-1,-1,-1
286,45,972.70,273.20,179.08,456.57,0.7828,-1,-1,-1
286,48,724.58,323.49,69.38,254.03,0.6690,-1,-1,-1
286,49,666.44,361.00,37.51,144.24,0.4433,-1,-1,-1
286,51,920.95,236.75,74.92,425.31,0.4866,-1,-1,-1
287,2,779.56,203.60,175.33,574.02,0.8644,-1,-1,-1
287,6,1125.15,201.80,233.37,619.35,0.8860,-1,-1,-1
287,38,432.61,178.16,221.82,607.22,0.9020,-1,-1,-1
287,40,172.96,186.57,227.90,653.91,0.8781,-1,-1,-1
287,45,973.75,261.48,185.69,458.88,0.7521,-1,-1,-1
287,48,726.13,312.97,72.90,260.63,0.7311,-1,-1,-1
287,49,671.19,349.40,34.49,148.56,0.3274,-1,-1,-1
287,51,922.33,231.84,80.09,422.24,0.5898,-1,-1,-1
288,2,778.63,200.34,180.76,569.57,0.8553,-1,-1,-1
288,6,1141.00,191.94,226.41,624.61,0.8756,-1,-1,-1
288,38,430.91,166.46,222.99,619.65,0.8977,-1,-1,-1
288,40,168.09,177.60,226.57,660.30,0.8819,-1,-1,-1
288,45,987.03,258.02,180.91,462.57,0.6575,-1,-1,-1
288,48,730.98,304.37,70.26,260.94,0.7740,-1,-1,-1
288,49,672.62,340.29,40.34,151.77,0.4637,-1,-1,-1
288,51,919.78,226.70,83.73,414.36,0.4561,-1,-1,-1
289,2,782.26,189.91,187.01,568.95,0.8407,-1,-1,-1
289,6,1147.67,184.60,229.79,627.48,0.8710,-1,-1,-1
289,38,419.58,161.69,236.93,635.73,0.9001,-1,-1,-1
289,40,153.70,161.72,233.81,674.83,0.8979,-1,-1,-1
289,45,1006.64,255.12,165.22,467.18,0.6341,-1,-1,-1
289,48,731.90,298.22,73.86,268.77,0.7496,-1,-1,-1
289,49,678.76,333.86,39.58,152.62,0.3440,-1,-1,-1
289,51,928.44,224.21,74.52,402.83,0.5350,-1,-1,-1
290,2,789.31,189.14,191.17,570.17,0.8397,-1,-1,-1
290,6,1160.56,183.21,222.32,623.33,0.8729,-1,-1,-1
290,38,414.86,154.44,243.04,654.50,0.9081,-1,-1,-1
290,40,148.76,148.80,231.59,687.30,0.9037,-1,-1,-1
290,45,1025.50,246.20,155.03,480.89,0.7888,-1,-1,-1
290,48,734.86,295.77,74.14,266.30,0.7410,-1,-1,-1
290,49,684.99,332.66,40.90,153.49,0.4235,-1,-1,-1
290,51,939.66,225.82,98.06,407.55,0.4266,-1,-1,-1
291,2,798.46,184.93,182.60,565.41,0.8221,-1,-1,-1
291,6,1175.00,179.49,214.39,621.27,0.8647,-1,-1,-1
291,38,408.64,151.77,251.44,659.33,0.9073,-1,-1,-1
291,40,136.53,140.74,239.44,696.24,0.9061,-1,-1,-1
291,45,1029.60,239.02,160.65,490.81,0.7919,-1,-1,-1
291,48,738.61,288.40,76.76,268.46,0.7281,-1,-1,-1
291,51,944.35,216.14,90.53,411.35,0.3625,-1,-1,-1
292,2,797.83,181.14,188.92,559.43,0.8275,-1,-1,-1
292,6,1183.13,172.50,216.33,616.36,0.8789,-1,-1,-1
292,38,404.68,150.89,257.39,671.98,0.9081,-1,-1,-1
292,40,129.76,135.34,234.09,711.43,0.9044,-1,-1,-1
292,45,1032.96,232.85,167.15,490.75,0.8050,-1,-1,-1
292,48,740.13,282.84,81.24,272.42,0.7391,-1,-1,-1
292,51,948.41,207.78,83.93,415.16,0.3778,-1,-1,-1
293,2,810.23,175.34,182.25,552.78,0.8412,-1,-1,-1
293,6,1192.10,170.59,213.45,608.43,0.8885,-1,-1,-1
293,38,399.59,146.63,259.25,689.77,0.9056,-1,-1,-1
293,40,109.75,134.56,247.82,735.99,0.8795,-1,-1,-1
293,45,1036.80,230.26,179.62,495.83,0.8318,-1,-1,-1
293,48,744.79,278.46,84.01,274.06,0.7465,-1,-1,-1
293,51,961.44,201.16,92.37,415.18,0.6725,-1,-1,-1
294,2,820.13,172.75,177.31,552.99,0.8252,-1,-1,-1
294,6,1209.38,170.47,207.23,610.91,0.8751,-1,-1,-1
294,38,397.61,145.31,259.88,702.01,0.9051,-1,-1,-1
294,40,77.72,134.32,275.07,757.23,0.8920,-1,-1,-1
294,45,1045.68,226.56,180.24,499.43,0.8480,-1,-1,-1
294,48,750.66,279.15,88.00,273.54,0.7557,-1,-1,-1
294,51,965.00,200.46,97.94,430.66,0.7162,-1,-1,-1
295,2,828.37,182.45,179.17,550.03,0.8324,-1,-1,-1
295,6,1225.01,171.63,199.17,614.56,0.8756,-1,-1,-1
295,38,393.52,142.11,264.71,732.66,0.9053,-1,-1,-1
295,40,53.82,131.27,292.45,770.04,0.8917,-1,-1,-1
295,45,1052.91,220.52,184.16,512.67,0.8543,-1,-1,-1
295,48,757.32,278.99,89.30,277.01,0.7887,-1,-1,-1
295,51,971.79,201.74,87.37,431.69,0.6423,-1,-1,-1
296,2,838.81,176.26,172.07,555.82,0.8424,-1,-1,-1
296,6,1236.26,173.10,195.73,617.70,0.8679,-1,-1,-1
296,38,387.85,136.47,273.24,748.82,0.9054,-1,-1,-1
296,40,33.04,131.84,304.34,780.77,0.8953,-1,-1,-1
296,45,1061.57,209.70,183.44,536.28,0.8657,-1,-1,-1
296,48,759.98,277.20,92.89,279.15,0.7958,-1,-1,-1
296,51,973.42,200.43,96.96,429.31,0.6076,-1,-1,-1
297,2,851.63,178.03,160.87,556.67,0.8250,-1,-1,-1
297,6,1250.71,172.22,192.10,627.11,0.8733,-1,-1,-1
297,38,379.64,129.88,278.02,760.03,0.9120,-1,-1,-1
297,40,28.06,127.48,302.80,802.26,0.8992,-1,-1,-1
297,45,1070.65,207.24,194.08,539.98,0.8557,-1,-1,-1
297,48,768.58,276.44,88.82,278.31,0.7944,-1,-1,-1
297,51,979.01,207.64,115.12,412.39,0.6995,-1,-1,-1
298,2,856.99,180.06,163.84,556.63,0.8205,-1,-1,-1
298,6,1261.64,171.80,188.35,631.56,0.8680,-1,-1,-1
298,38,374.18,117.74,281.27,778.11,0.9057,-1,-1,-1
298,40,27.20,124.28,297.30,817.77,0.9006,-1,-1,-1
298,45,1077.37,204.34,196.07,547.02,0.8600,-1,-1,-1
298,48,773.33,278.78,89.14,273.46,0.8061,-1,-1,-1
298,51,986.07,215.05,102.79,417.95,0.6982,-1,-1,-1
299,2,866.51,181.40,155.97,555.68,0.8374,-1,-1,-1
299,6,1263.24,168.74,191.08,636.92,0.8652,-1,-1,-1
299,38,366.11,105.12,284.64,796.38,0.9077,-1,-1,-1
299,40,19.93,112.30,301.23,848.14,0.8969,-1,-1,-1
299,45,1077.26,204.42,208.32,552.59,0.8725,-1,-1,-1
299,48,778.39,277.72,91.18,279.32,0.7903,-1,-1,-1
299,51,991.83,203.00,97.96,428.59,0.6977,-1,-1,-1
300,2,867.56,184.43,156.46,559.36,0.8301,-1,-1,-1
300,6,1256.41,168.62,205.02,640.92,0.8556,-1,-1,-1
300,38,351.50,95.00,298.69,811.94,0.9086,-1,-1,-1
300,40,8.64,105.48,309.29,876.70,0.8934,-1,-1,-1
300,45,1084.84,201.72,214.42,570.77,0.8650,-1,-1,-1
300,48,781.48,277.01,94.67,279.46,0.7576,-1,-1,-1
300,51,998.44,201.53,96.11,426.47,0.7377,-1,-1,-1
301,2,871.80,182.36,154.57,559.17,0.8477,-1,-1,-1
301,6,1251.81,166.22,216.66,649.37,0.8449,-1,-1,-1
301,38,339.35,80.46,307.10,832.43,0.9150,-1,-1,-1
301,40,0.11,95.82,307.99,893.14,0.9063,-1,-1,-1
301,45,1089.39,200.94,217.07,585.57,0.8558,-1,-1,-1
301,48,783.29,277.21,95.57,278.62,0.7729,-1,-1,-1
301,51,1004.77,201.86,104.92,424.60,0.7579,-1,-1,-1
302,2,875.43,184.34,152.75,558.87,0.8388,-1,-1,-1
302,6,1261.34,169.99,209.53,649.23,0.8354,-1,-1,-1
302,38,323.23,73.16,319.14,842.38,0.8990,-1,-1,-1
302,40,-0.51,80.98,291.31,917.72,0.8998,-1,-1,-1
302,45,1096.64,199.11,213.82,581.94,0.8600,-1,-1,-1
302,48,781.71,277.16,98.86,280.73,0.7837,-1,-1,-1
302,51,1008.12,201.26,99.92,426.23,0.7565,-1,-1,-1
303,2,879.20,184.26,148.28,557.90,0.8492,-1,-1,-1
303,6,1265.40,171.72,205.04,649.88,0.8202,-1,-1,-1
303,38,310.88,56.66,327.31,863.05,0.9052,-1,-1,-1
303,40,-0.65,60.42,275.31,945.10,0.9199,-1,-1,-1
303,45,1105.10,199.78,204.85,582.52,0.8449,-1,-1,-1
303,48,781.64,277.34,100.12,280.89,0.7874,-1,-1,-1
303,51,1010.10,202.63,94.38,426.20,0.7692,-1,-1,-1
304,2,873.97,183.38,150.77,561.75,0.8529,-1,-1,-1
304,6,1273.45,170.86,197.10,652.89,0.8169,-1,-1,-1
304,38,298.02,55.49,336.34,872.81,0.9151,-1,-1,-1
304,40,0.75,45.53,243.09,963.24,0.9052,-1,-1,-1
304,45,1105.31,197.03,204.42,613.65,0.8093,-1,-1,-1
304,48,784.78,278.27,95.56,280.35,0.7857,-1,-1,-1
304,51,1010.49,207.39,96.35,422.00,0.7773,-1,-1,-1
305,2,866.18,186.86,156.41,565.17,0.8585,-1,-1,-1
305,6,1280.88,170.05,188.93,655.41,0.8156,-1,-1,-1
305,38,291.06,46.42,339.00,920.50,0.9232,-1,-1,-1
305,40,0.89,32.70,213.36,982.51,0.8994,-1,-1,-1
305,45,1104.85,197.87,207.41,620.93,0.8277,-1,-1,-1
305,48,783.91,279.22,95.25,281.10,0.7694,-1,-1,-1
305,51,1010.06,211.20,96.07,419.15,0.7821,-1,-1,-1
306,2,859.08,185.24,161.47,563.38,0.8556,-1,-1,-1
306,6,1282.86,169.74,186.04,651.38,0.8279,-1,-1,-1
306,38,271.98,44.82,351.76,953.17,0.9222,-1,-1,-1
306,40,-1.34,32.14,195.76,1000.43,0.9008,-1,-1,-1
306,45,1103.91,196.62,209.62,645.82,0.8549,-1,-1,-1
306,48,783.69,278.71,95.78,286.56,0.7621,-1,-1,-1
306,51,1008.69,209.20,97.04,423.19,0.7795,-1,-1,-1
307,2,857.71,184.15,159.31,551.46,0.8396,-1,-1,-1
307,6,1295.04,168.85,174.30,656.80,0.8341,-1,-1,-1
307,38,250.22,39.46,368.82,980.43,0.9120,-1,-1,-1
307,40,-2.07,33.37,174.25,1031.19,0.8720,-1,-1,-1
307,45,1103.69,195.11,215.50,654.70,0.8694,-1,-1,-1
307,48,782.07,275.82,93.20,291.87,0.7258,-1,-1,-1
307,51,1003.65,213.16,101.92,419.68,0.7992,-1,-1,-1
308,2,855.29,180.88,160.56,551.01,0.8268,-1,-1,-1
308,6,1292.90,165.84,172.95,657.81,0.8201,-1,-1,-1
308,38,238.89,34.09,366.82,1007.72,0.9127,-1,-1,-1
308,40,-1.76,129.44,147.64,925.53,0.7842,-1,-1,-1
308,45,1102.24,189.68,222.56,670.63,0.8624,-1,-1,-1
308,48,779.64,275.55,92.19,288.99,0.7536,-1,-1,-1
308,51,1000.96,212.01,102.38,424.75,0.7788,-1,-1,-1
309,2,849.20,182.65,165.51,551.88,0.8231,-1,-1,-1
309,6,1292.96,169.01,166.90,652.28,0.8161,-1,-1,-1
309,38,217.99,36.56,375.77,1021.81,0.9073,-1,-1,-1
309,40,-2.60,176.37,126.70,869.93,0.8345,-1,-1,-1
309,45,1096.24,188.76,227.95,678.84,0.8720,-1,-1,-1
309,48,776.71,279.92,86.40,279.45,0.7654,-1,-1,-1
309,51,999.07,212.16,103.70,426.41,0.7738,-1,-1,-1
310,2,846.15,182.46,169.79,546.12,0.8142,-1,-1,-1
310,6,1295.88,166.88,164.14,661.62,0.8176,-1,-1,-1
310,38,197.55,29.32,386.96,1026.76,0.9193,-1,-1,-1
310,40,-6.04,194.92,111.91,525.61,0.7407,-1,-1,-1
310,45,1095.69,177.66,233.59,698.17,0.8822,-1,-1,-1
310,48,776.98,277.65,83.73,287.29,0.7568,-1,-1,-1
310,51,998.41,212.10,106.08,425.79,0.7731,-1,-1,-1
311,2,829.56,184.74,186.89,548.34,0.8269,-1,-1,-1
311,6,1300.54,166.17,160.96,654.57,0.8226,-1,-1,-1
311,38,182.13,15.57,391.11,1060.66,0.9180,-1,-1,-1
311,40,-2.45,200.96,92.36,499.43,0.7665,-1,-1,-1
311,45,1095.16,174.29,240.35,704.17,0.8850,-1,-1,-1
311,48,776.90,273.14,81.89,291.34,0.7437,-1,-1,-1
311,51,999.13,209.09,101.02,428.88,0.7596,-1,-1,-1
312,2,825.12,184.00,191.33,552.89,0.8291,-1,-1,-1
312,6,1308.97,165.00,156.10,647.28,0.8074,-1,-1,-1
312,38,163.97,6.66,400.08,1069.48,0.9187,-1,-1,-1
312,45,1103.13,160.63,240.19,721.53,0.8852,-1,-1,-1
312,48,774.58,271.98,81.28,293.65,0.7625,-1,-1,-1
312,51,999.77,205.85,101.88,433.98,0.7451,-1,-1,-1
313,2,818.54,183.91,197.23,555.65,0.8409,-1,-1,-1
313,6,1306.81,163.63,156.58,649.01,0.8350,-1,-1,-1
313,38,139.82,4.92,416.87,1064.99,0.9193,-1,-1,-1
313,45,1104.84,145.16,245.26,744.43,0.9039,-1,-1,-1
313,48,770.77,270.46,82.28,297.22,0.7452,-1,-1,-1
313,51,1000.13,208.82,102.74,431.66,0.7384,-1,-1,-1
314,2,816.17,184.52,195.87,553.94,0.8281,-1,-1,-1
314,6,1305.83,160.12,159.21,654.84,0.8441,-1,-1,-1
314,38,118.59,3.60,431.97,1068.51,0.9262,-1,-1,-1
314,45,1102.51,139.43,251.35,758.67,0.9016,-1,-1,-1
314,48,766.44,271.50,85.64,293.46,0.7469,-1,-1,-1
314,51,997.54,211.32,98.24,433.58,0.7381,-1,-1,-1
315,2,821.07,182.67,187.98,551.68,0.8236,-1,-1,-1
315,6,1313.20,156.98,152.68,643.54,0.8537,-1,-1,-1
315,38,85.81,2.01,455.54,1070.03,0.9281,-1,-1,-1
315,45,1106.91,132.13,249.78,787.53,0.8932,-1,-1,-1
315,48,765.06,269.55,84.70,296.59,0.7852,-1,-1,-1
315,51,994.81,217.62,105.25,421.23,0.7508,-1,-1,-1
316,2,818.77,183.38,189.96,553.05,0.8326,-1,-1,-1
316,6,1311.52,153.87,155.18,649.09,0.8468,-1,-1,-1
316,38,50.97,0.86,477.63,1070.74,0.9245,-1,-1,-1
316,45,1111.54,126.23,252.53,813.38,0.8758,-1,-1,-1
316,48,761.51,265.60,85.57,298.56,0.8011,-1,-1,-1
316,51,996.88,214.81,97.27,430.86,0.7438,-1,-1,-1
317,2,817.09,181.17,191.08,554.21,0.8486,-1,-1,-1
317,6,1318.99,149.15,145.86,659.10,0.8293,-1,-1,-1
317,38,20.46,2.85,497.19,1073.35,0.9128,-1,-1,-1
317,45,1112.30,115.25,261.39,837.61,0.8755,-1,-1,-1
317,48,761.58,263.48,84.98,299.55,0.8030,-1,-1,-1
317,51,993.21,215.94,98.98,428.45,0.7488,-1,-1,-1
318,2,818.83,181.38,187.80,549.56,0.8553,-1,-1,-1
318,6,1321.26,147.99,141.89,661.79,0.8408,-1,-1,-1
318,38,2.16,2.74,497.18,1069.07,0.9352,-1,-1,-1
318,45,1115.31,110.32,269.08,849.43,0.8675,-1,-1,-1
318,48,756.51,261.67,88.49,297.93,0.8063,-1,-1,-1
318,51,989.62,212.76,103.74,426.49,0.7451,-1,-1,-1
319,2,815.40,175.64,190.12,554.83,0.8723,-1,-1,-1
319,6,1325.21,144.09,137.68,661.58,0.7976,-1,-1,-1
319,38,-0.51,5.00,485.01,1065.62,0.9363,-1,-1,-1
319,45,1118.56,97.66,276.57,882.08,0.8563,-1,-1,-1
319,48,743.00,260.46,100.54,301.39,0.7688,-1,-1,-1
319,51,986.50,209.45,105.47,428.45,0.7699,-1,-1,-1
320,2,811.49,170.46,193.18,552.05,0.8588,-1,-1,-1
320,6,1335.98,138.58,128.44,665.86,0.7603,-1,-1,-1
320,38,-0.27,4.87,464.45,1064.97,0.9443,-1,-1,-1
320,45,1121.37,95.61,281.69,900.92,0.8739,-1,-1,-1
320,48,742.20,257.63,99.42,305.68,0.7759,-1,-1,-1
320,51,983.58,204.71,107.93,428.67,0.7800,-1,-1,-1
321,2,806.89,165.24,195.81,558.33,0.8603,-1,-1,-1
321,6,1341.09,133.75,126.75,664.97,0.6847,-1,-1,-1
321,38,-0.19,2.74,439.95,1067.61,0.9350,-1,-1,-1
321,45,1131.72,88.69,284.69,936.58,0.8599,-1,-1,-1
321,48,739.35,255.32,99.49,307.16,0.7510,-1,-1,-1
321,51,980.60,202.04,110.66,427.81,0.7956,-1,-1,-1
322,2,821.58,165.23,181.70,554.13,0.8671,-1,-1,-1
322,38,0.48,5.95,415.78,1063.93,0.9326,-1,-1,-1
322,45,1139.44,80.34,322.18,964.46,0.8697,-1,-1,-1
322,48,735.87,252.04,100.32,309.73,0.7629,-1,-1,-1
322,51,978.22,197.66,111.00,427.10,0.8070,-1,-1,-1
323,2,821.45,162.42,179.63,547.52,0.8678,-1,-1,-1
323,38,1.09,5.28,387.27,1060.92,0.9174,-1,-1,-1
323,45,1141.54,69.93,334.08,983.13,0.8945,-1,-1,-1
323,48,730.62,250.10,104.04,313.92,0.7615,-1,-1,-1
323,51,975.01,196.22,113.54,422.19,0.7989,-1,-1,-1
324,2,820.69,168.03,176.44,534.76,0.8710,-1,-1,-1
324,38,0.97,5.66,354.13,1062.40,0.9323,-1,-1,-1
324,45,1153.95,60.38,325.06,1007.42,0.9058,-1,-1,-1
324,48,727.59,251.21,102.40,317.03,0.7622,-1,-1,-1
324,51,973.99,195.38,113.64,421.87,0.7911,-1,-1,-1
325,2,828.89,165.76,168.13,539.35,0.8731,-1,-1,-1
325,38,1.42,7.03,318.37,1059.94,0.9180,-1,-1,-1
325,45,1161.23,49.26,322.12,1024.37,0.9014,-1,-1,-1
325,48,720.20,252.48,106.60,317.87,0.7678,-1,-1,-1
325,51,973.94,194.87,113.48,425.03,0.7901,-1,-1,-1
326,2,829.57,164.74,167.72,541.83,0.8595,-1,-1,-1
326,38,-4.30,7.59,318.06,1061.24,0.8383,-1,-1,-1
326,45,1166.12,30.66,329.05,1040.23,0.9037,-1,-1,-1
326,48,711.71,250.47,114.04,321.08,0.8045,-1,-1,-1
326,51,974.08,193.55,113.44,429.05,0.7918,-1,-1,-1
327,2,830.45,167.17,166.73,543.60,0.8589,-1,-1,-1
327,38,12.94,8.38,236.50,1061.58,0.7925,-1,-1,-1
327,45,1175.77,21.91,338.52,1050.27,0.8798,-1,-1,-1
327,48,710.85,252.48,112.95,321.04,0.8102,-1,-1,-1
327,51,974.62,195.42,111.92,429.72,0.8011,-1,-1,-1
328,2,831.42,167.79,165.61,544.28,0.8507,-1,-1,-1
328,38,22.13,9.10,180.65,1057.62,0.5433,-1,-1,-1
328,45,1180.40,10.20,360.58,1063.73,0.8862,-1,-1,-1
328,48,713.36,251.38,108.26,318.93,0.8147,-1,-1,-1
328,51,975.37,195.67,110.95,430.16,0.7967,-1,-1,-1
329,2,840.16,164.71,161.38,553.67,0.8471,-1,-1,-1
329,38,20.02,84.06,139.68,624.97,0.6088,-1,-1,-1
329,45,1193.02,3.94,367.91,1066.04,0.8880,-1,-1,-1
329,48,708.97,249.60,113.63,324.01,0.8110,-1,-1,-1
329,51,976.07,197.32,111.33,431.22,0.7773,-1,-1,-1
329,56,558.25,299.72,47.24,160.11,0.4017,-1,-1,-1
330,2,843.68,162.90,159.12,562.22,0.8479,-1,-1,-1
330,45,1212.06,2.43,367.37,1071.38,0.9027,-1,-1,-1
330,48,709.27,250.38,113.60,328.57,0.8104,-1,-1,-1
330,51,981.40,200.15,113.80,429.27,0.7866,-1,-1,-1
330,56,557.54,300.30,50.26,161.44,0.3653,-1,-1,-1
331,2,846.35,173.03,158.32,558.40,0.8284,-1,-1,-1
331,45,1227.93,0.97,387.09,1065.28,0.9052,-1,-1,-1
331,48,710.96,251.49,111.61,331.52,0.7929,-1,-1,-1
331,51,985.54,202.90,113.47,431.21,0.7898,-1,-1,-1
332,2,852.32,180.20,155.33,559.68,0.8327,-1,-1,-1
332,45,1241.77,1.24,396.36,1065.26,0.9074,-1,-1,-1
332,48,709.64,253.96,113.97,329.70,0.8176,-1,-1,-1
332,51,987.36,205.08,113.50,434.24,0.7768,-1,-1,-1
333,2,851.14,184.18,155.78,560.84,0.8341,-1,-1,-1
333,45,1263.19,1.39,404.52,1072.52,0.8985,-1,-1,-1
333,48,706.96,255.98,116.53,330.64,0.8159,-1,-1,-1
333,51,987.82,209.73,113.41,431.44,0.7656,-1,-1,-1
333,58,825.78,236.17,65.13,293.89,0.4485,-1,-1,-1
334,2,848.69,190.35,158.77,561.04,0.8281,-1,-1,-1
334,45,1268.34,4.59,431.61,1063.19,0.8801,-1,-1,-1
334,48,703.89,256.20,119.29,336.75,0.8239,-1,-1,-1
334,51,988.54,216.63,116.57,430.62,0.7870,-1,-1,-1
334,56,554.48,315.60,54.65,160.74,0.3369,-1,-1,-1
334,58,823.37,236.08,68.01,266.03,0.4500,-1,-1,-1
335,2,848.98,194.75,155.75,556.41,0.8273,-1,-1,-1
335,45,1269.97,2.65,468.86,1064.27,0.8816,-1,-1,-1
335,48,702.17,257.55,119.82,339.29,0.8353,-1,-1,-1
335,51,991.56,220.90,115.32,430.93,0.7875,-1,-1,-1
335,58,823.43,239.87,67.32,328.10,0.4026,-1,-1,-1
336,2,845.27,195.48,156.67,560.40,0.8165,-1,-1,-1
336,45,1314.44,3.14,471.84,1067.52,0.8629,-1,-1,-1
336,48,699.72,260.49,119.77,338.70,0.8277,-1,-1,-1
336,51,988.03,222.41,119.85,434.37,0.7734,-1,-1,-1
336,58,818.87,238.43,69.84,327.03,0.4094,-1,-1,-1
337,2,842.07,197.49,159.20,557.84,0.8059,-1,-1,-1
337,45,1329.09,3.01,518.68,1072.93,0.8614,-1,-1,-1
337,48,693.17,259.39,121.33,348.05,0.8260,-1,-1,-1
337,51,983.17,224.30,118.28,434.27,0.7442,-1,-1,-1
337,58,815.32,236.34,71.15,341.86,0.3194,-1,-1,-1
337,59,1243.59,166.64,191.76,639.56,0.8166,-1,-1,-1
338,2,832.20,198.34,166.85,557.73,0.8052,-1,-1,-1
338,45,1294.56,3.39,605.33,1070.02,0.8668,-1,-1,-1
338,48,688.49,265.76,122.59,345.13,0.8236,-1,-1,-1
338,51,979.98,227.83,125.20,438.24,0.7657,-1,-1,-1
338,58,811.31,241.03,70.69,368.15,0.4705,-1,-1,-1
338,59,1234.25,165.86,203.49,665.17,0.7975,-1,-1,-1
339,2,826.51,190.41,171.29,553.94,0.8118,-1,-1,-1
339,45,1300.09,4.34,606.08,1063.97,0.8688,-1,-1,-1
339,48,685.05,267.75,122.96,351.60,0.8341,-1,-1,-1
339,51,978.48,230.31,123.85,437.81,0.7800,-1,-1,-1
339,58,810.08,247.15,68.26,371.30,0.5080,-1,-1,-1
339,59,1234.40,163.48,200.88,694.39,0.7666,-1,-1,-1
340,2,822.21,188.97,175.39,548.99,0.8296,-1,-1,-1
340,45,1306.06,4.24,613.58,1064.33,0.9070,-1,-1,-1
340,48,682.95,268.33,121.10,352.43,0.8167,-1,-1,-1
340,51,978.55,229.20,124.16,438.14,0.7770,-1,-1,-1
340,58,806.40,247.58,70.96,369.68,0.5407,-1,-1,-1
340,59,1237.32,168.81,180.93,685.60,0.7247,-1,-1,-1
341,2,823.01,189.47,175.27,546.61,0.8321,-1,-1,-1
341,45,1314.73,0.92,605.05,1066.99,0.7956,-1,-1,-1
341,48,679.74,267.07,121.74,357.23,0.8113,-1,-1,-1
341,51,982.60,226.13,124.08,440.13,0.7802,-1,-1,-1
341,58,802.57,245.47,73.59,373.58,0.5498,-1,-1,-1
341,59,1234.92,159.62,214.57,703.30,0.8386,-1,-1,-1
342,2,815.70,188.15,183.64,548.69,0.8409,-1,-1,-1
342,45,1326.58,-0.86,591.46,1070.00,0.7251,-1,-1,-1
342,48,673.28,261.30,126.94,364.81,0.8051,-1,-1,-1
342,51,984.04,225.06,121.51,439.44,0.7763,-1,-1,-1
342,58,801.51,241.72,72.44,374.36,0.4384,-1,-1,-1
342,59,1234.31,161.61,211.98,693.81,0.8681,-1,-1,-1
343,2,811.25,190.51,186.86,547.60,0.8417,-1,-1,-1
343,6,1231.36,160.35,213.85,692.67,0.8767,-1,-1,-1
343,45,1338.28,-0.05,580.49,1063.70,0.8407,-1,-1,-1
343,48,668.84,256.84,126.28,367.69,0.8085,-1,-1,-1
343,51,979.14,224.59,127.65,438.63,0.7749,-1,-1,-1
343,56,524.97,323.12,62.10,172.01,0.3131,-1,-1,-1
343,58,784.68,238.16,83.71,377.80,0.4876,-1,-1,-1
344,2,810.91,186.73,186.48,554.38,0.8397,-1,-1,-1
344,6,1227.15,158.69,213.17,699.57,0.8709,-1,-1,-1
344,45,1371.16,-1.20,545.79,1065.87,0.6125,-1,-1,-1
344,48,663.99,257.41,125.46,365.44,0.8233,-1,-1,-1
344,51,979.67,223.28,125.15,438.67,0.7764,-1,-1,-1
344,58,784.97,237.18,79.57,393.27,0.5834,-1,-1,-1
345,2,804.41,186.30,191.42,557.24,0.8208,-1,-1,-1
345,6,1221.98,145.25,224.15,711.52,0.8771,-1,-1,-1
345,48,660.54,254.33,123.99,372.40,0.8165,-1,-1,-1
345,51,981.98,222.03,123.45,432.59,0.7704,-1,-1,-1
345,58,782.51,234.55,78.75,396.84,0.5974,-1,-1,-1
346,2,796.50,187.34,193.36,556.94,0.8372,-1,-1,-1
346,6,1211.20,145.06,243.25,713.84,0.8884,-1,-1,-1
346,48,655.39,249.83,124.19,372.44,0.8278,-1,-1,-1
346,51,970.05,215.73,133.91,432.46,0.7827,-1,-1,-1
346,58,775.17,232.27,80.93,393.06,0.5105,-1,-1,-1
347,2,798.23,188.86,185.54,555.44,0.8245,-1,-1,-1
347,6,1198.13,146.66,252.00,708.03,0.8844,-1,-1,-1
347,48,645.78,248.19,125.88,373.53,0.8122,-1,-1,-1
347,51,967.64,215.99,130.00,430.38,0.7903,-1,-1,-1
347,58,767.31,232.04,87.02,389.39,0.5976,-1,-1,-1
347,60,1506.33,8.41,412.69,929.69,0.7922,-1,-1,-1
348,2,800.48,190.19,183.18,553.96,0.8373,-1,-1,-1
348,6,1193.89,142.75,255.16,706.96,0.8904,-1,-1,-1
348,48,637.65,244.55,128.17,378.41,0.8083,-1,-1,-1
348,51,965.28,215.28,129.74,428.75,0.7691,-1,-1,-1
348,58,760.03,229.87,90.50,398.77,0.6804,-1,-1,-1
348,60,1574.17,21.25,345.14,928.68,0.8335,-1,-1,-1
349,2,800.09,190.23,183.43,554.85,0.8327,-1,-1,-1
349,6,1185.59,142.00,258.26,695.09,0.8942,-1,-1,-1
349,48,629.19,236.16,132.24,390.79,0.8215,-1,-1,-1
349,51,960.95,214.47,132.94,429.98,0.7864,-1,-1,-1
349,56,487.90,302.52,55.64,176.49,0.3409,-1,-1,-1
349,58,760.02,225.51,88.38,404.17,0.6883,-1,-1,-1
349,60,1644.36,58.10,276.57,822.36,0.6175,-1,-1,-1
350,2,798.23,191.89,183.81,549.69,0.8527,-1,-1,-1
350,6,1178.79,142.54,260.93,691.53,0.9023,-1,-1,-1
350,48,622.80,235.37,133.07,390.41,0.8168,-1,-1,-1
350,51,962.72,216.47,126.76,430.17,0.7826,-1,-1,-1
350,56,482.75,307.95,59.22,174.55,0.3177,-1,-1,-1
350,58,755.16,224.02,92.63,409.21,0.7422,-1,-1,-1
350,60,1730.06,241.59,202.24,485.99,0.3234,-1,-1,-1
351,2,795.76,191.53,186.65,546.36,0.8548,-1,-1,-1
351,6,1170.17,143.59,265.87,693.04,0.9033,-1,-1,-1
351,48,618.67,237.77,133.17,394.22,0.8098,-1,-1,-1
351,51,967.03,216.70,118.38,431.46,0.7629,-1,-1,-1
351,56,477.78,302.31,56.52,181.19,0.3564,-1,-1,-1
351,58,750.98,220.91,92.80,414.55,0.7208,-1,-1,-1
351,63,1087.70,328.65,68.23,182.10,0.4746,-1,-1,-1
352,2,801.02,190.30,180.63,548.44,0.8532,-1,-1,-1
352,6,1163.40,143.35,271.61,698.62,0.9019,-1,-1,-1
352,48,612.14,235.83,134.09,397.99,0.8203,-1,-1,-1
352,51,961.25,216.86,121.40,435.02,0.7866,-1,-1,-1
352,58,742.85,218.38,98.21,420.72,0.7636,-1,-1,-1
352,63,1080.78,328.45,68.65,182.96,0.4214,-1,-1,-1
353,2,802.32,188.71,181.38,549.97,0.8545,-1,-1,-1
353,6,1158.65,142.74,269.17,702.84,0.9062,-1,-1,-1
353,48,607.93,229.30,129.94,403.17,0.8319,-1,-1,-1
353,51,959.44,216.25,119.19,432.69,0.7816,-1,-1,-1
353,58,735.87,212.25,101.51,428.08,0.7589,-1,-1,-1
354,2,797.97,191.32,180.09,538.97,0.8787,-1,-1,-1
354,6,1151.52,143.54,269.49,708.39,0.9091,-1,-1,-1
354,48,595.14,228.59,136.38,402.78,0.8405,-1,-1,-1
354,51,959.62,217.94,113.57,430.95,0.8015,-1,-1,-1
354,58,727.31,211.96,108.65,430.85,0.7824,-1,-1,-1
354,63,1053.88,321.41,75.94,185.37,0.4920,-1,-1,-1
355,2,797.52,189.67,175.88,533.52,0.8717,-1,-1,-1
355,6,1146.72,143.76,272.35,711.05,0.9113,-1,-1,-1
355,48,588.55,229.50,132.10,405.64,0.8504,-1,-1,-1
355,51,952.04,219.52,112.51,429.27,0.8027,-1,-1,-1
355,58,717.33,207.79,115.98,439.08,0.7995,-1,-1,-1
355,63,1046.01,318.28,79.34,187.99,0.6036,-1,-1,-1
356,2,795.88,186.81,174.52,530.31,0.8465,-1,-1,-1
356,6,1138.65,142.21,277.82,713.43,0.9122,-1,-1,-1
356,48,572.18,224.85,142.20,412.73,0.7327,-1,-1,-1
356,51,945.13,220.16,112.90,429.64,0.7973,-1,-1,-1
356,58,713.39,207.00,110.84,441.66,0.7956,-1,-1,-1
356,63,1039.92,315.81,74.99,189.18,0.4228,-1,-1,-1
357,2,794.60,188.60,171.58,525.90,0.8535,-1,-1,-1
357,6,1137.69,140.74,271.71,716.97,0.9101,-1,-1,-1
357,48,568.68,224.01,135.59,417.43,0.8210,-1,-1,-1
357,51,940.05,215.48,110.74,432.12,0.7733,-1,-1,-1
357,56,432.90,293.93,61.33,187.04,0.3283,-1,-1,-1
357,58,698.19,203.85,119.79,447.76,0.8155,-1,-1,-1
357,63,1037.02,323.32,64.28,182.76,0.5091,-1,-1,-1
358,2,786.21,183.89,171.04,538.37,0.8458,-1,-1,-1
358,6,1129.11,139.82,273.55,721.92,0.9096,-1,-1,-1
358,48,554.89,220.66,137.96,415.23,0.8381,-1,-1,-1
358,51,937.62,215.54,107.41,436.00,0.7533,-1,-1,-1
358,56,420.74,294.11,59.75,188.16,0.4938,-1,-1,-1
358,58,684.40,198.65,126.55,453.81,0.8258,-1,-1,-1
358,63,1026.20,319.47,67.53,184.32,0.6305,-1,-1,-1
359,2,788.35,181.12,162.01,540.61,0.8553,-1,-1,-1
359,6,1122.68,140.80,277.85,720.32,0.9080,-1,-1,-1
359,48,538.77,222.33,141.95,420.58,0.8262,-1,-1,-1
359,51,924.23,216.71,111.08,439.27,0.7788,-1,-1,-1
359,58,671.83,194.86,137.48,451.82,0.7879,-1,-1,-1
359,63,1016.09,314.36,69.70,189.86,0.4343,-1,-1,-1
360,2,780.75,178.78,163.60,546.37,0.8693,-1,-1,-1
360,6,1117.18,140.42,276.40,724.34,0.9103,-1,-1,-1
360,48,525.42,220.41,146.03,428.61,0.8212,-1,-1,-1
360,51,917.67,214.01,108.39,443.61,0.8033,-1,-1,-1
360,56,401.93,297.51,55.15,182.11,0.3146,-1,-1,-1
360,58,657.69,193.50,141.42,458.72,0.8507,-1,-1,-1
360,63,1005.78,316.02,69.88,187.85,0.5751,-1,-1,-1
361,2,773.49,179.17,163.68,546.32,0.8704,-1,-1,-1
361,6,1112.76,140.96,274.33,726.52,0.9073,-1,-1,-1
361,48,510.85,218.86,147.44,431.27,0.8108,-1,-1,-1
361,51,913.51,214.64,104.19,444.71,0.8197,-1,-1,-1
361,56,391.84,294.36,55.83,187.32,0.4510,-1,-1,-1
361,58,651.92,190.63,140.15,468.04,0.8321,-1,-1,-1
361,63,994.81,313.74,73.84,191.07,0.6072,-1,-1,-1
362,2,768.89,180.79,161.21,552.32,0.8697,-1,-1,-1
362,6,1108.63,141.11,271.89,724.82,0.9081,-1,-1,-1
362,48,492.05,223.51,152.45,430.64,0.8175,-1,-1,-1
362,51,905.79,216.43,103.59,439.51,0.7837,-1,-1,-1
362,56,383.20,298.98,54.94,188.73,0.3403,-1,-1,-1
362,58,632.69,192.18,153.28,465.13,0.8564,-1,-1,-1
362,63,989.79,319.06,74.23,186.51,0.6274,-1,-1,-1
363,2,764.24,185.23,158.49,548.67,0.8488,-1,-1,-1
363,6,1103.55,139.94,272.91,734.96,0.9079,-1,-1,-1
363,48,481.30,222.49,152.65,445.00,0.7934,-1,-1,-1
363,51,900.30,212.19,99.27,441.67,0.7349,-1,-1,-1
363,58,617.31,192.47,160.29,469.45,0.8524,-1,-1,-1
363,63,983.24,320.43,74.11,190.41,0.5424,-1,-1,-1
364,2,763.61,190.94,153.27,549.82,0.8129,-1,-1,-1
364,6,1103.32,136.74,270.54,736.89,0.9066,-1,-1,-1
364,48,463.57,218.73,161.06,458.13,0.7915,-1,-1,-1
364,51,897.28,210.26,97.70,440.97,0.7014,-1,-1,-1
364,58,605.29,189.55,169.06,480.98,0.8517,-1,-1,-1
364,63,972.49,312.25,79.89,197.41,0.5647,-1,-1,-1
365,2,762.62,193.90,157.34,548.04,0.8134,-1,-1,-1
365,6,1103.02,136.41,268.96,737.40,0.8993,-1,-1,-1
365,48,434.03,221.68,186.92,458.70,0.8291,-1,-1,-1
365,51,895.95,209.31,92.50,446.67,0.6425,-1,-1,-1
365,58,589.21,192.12,183.29,483.81,0.8250,-1,-1,-1
365,63,967.95,316.53,81.86,195.79,0.5231,-1,-1,-1
366,2,760.20,200.56,153.88,542.83,0.8147,-1,-1,-1
366,6,1100.67,138.36,267.27,729.15,0.9022,-1,-1,-1
366,48,442.11,222.38,169.89,461.46,0.8046,-1,-1,-1
366,51,894.22,212.56,89.01,439.99,0.6742,-1,-1,-1
366,56,357.69,304.26,61.86,188.65,0.3828,-1,-1,-1
366,58,587.50,197.77,180.71,481.55,0.8612,-1,-1,-1
366,63,963.91,322.55,83.84,193.35,0.4410,-1,-1,-1
367,2,759.68,198.45,152.80,543.65,0.8245,-1,-1,-1
367,6,1100.51,135.41,268.07,723.91,0.9027,-1,-1,-1
367,48,437.29,222.30,165.66,466.31,0.7962,-1,-1,-1
367,51,893.92,207.77,87.18,440.57,0.6702,-1,-1,-1
367,56,355.13,308.68,68.31,185.79,0.3074,-1,-1,-1
367,58,591.88,193.06,175.35,490.46,0.8713,-1,-1,-1
367,63,964.58,312.19,81.19,199.08,0.4082,-1,-1,-1
368,2,759.11,197.71,154.90,546.11,0.8271,-1,-1,-1
368,6,1100.10,133.35,267.71,720.07,0.9022,-1,-1,-1
368,48,433.56,220.67,173.64,472.03,0.8180,-1,-1,-1
368,51,894.01,206.29,84.89,436.44,0.6240,-1,-1,-1
368,58,594.50,192.66,169.24,500.45,0.8601,-1,-1,-1
368,63,958.97,309.07,83.11,199.47,0.4079,-1,-1,-1
369,2,758.33,194.43,161.72,547.52,0.8539,-1,-1,-1
369,6,1103.27,133.59,264.90,714.31,0.9053,-1,-1,-1
369,48,427.33,220.53,172.45,473.36,0.8273,-1,-1,-1
369,51,894.97,203.78,83.80,437.70,0.5825,-1,-1,-1
369,58,591.93,190.63,166.61,506.33,0.8630,-1,-1,-1
369,63,959.47,315.38,85.70,196.89,0.4775,-1,-1,-1
370,2,758.12,193.33,165.65,539.93,0.8226,-1,-1,-1
370,6,1104.18,132.92,263.93,716.49,0.9057,-1,-1,-1
370,48,423.09,221.66,173.42,475.19,0.8257,-1,-1,-1
370,51,895.30,205.73,84.74,437.91,0.6351,-1,-1,-1
370,58,587.11,193.45,166.01,509.28,0.8551,-1,-1,-1
371,2,757.14,195.55,166.59,537.56,0.8486,-1,-1,-1
371,6,1106.39,133.35,259.96,722.23,0.9058,-1,-1,-1
371,48,419.22,223.89,177.42,478.50,0.8528,-1,-1,-1
371,51,897.48,207.91,84.53,440.78,0.6902,-1,-1,-1
371,58,584.18,195.39,166.55,517.35,0.8636,-1,-1,-1
372,2,761.29,194.96,163.79,539.58,0.8480,-1,-1,-1
372,6,1111.48,132.78,255.12,729.02,0.9056,-1,-1,-1
372,48,416.85,223.88,177.69,480.45,0.8712,-1,-1,-1
372,51,901.38,209.09,81.54,442.84,0.6813,-1,-1,-1
372,58,579.62,193.23,169.84,525.12,0.8647,-1,-1,-1
372,63,964.15,317.75,78.34,196.07,0.4477,-1,-1,-1
373,2,760.81,198.51,167.52,539.19,0.8568,-1,-1,-1
373,6,1113.00,137.60,253.91,731.01,0.8972,-1,-1,-1
373,48,413.85,225.64,176.49,482.35,0.8656,-1,-1,-1
373,51,901.39,210.06,81.53,438.87,0.6626,-1,-1,-1
373,58,573.00,192.80,175.73,528.68,0.8677,-1,-1,-1
373,63,965.73,323.48,82.69,194.97,0.4446,-1,-1,-1
374,2,762.41,197.35,168.52,541.13,0.8471,-1,-1,-1
374,6,1115.14,139.62,250.56,737.30,0.8923,-1,-1,-1
374,48,409.10,225.43,175.38,487.46,0.8636,-1,-1,-1
374,51,902.76,210.25,85.79,444.52,0.6741,-1,-1,-1
374,58,567.14,190.80,179.93,532.29,0.8709,-1,-1,-1
374,63,967.22,328.48,84.01,191.91,0.4810,-1,-1,-1
375,2,765.50,200.89,166.51,544.60,0.8542,-1,-1,-1
375,6,1118.45,140.89,245.85,742.94,0.8946,-1,-1,-1
375,48,402.97,229.99,174.12,487.67,0.8467,-1,-1,-1
375,51,906.72,210.67,81.93,447.29,0.6610,-1,-1,-1
375,58,559.20,190.97,189.14,542.62,0.8768,-1,-1,-1
375,63,967.26,330.39,81.16,195.58,0.5220,-1,-1,-1
376,2,769.39,203.64,164.15,548.02,0.8524,-1,-1,-1
376,6,1121.52,143.07,239.09,748.80,0.8951,-1,-1,-1
376,48,395.26,228.88,172.01,502.61,0.8512,-1,-1,-1
376,51,908.64,219.40,81.90,447.34,0.6484,-1,-1,-1
376,58,557.56,190.96,189.47,550.03,0.8625,-1,-1,-1
376,63,968.11,318.92,82.95,208.97,0.3922,-1,-1,-1
377,2,773.65,206.60,161.80,550.18,0.8858,-1,-1,-1
377,6,1121.12,152.87,239.53,747.11,0.8950,-1,-1,-1
377,48,393.99,224.33,171.34,517.37,0.8407,-1,-1,-1
377,51,913.83,223.80,76.49,446.82,0.7021,-1,-1,-1
377,58,549.01,187.38,196.29,553.22,0.8650,-1,-1,-1
377,63,971.76,336.93,82.47,197.91,0.4268,-1,-1,-1
378,2,781.71,212.11,156.81,547.29,0.8389,-1,-1,-1
378,6,1122.73,157.36,238.88,748.19,0.8988,-1,-1,-1
378,48,388.02,219.75,172.45,527.99,0.8224,-1,-1,-1
378,51,915.63,231.98,77.80,438.78,0.7254,-1,-1,-1
378,58,543.03,187.23,202.24,553.98,0.8595,-1,-1,-1
378,63,974.33,339.02,81.47,197.80,0.3573,-1,-1,-1
379,2,779.36,214.69,161.26,553.00,0.8406,-1,-1,-1
379,6,1123.80,156.73,236.97,755.66,0.8962,-1,-1,-1
379,48,386.46,220.58,166.46,535.42,0.8022,-1,-1,-1
379,51,917.75,236.11,76.37,435.36,0.6471,-1,-1,-1
379,58,536.24,190.13,207.17,560.12,0.8640,-1,-1,-1
379,63,972.26,338.27,83.32,201.54,0.4151,-1,-1,-1
379,66,737.31,318.74,51.59,197.31,0.4669,-1,-1,-1
380,2,783.79,217.45,159.20,548.68,0.8447,-1,-1,-1
380,6,1123.60,159.11,235.99,757.04,0.8913,-1,-1,-1
380,48,376.00,215.00,175.49,549.20,0.8123,-1,-1,-1
380,51,915.28,239.42,82.35,433.74,0.7159,-1,-1,-1
380,58,533.17,187.87,208.42,569.06,0.8709,-1,-1,-1
380,63,978.58,346.26,79.55,196.15,0.3368,-1,-1,-1
380,66,736.88,316.81,57.53,203.45,0.5992,-1,-1,-1
381,2,784.13,220.80,160.74,547.69,0.8391,-1,-1,-1
381,6,1120.47,157.62,235.87,755.01,0.8835,-1,-1,-1
381,48,375.00,212.02,174.68,558.72,0.8108,-1,-1,-1
381,51,916.25,242.99,81.52,432.78,0.7358,-1,-1,-1
381,58,522.49,183.98,214.11,579.47,0.8745,-1,-1,-1
381,63,981.12,342.93,77.81,198.98,0.3928,-1,-1,-1
381,66,735.09,316.13,59.56,210.82,0.6479,-1,-1,-1
382,2,784.51,219.55,159.69,544.88,0.8464,-1,-1,-1
382,6,1118.15,155.76,233.58,760.84,0.8809,-1,-1,-1
382,48,371.52,210.23,179.00,568.08,0.8098,-1,-1,-1
382,51,919.02,243.70,83.54,435.39,0.7018,-1,-1,-1
382,58,522.32,182.41,213.67,591.06,0.8720,-1,-1,-1
382,63,982.97,352.97,76.73,190.69,0.4973,-1,-1,-1
382,66,732.86,316.65,61.39,212.84,0.6499,-1,-1,-1
383,2,785.40,217.73,160.02,541.67,0.8408,-1,-1,-1
383,6,1112.29,154.03,234.72,761.90,0.8807,-1,-1,-1
383,48,364.88,207.98,177.33,569.64,0.8213,-1,-1,-1
383,51,920.65,241.07,84.34,438.53,0.6832,-1,-1,-1
383,58,513.04,179.97,221.46,601.84,0.8766,-1,-1,-1
383,63,984.21,353.90,73.83,189.64,0.4692,-1,-1,-1
383,66,731.79,318.01,60.47,208.55,0.6424,-1,-1,-1
384,2,786.04,217.31,162.16,540.56,0.8468,-1,-1,-1
384,6,1109.14,151.90,236.34,767.13,0.8834,-1,-1,-1
384,48,356.03,207.20,182.18,571.60,0.8230,-1,-1,-1
384,51,920.52,244.52,99.13,435.86,0.5752,-1,-1,-1
384,58,506.63,177.97,223.23,607.96,0.8649,-1,-1,-1
384,66,727.87,320.38,62.26,210.30,0.6527,-1,-1,-1
385,2,784.98,216.99,164.80,544.41,0.8420,-1,-1,-1
385,6,1105.76,156.21,242.09,760.53,0.8836,-1,-1,-1
385,48,347.22,210.58,190.73,572.04,0.8391,-1,-1,-1
385,51,918.82,245.66,102.67,435.52,0.6018,-1,-1,-1
385,58,507.00,176.17,221.32,617.19,0.8602,-1,-1,-1
385,66,726.53,321.85,64.73,212.33,0.6965,-1,-1,-1
386,2,780.00,214.80,170.35,533.05,0.8174,-1,-1,-1
386,6,1094.73,156.46,255.84,755.81,0.8875,-1,-1,-1
386,48,340.65,209.00,185.28,569.97,0.8332,-1,-1,-1
386,51,920.95,243.84,88.02,428.11,0.5444,-1,-1,-1
386,58,493.05,174.23,233.73,621.35,0.8639,-1,-1,-1
386,63,977.87,350.54,76.09,196.48,0.3373,-1,-1,-1
386,66,727.75,320.01,60.94,209.92,0.6584,-1,-1,-1
387,2,777.00,213.56,170.69,531.16,0.8362,-1,-1,-1
387,6,1084.49,156.81,266.43,749.14,0.8935,-1,-1,-1
387,48,331.39,201.39,188.10,585.93,0.8385,-1,-1,-1
387,51,918.79,244.82,80.63,430.62,0.6177,-1,-1,-1
387,58,484.73,169.29,237.31,632.18,0.8620,-1,-1,-1
387,63,978.10,349.83,76.34,197.80,0.3530,-1,-1,-1
387,66,721.57,317.77,65.63,212.12,0.6779,-1,-1,-1
388,2,777.66,211.58,171.29,532.22,0.8342,-1,-1,-1
388,6,1083.23,158.95,268.64,743.89,0.8875,-1,-1,-1
388,48,320.85,192.50,191.44,597.97,0.8474,-1,-1,-1
388,51,917.80,240.23,85.23,434.21,0.5083,-1,-1,-1
388,58,479.25,166.95,236.90,649.99,0.8645,-1,-1,-1
388,63,976.27,348.28,76.25,199.43,0.3798,-1,-1,-1
388,66,718.48,317.30,68.44,210.52,0.7098,-1,-1,-1
389,2,779.01,209.00,164.60,539.21,0.8426,-1,-1,-1
389,6,1082.86,157.31,268.82,748.43,0.8912,-1,-1,-1
389,48,315.33,184.93,190.28,606.14,0.8409,-1,-1,-1
389,51,916.18,242.47,83.39,434.19,0.5923,-1,-1,-1
389,58,479.05,161.53,233.98,659.25,0.8637,-1,-1,-1
389,63,975.13,330.06,79.84,218.98,0.3127,-1,-1,-1
389,66,717.68,316.78,68.49,212.44,0.6895,-1,-1,-1
390,2,777.49,210.32,163.08,541.30,0.8471,-1,-1,-1
390,6,1078.17,156.73,275.59,751.58,0.8854,-1,-1,-1
390,48,305.67,183.75,197.92,608.64,0.8351,-1,-1,-1
390,51,914.84,241.92,80.96,433.40,0.6593,-1,-1,-1
390,58,478.89,155.43,233.61,670.20,0.8715,-1,-1,-1
390,63,976.60,338.02,79.32,214.76,0.3813,-1,-1,-1
390,66,715.56,316.85,71.64,213.05,0.7294,-1,-1,-1
391,2,772.10,209.97,164.74,544.06,0.8496,-1,-1,-1
391,6,1066.94,157.55,286.75,756.93,0.8883,-1,-1,-1
391,48,293.93,181.21,202.52,613.58,0.8369,-1,-1,-1
391,51,910.48,236.81,84.59,437.54,0.6525,-1,-1,-1
391,58,476.94,148.49,236.25,679.18,0.8719,-1,-1,-1
391,63,977.25,343.18,73.79,209.32,0.6001,-1,-1,-1
391,66,711.13,316.42,74.89,213.39,0.7363,-1,-1,-1
392,2,770.61,211.86,163.33,547.33,0.8334,-1,-1,-1
392,6,1061.19,156.74,291.23,767.50,0.8943,-1,-1,-1
392,48,286.63,175.01,202.50,626.66,0.8499,-1,-1,-1
392,51,908.24,234.99,82.33,440.44,0.6609,-1,-1,-1
392,58,476.93,142.97,233.49,689.97,0.8749,-1,-1,-1
392,63,977.38,334.33,72.76,216.47,0.4812,-1,-1,-1
392,66,707.59,314.42,77.88,215.16,0.7611,-1,-1,-1
393,2,768.86,219.79,166.62,537.36,0.8212,-1,-1,-1
393,6,1058.52,157.07,293.75,770.88,0.8969,-1,-1,-1
393,48,271.33,171.60,211.02,634.32,0.8570,-1,-1,-1
393,51,905.65,238.87,84.82,436.45,0.6172,-1,-1,-1
393,58,473.67,139.19,231.90,695.78,0.8784,-1,-1,-1
393,63,974.17,329.75,75.25,220.33,0.5632,-1,-1,-1
393,66,706.68,313.92,77.63,217.15,0.7596,-1,-1,-1
394,2,767.05,219.80,161.09,538.28,0.8078,-1,-1,-1
394,6,1057.13,156.59,293.87,772.88,0.9047,-1,-1,-1
394,48,258.78,163.84,219.20,643.97,0.8637,-1,-1,-1
394,51,904.98,234.37,81.14,435.51,0.6199,-1,-1,-1
394,58,465.38,132.77,235.32,704.52,0.8821,-1,-1,-1
394,63,972.09,330.42,77.51,219.62,0.6041,-1,-1,-1
394,66,702.99,313.62,78.38,215.59,0.7510,-1,-1,-1
395,2,760.12,220.54,164.55,539.11,0.8037,-1,-1,-1
395,6,1053.44,156.12,296.64,777.90,0.9005,-1,-1,-1
395,48,220.98,159.67,248.80,648.21,0.8656,-1,-1,-1
395,51,901.01,232.02,81.37,437.25,0.6271,-1,-1,-1
395,58,461.77,126.22,232.96,715.04,0.8772,-1,-1,-1
395,63,970.26,342.51,73.35,206.44,0.6172,-1,-1,-1
395,66,701.10,311.27,77.63,217.61,0.7432,-1,-1,-1
396,2,758.82,222.91,161.57,534.03,0.8090,-1,-1,-1
396,6,1052.26,156.20,299.35,777.92,0.8992,-1,-1,-1
396,48,225.08,157.24,229.24,662.13,0.8676,-1,-1,-1
396,51,899.59,237.17,81.48,432.82,0.6878,-1,-1,-1
396,58,454.28,116.02,236.93,727.55,0.8803,-1,-1,-1
396,63,968.94,338.74,73.31,209.35,0.6420,-1,-1,-1
396,66,697.50,309.02,77.38,218.58,0.7347,-1,-1,-1
396,67,1027.88,378.39,44.47,170.23,0.3484,-1,-1,-1
397,2,756.44,221.71,159.21,530.73,0.8137,-1,-1,-1
397,6,1052.16,156.03,297.97,779.76,0.8981,-1,-1,-1
397,48,191.94,156.69,257.33,667.09,0.8704,-1,-1,-1
397,51,896.49,238.80,81.86,428.57,0.6889,-1,-1,-1
397,58,443.52,109.03,243.39,737.31,0.8860,-1,-1,-1
397,63,967.64,337.05,75.94,209.88,0.6281,-1,-1,-1
397,66,696.10,309.29,73.11,220.06,0.7449,-1,-1,-1
398,2,751.17,217.43,159.22,538.20,0.8313,-1,-1,-1
398,6,1051.71,156.20,295.16,781.03,0.8983,-1,-1,-1
398,48,168.38,147.32,275.09,689.46,0.8857,-1,-1,-1
398,51,893.68,238.96,83.15,430.20,0.6820,-1,-1,-1
398,58,433.35,101.01,251.18,747.89,0.8951,-1,-1,-1
398,63,967.99,339.08,75.88,207.70,0.6031,-1,-1,-1
398,66,693.32,306.93,70.70,221.70,0.7581,-1,-1,-1
399,2,746.11,214.96,158.51,538.46,0.8550,-1,-1,-1
399,6,1052.59,155.33,292.07,785.11,0.8965,-1,-1,-1
399,48,133.10,143.71,295.08,700.30,0.8968,-1,-1,-1
399,51,886.72,238.23,89.30,430.97,0.7183,-1,-1,-1
399,58,425.90,93.24,255.07,756.86,0.8931,-1,-1,-1
399,63,967.27,335.72,75.78,211.26,0.6223,-1,-1,-1
399,66,691.53,303.95,67.72,224.92,0.7868,-1,-1,-1
400,2,738.93,216.03,159.59,529.08,0.8431,-1,-1,-1
400,6,1051.99,154.75,291.74,788.52,0.8990,-1,-1,-1
400,48,125.44,141.56,293.03,705.31,0.8945,-1,-1,-1
400,51,880.17,238.78,92.95,431.87,0.7514,-1,-1,-1
400,58,418.09,90.33,265.47,763.44,0.8945,-1,-1,-1
400,63,964.87,329.04,83.07,218.89,0.5426,-1,-1,-1
400,66,690.97,305.31,65.66,222.81,0.7741,-1,-1,-1
401,2,728.79,216.08,165.65,517.23,0.8636,-1,-1,-1
401,6,1053.14,154.48,287.85,782.16,0.8998,-1,-1,-1
401,48,116.90,140.32,290.21,719.24,0.8957,-1,-1,-1
401,51,876.98,234.38,93.91,440.11,0.7817,-1,-1,-1
401,58,412.45,84.94,272.01,775.41,0.8992,-1,-1,-1
401,63,964.78,329.84,84.39,217.82,0.6045,-1,-1,-1
401,66,687.17,303.96,65.50,223.28,0.7251,-1,-1,-1
402,2,727.13,212.51,165.80,520.39,0.8794,-1,-1,-1
402,6,1056.30,148.02,282.30,792.59,0.8974,-1,-1,-1
402,48,114.78,136.46,283.04,728.14,0.8979,-1,-1,-1
402,51,873.88,235.25,97.81,439.00,0.8049,-1,-1,-1
402,58,405.59,80.48,278.86,794.14,0.8986,-1,-1,-1
402,63,966.01,330.46,79.49,216.15,0.6072,-1,-1,-1
402,66,687.14,302.51,62.77,225.50,0.5680,-1,-1,-1
403,2,725.19,211.99,165.66,522.58,0.8769,-1,-1,-1
403,6,1061.04,147.77,278.55,795.32,0.8966,-1,-1,-1
403,48,106.28,135.38,277.98,750.96,0.8964,-1,-1,-1
403,51,873.00,236.62,97.70,438.51,0.8049,-1,-1,-1
403,58,397.49,75.60,287.13,819.01,0.9080,-1,-1,-1
403,63,969.39,342.55,76.00,204.63,0.5804,-1,-1,-1
403,66,686.94,303.34,62.35,228.19,0.5819,-1,-1,-1
404,2,722.95,212.17,166.55,525.44,0.8641,-1,-1,-1
404,6,1065.02,148.89,281.66,794.86,0.8900,-1,-1,-1
404,48,94.05,131.43,279.40,773.12,0.9013,-1,-1,-1
404,51,873.10,237.09,98.84,444.80,0.8012,-1,-1,-1
404,58,387.89,74.44,293.60,840.95,0.9093,-1,-1,-1
404,63,970.22,338.76,78.18,210.69,0.6392,-1,-1,-1
404,66,686.12,304.30,62.78,228.54,0.5456,-1,-1,-1
405,2,726.36,214.70,162.63,525.59,0.8624,-1,-1,-1
405,6,1063.47,151.14,286.69,790.22,0.8891,-1,-1,-1
405,48,77.42,129.80,288.44,783.65,0.8915,-1,-1,-1
405,51,873.41,238.70,98.59,441.20,0.8015,-1,-1,-1
405,58,375.24,75.53,304.69,838.94,0.9082,-1,-1,-1
405,63,972.00,338.45,80.14,211.61,0.6548,-1,-1,-1
405,66,687.76,303.91,60.88,229.66,0.5206,-1,-1,-1
406,2,723.42,216.49,166.97,526.82,0.8494,-1,-1,-1
406,6,1065.30,150.49,287.56,781.06,0.8774,-1,-1,-1
406,48,55.65,129.74,304.46,789.48,0.8920,-1,-1,-1
406,51,873.41,239.56,101.56,438.06,0.7963,-1,-1,-1
406,58,364.56,73.42,316.01,851.51,0.9054,-1,-1,-1
406,63,975.70,343.72,84.55,211.51,0.6670,-1,-1,-1
406,66,689.15,305.18,62.33,231.43,0.4920,-1,-1,-1
407,2,727.56,217.77,164.26,528.37,0.8587,-1,-1,-1
407,6,1072.18,149.41,282.75,777.61,0.8777,-1,-1,-1
407,48,59.20,120.92,298.73,805.34,0.8889,-1,-1,-1
407,51,873.71,238.70,102.17,441.87,0.7981,-1,-1,-1
407,58,355.06,74.90,329.03,859.07,0.9049,-1,-1,-1
407,63,978.25,346.87,84.45,208.23,0.6534,-1,-1,-1
407,66,689.88,305.65,64.32,235.61,0.5953,-1,-1,-1
408,2,725.68,220.29,167.52,528.72,0.8642,-1,-1,-1
408,6,1077.32,149.01,278.75,777.91,0.8891,-1,-1,-1
408,48,40.73,117.19,313.90,812.67,0.9036,-1,-1,-1
408,51,872.21,239.73,105.14,440.85,0.7923,-1,-1,-1
408,58,350.67,70.72,331.52,876.11,0.9038,-1,-1,-1
408,63,980.96,334.42,84.46,221.07,0.6137,-1,-1,-1
408,66,694.27,305.03,59.82,237.78,0.4709,-1,-1,-1
409,2,729.45,220.79,166.17,534.35,0.8604,-1,-1,-1
409,6,1084.69,150.07,273.60,783.90,0.8949,-1,-1,-1
409,48,48.04,113.94,306.46,825.30,0.9047,-1,-1,-1
409,51,873.02,241.97,107.24,436.24,0.8038,-1,-1,-1
409,58,354.08,68.05,325.26,897.30,0.9088,-1,-1,-1
409,63,986.87,343.76,76.74,210.52,0.6595,-1,-1,-1
409,66,700.67,307.07,53.04,240.69,0.4868,-1,-1,-1
410,2,732.31,224.14,165.07,534.25,0.8372,-1,-1,-1
410,6,1091.62,151.61,270.45,786.87,0.8922,-1,-1,-1
410,48,41.40,110.97,313.07,835.88,0.9031,-1,-1,-1
410,51,874.86,239.47,116.04,437.98,0.7897,-1,-1,-1
410,58,359.54,65.48,313.95,914.24,0.9161,-1,-1,-1
410,63,994.59,346.77,74.59,208.71,0.6306,-1,-1,-1
410,66,704.74,309.41,57.70,242.07,0.6064,-1,-1,-1
411,2,733.49,225.04,170.26,535.32,0.8014,-1,-1,-1
411,6,1100.00,149.43,265.64,796.42,0.8893,-1,-1,-1
411,48,31.41,105.10,310.80,845.94,0.9077,-1,-1,-1
411,51,881.83,239.55,112.47,437.93,0.7873,-1,-1,-1
411,58,358.59,61.77,313.71,924.13,0.9157,-1,-1,-1
411,63,999.56,351.43,81.99,206.83,0.6638,-1,-1,-1
411,66,710.51,309.03,54.59,241.39,0.5889,-1,-1,-1
412,2,736.15,226.54,172.45,531.01,0.8134,-1,-1,-1
412,6,1101.88,154.17,271.41,798.80,0.8925,-1,-1,-1
412,48,19.93,95.59,312.64,858.54,0.9169,-1,-1,-1
412,51,889.87,235.39,108.30,443.71,0.7515,-1,-1,-1
412,58,352.08,56.01,317.98,960.79,0.9129,-1,-1,-1
412,63,1003.16,345.82,83.50,212.69,0.7009,-1,-1,-1
412,66,716.29,308.41,55.84,239.50,0.5475,-1,-1,-1
412,67,1068.92,376.22,50.61,166.37,0.3601,-1,-1,-1
412,68,653.08,343.75,55.13,190.39,0.6280,-1,-1,-1
413,2,741.57,226.10,172.63,527.70,0.8177,-1,-1,-1
413,6,1103.33,153.97,276.88,803.69,0.8973,-1,-1,-1
413,48,2.41,89.44,322.42,867.82,0.9265,-1,-1,-1
413,51,891.02,229.69,114.46,445.86,0.7524,-1,-1,-1
413,58,343.96,48.04,325.53,979.96,0.9111,-1,-1,-1
413,63,1010.47,343.24,78.94,214.15,0.5989,-1,-1,-1
413,66,724.18,306.22,53.87,240.44,0.4627,-1,-1,-1
413,68,652.33,346.54,59.11,186.75,0.6629,-1,-1,-1
414,2,752.03,227.07,166.82,524.84,0.8207,-1,-1,-1
414,6,1109.19,154.04,274.76,807.13,0.8896,-1,-1,-1
414,48,-0.34,82.54,319.75,878.84,0.9296,-1,-1,-1
414,51,893.74,234.13,122.00,444.94,0.7817,-1,-1,-1
414,58,335.99,37.36,326.52,997.28,0.9023,-1,-1,-1
414,63,1017.12,340.45,77.95,217.38,0.6410,-1,-1,-1
414,66,727.63,302.95,57.27,241.46,0.4855,-1,-1,-1
414,68,654.31,341.93,64.44,197.26,0.6432,-1,-1,-1
415,2,753.55,223.34,168.75,528.49,0.8248,-1,-1,-1
415,6,1115.56,153.43,272.66,809.97,0.8863,-1,-1,-1
415,48,-0.69,77.81,316.84,883.68,0.9252,-1,-1,-1
415,51,900.98,239.67,117.45,439.55,0.8090,-1,-1,-1
415,58,326.07,24.81,338.62,1018.26,0.9130,-1,-1,-1
415,63,1019.90,349.74,83.93,211.09,0.6747,-1,-1,-1
415,66,731.03,302.02,57.62,236.80,0.4366,-1,-1,-1
415,68,654.84,341.68,67.59,188.13,0.6434,-1,-1,-1
416,2,748.78,219.95,176.97,523.00,0.8437,-1,-1,-1
416,6,1119.82,151.61,272.01,814.62,0.8903,-1,-1,-1
416,48,-0.62,65.38,311.43,910.37,0.9216,-1,-1,-1
416,51,905.39,237.21,119.77,445.85,0.7922,-1,-1,-1
416,58,316.25,11.82,346.26,1037.68,0.9138,-1,-1,-1
416,63,1022.30,349.43,85.67,210.69,0.5940,-1,-1,-1
416,68,656.28,340.93,67.43,186.88,0.6562,-1,-1,-1
417,2,746.74,221.31,181.24,521.06,0.8358,-1,-1,-1
417,6,1124.09,151.05,268.29,824.29,0.8916,-1,-1,-1
417,48,-0.86,55.83,308.11,951.93,0.9180,-1,-1,-1
417,51,906.62,237.46,120.12,444.52,0.7986,-1,-1,-1
417,58,293.12,4.14,365.93,1051.99,0.9091,-1,-1,-1
417,63,1028.96,344.15,81.99,213.72,0.6624,-1,-1,-1
417,68,656.83,341.36,68.31,188.97,0.6612,-1,-1,-1
418,2,746.88,219.19,182.61,521.10,0.8438,-1,-1,-1
418,6,1127.29,147.90,267.37,826.73,0.8920,-1,-1,-1
418,48,1.07,48.62,277.05,985.31,0.9162,-1,-1,-1
418,51,910.75,233.80,122.31,444.62,0.7835,-1,-1,-1
418,58,276.00,1.91,378.86,1057.50,0.9150,-1,-1,-1
418,63,1031.46,334.97,82.93,220.28,0.6667,-1,-1,-1
418,68,656.24,339.76,68.40,191.69,0.6719,-1,-1,-1
419,2,745.60,209.58,182.21,532.16,0.8543,-1,-1,-1
419,6,1126.47,146.69,268.99,823.77,0.8903,-1,-1,-1
419,48,-0.17,41.25,260.56,991.14,0.9105,-1,-1,-1
419,51,911.32,233.93,119.59,443.07,0.7779,-1,-1,-1
419,58,255.47,2.22,394.13,1062.87,0.9215,-1,-1,-1
419,63,1032.53,336.77,84.69,219.38,0.6327,-1,-1,-1
419,68,653.26,337.30,68.02,201.40,0.6741,-1,-1,-1
420,2,742.60,207.67,183.77,534.38,0.8564,-1,-1,-1
420,6,1126.15,142.94,269.68,826.47,0.8896,-1,-1,-1
420,48,-0.25,38.60,245.16,1003.33,0.9036,-1,-1,-1
420,51,909.85,235.32,123.35,446.16,0.7860,-1,-1,-1
420,58,240.47,2.55,402.81,1069.90,0.9256,-1,-1,-1
420,63,1031.31,332.55,91.07,226.53,0.6363,-1,-1,-1
420,68,650.56,336.97,67.10,206.47,0.6768,-1,-1,-1
421,2,742.66,211.13,185.36,530.12,0.8574,-1,-1,-1
421,6,1122.24,138.42,276.55,830.35,0.8914,-1,-1,-1
421,48,-0.35,26.39,229.97,978.73,0.9001,-1,-1,-1
421,51,909.04,235.20,121.55,443.57,0.7928,-1,-1,-1
421,58,220.77,3.56,417.26,1069.21,0.9258,-1,-1,-1
421,63,1031.40,335.01,91.20,223.73,0.6430,-1,-1,-1
421,68,649.50,336.60,69.01,205.36,0.6760,-1,-1,-1
422,2,741.09,211.81,182.79,540.98,0.8471,-1,-1,-1
422,6,1118.32,129.99,281.00,836.28,0.8867,-1,-1,-1
422,48,-0.11,16.24,211.96,984.15,0.8891,-1,-1,-1
422,51,907.76,236.13,121.55,445.21,0.7920,-1,-1,-1
422,58,201.31,2.02,425.17,1074.00,0.9196,-1,-1,-1
422,63,1031.26,339.73,89.28,218.88,0.5484,-1,-1,-1
422,68,644.53,333.83,69.18,210.05,0.6863,-1,-1,-1
423,2,738.88,211.65,176.77,537.29,0.8480,-1,-1,-1
423,6,1109.27,126.47,290.63,839.11,0.8933,-1,-1,-1
423,48,0.27,14.02,191.77,992.07,0.8902,-1,-1,-1
423,51,907.53,238.40,120.85,444.55,0.7742,-1,-1,-1
423,58,186.43,1.14,428.17,1076.14,0.9225,-1,-1,-1
423,63,1030.75,341.43,89.99,218.02,0.5634,-1,-1,-1
423,68,640.41,332.08,73.74,213.70,0.7181,-1,-1,-1
424,2,738.02,214.53,172.55,530.94,0.8379,-1,-1,-1
424,6,1105.56,126.83,297.21,836.84,0.9006,-1,-1,-1
424,48,0.02,10.77,171.92,1003.34,0.8764,-1,-1,-1
424,51,902.67,241.16,128.00,441.23,0.7509,-1,-1,-1
424,58,162.99,2.33,439.03,1076.00,0.9273,-1,-1,-1
424,63,1028.41,340.84,86.73,218.44,0.6040,-1,-1,-1
424,68,637.15,331.80,76.91,212.97,0.7004,-1,-1,-1
425,2,732.17,214.07,176.77,536.29,0.8378,-1,-1,-1
425,6,1100.12,126.50,302.59,827.54,0.9027,-1,-1,-1
425,48,0.96,9.02,146.13,1008.71,0.8435,-1,-1,-1
425,51,899.22,239.38,127.79,439.88,0.7745,-1,-1,-1
425,58,134.69,1.77,459.38,1072.96,0.9243,-1,-1,-1
425,63,1029.16,338.57,84.90,219.46,0.6204,-1,-1,-1
425,66,718.48,295.59,53.57,247.57,0.3053,-1,-1,-1
425,68,632.93,326.90,75.62,220.04,0.7007,-1,-1,-1
426,2,733.90,213.58,171.70,535.28,0.8402,-1,-1,-1
426,6,1091.57,127.21,312.85,814.13,0.9032,-1,-1,-1
426,48,-3.71,43.06,133.63,737.68,0.5762,-1,-1,-1
426,51,894.48,236.45,134.64,442.87,0.7952,-1,-1,-1
426,58,107.58,1.38,471.43,1071.89,0.9262,-1,-1,-1
426,63,1026.75,333.81,84.72,220.20,0.6319,-1,-1,-1
426,68,631.10,326.45,73.29,216.59,0.6847,-1,-1,-1
426,69,559.10,320.75,44.16,193.79,0.4465,-1,-1,-1
427,2,728.33,214.76,178.37,537.48,0.8311,-1,-1,-1
427,6,1085.88,129.16,317.80,809.49,0.9002,-1,-1,-1
427,48,2.79,145.39,95.52,534.69,0.7120,-1,-1,-1
427,51,897.53,235.69,131.67,442.87,0.7799,-1,-1,-1
427,58,69.70,1.93,494.66,1067.94,0.9224,-1,-1,-1
427,63,1025.18,331.97,84.41,223.41,0.5849,-1,-1,-1
427,68,626.29,326.82,72.91,221.22,0.7197,-1,-1,-1
427,69,549.02,332.57,53.18,180.11,0.5203,-1,-1,-1
428,2,718.07,219.76,183.76,529.67,0.8336,-1,-1,-1
428,6,1081.34,129.79,322.14,814.82,0.9038,-1,-1,-1
428,48,1.87,156.59,72.78,525.10,0.4359,-1,-1,-1
428,51,892.09,235.33,136.86,442.79,0.7980,-1,-1,-1
428,58,41.15,3.16,516.55,1067.10,0.9214,-1,-1,-1
428,63,1025.46,332.42,80.05,223.73,0.5001,-1,-1,-1
428,68,620.15,326.94,74.01,220.65,0.7152,-1,-1,-1
428,69,542.02,312.55,55.56,196.16,0.5872,-1,-1,-1
429,2,709.30,215.04,187.83,542.62,0.8316,-1,-1,-1
429,6,1076.62,131.70,321.38,817.86,0.9048,-1,-1,-1
429,51,895.23,234.03,130.38,441.53,0.7765,-1,-1,-1
429,58,3.48,2.58,540.02,1068.86,0.9302,-1,-1,-1
429,63,1029.23,330.44,75.93,227.85,0.4858,-1,-1,-1
429,68,615.71,328.70,69.64,221.89,0.7546,-1,-1,-1
429,69,538.52,321.31,56.18,194.03,0.5870,-1,-1,-1
430,2,703.28,214.19,175.41,547.13,0.8381,-1,-1,-1
430,6,1070.34,134.48,329.05,822.38,0.9091,-1,-1,-1
430,51,896.12,234.08,126.90,436.09,0.7792,-1,-1,-1
430,58,-0.85,3.27,536.21,1069.52,0.9266,-1,-1,-1
430,63,1033.33,329.56,73.89,224.00,0.4604,-1,-1,-1
430,68,612.81,324.74,70.80,224.86,0.7133,-1,-1,-1
430,69,533.23,334.27,53.83,175.46,0.4663,-1,-1,-1
431,2,694.17,211.33,172.32,555.31,0.8261,-1,-1,-1
431,6,1069.36,134.01,327.90,826.50,0.9052,-1,-1,-1
431,51,894.25,232.88,127.00,434.25,0.7827,-1,-1,-1
431,58,-0.69,2.90,523.87,1069.77,0.9298,-1,-1,-1
431,63,1036.13,329.15,71.62,225.24,0.3720,-1,-1,-1
431,68,606.32,326.40,76.37,228.70,0.6764,-1,-1,-1
431,69,528.34,334.89,53.31,183.30,0.4572,-1,-1,-1
432,2,683.93,208.04,175.59,572.99,0.8333,-1,-1,-1
432,6,1067.37,134.02,329.85,830.83,0.9039,-1,-1,-1
432,51,894.55,230.86,126.21,433.01,0.7883,-1,-1,-1
432,58,-0.60,4.83,516.78,1069.42,0.9352,-1,-1,-1
432,63,1036.50,328.02,71.63,224.93,0.3762,-1,-1,-1
432,68,603.79,326.84,72.79,228.66,0.6597,-1,-1,-1
432,69,523.18,347.49,53.48,215.26,0.4124,-1,-1,-1
432,71,996.09,315.15,77.11,236.71,0.4671,-1,-1,-1
433,2,678.95,205.31,179.30,560.11,0.8283,-1,-1,-1
433,6,1069.25,132.94,328.51,834.38,0.9033,-1,-1,-1
433,51,893.86,231.39,125.34,431.40,0.7959,-1,-1,-1
433,58,-0.12,6.07,503.67,1062.96,0.9355,-1,-1,-1
433,68,600.51,324.86,74.33,228.08,0.6441,-1,-1,-1
433,69,518.75,340.47,56.10,187.00,0.4222,-1,-1,-1
433,71,998.54,309.78,75.71,241.76,0.5634,-1,-1,-1
434,2,676.41,201.64,175.54,576.90,0.8402,-1,-1,-1
434,6,1072.48,130.87,325.96,834.58,0.9013,-1,-1,-1
434,51,892.59,227.88,126.29,432.77,0.7960,-1,-1,-1
434,58,0.17,3.92,493.76,1064.45,0.9388,-1,-1,-1
434,63,1043.44,323.61,65.69,231.35,0.3386,-1,-1,-1
434,68,597.31,320.95,71.52,232.15,0.6849,-1,-1,-1
434,69,518.62,328.01,55.01,185.54,0.4290,-1,-1,-1
434,71,1002.69,309.55,72.34,239.93,0.5203,-1,-1,-1
435,2,675.13,198.58,172.95,560.68,0.8255,-1,-1,-1
435,6,1072.80,127.94,326.55,837.66,0.9037,-1,-1,-1
435,51,890.59,225.48,128.69,431.99,0.7788,-1,-1,-1
435,58,0.60,2.71,483.94,1064.79,0.9397,-1,-1,-1
435,63,1046.84,321.93,61.43,238.30,0.3126,-1,-1,-1
435,68,595.34,319.29,73.74,233.04,0.6861,-1,-1,-1
435,69,516.78,310.45,53.14,196.20,0.6669,-1,-1,-1
435,71,1000.21,304.75,72.51,240.68,0.5411,-1,-1,-1
436,2,672.68,196.02,174.91,553.42,0.7974,-1,-1,-1
436,6,1075.40,125.02,325.39,843.31,0.9069,-1,-1,-1
436,51,898.86,224.37,120.78,432.48,0.7701,-1,-1,-1
436,58,0.98,2.54,474.51,1066.65,0.9398,-1,-1,-1
436,68,595.59,317.88,72.88,232.10,0.7088,-1,-1,-1
436,69,515.12,307.35,52.67,200.50,0.6146,-1,-1,-1
436,71,997.71,303.22,74.60,241.94,0.5426,-1,-1,-1
437,2,669.16,193.85,173.76,530.18,0.8136,-1,-1,-1
437,6,1079.85,119.97,323.11,846.13,0.9055,-1,-1,-1
437,51,901.09,223.58,118.96,432.60,0.7562,-1,-1,-1
437,58,1.46,2.24,458.74,1073.13,0.9357,-1,-1,-1
437,63,1047.34,312.97,64.59,234.19,0.4985,-1,-1,-1
437,68,590.97,312.79,75.75,231.73,0.7241,-1,-1,-1
437,69,514.33,345.06,52.20,161.38,0.5872,-1,-1,-1
437,71,995.36,301.62,71.78,240.79,0.5718,-1,-1,-1
437,73,819.33,300.24,81.51,230.69,0.6743,-1,-1,-1
438,2,662.74,194.72,176.88,527.45,0.8384,-1,-1,-1
438,6,1080.39,117.38,323.24,836.11,0.9003,-1,-1,-1
438,51,904.49,223.39,115.44,434.73,0.7556,-1,-1,-1
438,58,2.12,3.72,433.95,1068.61,0.9349,-1,-1,-1
438,63,1049.76,313.69,61.92,231.79,0.3880,-1,-1,-1
438,68,588.84,312.50,75.09,233.63,0.7309,-1,-1,-1
438,69,512.99,336.60,50.27,169.42,0.4228,-1,-1,-1
438,71,994.55,301.15,72.95,239.35,0.5702,-1,-1,-1
438,73,816.18,300.84,84.05,231.55,0.6725,-1,-1,-1
439,2,662.05,195.32,174.38,527.40,0.8541,-1,-1,-1
439,6,1086.02,114.22,318.82,840.70,0.9013,-1,-1,-1
439,51,905.70,223.55,113.40,436.67,0.7576,-1,-1,-1
439,58,1.69,3.63,410.08,1070.08,0.9277,-1,-1,-1
439,63,1050.46,312.47,67.28,232.58,0.4700,-1,-1,-1
439,68,584.87,312.56,76.12,234.08,0.7221,-1,-1,-1
439,69,510.64,328.73,51.36,174.98,0.4344,-1,-1,-1
439,71,994.96,301.06,72.96,236.83,0.6396,-1,-1,-1
439,73,812.16,299.33,85.54,237.69,0.7250,-1,-1,-1
440,2,657.02,194.29,176.18,527.95,0.8673,-1,-1,-1
440,6,1089.10,110.83,320.28,840.03,0.8845,-1,-1,-1
440,51,904.21,221.50,112.73,438.39,0.7697,-1,-1,-1
440,58,1.52,3.26,383.28,1062.21,0.9268,-1,-1,-1
440,63,1051.29,308.66,68.64,236.98,0.5687,-1,-1,-1
440,68,582.65,307.96,77.70,243.82,0.7689,-1,-1,-1
440,69,506.88,324.14,52.89,179.39,0.4083,-1,-1,-1
440,71,994.16,300.99,74.66,235.92,0.7048,-1,-1,-1
440,73,808.70,297.06,84.19,239.70,0.7017,-1,-1,-1
441,2,656.73,196.49,177.32,530.14,0.8638,-1,-1,-1
441,6,1093.43,105.99,321.09,841.95,0.8999,-1,-1,-1
441,51,906.03,222.77,111.95,438.01,0.7795,-1,-1,-1
441,58,1.38,3.07,356.10,1064.69,0.9199,-1,-1,-1
441,63,1050.92,308.40,70.97,241.53,0.6098,-1,-1,-1
441,68,583.23,305.33,76.23,247.51,0.7664,-1,-1,-1
441,69,506.82,312.09,53.46,191.83,0.4089,-1,-1,-1
441,71,994.65,297.78,75.87,239.25,0.7098,-1,-1,-1
441,73,809.03,296.33,83.20,241.46,0.6950,-1,-1,-1
442,2,658.52,199.18,176.18,530.59,0.8552,-1,-1,-1
442,6,1098.64,107.26,322.26,827.46,0.8975,-1,-1,-1
442,51,910.75,225.07,109.20,433.96,0.7340,-1,-1,-1
442,58,2.01,3.45,323.77,1064.36,0.9135,-1,-1,-1
442,63,1056.10,315.99,71.76,236.47,0.6572,-1,-1,-1
442,68,583.99,306.09,75.80,249.44,0.7720,-1,-1,-1
442,69,510.66,329.96,52.03,175.63,0.4272,-1,-1,-1
442,71,995.76,298.02,75.71,243.37,0.6781,-1,-1,-1
442,73,812.72,297.64,87.87,236.32,0.7284,-1,-1,-1
443,2,664.13,199.45,171.70,527.40,0.8510,-1,-1,-1
443,6,1104.35,112.38,323.77,815.87,0.8968,-1,-1,-1
443,51,909.62,225.19,110.26,435.26,0.7468,-1,-1,-1
443,58,2.64,4.17,292.97,1062.59,0.8932,-1,-1,-1
443,63,1060.92,314.41,69.91,238.67,0.5991,-1,-1,-1
443,68,583.91,310.00,79.21,248.16,0.7727,-1,-1,-1
443,69,514.11,337.20,50.45,170.83,0.4493,-1,-1,-1
443,71,998.38,295.47,80.96,243.76,0.6436,-1,-1,-1
443,73,815.00,300.45,87.11,230.00,0.7590,-1,-1,-1
444,2,669.79,201.98,167.49,519.37,0.8448,-1,-1,-1
444,6,1113.81,115.14,317.09,811.33,0.9003,-1,-1,-1
444,51,914.71,226.90,106.96,431.67,0.7101,-1,-1,-1
444,58,4.18,4.65,263.22,1060.93,0.8390,-1,-1,-1
444,63,1062.22,300.97,71.99,247.74,0.5813,-1,-1,-1
444,68,586.12,307.98,80.30,250.71,0.7619,-1,-1,-1
444,69,516.95,344.13,50.66,162.57,0.4902,-1,-1,-1
444,71,999.24,299.18,83.50,242.83,0.6360,-1,-1,-1
444,73,818.32,300.40,83.92,233.89,0.7718,-1,-1,-1
445,2,674.47,204.04,169.48,509.08,0.8419,-1,-1,-1
445,6,1120.54,121.36,314.93,820.23,0.8973,-1,-1,-1
445,51,909.47,221.84,116.84,441.17,0.7753,-1,-1,-1
445,58,10.85,4.90,231.00,1061.93,0.3822,-1,-1,-1
445,63,1071.15,303.43,72.85,242.75,0.5706,-1,-1,-1
445,68,585.17,308.08,83.17,250.53,0.7622,-1,-1,-1
445,69,521.95,331.21,50.10,175.01,0.4919,-1,-1,-1
445,71,1008.06,290.75,82.70,247.54,0.7155,-1,-1,-1
445,73,820.80,298.21,87.71,236.03,0.7829,-1,-1,-1
446,2,682.77,202.02,165.16,499.30,0.8349,-1,-1,-1
446,6,1129.17,126.99,314.44,819.65,0.9061,-1,-1,-1
446,51,907.23,220.38,121.79,448.73,0.8088,-1,-1,-1
446,58,-14.84,4.94,297.35,1063.12,0.7286,-1,-1,-1
446,63,1078.87,301.85,69.67,245.67,0.6523,-1,-1,-1
446,68,584.99,310.00,88.98,249.46,0.7388,-1,-1,-1
446,69,523.95,345.25,55.12,162.74,0.5354,-1,-1,-1
446,71,1012.95,296.35,79.72,248.67,0.7713,-1,-1,-1
446,73,826.62,295.22,86.10,238.86,0.7907,-1,-1,-1
447,2,685.19,200.56,171.87,511.98,0.8356,-1,-1,-1
447,6,1140.51,127.15,308.55,826.40,0.9060,-1,-1,-1
447,51,916.22,220.29,123.35,451.34,0.7667,-1,-1,-1
447,63,1086.77,300.62,67.72,249.57,0.6897,-1,-1,-1
447,68,588.98,311.14,88.82,247.96,0.6902,-1,-1,-1
447,69,530.45,355.06,52.31,151.10,0.5006,-1,-1,-1
447,71,1017.62,292.48,84.51,250.52,0.7644,-1,-1,-1
447,73,834.49,295.74,87.76,239.28,0.7574,-1,-1,-1
448,2,688.90,200.88,178.75,524.08,0.8419,-1,-1,-1
448,6,1146.91,139.26,314.11,824.42,0.9052,-1,-1,-1
448,51,923.05,218.99,124.36,454.62,0.7440,-1,-1,-1
448,63,1094.74,304.64,69.99,247.34,0.6796,-1,-1,-1
448,68,589.67,312.61,90.26,248.06,0.6968,-1,-1,-1
448,69,536.34,328.68,51.48,180.73,0.4994,-1,-1,-1
448,71,1027.19,297.15,80.87,250.51,0.7392,-1,-1,-1
448,73,841.71,296.75,84.43,239.40,0.7969,-1,-1,-1
449,2,700.20,203.05,172.09,519.21,0.8163,-1,-1,-1
449,6,1152.48,143.18,315.86,824.57,0.9073,-1,-1,-1
449,51,932.58,216.74,116.26,454.08,0.7733,-1,-1,-1
449,63,1101.83,317.09,70.86,236.81,0.6749,-1,-1,-1
449,68,602.28,315.65,84.97,251.28,0.7451,-1,-1,-1
449,69,541.03,317.00,56.40,195.67,0.5240,-1,-1,-1
449,71,1038.82,297.45,76.42,249.20,0.7120,-1,-1,-1
449,73,846.35,297.79,86.01,238.87,0.7503,-1,-1,-1
450,2,706.72,201.95,172.67,513.00,0.8152,-1,-1,-1
450,6,1161.58,148.29,308.64,828.95,0.9099,-1,-1,-1
450,51,928.16,219.01,120.35,452.63,0.7803,-1,-1,-1
450,63,1106.76,315.05,71.71,240.09,0.7055,-1,-1,-1
450,68,606.83,315.26,83.46,250.60,0.7174,-1,-1,-1
450,69,545.90,326.70,54.80,184.27,0.4893,-1,-1,-1
450,71,1038.75,299.78,80.34,246.52,0.7051,-1,-1,-1
450,73,851.86,298.71,82.55,234.72,0.7161,-1,-1,-1
451,2,709.43,201.37,173.31,512.98,0.8244,-1,-1,-1
451,6,1169.93,151.69,306.28,832.76,0.9031,-1,-1,-1
451,51,940.28,221.11,116.63,444.35,0.7806,-1,-1,-1
451,63,1116.41,320.34,71.20,234.97,0.6995,-1,-1,-1
451,68,603.85,314.78,88.69,254.43,0.7413,-1,-1,-1
451,69,552.17,317.10,54.39,192.06,0.4584,-1,-1,-1
451,71,1052.44,288.28,72.17,255.01,0.6920,-1,-1,-1
451,73,855.64,293.67,91.58,242.05,0.7237,-1,-1,-1
452,2,719.61,200.16,165.67,511.39,0.8416,-1,-1,-1
452,6,1176.66,153.91,308.15,836.45,0.9043,-1,-1,-1
452,51,946.54,220.32,122.70,437.44,0.7663,-1,-1,-1
452,63,1124.12,315.51,71.22,242.53,0.6753,-1,-1,-1
452,68,606.17,315.01,90.42,253.05,0.7349,-1,-1,-1
452,69,557.93,318.86,52.97,185.43,0.4509,-1,-1,-1
452,71,1056.76,294.70,80.61,250.08,0.7421,-1,-1,-1
452,73,856.87,298.90,92.42,236.45,0.7779,-1,-1,-1
453,2,726.27,203.46,163.72,513.81,0.8454,-1,-1,-1
453,6,1183.90,157.42,305.26,840.75,0.9097,-1,-1,-1
453,51,951.18,216.67,124.26,441.81,0.7953,-1,-1,-1
453,63,1131.57,317.34,69.31,241.41,0.7209,-1,-1,-1
453,68,616.57,314.67,81.69,256.81,0.7705,-1,-1,-1
453,69,565.12,312.16,55.20,192.96,0.5493,-1,-1,-1
453,71,1065.44,299.39,77.04,252.50,0.7401,-1,-1,-1
453,73,873.05,297.32,81.08,242.12,0.7866,-1,-1,-1
453,74,710.16,256.72,63.48,301.90,0.3682,-1,-1,-1
454,2,733.09,202.48,166.06,513.90,0.8185,-1,-1,-1
454,6,1191.25,159.25,305.27,843.24,0.9113,-1,-1,-1
454,51,951.98,219.51,133.37,441.99,0.7835,-1,-1,-1
454,63,1140.07,311.79,70.72,247.38,0.6244,-1,-1,-1
454,68,618.88,308.81,85.91,258.70,0.7546,-1,-1,-1
454,69,572.05,322.05,52.90,186.13,0.3955,-1,-1,-1
454,71,1074.86,300.13,77.74,251.16,0.7129,-1,-1,-1
454,73,879.18,299.02,83.73,242.62,0.7318,-1,-1,-1
454,74,709.33,256.98,67.44,314.85,0.6271,-1,-1,-1
455,2,737.04,198.31,170.72,522.94,0.8355,-1,-1,-1
455,6,1194.67,157.57,308.87,844.79,0.9117,-1,-1,-1
455,51,961.90,221.59,127.26,435.70,0.7788,-1,-1,-1
455,63,1153.25,313.49,65.76,246.13,0.6149,-1,-1,-1
455,68,625.91,302.39,82.86,268.10,0.7661,-1,-1,-1
455,69,580.08,315.26,54.62,191.03,0.5632,-1,-1,-1
455,71,1082.51,301.17,75.00,251.34,0.7150,-1,-1,-1
455,73,885.48,305.15,84.99,232.05,0.6956,-1,-1,-1
455,74,716.36,257.67,67.15,311.02,0.5842,-1,-1,-1
456,2,752.46,199.18,162.08,520.94,0.8263,-1,-1,-1
456,6,1199.51,157.27,312.22,835.28,0.9041,-1,-1,-1
456,51,965.54,211.88,127.54,445.11,0.7565,-1,-1,-1
456,63,1156.62,313.86,66.49,245.44,0.5434,-1,-1,-1
456,66,720.49,254.42,74.46,318.59,0.6256,-1,-1,-1
456,68,630.67,300.65,84.94,269.85,0.7504,-1,-1,-1
456,69,581.82,318.22,57.29,191.58,0.5166,-1,-1,-1
456,71,1089.52,299.40,74.37,246.94,0.7141,-1,-1,-1
456,73,896.11,300.04,78.77,239.48,0.6627,-1,-1,-1
457,2,761.45,201.99,162.56,519.64,0.8138,-1,-1,-1
457,6,1204.20,155.41,316.38,835.45,0.9002,-1,-1,-1
457,51,975.40,213.04,122.02,442.14,0.7678,-1,-1,-1
457,63,1158.54,309.33,68.82,249.74,0.3952,-1,-1,-1
457,66,725.75,251.03,75.92,321.11,0.6759,-1,-1,-1
457,68,630.87,299.86,91.39,267.55,0.7409,-1,-1,-1
457,69,588.92,306.69,56.64,203.40,0.5276,-1,-1,-1
457,71,1093.84,297.16,77.23,250.90,0.6782,-1,-1,-1
457,73,901.02,298.13,81.74,240.25,0.6763,-1,-1,-1
458,2,769.82,199.85,160.39,518.60,0.8165,-1,-1,-1
458,6,1205.89,153.82,319.50,834.53,0.8971,-1,-1,-1
458,51,993.66,211.29,118.06,440.94,0.7765,-1,-1,-1
458,66,727.72,249.81,75.79,318.04,0.7532,-1,-1,-1
458,68,633.87,296.81,91.52,271.47,0.7160,-1,-1,-1
458,69,596.81,306.81,54.62,198.92,0.4866,-1,-1,-1
458,71,1102.77,291.81,72.54,257.47,0.7094,-1,-1,-1
458,73,907.56,297.89,88.79,240.15,0.7451,-1,-1,-1
459,2,775.86,205.20,159.62,516.45,0.8482,-1,-1,-1
459,6,1202.62,147.50,334.71,842.44,0.9081,-1,-1,-1
459,51,997.51,205.41,122.05,445.74,0.8080,-1,-1,-1
459,66,729.53,250.53,76.66,322.39,0.7669,-1,-1,-1
459,68,639.26,296.86,91.30,272.78,0.7248,-1,-1,-1
459,69,598.13,301.90,56.05,203.25,0.4796,-1,-1,-1
459,71,1105.21,293.43,81.81,257.59,0.7442,-1,-1,-1
459,73,912.54,297.06,82.26,237.95,0.7838,-1,-1,-1
460,2,783.87,203.23,155.01,511.85,0.8532,-1,-1,-1
460,6,1201.76,140.47,345.05,835.29,0.9100,-1,-1,-1
460,51,995.03,208.44,133.17,445.04,0.7901,-1,-1,-1
460,66,732.66,246.71,79.45,329.27,0.7711,-1,-1,-1
460,68,639.63,296.14,92.46,272.07,0.7377,-1,-1,-1
460,71,1108.41,295.81,80.54,255.09,0.7273,-1,-1,-1
460,73,921.45,296.14,79.39,238.34,0.7890,-1,-1,-1
461,2,785.83,203.29,158.43,508.22,0.8305,-1,-1,-1
461,6,1201.51,135.74,349.76,832.08,0.9077,-1,-1,-1
461,51,1003.94,211.28,124.54,445.22,0.7850,-1,-1,-1
461,66,735.28,242.22,81.04,331.53,0.7556,-1,-1,-1
461,68,642.01,294.09,92.08,276.58,0.7434,-1,-1,-1
461,71,1109.37,293.76,86.57,252.99,0.7292,-1,-1,-1
461,73,928.66,296.48,78.44,236.91,0.7532,-1,-1,-1
462,2,787.15,200.93,158.66,507.62,0.8073,-1,-1,-1
462,6,1201.95,130.92,353.73,828.14,0.9070,-1,-1,-1
462,51,1001.89,208.74,128.35,452.78,0.7934,-1,-1,-1
462,66,737.42,241.84,81.81,328.15,0.7590,-1,-1,-1
462,68,643.73,292.30,90.87,278.43,0.7774,-1,-1,-1
462,69,616.09,292.34,46.86,199.93,0.3995,-1,-1,-1
462,71,1113.50,294.51,83.99,253.82,0.6675,-1,-1,-1
462,73,932.36,294.93,80.19,234.83,0.7299,-1,-1,-1
463,2,785.77,197.61,161.55,513.77,0.8202,-1,-1,-1
463,6,1203.34,131.92,353.18,819.31,0.9068,-1,-1,-1
463,51,1001.45,207.76,132.08,451.89,0.8011,-1,-1,-1
463,66,736.61,239.24,80.73,333.93,0.7517,-1,-1,-1
463,68,642.51,292.96,91.27,278.63,0.7689,-1,-1,-1
463,71,1118.52,292.19,82.19,251.51,0.6627,-1,-1,-1
463,73,935.86,289.18,79.34,236.49,0.7367,-1,-1,-1
464,2,781.70,189.61,165.36,511.14,0.8134,-1,-1,-1
464,6,1210.99,128.47,345.92,824.56,0.9036,-1,-1,-1
464,51,1001.65,206.66,135.13,452.02,0.8049,-1,-1,-1
464,66,734.66,239.59,81.74,332.10,0.7738,-1,-1,-1
464,68,638.85,290.15,90.29,276.06,0.7708,-1,-1,-1
464,69,617.12,289.44,47.28,203.31,0.4228,-1,-1,-1
464,71,1117.57,287.16,81.97,254.42,0.6684,-1,-1,-1
464,73,934.01,284.22,80.87,236.93,0.7361,-1,-1,-1
465,2,778.51,184.75,167.88,512.82,0.8153,-1,-1,-1
465,6,1212.18,122.79,343.08,832.08,0.9072,-1,-1,-1
465,51,1002.83,207.25,135.13,449.89,0.7875,-1,-1,-1
465,66,728.65,232.59,85.27,336.91,0.7614,-1,-1,-1
465,68,636.07,283.94,90.89,284.24,0.7541,-1,-1,-1
465,71,1126.10,287.98,74.70,251.40,0.6097,-1,-1,-1
465,73,933.74,279.48,80.17,240.06,0.7206,-1,-1,-1
466,2,772.89,180.03,172.42,512.96,0.8060,-1,-1,-1
466,6,1208.90,119.45,347.11,840.92,0.9076,-1,-1,-1
466,51,1003.16,205.10,135.94,445.60,0.7773,-1,-1,-1
466,66,725.81,227.80,84.88,340.00,0.7359,-1,-1,-1
466,68,632.95,282.75,89.68,284.78,0.7085,-1,-1,-1
466,71,1128.15,285.97,69.72,251.35,0.5963,-1,-1,-1
466,73,933.21,275.46,81.15,242.32,0.7320,-1,-1,-1
467,2,768.63,181.07,180.80,507.38,0.8206,-1,-1,-1
467,6,1203.83,119.18,352.53,845.68,0.9091,-1,-1,-1
467,51,1003.32,204.65,133.00,449.72,0.7820,-1,-1,-1
467,66,718.12,223.95,89.36,344.46,0.7120,-1,-1,-1
467,68,623.01,276.42,95.70,294.27,0.7180,-1,-1,-1
467,71,1125.78,282.86,72.34,254.23,0.6251,-1,-1,-1
467,73,931.19,275.19,83.63,242.50,0.7591,-1,-1,-1
468,2,767.77,179.61,176.35,509.53,0.8275,-1,-1,-1
468,6,1196.43,117.99,358.01,855.52,0.9129,-1,-1,-1
468,51,999.59,203.74,132.44,450.31,0.7760,-1,-1,-1
468,66,713.93,219.30,87.77,353.79,0.7293,-1,-1,-1
468,68,618.22,274.87,94.87,296.72,0.7476,-1,-1,-1
468,71,1119.43,279.86,77.45,254.16,0.5718,-1,-1,-1
468,73,929.81,275.18,82.84,242.32,0.7664,-1,-1,-1
469,2,765.02,180.34,173.92,507.02,0.8287,-1,-1,-1
469,6,1194.07,118.06,359.00,864.10,0.9113,-1,-1,-1
469,51,999.31,203.49,128.80,443.61,0.7855,-1,-1,-1
469,66,707.16,218.19,85.79,354.71,0.7503,-1,-1,-1
469,68,613.14,268.45,90.94,303.17,0.8045,-1,-1,-1
469,71,1111.63,279.90,85.49,254.69,0.5776,-1,-1,-1
469,73,925.30,272.82,85.05,243.80,0.7717,-1,-1,-1
470,2,763.26,175.97,177.14,515.89,0.8397,-1,-1,-1
470,6,1191.05,119.20,357.40,866.77,0.9142,-1,-1,-1
470,51,996.17,198.69,132.23,448.40,0.8003,-1,-1,-1
470,66,703.33,215.53,89.39,357.44,0.7716,-1,-1,-1
470,68,600.63,267.28,99.92,302.96,0.7811,-1,-1,-1
470,71,1111.32,277.57,82.35,257.99,0.6249,-1,-1,-1
470,73,922.56,273.00,81.67,243.01,0.7862,-1,-1,-1
471,2,761.37,174.77,174.43,513.45,0.8405,-1,-1,-1
471,6,1182.45,118.28,365.36,877.78,0.9087,-1,-1,-1
471,51,994.85,195.41,130.36,451.07,0.7972,-1,-1,-1
471,66,692.71,212.68,92.90,359.26,0.7392,-1,-1,-1
471,68,595.35,264.57,97.54,307.69,0.7757,-1,-1,-1
471,71,1106.10,272.50,80.61,260.96,0.5645,-1,-1,-1
471,73,917.74,272.98,84.91,243.50,0.8014,-1,-1,-1
472,2,754.45,174.12,177.03,512.54,0.8624,-1,-1,-1
472,6,1186.00,119.15,356.94,875.34,0.9109,-1,-1,-1
472,51,991.38,196.94,131.21,449.77,0.7828,-1,-1,-1
472,66,686.10,208.96,97.31,361.94,0.7865,-1,-1,-1
472,68,591.21,264.94,98.26,307.40,0.8216,-1,-1,-1
472,71,1104.33,271.07,81.94,265.70,0.6578,-1,-1,-1
472,73,917.45,271.82,82.35,243.12,0.8046,-1,-1,-1
473,2,757.24,174.37,174.87,514.29,0.8754,-1,-1,-1
473,6,1185.49,117.81,354.80,871.83,0.9106,-1,-1,-1
473,51,988.56,196.37,127.79,450.76,0.7748,-1,-1,-1
473,66,680.57,205.88,100.71,364.86,0.8142,-1,-1,-1
473,68,585.89,262.22,97.88,310.40,0.8205,-1,-1,-1
473,71,1103.67,271.12,86.16,266.22,0.6943,-1,-1,-1
473,73,917.14,272.78,81.11,242.52,0.7932,-1,-1,-1
474,2,759.58,175.94,172.67,513.68,0.8764,-1,-1,-1
474,6,1187.71,114.60,347.85,863.33,0.9122,-1,-1,-1
474,51,986.94,195.42,126.68,450.10,0.7777,-1,-1,-1
474,66,675.66,205.63,103.93,369.13,0.8078,-1,-1,-1
474,68,582.13,261.48,94.50,310.26,0.8551,-1,-1,-1
474,71,1101.08,269.14,81.32,268.27,0.7444,-1,-1,-1
474,73,916.77,274.75,78.62,242.78,0.7575,-1,-1,-1
475,2,759.55,175.94,174.69,514.24,0.8668,-1,-1,-1
475,6,1186.92,111.74,348.47,859.83,0.9117,-1,-1,-1
475,51,988.62,196.45,115.90,437.18,0.7679,-1,-1,-1
475,66,667.78,203.67,107.70,371.24,0.8245,-1,-1,-1
475,68,575.07,259.90,97.27,311.46,0.8387,-1,-1,-1
475,71,1096.65,266.87,80.08,267.88,0.7513,-1,-1,-1
475,73,917.21,277.42,79.05,237.50,0.7594,-1,-1,-1
476,2,760.68,176.35,176.14,512.15,0.8656,-1,-1,-1
476,6,1189.02,106.17,347.18,860.94,0.9087,-1,-1,-1
476,51,984.49,194.36,115.79,434.21,0.7694,-1,-1,-1
476,66,662.89,202.79,110.54,374.50,0.8286,-1,-1,-1
476,68,572.16,258.17,93.38,313.72,0.8241,-1,-1,-1
476,71,1098.75,263.59,75.73,271.06,0.7606,-1,-1,-1
476,73,919.29,277.19,73.80,234.16,0.7493,-1,-1,-1
477,2,765.12,178.02,173.68,510.89,0.8642,-1,-1,-1
477,6,1191.26,103.03,345.17,855.60,0.9085,-1,-1,-1
477,51,983.54,194.49,115.27,433.74,0.7660,-1,-1,-1
477,66,658.09,203.76,114.75,378.92,0.8371,-1,-1,-1
477,68,570.38,261.18,94.16,315.30,0.8304,-1,-1,-1
477,71,1098.96,263.69,75.40,272.17,0.7607,-1,-1,-1
477,73,919.60,280.30,73.04,232.79,0.7565,-1,-1,-1
478,2,769.76,179.46,172.63,509.38,0.8512,-1,-1,-1
478,6,1190.90,101.86,348.51,844.05,0.9090,-1,-1,-1
478,51,981.13,195.77,117.32,434.40,0.7655,-1,-1,-1
478,66,654.68,206.09,117.25,384.82,0.8426,-1,-1,-1
478,68,559.15,264.22,100.76,322.37,0.8090,-1,-1,-1
478,71,1096.41,265.93,77.68,272.15,0.7685,-1,-1,-1
478,73,921.23,279.80,71.54,235.97,0.6692,-1,-1,-1
479,2,774.91,179.26,172.23,506.87,0.8616,-1,-1,-1
479,6,1192.36,101.58,349.41,839.25,0.9118,-1,-1,-1
479,51,979.02,196.20,122.49,433.46,0.7527,-1,-1,-1
479,66,652.48,206.05,120.92,387.25,0.8356,-1,-1,-1
479,68,550.76,262.47,108.46,324.88,0.8063,-1,-1,-1
479,71,1097.10,265.88,76.48,273.36,0.7663,-1,-1,-1
479,73,918.45,242.06,79.87,275.43,0.5595,-1,-1,-1
480,2,777.41,180.74,174.59,503.28,0.8562,-1,-1,-1
480,6,1194.52,101.49,349.40,843.64,0.9095,-1,-1,-1
480,51,979.11,194.76,121.53,444.57,0.7589,-1,-1,-1
480,66,648.20,206.37,128.27,389.70,0.8169,-1,-1,-1
480,68,547.76,264.25,106.99,328.10,0.8075,-1,-1,-1
480,71,1097.04,266.43,77.57,276.44,0.7605,-1,-1,-1
480,73,918.77,234.97,79.77,283.32,0.4914,-1,-1,-1
481,2,781.98,179.92,171.92,502.89,0.8586,-1,-1,-1
481,6,1196.79,103.18,350.74,852.41,0.9125,-1,-1,-1
481,51,978.97,196.02,124.16,449.57,0.7734,-1,-1,-1
481,66,647.88,208.14,132.17,393.65,0.8177,-1,-1,-1
481,68,544.89,268.09,108.34,329.29,0.8047,-1,-1,-1
481,71,1096.90,272.64,80.15,271.38,0.7872,-1,-1,-1
481,73,924.59,269.54,73.72,249.23,0.3704,-1,-1,-1
482,2,785.35,186.57,176.78,502.69,0.8503,-1,-1,-1
482,6,1199.78,108.02,355.26,857.59,0.9112,-1,-1,-1
482,51,978.18,200.32,126.26,442.84,0.7631,-1,-1,-1
482,66,650.33,212.00,132.46,394.80,0.8243,-1,-1,-1
482,68,544.67,273.85,108.03,328.26,0.7955,-1,-1,-1
482,71,1097.61,276.47,80.83,270.38,0.7677,-1,-1,-1
483,2,788.78,183.31,177.55,507.92,0.8503,-1,-1,-1
483,6,1201.67,109.17,356.19,863.07,0.9093,-1,-1,-1
483,51,982.18,201.01,130.43,447.00,0.7989,-1,-1,-1
483,66,650.30,210.49,136.68,397.57,0.8172,-1,-1,-1
483,68,546.52,271.40,105.17,331.80,0.7804,-1,-1,-1
483,71,1101.14,274.89,85.34,274.98,0.7716,-1,-1,-1
484,2,799.26,183.12,170.51,509.70,0.8523,-1,-1,-1
484,6,1204.30,113.05,354.58,868.07,0.9081,-1,-1,-1
484,51,987.48,203.72,125.85,448.90,0.8211,-1,-1,-1
484,66,651.37,209.03,131.26,404.26,0.8117,-1,-1,-1
484,68,547.38,269.74,103.14,338.67,0.7711,-1,-1,-1
484,71,1102.53,275.81,88.22,274.32,0.7831,-1,-1,-1
485,2,805.73,190.70,172.08,500.37,0.8442,-1,-1,-1
485,6,1208.07,114.35,355.14,881.35,0.9016,-1,-1,-1
485,51,994.03,207.62,122.61,449.78,0.8209,-1,-1,-1
485,66,653.03,208.22,129.06,412.00,0.8024,-1,-1,-1
485,68,544.81,272.03,107.64,342.20,0.7960,-1,-1,-1
485,71,1105.01,274.98,86.15,279.19,0.7894,-1,-1,-1
486,2,811.43,192.03,171.86,506.24,0.8457,-1,-1,-1
486,6,1214.97,118.60,349.81,892.62,0.9044,-1,-1,-1
486,51,998.92,211.48,121.08,448.16,0.8142,-1,-1,-1
486,66,655.22,208.13,136.43,412.45,0.8149,-1,-1,-1
486,68,545.47,271.69,110.07,345.93,0.7993,-1,-1,-1
486,71,1104.76,279.78,97.86,276.45,0.7858,-1,-1,-1
487,2,819.31,195.02,171.47,512.61,0.8608,-1,-1,-1
487,6,1223.00,130.63,348.73,891.74,0.9046,-1,-1,-1
487,51,1005.11,217.82,121.23,448.60,0.7953,-1,-1,-1
487,66,657.39,208.88,148.59,418.31,0.8054,-1,-1,-1
487,68,543.02,269.48,112.59,352.03,0.8127,-1,-1,-1
487,71,1113.31,283.11,92.92,279.89,0.7878,-1,-1,-1
488,2,824.75,203.04,174.56,509.84,0.8573,-1,-1,-1
488,6,1225.58,138.65,348.48,893.28,0.9044,-1,-1,-1
488,51,1005.22,222.03,126.34,448.95,0.8017,-1,-1,-1
488,66,660.14,211.30,147.04,418.92,0.8049,-1,-1,-1
488,68,543.46,271.75,113.55,354.94,0.8077,-1,-1,-1
488,71,1118.72,285.75,93.11,277.92,0.7800,-1,-1,-1
489,2,833.54,206.96,178.49,510.28,0.8524,-1,-1,-1
489,6,1227.62,141.76,348.18,892.18,0.9077,-1,-1,-1
489,51,1012.07,228.80,121.29,441.33,0.7791,-1,-1,-1
489,66,662.54,211.53,153.93,421.52,0.8042,-1,-1,-1
489,68,541.93,270.11,118.39,360.49,0.7907,-1,-1,-1
489,71,1129.58,292.79,88.29,277.20,0.7965,-1,-1,-1
490,2,839.03,214.18,177.89,508.21,0.8672,-1,-1,-1
490,6,1230.04,143.11,351.00,889.73,0.9107,-1,-1,-1
490,51,1014.72,229.20,123.77,447.95,0.7754,-1,-1,-1
490,66,664.46,213.17,153.45,426.70,0.7997,-1,-1,-1
490,68,535.60,271.78,130.38,363.13,0.7835,-1,-1,-1
490,71,1133.13,296.89,90.64,273.52,0.8023,-1,-1,-1
491,2,844.06,218.63,178.50,508.28,0.8650,-1,-1,-1
491,6,1227.80,142.55,356.12,894.32,0.9101,-1,-1,-1
491,51,1015.73,227.99,123.46,448.54,0.7797,-1,-1,-1
491,66,664.41,213.43,159.31,429.84,0.8139,-1,-1,-1
491,68,530.78,272.88,133.67,365.45,0.7805,-1,-1,-1
491,71,1135.65,300.09,92.96,273.24,0.8188,-1,-1,-1
492,2,847.90,224.62,177.57,507.34,0.8459,-1,-1,-1
492,6,1224.77,141.39,367.94,894.43,0.9084,-1,-1,-1
492,51,1013.92,231.62,126.32,451.97,0.7856,-1,-1,-1
492,66,666.25,213.55,157.49,432.23,0.8301,-1,-1,-1
492,68,526.54,273.25,142.36,366.46,0.8083,-1,-1,-1
492,71,1136.39,304.48,96.20,275.03,0.8235,-1,-1,-1
493,2,850.88,231.04,172.85,505.16,0.8307,-1,-1,-1
493,6,1222.70,136.17,361.14,903.68,0.8988,-1,-1,-1
493,51,1015.12,232.49,128.35,452.76,0.8117,-1,-1,-1
493,66,660.17,213.45,160.17,436.21,0.8135,-1,-1,-1
493,68,523.29,274.43,143.67,369.03,0.7981,-1,-1,-1
493,71,1135.34,309.20,100.30,272.37,0.8217,-1,-1,-1
494,2,855.21,230.40,173.65,494.90,0.8308,-1,-1,-1
494,6,1217.68,133.70,352.44,891.74,0.8983,-1,-1,-1
494,51,1014.30,233.20,127.59,448.30,0.8161,-1,-1,-1
494,66,659.87,213.35,157.71,444.05,0.8270,-1,-1,-1
494,68,519.94,275.76,144.88,376.13,0.8201,-1,-1,-1
494,71,1133.98,311.00,102.75,271.81,0.7902,-1,-1,-1
495,2,858.88,229.92,171.30,496.20,0.8385,-1,-1,-1
495,6,1212.98,131.24,354.55,884.93,0.9058,-1,-1,-1
495,51,1009.10,234.15,129.39,447.32,0.8094,-1,-1,-1
495,66,654.91,213.10,162.41,451.67,0.8196,-1,-1,-1
495,68,516.01,278.02,145.54,380.04,0.7914,-1,-1,-1
495,71,1136.52,312.31,99.40,274.24,0.7831,-1,-1,-1
496,2,859.72,229.54,172.90,495.96,0.8125,-1,-1,-1
496,6,1213.95,127.44,351.61,879.92,0.9091,-1,-1,-1
496,51,1010.27,234.72,128.87,445.07,0.8065,-1,-1,-1
496,66,643.99,213.81,173.74,455.06,0.8375,-1,-1,-1
496,68,512.92,281.63,143.70,381.98,0.8008,-1,-1,-1
496,71,1141.50,312.78,96.57,275.47,0.7659,-1,-1,-1
497,2,859.96,229.27,175.27,468.76,0.8114,-1,-1,-1
497,6,1212.29,121.57,352.04,887.15,0.9161,-1,-1,-1
497,51,1009.03,234.11,129.38,446.52,0.8103,-1,-1,-1
497,66,637.26,213.35,179.21,456.33,0.8460,-1,-1,-1
497,68,509.37,283.39,143.70,384.09,0.8176,-1,-1,-1
497,71,1141.89,312.63,96.80,278.83,0.7443,-1,-1,-1
498,2,859.25,228.81,177.71,457.00,0.8131,-1,-1,-1
498,6,1210.41,118.29,352.74,897.67,0.9115,-1,-1,-1
498,51,1008.02,235.24,129.79,447.30,0.8241,-1,-1,-1
498,66,634.24,212.81,177.51,460.33,0.8766,-1,-1,-1
498,68,507.59,286.13,137.54,382.60,0.8259,-1,-1,-1
498,71,1141.76,312.50,97.07,279.57,0.7724,-1,-1,-1
499,2,859.19,227.26,178.24,490.37,0.8188,-1,-1,-1
499,6,1211.37,115.54,351.44,907.96,0.9119,-1,-1,-1
499,51,1008.01,233.12,128.95,449.72,0.8059,-1,-1,-1
499,66,629.52,214.63,173.16,463.70,0.8770,-1,-1,-1
499,68,498.55,287.57,143.93,387.09,0.8103,-1,-1,-1
499,71,1143.59,311.94,95.09,283.35,0.7390,-1,-1,-1
500,2,859.26,226.37,176.63,487.78,0.8313,-1,-1,-1
500,6,1208.07,114.53,354.77,919.05,0.9101,-1,-1,-1
500,51,1008.69,232.62,125.63,453.45,0.8011,-1,-1,-1
500,66,624.81,214.18,171.01,472.59,0.8412,-1,-1,-1
500,68,493.68,290.08,142.13,390.96,0.8254,-1,-1,-1
500,71,1141.31,312.48,97.47,285.61,0.7398,-1,-1,-1
501,2,857.25,226.71,179.58,492.17,0.8406,-1,-1,-1
501,6,1208.15,114.45,353.96,926.58,0.9116,-1,-1,-1
501,51,1007.62,233.40,127.21,453.78,0.8121,-1,-1,-1
501,66,622.00,212.16,169.47,482.37,0.8425,-1,-1,-1
501,68,486.66,283.46,143.30,399.86,0.8325,-1,-1,-1
501,71,1143.31,311.98,95.23,284.39,0.7572,-1,-1,-1
502,2,858.16,227.47,180.57,489.19,0.8465,-1,-1,-1
502,6,1208.95,114.70,352.22,931.29,0.9147,-1,-1,-1
502,51,1004.12,235.37,128.77,453.13,0.8182,-1,-1,-1
502,66,615.93,213.18,174.76,484.68,0.8389,-1,-1,-1
502,68,480.59,282.97,140.63,405.59,0.8264,-1,-1,-1
502,71,1141.78,311.39,96.97,283.42,0.7961,-1,-1,-1
503,2,855.26,225.58,179.52,496.92,0.8428,-1,-1,-1
503,6,1208.63,116.27,351.59,933.57,0.9156,-1,-1,-1
503,51,1001.99,235.38,131.63,448.86,0.8124,-1,-1,-1
503,66,609.01,206.64,164.39,487.52,0.8484,-1,-1,-1
503,68,470.76,277.44,142.07,411.21,0.8174,-1,-1,-1
503,71,1138.38,309.16,96.95,285.13,0.8152,-1,-1,-1
504,2,851.94,224.79,183.37,492.14,0.8410,-1,-1,-1
504,6,1206.82,116.92,352.71,937.93,0.9171,-1,-1,-1
504,51,1001.98,233.62,128.60,448.10,0.8057,-1,-1,-1
504,66,601.48,196.21,168.38,500.85,0.8538,-1,-1,-1
504,68,461.85,274.79,145.20,414.99,0.8150,-1,-1,-1
504,71,1136.82,305.53,98.93,288.85,0.8099,-1,-1,-1
505,2,854.95,224.96,183.40,496.09,0.8216,-1,-1,-1
505,6,1208.18,116.01,352.63,942.36,0.9195,-1,-1,-1
505,51,1005.39,230.27,118.59,449.10,0.7635,-1,-1,-1
505,66,590.45,195.08,173.68,504.17,0.8638,-1,-1,-1
505,68,451.78,269.13,144.66,422.85,0.8093,-1,-1,-1
505,71,1135.43,302.41,97.62,288.22,0.8119,-1,-1,-1
506,2,854.54,224.02,183.16,503.77,0.8192,-1,-1,-1
506,6,1207.79,114.11,353.50,945.08,0.9161,-1,-1,-1
506,51,1002.68,232.39,119.09,439.90,0.7542,-1,-1,-1
506,66,581.94,188.21,168.43,507.62,0.8524,-1,-1,-1
506,68,440.56,266.25,153.17,428.04,0.8198,-1,-1,-1
506,71,1128.92,299.21,105.04,290.35,0.8075,-1,-1,-1
507,2,859.45,227.94,176.02,501.33,0.8120,-1,-1,-1
507,6,1210.86,112.04,351.11,934.07,0.9160,-1,-1,-1
507,51,1000.88,233.00,118.43,440.40,0.7593,-1,-1,-1
507,66,572.86,186.55,169.62,507.47,0.8499,-1,-1,-1
507,68,432.12,262.24,150.19,435.30,0.8504,-1,-1,-1
507,71,1129.34,297.32,102.54,290.95,0.8150,-1,-1,-1
508,2,854.38,229.67,175.91,498.08,0.8232,-1,-1,-1
508,6,1211.94,107.97,348.55,932.81,0.9172,-1,-1,-1
508,51,1003.99,227.65,107.43,447.11,0.7308,-1,-1,-1
508,66,562.73,180.18,169.24,519.74,0.8462,-1,-1,-1
508,68,418.08,258.86,149.85,439.89,0.8385,-1,-1,-1
508,71,1133.01,296.22,96.72,290.09,0.7944,-1,-1,-1
509,2,854.39,228.87,173.48,492.43,0.8011,-1,-1,-1
509,6,1210.36,104.54,348.13,933.97,0.9159,-1,-1,-1
509,51,1002.58,226.95,96.70,449.66,0.7385,-1,-1,-1
509,66,550.13,174.30,173.13,527.31,0.8656,-1,-1,-1
509,68,408.70,255.17,149.21,443.89,0.8458,-1,-1,-1
509,71,1127.32,295.44,96.28,289.51,0.7946,-1,-1,-1
510,2,851.23,228.14,172.39,489.07,0.7936,-1,-1,-1
510,6,1207.40,100.70,356.36,932.80,0.9113,-1,-1,-1
510,51,998.35,227.59,97.81,448.51,0.7139,-1,-1,-1
510,66,535.96,169.91,179.11,535.79,0.8797,-1,-1,-1
510,68,393.52,253.86,149.53,451.03,0.8397,-1,-1,-1
510,71,1121.51,293.40,98.19,290.76,0.8060,-1,-1,-1
510,78,1077.38,309.59,50.38,207.60,0.4561,-1,-1,-1
511,2,859.75,221.14,163.74,488.33,0.7535,-1,-1,-1
511,6,1204.78,94.40,358.94,921.02,0.9119,-1,-1,-1
511,51,993.35,219.76,100.40,459.35,0.6839,-1,-1,-1
511,66,523.23,170.60,178.09,537.15,0.8656,-1,-1,-1
511,68,375.45,251.56,159.27,461.33,0.8519,-1,-1,-1
511,71,1119.40,289.44,96.70,295.06,0.8112,-1,-1,-1
511,78,1071.32,311.01,58.48,204.48,0.5245,-1,-1,-1
512,2,856.40,219.31,160.54,482.21,0.7486,-1,-1,-1
512,6,1204.81,87.30,354.49,906.52,0.9078,-1,-1,-1
512,51,990.36,216.36,102.00,464.87,0.6842,-1,-1,-1
512,66,511.30,168.40,183.74,547.25,0.8665,-1,-1,-1
512,68,362.93,251.44,159.18,470.47,0.8263,-1,-1,-1
512,71,1114.49,284.95,97.76,297.49,0.7846,-1,-1,-1
512,78,1067.43,307.26,59.15,202.11,0.4561,-1,-1,-1
513,2,851.63,214.57,161.61,483.32,0.8258,-1,-1,-1
513,6,1207.15,83.04,351.44,899.32,0.9029,-1,-1,-1
513,51,988.93,221.24,84.27,453.24,0.6107,-1,-1,-1
513,66,500.89,161.65,189.23,560.53,0.8585,-1,-1,-1
513,68,350.64,246.20,161.50,481.21,0.8543,-1,-1,-1
513,71,1111.60,283.91,97.80,296.50,0.7460,-1,-1,-1
513,78,1060.77,308.77,63.44,203.42,0.5030,-1,-1,-1
514,2,850.91,205.49,159.30,488.43,0.7778,-1,-1,-1
514,6,1211.18,74.43,348.18,899.25,0.9054,-1,-1,-1
514,51,987.47,212.96,89.39,451.78,0.6747,-1,-1,-1
514,66,488.03,157.64,197.05,572.11,0.8477,-1,-1,-1
514,68,341.29,247.02,164.71,475.90,0.8291,-1,-1,-1
514,71,1108.57,278.02,100.14,297.36,0.7839,-1,-1,-1
514,78,1059.84,300.19,61.57,212.31,0.4245,-1,-1,-1
515,2,850.35,204.19,158.27,486.60,0.7922,-1,-1,-1
515,6,1213.89,68.15,345.71,906.04,0.9065,-1,-1,-1
515,51,987.74,210.55,90.08,452.73,0.6660,-1,-1,-1
515,66,480.99,155.17,197.18,580.51,0.8481,-1,-1,-1
515,68,329.37,245.62,169.21,480.76,0.8544,-1,-1,-1
515,71,1104.85,274.59,101.99,298.89,0.8050,-1,-1,-1
515,78,1057.40,293.71,57.39,220.76,0.4458,-1,-1,-1
516,2,848.67,201.91,158.89,486.86,0.8172,-1,-1,-1
516,6,1217.35,62.65,342.01,911.83,0.9067,-1,-1,-1
516,51,987.62,205.40,88.75,448.70,0.6722,-1,-1,-1
516,66,470.13,151.48,205.93,586.12,0.8654,-1,-1,-1
516,68,317.84,244.69,173.37,491.56,0.8638,-1,-1,-1
516,71,1105.02,273.18,100.52,299.03,0.8177,-1,-1,-1
516,78,1054.21,295.56,61.28,216.97,0.4490,-1,-1,-1
517,2,851.05,198.82,155.15,490.09,0.8159,-1,-1,-1
517,6,1219.54,59.82,340.97,920.92,0.9086,-1,-1,-1
517,51,987.87,203.87,85.14,438.54,0.6636,-1,-1,-1
517,66,465.53,151.14,208.87,595.99,0.8865,-1,-1,-1
517,68,309.04,239.87,171.33,505.56,0.8544,-1,-1,-1
517,71,1105.94,270.90,101.02,300.96,0.8210,-1,-1,-1
517,78,1055.25,295.46,61.14,213.55,0.5305,-1,-1,-1
518,2,852.22,197.48,153.07,493.27,0.7924,-1,-1,-1
518,6,1219.89,57.70,341.64,931.93,0.9090,-1,-1,-1
518,51,987.96,201.36,82.36,437.07,0.6680,-1,-1,-1
518,66,459.46,147.27,213.18,605.81,0.8801,-1,-1,-1
518,68,299.20,234.56,173.71,518.89,0.8636,-1,-1,-1
518,71,1103.43,268.77,104.93,305.26,0.8105,-1,-1,-1
518,78,1053.80,288.12,56.11,218.88,0.4946,-1,-1,-1
518,83,832.62,326.93,59.78,227.79,0.3331,-1,-1,-1
519,2,851.16,196.38,154.97,494.52,0.7935,-1,-1,-1
519,6,1220.53,57.63,341.41,935.13,0.9034,-1,-1,-1
519,51,987.59,199.29,81.96,436.57,0.6411,-1,-1,-1
519,66,452.10,143.43,218.29,615.70,0.8662,-1,-1,-1
519,68,290.52,230.14,177.13,530.20,0.8635,-1,-1,-1
519,71,1100.73,264.24,107.56,308.50,0.8085,-1,-1,-1
519,78,1056.07,290.82,57.00,220.55,0.5480,-1,-1,-1
520,2,853.25,193.93,153.11,496.13,0.7843,-1,-1,-1
520,6,1226.61,56.08,337.50,943.61,0.9025,-1,-1,-1
520,51,987.38,196.56,81.91,439.30,0.6352,-1,-1,-1
520,66,448.06,139.35,222.84,624.13,0.8580,-1,-1,-1
520,68,278.64,225.36,183.30,535.49,0.8731,-1,-1,-1
520,71,1102.45,264.88,107.86,304.85,0.8028,-1,-1,-1
520,78,1056.47,285.50,53.57,221.73,0.5424,-1,-1,-1
521,2,856.98,197.62,151.11,496.17,0.7857,-1,-1,-1
521,6,1231.24,59.93,336.39,948.30,0.9021,-1,-1,-1
521,51,989.78,196.93,82.15,440.36,0.6699,-1,-1,-1
521,66,446.81,135.64,225.70,630.93,0.8568,-1,-1,-1
521,68,273.21,228.40,185.31,535.84,0.8841,-1,-1,-1
521,71,1108.43,264.77,108.74,306.76,0.7964,-1,-1,-1
521,78,1059.88,296.05,57.09,212.56,0.5821,-1,-1,-1
522,2,858.43,198.69,151.14,492.44,0.8084,-1,-1,-1
522,6,1233.53,57.92,330.19,957.07,0.9047,-1,-1,-1
522,51,989.65,195.59,82.06,441.95,0.6514,-1,-1,-1
522,66,443.66,129.93,228.79,638.88,0.8674,-1,-1,-1
522,68,266.17,223.16,187.89,544.49,0.8766,-1,-1,-1
522,71,1108.34,262.18,106.98,306.39,0.7995,-1,-1,-1
522,78,1059.79,284.21,56.33,215.82,0.5770,-1,-1,-1
523,2,862.94,197.55,148.58,492.47,0.8155,-1,-1,-1
523,6,1234.17,55.12,325.74,965.34,0.9079,-1,-1,-1
523,51,990.16,193.54,82.93,446.61,0.6681,-1,-1,-1
523,66,436.74,117.98,234.52,655.05,0.8748,-1,-1,-1
523,68,254.67,217.27,198.46,552.62,0.8785,-1,-1,-1
523,71,1107.66,259.89,109.69,305.04,0.7869,-1,-1,-1
523,78,1059.78,284.98,60.10,215.30,0.6367,-1,-1,-1
524,2,869.05,199.16,145.57,491.61,0.8324,-1,-1,-1
524,6,1235.87,53.77,324.02,962.20,0.9066,-1,-1,-1
524,51,993.70,198.27,79.93,450.55,0.6187,-1,-1,-1
524,66,433.10,117.93,237.82,658.40,0.8761,-1,-1,-1
524,68,248.32,215.82,201.86,562.03,0.8795,-1,-1,-1
524,71,1105.86,258.55,114.10,306.72,0.7973,-1,-1,-1
524,78,1059.79,281.87,62.12,217.35,0.6621,-1,-1,-1
525,2,872.92,200.13,149.67,490.75,0.8535,-1,-1,-1
525,6,1235.36,48.98,328.74,966.17,0.9048,-1,-1,-1
525,51,994.74,201.89,84.49,439.91,0.5604,-1,-1,-1
525,66,432.84,112.72,241.63,666.78,0.8757,-1,-1,-1
525,68,240.59,212.78,203.41,566.51,0.8766,-1,-1,-1
525,71,1111.45,256.82,114.45,307.03,0.8084,-1,-1,-1
525,78,1065.02,280.30,61.95,219.09,0.6508,-1,-1,-1
526,2,877.48,199.31,149.92,493.89,0.8615,-1,-1,-1
526,6,1239.69,48.17,328.46,964.33,0.9025,-1,-1,-1
526,51,996.46,202.74,88.02,444.81,0.5399,-1,-1,-1
526,66,429.56,110.76,248.15,670.86,0.8780,-1,-1,-1
526,68,232.32,209.85,206.17,574.03,0.8671,-1,-1,-1
526,71,1114.13,255.91,117.72,311.08,0.8282,-1,-1,-1
526,78,1069.76,276.89,59.40,221.56,0.7116,-1,-1,-1
527,2,880.13,200.75,151.81,491.45,0.8385,-1,-1,-1
527,6,1244.53,49.60,326.23,961.88,0.9088,-1,-1,-1
527,51,997.13,204.18,91.12,447.82,0.6069,-1,-1,-1
527,66,424.67,111.08,255.87,673.41,0.8746,-1,-1,-1
527,68,224.96,205.41,206.80,584.36,0.8561,-1,-1,-1
527,71,1117.22,259.26,119.66,308.87,0.8429,-1,-1,-1
527,78,1072.17,279.07,62.87,225.24,0.7562,-1,-1,-1
528,2,877.97,199.58,157.71,493.03,0.8257,-1,-1,-1
528,6,1242.41,46.47,332.81,963.59,0.9093,-1,-1,-1
528,51,999.39,203.31,93.04,450.86,0.5893,-1,-1,-1
528,66,420.32,108.09,260.62,681.14,0.8841,-1,-1,-1
528,68,223.67,206.09,209.31,589.54,0.8462,-1,-1,-1
528,71,1125.94,260.53,111.53,310.23,0.8396,-1,-1,-1
528,78,1078.93,278.04,62.88,224.75,0.7224,-1,-1,-1
529,2,875.97,198.56,158.23,489.81,0.8117,-1,-1,-1
529,6,1242.05,47.84,335.46,953.66,0.9104,-1,-1,-1
529,51,1002.02,203.27,90.20,452.33,0.6235,-1,-1,-1
529,66,415.58,104.21,269.44,693.36,0.8815,-1,-1,-1
529,68,222.44,205.83,209.54,608.56,0.8254,-1,-1,-1
529,71,1133.30,261.60,108.14,311.62,0.8125,-1,-1,-1
529,78,1085.02,284.01,58.59,226.26,0.7214,-1,-1,-1
530,2,889.06,196.66,144.14,490.86,0.7797,-1,-1,-1
530,6,1246.93,49.26,342.79,938.92,0.9049,-1,-1,-1
530,51,1008.57,208.28,87.41,451.77,0.7040,-1,-1,-1
530,66,403.10,101.10,282.39,713.39,0.8806,-1,-1,-1
530,68,213.06,206.15,218.55,630.20,0.8275,-1,-1,-1
530,71,1137.38,262.10,107.51,313.79,0.7999,-1,-1,-1
530,78,1089.11,297.43,62.12,210.38,0.6529,-1,-1,-1
531,2,877.94,195.46,159.18,491.41,0.7960,-1,-1,-1
531,6,1247.82,48.88,345.68,937.51,0.9107,-1,-1,-1
531,51,1010.45,206.85,92.88,458.57,0.7153,-1,-1,-1
531,66,401.18,93.69,283.53,742.98,0.8831,-1,-1,-1
531,68,208.44,208.83,218.13,635.44,0.8440,-1,-1,-1
531,71,1143.92,264.93,106.06,311.38,0.8073,-1,-1,-1
531,78,1093.93,293.28,64.12,213.24,0.7250,-1,-1,-1
532,2,887.25,198.20,156.51,486.58,0.8206,-1,-1,-1
532,6,1250.47,47.17,349.20,949.19,0.9081,-1,-1,-1
532,51,1013.66,201.92,92.30,462.54,0.6443,-1,-1,-1
532,66,396.87,92.17,288.64,757.69,0.8871,-1,-1,-1
532,68,203.24,211.65,222.56,634.08,0.8572,-1,-1,-1
532,71,1146.82,264.96,105.95,313.78,0.8130,-1,-1,-1
532,78,1099.81,293.86,60.26,216.20,0.7340,-1,-1,-1
533,2,892.66,200.25,153.65,485.93,0.8351,-1,-1,-1
533,6,1252.90,48.06,355.71,955.68,0.9008,-1,-1,-1
533,51,1015.69,202.96,92.47,460.40,0.7145,-1,-1,-1
533,66,387.47,90.99,297.92,762.99,0.8828,-1,-1,-1
533,68,197.25,214.19,221.62,640.63,0.8669,-1,-1,-1
533,71,1151.52,269.46,105.59,315.12,0.8025,-1,-1,-1
533,78,1103.10,285.29,61.72,225.41,0.6589,-1,-1,-1
534,2,895.92,201.58,153.20,496.31,0.8348,-1,-1,-1
534,6,1260.55,44.54,358.70,966.57,0.9037,-1,-1,-1
534,51,1015.98,198.51,91.85,465.94,0.6619,-1,-1,-1
534,66,381.54,91.35,301.44,763.88,0.8852,-1,-1,-1
534,68,188.70,216.69,221.61,641.89,0.8752,-1,-1,-1
534,71,1154.24,270.39,106.90,316.23,0.7682,-1,-1,-1
534,78,1106.34,287.13,64.24,231.87,0.6000,-1,-1,-1
535,2,896.03,204.88,153.90,492.99,0.8421,-1,-1,-1
535,6,1263.56,43.23,358.00,978.46,0.9082,-1,-1,-1
535,51,1017.65,199.28,94.75,471.90,0.6858,-1,-1,-1
535,66,373.49,86.99,303.86,778.12,0.8756,-1,-1,-1
535,68,178.99,210.45,227.92,676.21,0.8801,-1,-1,-1
535,71,1152.92,269.90,113.33,317.21,0.7881,-1,-1,-1
535,78,1106.37,288.85,60.21,232.05,0.4039,-1,-1,-1
536,2,900.44,205.33,152.05,494.73,0.8320,-1,-1,-1
536,6,1263.20,41.61,366.77,987.99,0.9050,-1,-1,-1
536,51,1019.14,197.10,92.94,468.52,0.7123,-1,-1,-1
536,66,370.92,82.52,300.39,808.11,0.8702,-1,-1,-1
536,68,167.10,208.68,234.40,683.15,0.8807,-1,-1,-1
536,71,1154.70,269.47,112.32,317.84,0.8015,-1,-1,-1
536,78,1108.63,293.46,59.54,225.60,0.3573,-1,-1,-1
537,2,902.98,209.90,150.86,492.83,0.8227,-1,-1,-1
537,6,1263.95,40.90,371.41,994.33,0.9050,-1,-1,-1
537,51,1019.74,198.83,92.94,462.93,0.6989,-1,-1,-1
537,66,362.74,78.81,301.95,830.30,0.8743,-1,-1,-1
537,68,151.36,205.25,241.50,694.67,0.8765,-1,-1,-1
537,71,1155.74,269.96,111.45,318.05,0.7668,-1,-1,-1
537,78,1113.14,284.90,65.20,240.75,0.3746,-1,-1,-1
538,2,904.00,212.67,152.16,490.14,0.8181,-1,-1,-1
538,6,1267.01,41.16,375.88,1000.63,0.9046,-1,-1,-1
538,51,1019.99,200.35,100.84,459.72,0.7041,-1,-1,-1
538,66,350.37,66.95,298.79,849.09,0.8845,-1,-1,-1
538,68,136.24,198.69,244.45,708.88,0.8730,-1,-1,-1
538,71,1158.43,268.35,109.82,321.30,0.8012,-1,-1,-1
538,78,1114.94,282.32,63.75,245.59,0.3619,-1,-1,-1
539,2,902.93,211.82,151.05,491.50,0.8159,-1,-1,-1
539,6,1268.49,40.03,377.93,1007.95,0.9044,-1,-1,-1
539,51,1020.37,199.85,104.00,451.11,0.7195,-1,-1,-1
539,66,341.79,53.20,306.82,866.09,0.8805,-1,-1,-1
539,68,111.71,188.11,251.47,721.79,0.8694,-1,-1,-1
539,71,1154.70,265.18,110.55,323.55,0.7894,-1,-1,-1
540,2,903.30,212.41,151.76,490.65,0.8093,-1,-1,-1
540,6,1273.14,41.60,374.22,1014.48,0.9040,-1,-1,-1
540,51,1021.27,198.66,92.11,453.58,0.6256,-1,-1,-1
540,66,326.47,50.79,310.31,872.64,0.8769,-1,-1,-1
540,68,98.99,178.92,243.12,736.14,0.8851,-1,-1,-1
540,71,1151.47,266.13,109.06,322.35,0.7980,-1,-1,-1
541,2,903.15,216.61,148.00,483.13,0.8053,-1,-1,-1
541,6,1271.83,51.23,377.32,1010.45,0.9001,-1,-1,-1
541,51,1018.27,200.12,96.26,454.18,0.7097,-1,-1,-1
541,66,303.16,42.18,310.26,887.14,0.8859,-1,-1,-1
541,68,75.91,180.05,253.05,744.15,0.8953,-1,-1,-1
541,71,1135.22,268.49,118.77,321.69,0.7808,-1,-1,-1
542,2,896.72,211.86,150.96,488.35,0.7970,-1,-1,-1
542,6,1272.32,53.51,377.84,1005.54,0.8953,-1,-1,-1
542,51,1016.47,198.47,85.85,454.90,0.6572,-1,-1,-1
542,66,289.27,34.22,305.13,901.73,0.8866,-1,-1,-1
542,68,52.64,167.29,257.80,754.49,0.8871,-1,-1,-1
542,71,1140.26,266.80,110.56,323.57,0.8210,-1,-1,-1
542,86,584.72,291.60,70.15,250.48,0.6273,-1,-1,-1
543,2,891.55,208.80,153.06,489.83,0.8216,-1,-1,-1
543,6,1276.51,51.90,375.46,1001.38,0.8989,-1,-1,-1
543,51,1017.29,195.03,82.66,455.26,0.6312,-1,-1,-1
543,66,258.87,19.90,324.63,919.42,0.8780,-1,-1,-1
543,68,28.63,159.26,263.46,770.78,0.8898,-1,-1,-1
543,71,1132.15,265.26,111.13,321.34,0.7959,-1,-1,-1
543,86,581.67,287.38,75.35,255.55,0.5999,-1,-1,-1
544,2,891.44,204.95,152.13,486.43,0.8169,-1,-1,-1
544,6,1278.34,52.45,374.20,1006.55,0.8985,-1,-1,-1
544,51,1014.99,191.36,85.47,460.50,0.5615,-1,-1,-1
544,66,253.77,11.23,311.94,936.94,0.8982,-1,-1,-1
544,68,4.88,154.45,271.59,781.66,0.8869,-1,-1,-1
544,71,1116.84,262.82,122.02,327.67,0.8356,-1,-1,-1
544,86,579.41,286.93,74.40,257.68,0.6440,-1,-1,-1
544,87,1637.24,287.49,63.71,154.58,0.3277,-1,-1,-1
545,2,889.53,203.95,151.62,483.32,0.8098,-1,-1,-1
545,6,1280.60,54.18,372.28,1000.53,0.9040,-1,-1,-1
545,51,1011.90,200.02,85.92,459.58,0.6115,-1,-1,-1
545,66,220.45,4.19,330.42,950.26,0.8900,-1,-1,-1
545,68,-1.39,146.79,255.01,801.95,0.8815,-1,-1,-1
545,71,1108.81,264.75,125.59,328.55,0.8418,-1,-1,-1
545,86,577.76,289.90,72.74,254.85,0.6478,-1,-1,-1
545,87,1638.35,290.59,63.29,155.14,0.3131,-1,-1,-1
546,2,884.26,202.32,156.60,484.41,0.8077,-1,-1,-1
546,6,1279.46,54.49,372.82,999.96,0.9043,-1,-1,-1
546,51,1009.28,199.65,94.00,446.27,0.4938,-1,-1,-1
546,66,200.92,5.16,339.58,959.34,0.9040,-1,-1,-1
546,68,-2.62,141.72,236.61,825.04,0.8869,-1,-1,-1
546,71,1110.51,269.06,119.13,324.13,0.8205,-1,-1,-1
546,86,574.17,288.66,70.80,253.40,0.6967,-1,-1,-1
546,87,1638.44,301.03,60.51,147.64,0.3621,-1,-1,-1
547,2,878.46,201.32,155.64,485.09,0.8087,-1,-1,-1
547,6,1278.72,53.57,370.08,991.94,0.9079,-1,-1,-1
547,51,1001.81,201.26,106.86,448.92,0.6086,-1,-1,-1
547,66,181.46,2.50,346.77,967.05,0.8976,-1,-1,-1
547,68,-3.32,132.35,219.66,839.92,0.8793,-1,-1,-1
547,71,1112.67,268.57,109.45,323.12,0.7745,-1,-1,-1
547,86,568.51,289.78,61.33,254.37,0.6280,-1,-1,-1
547,87,1637.91,299.83,58.77,149.56,0.3409,-1,-1,-1
548,2,873.91,202.69,156.08,486.20,0.8152,-1,-1,-1
548,6,1278.45,52.70,367.76,978.21,0.9041,-1,-1,-1
548,51,1000.21,202.69,117.68,447.91,0.6330,-1,-1,-1
548,66,158.71,3.05,362.24,987.65,0.8997,-1,-1,-1
548,68,-4.01,125.33,203.82,841.77,0.8606,-1,-1,-1
548,71,1097.47,270.00,116.59,325.53,0.8084,-1,-1,-1
548,86,563.04,287.65,61.86,259.11,0.6736,-1,-1,-1
548,87,1631.94,292.73,61.35,157.17,0.3882,-1,-1,-1
549,2,868.42,202.15,151.09,490.94,0.8356,-1,-1,-1
549,6,1277.77,50.20,364.32,967.86,0.9045,-1,-1,-1
549,51,994.38,217.11,132.59,431.32,0.6792,-1,-1,-1
549,66,113.99,0.87,402.61,1028.13,0.8785,-1,-1,-1
549,68,-5.35,127.56,194.92,847.47,0.8490,-1,-1,-1
549,71,1097.59,271.69,111.66,323.46,0.8208,-1,-1,-1
549,86,555.16,291.43,64.28,254.29,0.6636,-1,-1,-1
549,87,1629.73,295.95,60.20,156.65,0.4341,-1,-1,-1
550,2,866.49,203.92,152.38,493.08,0.8399,-1,-1,-1
550,6,1277.22,48.49,361.67,971.92,0.9036,-1,-1,-1
550,51,988.43,208.80,81.76,444.92,0.4565,-1,-1,-1
550,66,90.42,2.17,398.81,1064.96,0.8850,-1,-1,-1
550,68,0.85,162.00,154.78,821.14,0.8166,-1,-1,-1
550,71,1097.76,272.39,103.10,323.52,0.8090,-1,-1,-1
550,86,546.27,286.25,72.17,260.80,0.6641,-1,-1,-1
550,87,1624.43,291.82,61.90,162.98,0.4780,-1,-1,-1
551,2,864.96,208.29,147.80,487.63,0.8465,-1,-1,-1
551,6,1276.23,47.68,362.01,984.87,0.8996,-1,-1,-1
551,51,983.42,207.69,81.70,434.72,0.3077,-1,-1,-1
551,66,64.02,1.36,405.61,1074.06,0.8871,-1,-1,-1
551,68,-2.62,251.76,144.23,734.55,0.8401,-1,-1,-1
551,71,1094.60,274.22,103.30,321.21,0.7984,-1,-1,-1
551,86,540.95,280.59,63.28,268.01,0.7283,-1,-1,-1
551,87,1620.96,285.04,64.27,170.60,0.4939,-1,-1,-1
551,88,1023.55,287.60,111.29,339.26,0.6776,-1,-1,-1
552,2,858.90,212.95,148.11,480.13,0.8402,-1,-1,-1
552,6,1276.40,48.54,359.21,991.94,0.8994,-1,-1,-1
552,51,975.11,211.77,85.62,415.47,0.4479,-1,-1,-1
552,66,25.33,3.83,424.98,1068.91,0.9075,-1,-1,-1
552,68,-1.81,240.11,125.07,752.05,0.7942,-1,-1,-1
552,71,1094.87,276.92,97.03,320.53,0.7477,-1,-1,-1
552,86,534.12,283.22,69.58,267.25,0.7326,-1,-1,-1
552,87,1618.58,279.88,66.58,177.11,0.3787,-1,-1,-1
552,88,1013.84,283.39,123.96,348.07,0.6557,-1,-1,-1
553,2,852.11,216.24,146.02,480.41,0.8144,-1,-1,-1
553,6,1280.29,47.37,353.92,998.87,0.8958,-1,-1,-1
553,51,972.72,212.62,85.68,421.76,0.5710,-1,-1,-1
553,66,0.54,2.20,438.02,1065.05,0.9054,-1,-1,-1
553,68,-5.45,236.97,115.17,762.67,0.4723,-1,-1,-1
553,71,1097.40,275.97,87.60,319.83,0.7462,-1,-1,-1
553,86,529.53,290.60,70.24,261.38,0.7059,-1,-1,-1
553,87,1615.42,280.98,68.10,178.18,0.3163,-1,-1,-1
553,88,1014.63,271.70,122.67,363.74,0.6265,-1,-1,-1
554,2,851.74,221.07,136.97,480.55,0.8399,-1,-1,-1
554,6,1274.77,47.28,352.44,1004.95,0.9026,-1,-1,-1
554,51,964.72,213.68,84.59,464.01,0.6287,-1,-1,-1
554,66,-1.59,4.18,429.91,1062.21,0.9109,-1,-1,-1
554,71,1096.35,277.63,89.74,328.03,0.6850,-1,-1,-1
554,86,527.02,286.54,70.29,268.32,0.7208,-1,-1,-1
554,87,1612.37,287.33,71.95,171.52,0.5705,-1,-1,-1
554,88,1018.33,268.38,117.44,371.17,0.6178,-1,-1,-1
555,2,853.06,221.98,132.24,482.99,0.8491,-1,-1,-1
555,6,1268.71,50.59,353.29,1008.08,0.9052,-1,-1,-1
555,51,960.17,214.91,87.24,465.02,0.6511,-1,-1,-1
555,66,1.62,3.11,381.53,1062.52,0.8841,-1,-1,-1
555,71,1098.17,279.41,82.27,335.22,0.4514,-1,-1,-1
555,86,522.55,289.80,74.37,267.55,0.7478,-1,-1,-1
555,87,1605.90,291.03,77.23,169.61,0.6565,-1,-1,-1
555,88,1016.44,268.52,121.52,374.93,0.6408,-1,-1,-1
556,2,849.87,222.35,134.01,482.06,0.8435,-1,-1,-1
556,6,1266.87,53.80,352.51,1014.63,0.9004,-1,-1,-1
556,51,960.65,216.63,91.56,465.04,0.7287,-1,-1,-1
556,66,0.17,5.82,350.28,1058.11,0.9234,-1,-1,-1
556,86,520.64,290.03,70.36,269.99,0.7282,-1,-1,-1
556,87,1607.08,291.99,76.51,171.59,0.6454,-1,-1,-1
556,88,1018.61,262.23,125.57,382.95,0.6032,-1,-1,-1
557,2,845.47,220.16,136.68,484.34,0.8358,-1,-1,-1
557,6,1270.78,55.61,345.64,1013.06,0.8958,-1,-1,-1
557,51,960.36,213.28,93.78,464.43,0.7580,-1,-1,-1
557,66,-1.30,4.46,339.04,1062.51,0.9184,-1,-1,-1
557,86,516.81,292.75,70.95,269.49,0.7234,-1,-1,-1
557,87,1605.88,288.93,77.53,175.62,0.5226,-1,-1,-1
557,88,1044.15,261.35,121.62,378.54,0.7520,-1,-1,-1
558,2,838.48,218.65,142.19,488.65,0.8392,-1,-1,-1
558,6,1277.52,56.44,334.62,1015.24,0.8953,-1,-1,-1
558,51,960.76,216.10,93.33,460.08,0.8015,-1,-1,-1
558,66,-2.55,4.61,331.91,1062.82,0.8744,-1,-1,-1
558,86,516.06,293.06,72.36,270.63,0.7387,-1,-1,-1
558,87,1605.12,287.99,82.95,176.63,0.4423,-1,-1,-1
558,88,1050.23,256.17,116.35,389.04,0.7895,-1,-1,-1
559,2,831.86,220.69,149.53,482.97,0.8350,-1,-1,-1
559,6,1284.79,57.38,325.09,1011.93,0.9023,-1,-1,-1
559,51,957.67,213.87,99.57,454.93,0.7988,-1,-1,-1
559,66,-4.39,7.02,354.11,1063.65,0.8954,-1,-1,-1
559,86,520.15,289.46,69.23,278.06,0.7438,-1,-1,-1
559,87,1603.67,291.62,94.29,175.61,0.5065,-1,-1,-1
559,88,1047.81,255.67,120.94,392.26,0.7933,-1,-1,-1
560,2,823.63,224.71,158.92,475.34,0.8428,-1,-1,-1
560,6,1289.34,59.83,316.19,1008.09,0.8923,-1,-1,-1
560,51,955.77,219.94,103.67,444.80,0.7661,-1,-1,-1
560,66,-3.86,5.05,349.90,1063.76,0.7994,-1,-1,-1
560,86,520.45,291.77,71.06,278.06,0.7424,-1,-1,-1
560,87,1602.02,293.05,102.93,175.36,0.6289,-1,-1,-1
560,88,1062.36,263.88,111.63,383.40,0.7203,-1,-1,-1
561,2,821.77,221.61,160.84,474.87,0.8467,-1,-1,-1
561,6,1293.84,56.39,318.43,1011.73,0.8956,-1,-1,-1
561,51,955.97,217.23,109.61,446.30,0.7845,-1,-1,-1
561,66,0.71,6.40,334.34,1061.68,0.8638,-1,-1,-1
561,86,523.18,287.28,75.96,281.73,0.7175,-1,-1,-1
561,87,1606.78,283.82,117.69,182.70,0.5897,-1,-1,-1
561,88,1080.06,272.47,113.04,370.39,0.7062,-1,-1,-1
562,2,817.50,218.33,164.71,472.11,0.8433,-1,-1,-1
562,6,1297.52,54.66,314.28,1018.99,0.9004,-1,-1,-1
562,51,954.25,213.94,114.32,453.70,0.7994,-1,-1,-1
562,66,0.12,12.84,332.14,1054.59,0.8350,-1,-1,-1
562,86,524.70,289.04,74.49,278.94,0.6947,-1,-1,-1
562,87,1617.42,285.62,110.70,181.70,0.6895,-1,-1,-1
562,88,1093.13,271.18,112.75,380.46,0.7617,-1,-1,-1
563,2,817.77,218.49,166.20,476.36,0.8473,-1,-1,-1
563,6,1302.02,58.71,324.22,1015.54,0.8956,-1,-1,-1
563,51,957.68,216.02,114.06,454.69,0.8123,-1,-1,-1
563,66,2.41,7.23,315.82,1060.67,0.8744,-1,-1,-1
563,86,527.65,289.29,73.53,281.27,0.7384,-1,-1,-1
563,87,1630.18,283.67,116.25,184.93,0.5992,-1,-1,-1
563,88,1102.42,271.32,129.12,382.54,0.7906,-1,-1,-1
564,2,822.06,219.19,165.68,480.75,0.8584,-1,-1,-1
564,6,1304.99,52.84,339.91,1021.37,0.8987,-1,-1,-1
564,51,962.92,214.39,116.41,461.83,0.7956,-1,-1,-1
564,66,3.40,6.40,304.61,1063.61,0.8592,-1,-1,-1
564,71,1068.78,271.58,93.85,344.30,0.5487,-1,-1,-1
564,86,534.10,293.84,72.17,279.47,0.7500,-1,-1,-1
564,87,1645.26,278.92,106.20,190.84,0.6526,-1,-1,-1
564,88,1113.36,270.08,148.81,388.39,0.7522,-1,-1,-1
565,2,833.05,224.60,161.69,478.35,0.8560,-1,-1,-1
565,6,1306.93,53.38,358.58,1025.53,0.9025,-1,-1,-1
565,51,972.12,217.18,117.67,463.64,0.7980,-1,-1,-1
565,66,8.00,11.66,286.39,1054.96,0.7610,-1,-1,-1
565,71,1083.01,274.91,92.53,339.29,0.6708,-1,-1,-1
565,86,542.85,303.15,72.96,272.57,0.7164,-1,-1,-1
565,87,1658.92,280.83,113.43,196.58,0.6561,-1,-1,-1
565,88,1131.37,270.30,166.14,391.84,0.7974,-1,-1,-1
566,2,839.87,226.81,160.46,477.73,0.8489,-1,-1,-1
566,6,1314.36,53.72,367.05,1013.95,0.8979,-1,-1,-1
566,51,975.77,215.75,122.23,462.12,0.7561,-1,-1,-1
566,66,7.54,8.92,266.30,1059.61,0.7997,-1,-1,-1
566,71,1087.14,273.29,103.55,341.37,0.6526,-1,-1,-1
566,86,548.53,303.77,72.32,272.60,0.7246,-1,-1,-1
566,87,1675.31,281.57,101.96,195.50,0.7203,-1,-1,-1
566,88,1137.76,273.92,184.16,394.67,0.7254,-1,-1,-1
567,2,846.59,231.55,161.97,479.39,0.8364,-1,-1,-1
567,6,1320.79,53.96,382.57,1006.10,0.9166,-1,-1,-1
567,51,981.42,222.95,117.36,447.64,0.7654,-1,-1,-1
567,66,8.71,5.59,245.88,1063.48,0.7285,-1,-1,-1
567,71,1092.23,273.16,108.37,351.31,0.7415,-1,-1,-1
567,86,553.09,304.59,74.15,272.53,0.7415,-1,-1,-1
567,87,1692.35,281.84,104.04,193.67,0.6561,-1,-1,-1
567,88,1142.40,270.71,209.11,400.65,0.7991,-1,-1,-1
568,2,849.73,230.83,164.52,480.28,0.8453,-1,-1,-1
568,6,1311.72,54.15,404.38,1016.30,0.9163,-1,-1,-1
568,51,987.30,225.58,121.47,452.62,0.8194,-1,-1,-1
568,66,16.24,9.59,218.69,1063.02,0.3047,-1,-1,-1
568,71,1095.70,271.65,115.23,353.95,0.7458,-1,-1,-1
568,86,558.62,300.55,77.00,276.21,0.7538,-1,-1,-1
568,87,1704.82,283.07,104.71,197.39,0.6215,-1,-1,-1
568,88,1150.18,282.01,192.86,393.80,0.8635,-1,-1,-1
569,2,854.93,232.53,162.76,480.92,0.8512,-1,-1,-1
569,6,1320.92,54.80,408.72,1016.96,0.9097,-1,-1,-1
569,51,997.88,227.00,118.25,462.22,0.8181,-1,-1,-1
569,71,1103.88,275.72,112.04,353.75,0.7736,-1,-1,-1
569,86,564.29,300.07,79.00,279.44,0.7622,-1,-1,-1
569,87,1717.11,286.20,102.90,198.92,0.6672,-1,-1,-1
569,88,1153.82,284.61,195.49,395.06,0.8655,-1,-1,-1
570,2,863.42,242.35,157.10,474.48,0.8609,-1,-1,-1
570,6,1316.74,52.80,428.22,1021.88,0.9013,-1,-1,-1
570,51,1008.37,231.78,114.37,461.47,0.8220,-1,-1,-1
570,71,1110.70,276.30,118.03,352.06,0.7815,-1,-1,-1
570,86,567.56,295.33,80.16,285.14,0.7627,-1,-1,-1
570,87,1729.93,289.24,102.95,198.46,0.6612,-1,-1,-1
570,88,1166.17,281.26,196.79,403.28,0.8491,-1,-1,-1
571,2,870.12,245.29,156.67,473.50,0.8514,-1,-1,-1
571,6,1327.59,54.16,421.73,1019.80,0.9150,-1,-1,-1
571,51,1012.53,233.44,111.93,464.21,0.7977,-1,-1,-1
571,71,1110.03,273.65,129.26,357.52,0.8052,-1,-1,-1
571,86,571.06,303.54,78.87,282.43,0.7941,-1,-1,-1
571,87,1740.19,289.48,104.01,201.19,0.5994,-1,-1,-1
571,88,1170.66,279.47,202.02,412.13,0.8297,-1,-1,-1
572,2,874.81,238.79,156.92,477.03,0.8206,-1,-1,-1
572,6,1326.54,53.50,431.92,1021.91,0.9048,-1,-1,-1
572,51,1015.01,233.44,115.20,461.55,0.7808,-1,-1,-1
572,71,1118.74,274.56,129.98,360.42,0.7916,-1,-1,-1
572,86,576.37,305.55,76.01,279.09,0.8196,-1,-1,-1
572,87,1751.04,289.75,105.52,201.89,0.5634,-1,-1,-1
572,88,1194.17,281.38,187.89,410.80,0.8295,-1,-1,-1
573,2,880.61,238.56,152.96,476.73,0.8283,-1,-1,-1
573,6,1332.21,55.01,441.55,1020.67,0.8942,-1,-1,-1
573,51,1022.05,233.39,114.65,458.05,0.7583,-1,-1,-1
573,71,1121.98,276.24,133.61,359.48,0.8220,-1,-1,-1
573,86,580.11,308.66,74.40,278.51,0.7774,-1,-1,-1
573,87,1761.29,293.09,104.09,201.06,0.6056,-1,-1,-1
573,88,1214.68,284.70,173.04,409.93,0.8170,-1,-1,-1
574,2,884.16,239.53,158.44,477.25,0.8419,-1,-1,-1
574,6,1340.59,54.13,441.88,1019.84,0.9083,-1,-1,-1
574,51,1025.89,236.37,115.69,455.17,0.7597,-1,-1,-1
574,71,1127.57,278.85,132.39,361.45,0.8300,-1,-1,-1
574,86,584.88,306.27,75.76,280.81,0.7114,-1,-1,-1
574,87,1774.40,294.19,106.74,203.79,0.5546,-1,-1,-1
574,88,1235.18,283.33,163.51,414.42,0.7739,-1,-1,-1
575,2,886.58,239.13,157.86,474.98,0.8421,-1,-1,-1
575,6,1350.06,57.25,435.38,1013.60,0.9108,-1,-1,-1
575,51,1030.55,235.93,112.46,459.90,0.7714,-1,-1,-1
575,71,1134.13,278.25,130.93,364.43,0.8402,-1,-1,-1
575,86,589.13,304.65,74.81,281.78,0.6908,-1,-1,-1
575,88,1250.81,282.79,154.14,417.84,0.7155,-1,-1,-1
576,2,889.31,238.70,156.33,472.59,0.8243,-1,-1,-1
576,6,1356.91,60.51,433.49,1009.16,0.9128,-1,-1,-1
576,51,1030.15,236.14,113.19,455.91,0.7834,-1,-1,-1
576,71,1139.73,274.38,132.49,369.15,0.8365,-1,-1,-1
576,86,591.76,314.76,74.08,273.87,0.7103,-1,-1,-1
576,87,1786.23,296.09,115.28,205.12,0.5534,-1,-1,-1
576,88,1271.50,280.76,140.83,423.53,0.7411,-1,-1,-1
577,2,892.74,236.78,154.18,470.41,0.8183,-1,-1,-1
577,6,1360.51,60.66,433.80,1009.13,0.9074,-1,-1,-1
577,51,1030.41,226.46,112.60,474.62,0.7902,-1,-1,-1
577,71,1140.50,274.09,134.83,370.95,0.8282,-1,-1,-1
577,86,587.66,316.72,78.84,272.34,0.6704,-1,-1,-1
577,87,1794.81,295.39,115.52,201.59,0.6060,-1,-1,-1
577,88,1293.27,287.91,137.63,424.17,0.7620,-1,-1,-1
578,2,893.56,236.69,153.78,470.95,0.8286,-1,-1,-1
578,6,1367.53,63.27,436.62,1006.59,0.9024,-1,-1,-1
578,51,1030.62,224.39,112.98,476.96,0.7904,-1,-1,-1
578,71,1143.37,274.40,125.07,372.78,0.8227,-1,-1,-1
578,86,589.71,315.04,77.56,275.00,0.6978,-1,-1,-1
578,87,1798.06,299.39,117.16,201.57,0.5936,-1,-1,-1
578,88,1317.77,282.42,122.54,431.47,0.7278,-1,-1,-1
579,2,890.04,240.18,153.99,471.58,0.8384,-1,-1,-1
579,6,1385.67,71.08,423.65,997.35,0.9035,-1,-1,-1
579,51,1027.36,232.02,115.33,471.48,0.7846,-1,-1,-1
579,71,1142.09,276.55,129.64,377.01,0.8299,-1,-1,-1
579,86,589.50,307.28,73.83,290.59,0.7376,-1,-1,-1
579,87,1801.22,304.33,117.95,208.67,0.6258,-1,-1,-1
579,88,1329.81,284.00,123.71,442.86,0.7861,-1,-1,-1
580,2,892.17,242.41,149.04,467.70,0.8435,-1,-1,-1
580,6,1395.17,72.66,420.72,995.67,0.9025,-1,-1,-1
580,51,1022.47,234.97,119.75,466.25,0.7729,-1,-1,-1
580,71,1141.33,275.34,128.92,379.93,0.8009,-1,-1,-1
580,86,585.26,303.44,75.16,296.49,0.6817,-1,-1,-1
580,87,1808.04,304.56,111.30,212.55,0.6580,-1,-1,-1
580,88,1332.40,284.40,127.86,449.93,0.7711,-1,-1,-1
581,2,886.69,242.82,150.36,465.86,0.8372,-1,-1,-1
581,6,1411.50,69.65,413.93,995.61,0.9016,-1,-1,-1
581,51,1019.43,234.95,123.25,461.79,0.7765,-1,-1,-1
581,71,1146.53,285.69,119.09,369.75,0.7879,-1,-1,-1
581,86,583.53,307.80,72.14,292.51,0.7291,-1,-1,-1
581,87,1817.24,305.24,102.14,215.82,0.6044,-1,-1,-1
581,88,1334.44,283.53,150.25,454.50,0.7722,-1,-1,-1
582,2,886.05,245.87,145.32,464.68,0.8439,-1,-1,-1
582,6,1425.29,71.24,412.06,1002.23,0.9084,-1,-1,-1
582,51,1016.45,234.31,126.21,461.10,0.7831,-1,-1,-1
582,71,1148.11,285.99,116.83,369.41,0.7748,-1,-1,-1
582,86,581.94,308.37,72.13,293.11,0.7593,-1,-1,-1
582,87,1827.98,305.47,91.56,215.79,0.5277,-1,-1,-1
582,88,1335.84,285.94,169.05,451.05,0.8256,-1,-1,-1
582,89,1229.96,310.78,63.36,282.78,0.4560,-1,-1,-1
583,2,882.90,249.02,144.01,473.00,0.8496,-1,-1,-1
583,6,1430.60,72.69,415.79,1001.04,0.9085,-1,-1,-1
583,51,1013.19,232.65,129.31,464.06,0.7638,-1,-1,-1
583,71,1143.64,283.65,117.90,375.59,0.7814,-1,-1,-1
583,86,576.91,310.83,74.28,292.67,0.7644,-1,-1,-1
583,87,1837.34,307.04,82.05,217.72,0.5308,-1,-1,-1
583,88,1339.75,286.72,166.51,450.23,0.8010,-1,-1,-1
583,89,1233.15,312.42,61.98,283.55,0.5574,-1,-1,-1
584,2,875.23,249.60,146.97,477.58,0.8480,-1,-1,-1
584,6,1439.01,70.11,416.88,1002.82,0.9091,-1,-1,-1
584,51,1013.56,234.36,129.63,467.95,0.7647,-1,-1,-1
584,71,1142.66,284.45,121.26,377.07,0.7715,-1,-1,-1
584,86,574.72,304.68,74.39,294.73,0.7628,-1,-1,-1
584,87,1841.21,308.04,78.03,224.32,0.5702,-1,-1,-1
584,88,1339.19,281.63,168.19,456.74,0.7983,-1,-1,-1
584,89,1231.99,311.99,64.19,282.91,0.5492,-1,-1,-1
585,2,866.99,251.73,146.06,476.28,0.8629,-1,-1,-1
585,6,1443.94,72.09,416.93,996.58,0.9092,-1,-1,-1
585,51,1006.91,233.41,133.44,470.32,0.7862,-1,-1,-1
585,71,1141.87,284.45,121.21,379.40,0.7747,-1,-1,-1
585,86,573.02,308.14,71.21,291.97,0.7816,-1,-1,-1
585,87,1849.19,304.49,70.18,228.35,0.5226,-1,-1,-1
585,88,1339.55,282.43,164.17,451.36,0.7660,-1,-1,-1
585,89,1229.57,310.15,64.66,276.40,0.4707,-1,-1,-1
586,2,861.97,253.21,146.53,474.52,0.8471,-1,-1,-1
586,6,1453.48,70.77,412.51,1002.70,0.9040,-1,-1,-1
586,51,1008.38,234.66,127.09,469.82,0.8060,-1,-1,-1
586,71,1140.66,284.48,126.22,378.35,0.7450,-1,-1,-1
586,86,567.78,298.02,72.80,303.73,0.7591,-1,-1,-1
586,87,1851.71,306.57,67.74,230.60,0.4462,-1,-1,-1
586,88,1340.64,284.40,167.18,451.44,0.7407,-1,-1,-1
587,2,861.88,253.68,143.70,472.53,0.8499,-1,-1,-1
587,6,1459.80,66.75,409.62,1008.75,0.8986,-1,-1,-1
587,51,1008.41,236.66,122.28,468.56,0.8084,-1,-1,-1
587,71,1141.39,282.83,125.16,381.94,0.7573,-1,-1,-1
587,86,564.13,305.20,72.33,297.89,0.7177,-1,-1,-1
587,87,1853.61,308.95,65.96,227.83,0.4829,-1,-1,-1
587,88,1341.72,284.12,176.47,458.87,0.7566,-1,-1,-1
588,2,859.70,254.30,140.30,472.29,0.8393,-1,-1,-1
588,6,1465.60,65.40,404.35,1008.58,0.9020,-1,-1,-1
588,51,1002.15,239.48,123.43,466.05,0.7910,-1,-1,-1
588,71,1141.51,285.55,127.54,380.06,0.7232,-1,-1,-1
588,86,555.94,317.67,73.08,288.00,0.7264,-1,-1,-1
588,87,1856.45,308.76,63.10,225.53,0.5368,-1,-1,-1
588,88,1340.79,284.24,184.65,460.80,0.7546,-1,-1,-1
589,2,854.77,253.02,136.70,474.48,0.8394,-1,-1,-1
589,6,1468.43,62.98,407.76,1012.63,0.9034,-1,-1,-1
589,51,996.93,237.31,128.27,469.84,0.7998,-1,-1,-1
589,71,1140.79,283.61,135.37,384.35,0.7721,-1,-1,-1
589,86,552.24,322.36,69.91,282.82,0.7146,-1,-1,-1
589,87,1860.35,311.53,59.26,221.91,0.4634,-1,-1,-1
589,88,1340.92,283.34,195.33,468.58,0.7696,-1,-1,-1
590,2,849.40,251.53,137.81,477.47,0.8381,-1,-1,-1
590,6,1466.48,62.15,414.76,1014.40,0.9074,-1,-1,-1
590,51,980.76,239.72,139.97,467.95,0.8108,-1,-1,-1
590,71,1139.22,284.98,141.01,386.92,0.8114,-1,-1,-1
590,86,548.89,317.32,71.63,288.43,0.7128,-1,-1,-1
590,87,1864.40,313.78,55.12,221.65,0.3898,-1,-1,-1
590,88,1352.10,279.28,191.30,477.11,0.7314,-1,-1,-1
591,2,835.59,249.66,148.54,473.89,0.8401,-1,-1,-1
591,6,1466.78,60.97,418.24,1011.65,0.9094,-1,-1,-1
591,51,983.61,240.88,132.80,464.85,0.8063,-1,-1,-1
591,71,1140.08,281.56,138.74,391.01,0.8227,-1,-1,-1
591,86,542.62,318.65,74.66,288.71,0.7380,-1,-1,-1
591,87,1867.72,316.23,51.80,219.19,0.3593,-1,-1,-1
591,88,1378.59,278.80,166.49,480.26,0.7157,-1,-1,-1
592,2,827.95,250.08,149.25,468.68,0.8338,-1,-1,-1
592,6,1466.41,59.64,421.12,1011.74,0.9063,-1,-1,-1
592,51,983.89,239.43,130.36,469.43,0.8135,-1,-1,-1
592,71,1141.79,278.00,135.37,395.26,0.8066,-1,-1,-1
592,86,539.40,307.51,78.78,302.79,0.7280,-1,-1,-1
592,87,1870.36,333.70,49.53,198.50,0.3207,-1,-1,-1
592,88,1403.45,276.04,143.08,483.59,0.5634,-1,-1,-1
593,2,824.28,249.72,148.44,464.89,0.8348,-1,-1,-1
593,6,1463.71,60.38,426.11,1012.32,0.8957,-1,-1,-1
593,51,984.22,238.88,127.30,471.73,0.8158,-1,-1,-1
593,71,1142.72,280.64,134.39,396.64,0.8259,-1,-1,-1
593,86,537.77,304.67,79.34,308.86,0.7115,-1,-1,-1
593,88,1418.46,305.19,140.14,454.96,0.4429,-1,-1,-1
593,90,1107.57,317.94,53.21,243.13,0.6204,-1,-1,-1
594,2,814.18,250.67,157.40,463.12,0.8364,-1,-1,-1
594,6,1471.19,61.89,417.22,1013.96,0.8954,-1,-1,-1
594,51,982.48,241.36,125.99,472.41,0.8133,-1,-1,-1
594,71,1146.73,282.23,130.65,397.16,0.8041,-1,-1,-1
594,86,534.23,311.09,74.54,302.41,0.7299,-1,-1,-1
594,90,1108.47,318.03,54.48,244.03,0.6116,-1,-1,-1
595,2,808.39,250.29,159.58,464.49,0.8524,-1,-1,-1
595,6,1481.82,63.22,411.12,1010.75,0.9088,-1,-1,-1
595,51,982.66,243.43,126.08,472.15,0.8036,-1,-1,-1
595,71,1148.47,282.18,129.82,398.61,0.7976,-1,-1,-1
595,86,530.72,307.18,82.09,312.05,0.7635,-1,-1,-1
595,90,1106.07,314.19,57.93,248.26,0.6605,-1,-1,-1
596,2,803.28,250.64,163.96,464.62,0.8475,-1,-1,-1
596,6,1488.55,59.52,401.49,1015.20,0.9160,-1,-1,-1
596,51,977.03,243.34,135.00,473.00,0.8121,-1,-1,-1
596,71,1148.45,277.42,131.48,404.14,0.7774,-1,-1,-1
596,86,529.65,309.77,82.02,310.86,0.7561,-1,-1,-1
596,90,1106.13,312.09,59.01,250.81,0.5395,-1,-1,-1
597,2,801.45,247.92,163.00,468.83,0.8448,-1,-1,-1
597,6,1499.38,54.17,390.51,1020.57,0.9159,-1,-1,-1
597,51,976.79,243.70,138.23,473.85,0.8103,-1,-1,-1
597,71,1153.11,276.12,138.36,404.60,0.7708,-1,-1,-1
597,86,531.27,305.67,77.38,313.20,0.7629,-1,-1,-1
597,90,1105.43,313.86,60.74,250.21,0.5786,-1,-1,-1
598,2,801.40,251.41,164.28,475.50,0.8462,-1,-1,-1
598,6,1508.91,57.38,380.58,1016.11,0.9145,-1,-1,-1
598,51,980.91,250.00,139.71,482.04,0.8238,-1,-1,-1
598,71,1151.96,282.79,149.85,402.90,0.8050,-1,-1,-1
598,86,531.09,304.74,76.20,317.96,0.7487,-1,-1,-1
598,90,1108.37,317.13,60.42,244.28,0.4597,-1,-1,-1
599,2,801.61,254.52,165.25,474.48,0.8503,-1,-1,-1
599,6,1509.15,58.30,384.02,1018.06,0.9196,-1,-1,-1
599,51,987.20,251.81,137.06,479.09,0.8191,-1,-1,-1
599,71,1154.75,284.84,153.29,402.85,0.8042,-1,-1,-1
599,86,531.09,311.48,84.40,317.78,0.7503,-1,-1,-1
599,90,1107.54,316.84,61.60,249.22,0.3656,-1,-1,-1
600,2,806.51,256.38,161.29,475.56,0.8402,-1,-1,-1
600,6,1510.39,55.21,391.69,1023.40,0.9233,-1,-1,-1
600,51,993.20,250.98,134.71,483.86,0.8010,-1,-1,-1
600,71,1162.09,288.37,151.89,400.59,0.8259,-1,-1,-1
600,86,534.45,311.54,87.09,318.77,0.7341,-1,-1,-1
601,2,810.22,259.54,156.51,477.10,0.8457,-1,-1,-1
601,6,1510.16,55.88,403.21,1022.92,0.9238,-1,-1,-1
601,51,995.99,251.15,133.16,482.92,0.7934,-1,-1,-1
601,71,1166.71,282.22,154.71,407.97,0.7891,-1,-1,-1
601,86,537.12,313.48,83.21,318.67,0.7296,-1,-1,-1
601,90,1117.50,327.11,61.87,237.30,0.3973,-1,-1,-1
602,2,815.59,264.12,157.14,477.43,0.8392,-1,-1,-1
602,6,1509.58,58.00,409.71,1017.30,0.9215,-1,-1,-1
602,51,995.31,251.52,135.97,485.92,0.7935,-1,-1,-1
602,71,1187.01,280.86,140.55,413.88,0.7394,-1,-1,-1
602,86,540.63,318.42,83.80,315.80,0.7174,-1,-1,-1
602,90,1120.23,330.42,65.61,243.34,0.5205,-1,-1,-1
603,2,824.94,270.23,151.31,474.47,0.8150,-1,-1,-1
603,6,1516.81,61.24,403.03,1014.97,0.9261,-1,-1,-1
603,51,1005.01,256.62,126.88,479.85,0.7886,-1,-1,-1
603,71,1194.35,285.07,144.18,420.40,0.7154,-1,-1,-1
603,86,543.56,328.29,81.40,312.53,0.7382,-1,-1,-1
603,90,1125.04,346.32,65.06,230.48,0.5773,-1,-1,-1
604,2,827.70,275.84,153.92,469.30,0.8231,-1,-1,-1
604,6,1522.93,62.99,397.02,1013.34,0.9279,-1,-1,-1
604,51,1010.96,261.37,124.74,476.84,0.8129,-1,-1,-1
604,71,1204.10,288.14,144.42,420.95,0.7599,-1,-1,-1
604,86,550.54,334.04,84.08,311.46,0.7057,-1,-1,-1
604,90,1132.70,349.05,62.53,231.87,0.6596,-1,-1,-1
605,2,835.60,276.34,153.80,470.75,0.8311,-1,-1,-1
605,6,1524.47,61.71,395.50,1016.39,0.9181,-1,-1,-1
605,51,1014.51,259.18,126.82,469.99,0.8097,-1,-1,-1
605,71,1210.05,289.17,145.39,421.56,0.7429,-1,-1,-1
605,86,554.48,334.54,79.88,313.46,0.7409,-1,-1,-1
605,90,1135.79,350.81,66.10,232.88,0.6532,-1,-1,-1
605,92,1197.76,327.56,79.77,275.64,0.3809,-1,-1,-1
606,2,845.22,277.36,152.22,474.18,0.8152,-1,-1,-1
606,6,1534.63,63.37,385.33,1010.98,0.9223,-1,-1,-1
606,51,1016.72,259.99,126.93,468.65,0.7926,-1,-1,-1
606,71,1223.69,289.96,145.80,425.31,0.6468,-1,-1,-1
606,86,560.26,328.06,78.47,320.83,0.7154,-1,-1,-1
606,90,1141.99,352.38,67.54,234.29,0.6472,-1,-1,-1
606,92,1205.85,322.74,76.03,287.81,0.5181,-1,-1,-1
607,2,853.77,279.27,147.41,471.03,0.8367,-1,-1,-1
607,6,1542.94,65.70,376.89,1006.59,0.9140,-1,-1,-1
607,51,1029.42,262.06,119.29,468.56,0.8070,-1,-1,-1
607,71,1238.30,291.71,138.69,424.00,0.6698,-1,-1,-1
607,86,566.94,326.10,85.29,324.38,0.8040,-1,-1,-1
607,90,1150.80,339.85,66.14,246.09,0.6657,-1,-1,-1
607,92,1216.89,329.07,72.69,361.57,0.4791,-1,-1,-1
608,2,854.30,277.45,152.92,465.50,0.8295,-1,-1,-1
608,6,1553.03,67.45,366.91,1001.66,0.9175,-1,-1,-1
608,51,1035.70,264.03,126.63,462.89,0.7963,-1,-1,-1
608,71,1245.47,291.34,148.77,429.95,0.5397,-1,-1,-1
608,86,571.57,329.26,82.81,321.28,0.7612,-1,-1,-1
608,90,1156.36,344.92,68.21,241.82,0.7178,-1,-1,-1
608,92,1221.52,315.15,94.66,346.16,0.5473,-1,-1,-1
609,2,862.41,276.11,147.15,465.20,0.8195,-1,-1,-1
609,6,1561.59,69.79,358.09,1001.66,0.9202,-1,-1,-1
609,51,1037.59,261.08,134.96,470.89,0.8251,-1,-1,-1
609,71,1259.61,284.84,138.33,438.71,0.7260,-1,-1,-1
609,86,575.07,331.23,84.40,323.09,0.7835,-1,-1,-1
609,90,1161.61,349.60,72.05,242.21,0.6236,-1,-1,-1
609,92,1230.90,325.20,88.74,310.58,0.5662,-1,-1,-1
610,2,872.54,277.48,141.90,462.69,0.8263,-1,-1,-1
610,6,1568.73,72.81,350.76,1001.07,0.9222,-1,-1,-1
610,51,1042.19,264.19,133.36,473.08,0.8226,-1,-1,-1
610,71,1273.76,286.04,142.87,434.42,0.7586,-1,-1,-1
610,86,579.29,328.79,89.56,327.87,0.7515,-1,-1,-1
610,90,1166.03,349.20,71.28,240.56,0.5563,-1,-1,-1
610,92,1237.58,327.66,86.87,313.36,0.6004,-1,-1,-1
611,2,874.36,277.60,144.58,464.29,0.8167,-1,-1,-1
611,6,1582.76,69.26,336.68,1006.57,0.9176,-1,-1,-1
611,51,1041.55,268.45,134.35,469.81,0.7847,-1,-1,-1
611,71,1283.44,289.45,135.11,439.42,0.6795,-1,-1,-1
611,86,584.09,331.14,83.75,326.09,0.7412,-1,-1,-1
611,90,1166.18,346.73,71.86,242.31,0.6940,-1,-1,-1
611,92,1243.55,333.45,84.16,306.80,0.5943,-1,-1,-1
612,2,878.74,281.42,141.54,458.18,0.8333,-1,-1,-1
612,6,1599.33,75.44,319.75,1004.05,0.9152,-1,-1,-1
612,51,1030.68,274.89,145.56,471.18,0.8123,-1,-1,-1
612,71,1289.03,292.06,139.45,428.87,0.6943,-1,-1,-1
612,86,586.88,334.69,77.60,321.12,0.7757,-1,-1,-1
612,90,1171.44,347.45,71.39,247.16,0.6503,-1,-1,-1
612,92,1244.70,340.21,81.18,299.31,0.6031,-1,-1,-1
613,2,877.99,282.82,145.78,460.62,0.8367,-1,-1,-1
613,6,1610.01,78.14,309.27,995.35,0.9119,-1,-1,-1
613,51,1029.55,276.28,152.77,478.08,0.8459,-1,-1,-1
613,71,1299.20,296.29,133.49,439.12,0.6176,-1,-1,-1
613,86,587.23,333.54,79.18,323.42,0.7659,-1,-1,-1
613,90,1175.77,354.06,71.04,238.24,0.6575,-1,-1,-1
613,92,1246.08,335.39,85.69,312.81,0.5565,-1,-1,-1
614,2,883.81,287.40,143.88,465.64,0.8326,-1,-1,-1
614,6,1622.32,80.31,296.74,996.12,0.9144,-1,-1,-1
614,51,1030.85,277.55,159.60,480.21,0.8504,-1,-1,-1
614,71,1308.57,298.05,130.97,448.10,0.6628,-1,-1,-1
614,86,587.43,335.35,79.11,325.86,0.7686,-1,-1,-1
614,90,1181.76,360.33,66.83,239.72,0.6004,-1,-1,-1
614,92,1258.39,323.20,90.76,339.56,0.4748,-1,-1,-1
615,2,886.80,288.67,146.22,466.21,0.8359,-1,-1,-1
615,6,1638.15,81.73,281.38,993.08,0.9026,-1,-1,-1
615,51,1031.38,279.58,157.71,478.55,0.8324,-1,-1,-1
615,71,1319.24,294.40,118.81,456.56,0.7264,-1,-1,-1
615,86,589.40,345.20,81.00,321.19,0.7330,-1,-1,-1
615,90,1182.59,359.97,68.07,242.42,0.6270,-1,-1,-1
615,92,1266.05,321.85,93.28,350.70,0.5936,-1,-1,-1
616,2,885.22,294.80,151.06,461.96,0.8301,-1,-1,-1
616,6,1644.19,81.21,275.05,996.11,0.8897,-1,-1,-1
616,51,1032.25,283.03,165.37,478.91,0.8243,-1,-1,-1
616,71,1324.53,299.82,120.16,457.67,0.7242,-1,-1,-1
616,86,590.71,345.17,105.60,321.53,0.7145,-1,-1,-1
616,90,1187.41,361.99,65.23,238.27,0.5725,-1,-1,-1
616,92,1270.29,320.90,91.03,356.62,0.6116,-1,-1,-1
617,2,884.64,294.98,152.81,468.31,0.8438,-1,-1,-1
617,6,1659.50,93.51,260.08,982.82,0.8845,-1,-1,-1
617,51,1030.35,285.96,168.79,479.29,0.8452,-1,-1,-1
617,71,1328.72,299.86,118.84,462.96,0.7323,-1,-1,-1
617,86,590.15,340.95,93.00,330.11,0.7332,-1,-1,-1
617,90,1187.62,370.49,65.04,233.81,0.6004,-1,-1,-1
617,92,1272.59,323.67,91.76,363.78,0.5931,-1,-1,-1
618,2,886.32,298.54,151.04,469.84,0.8353,-1,-1,-1
618,6,1667.36,102.27,252.24,973.92,0.8814,-1,-1,-1
618,51,1030.45,288.13,174.02,481.93,0.8496,-1,-1,-1
618,71,1328.23,300.62,121.54,465.71,0.7380,-1,-1,-1
618,86,589.28,333.77,82.51,339.23,0.7858,-1,-1,-1
618,90,1189.15,372.18,65.00,241.72,0.5618,-1,-1,-1
618,92,1273.03,327.63,94.09,366.40,0.5694,-1,-1,-1
619,2,883.53,301.43,147.11,466.52,0.8363,-1,-1,-1
619,6,1667.07,106.48,252.25,968.70,0.8954,-1,-1,-1
619,51,1028.26,289.42,172.86,483.14,0.8097,-1,-1,-1
619,71,1328.87,302.54,132.12,465.91,0.7372,-1,-1,-1
619,86,586.77,336.18,80.72,338.31,0.7602,-1,-1,-1
619,90,1187.03,368.50,67.16,247.85,0.5269,-1,-1,-1
619,92,1274.21,328.57,98.73,372.32,0.5998,-1,-1,-1
619,93,1242.74,359.36,72.74,312.16,0.4385,-1,-1,-1
620,2,880.71,303.60,139.10,464.65,0.8233,-1,-1,-1
620,6,1681.74,113.08,238.15,962.69,0.8856,-1,-1,-1
620,51,1028.60,288.56,174.83,481.96,0.7865,-1,-1,-1
620,71,1330.70,302.37,123.99,468.74,0.7531,-1,-1,-1
620,86,580.81,338.94,84.35,342.24,0.6970,-1,-1,-1
620,90,1184.31,372.88,65.25,234.67,0.5809,-1,-1,-1
620,92,1266.66,329.04,103.61,378.91,0.6081,-1,-1,-1
620,93,1243.77,358.95,73.05,319.44,0.4096,-1,-1,-1
621,2,874.88,301.97,135.16,461.04,0.8241,-1,-1,-1
621,6,1687.37,122.43,231.41,953.19,0.8791,-1,-1,-1
621,51,1027.62,287.64,158.64,481.10,0.6809,-1,-1,-1
621,71,1329.64,304.86,123.10,464.18,0.7444,-1,-1,-1
621,86,578.46,336.34,81.20,346.08,0.7253,-1,-1,-1
621,90,1183.37,375.93,65.91,226.81,0.5060,-1,-1,-1
621,92,1265.93,330.12,106.72,381.20,0.6265,-1,-1,-1
622,2,868.05,302.49,150.92,461.39,0.8021,-1,-1,-1
622,6,1687.79,119.75,231.84,956.25,0.8936,-1,-1,-1
622,51,1025.86,287.31,141.15,478.83,0.7512,-1,-1,-1
622,71,1330.25,304.28,123.05,473.16,0.6597,-1,-1,-1
622,86,574.74,343.34,77.88,338.98,0.7759,-1,-1,-1
622,90,1185.15,376.14,63.78,196.09,0.3882,-1,-1,-1
622,92,1259.25,329.22,111.24,390.91,0.5655,-1,-1,-1
622,93,1240.75,360.15,69.72,322.50,0.3480,-1,-1,-1
622,94,1127.47,327.09,93.04,359.78,0.6473,-1,-1,-1
623,2,861.93,302.41,146.20,464.32,0.7991,-1,-1,-1
623,6,1692.54,119.22,227.27,957.93,0.8981,-1,-1,-1
623,51,1017.78,288.04,143.78,479.45,0.7782,-1,-1,-1
623,71,1328.99,306.80,125.79,475.35,0.6555,-1,-1,-1
623,86,569.23,340.22,86.83,344.35,0.7378,-1,-1,-1
623,90,1182.44,381.46,63.31,189.75,0.3110,-1,-1,-1
623,92,1254.60,330.83,114.26,394.15,0.5246,-1,-1,-1
623,94,1119.85,329.22,97.03,373.58,0.7149,-1,-1,-1
624,2,852.41,304.67,158.21,459.57,0.8458,-1,-1,-1
624,6,1696.24,114.40,223.61,961.56,0.8972,-1,-1,-1
624,51,1015.13,288.00,138.49,476.34,0.8126,-1,-1,-1
624,71,1327.63,308.78,123.13,471.03,0.7069,-1,-1,-1
624,86,565.06,340.22,85.59,342.11,0.7642,-1,-1,-1
624,92,1255.71,330.54,107.97,400.25,0.6017,-1,-1,-1
624,94,1120.04,332.89,95.84,383.96,0.6835,-1,-1,-1
625,2,850.59,304.27,155.37,455.28,0.8465,-1,-1,-1
625,6,1698.83,111.42,221.00,963.24,0.9030,-1,-1,-1
625,51,1009.46,283.80,134.94,473.02,0.7938,-1,-1,-1
625,71,1329.91,305.10,118.38,476.34,0.7268,-1,-1,-1
625,86,558.30,342.45,85.46,343.58,0.7329,-1,-1,-1
625,92,1242.97,331.82,115.79,404.07,0.6453,-1,-1,-1
625,94,1116.71,334.30,94.00,396.83,0.7390,-1,-1,-1
626,2,847.67,303.14,151.67,456.24,0.8215,-1,-1,-1
626,6,1702.69,116.16,217.13,957.93,0.9061,-1,-1,-1
626,51,1004.23,286.21,134.55,474.93,0.7883,-1,-1,-1
626,71,1326.78,304.75,121.41,477.96,0.7757,-1,-1,-1
626,86,552.29,345.57,81.92,344.17,0.7142,-1,-1,-1
626,92,1241.49,332.04,116.73,406.64,0.6941,-1,-1,-1
626,94,1109.01,335.00,95.63,396.15,0.7472,-1,-1,-1
627,2,839.47,301.35,157.32,458.70,0.8352,-1,-1,-1
627,6,1704.21,118.91,215.42,953.77,0.9040,-1,-1,-1
627,51,996.50,282.62,140.81,478.28,0.7866,-1,-1,-1
627,71,1325.71,304.58,122.01,477.84,0.7618,-1,-1,-1
627,86,545.61,342.68,82.98,351.45,0.7493,-1,-1,-1
627,92,1235.87,330.77,116.75,410.55,0.6728,-1,-1,-1
627,94,1107.55,334.28,91.46,398.97,0.7335,-1,-1,-1
628,2,826.28,300.83,166.12,457.35,0.8427,-1,-1,-1
628,6,1700.41,115.06,219.15,956.50,0.9048,-1,-1,-1
628,51,988.07,279.37,152.14,478.11,0.7586,-1,-1,-1
628,71,1324.25,302.01,121.55,480.21,0.7794,-1,-1,-1
628,86,540.81,337.44,81.14,355.71,0.7776,-1,-1,-1
628,92,1236.80,330.58,111.55,411.54,0.6843,-1,-1,-1
628,94,1100.17,329.65,100.26,411.39,0.7131,-1,-1,-1
629,2,825.75,300.20,166.37,456.91,0.8503,-1,-1,-1
629,6,1675.17,111.44,244.43,958.86,0.8827,-1,-1,-1
629,51,982.69,283.28,128.63,475.14,0.7740,-1,-1,-1
629,71,1323.26,300.81,121.13,481.67,0.7743,-1,-1,-1
629,86,536.16,342.57,90.98,352.87,0.6972,-1,-1,-1
629,92,1234.29,329.95,109.30,416.83,0.6711,-1,-1,-1
629,94,1091.14,327.46,109.73,418.57,0.7530,-1,-1,-1
630,2,824.49,302.81,162.57,453.37,0.8434,-1,-1,-1
630,6,1622.13,115.80,297.45,955.36,0.8887,-1,-1,-1
630,51,974.18,280.82,130.81,475.67,0.8151,-1,-1,-1
630,71,1322.78,300.75,120.48,483.58,0.7802,-1,-1,-1
630,86,530.45,339.52,87.39,359.93,0.7635,-1,-1,-1
630,92,1242.49,326.95,99.81,420.74,0.6425,-1,-1,-1
630,94,1086.07,325.95,116.20,421.74,0.7896,-1,-1,-1
631,2,821.32,304.11,164.38,454.77,0.8503,-1,-1,-1
631,6,1691.88,109.71,227.46,961.60,0.8920,-1,-1,-1
631,51,971.86,280.90,129.73,474.48,0.8285,-1,-1,-1
631,71,1323.53,301.35,120.74,482.98,0.7569,-1,-1,-1
631,86,526.88,345.18,83.52,351.33,0.7333,-1,-1,-1
631,92,1236.23,329.57,107.41,421.37,0.6412,-1,-1,-1
631,94,1083.28,326.68,125.22,421.38,0.8122,-1,-1,-1
632,2,815.45,306.13,167.23,456.19,0.8557,-1,-1,-1
632,6,1700.65,108.11,218.68,964.30,0.9015,-1,-1,-1
632,51,971.39,281.04,126.15,474.50,0.7856,-1,-1,-1
632,71,1325.53,303.00,124.98,483.69,0.7627,-1,-1,-1
632,86,524.88,345.42,82.53,353.73,0.7609,-1,-1,-1
632,92,1237.95,326.50,109.02,426.23,0.6625,-1,-1,-1
632,94,1083.04,325.91,125.63,424.16,0.8183,-1,-1,-1
633,2,813.82,308.53,168.75,456.56,0.8613,-1,-1,-1
633,6,1711.80,100.97,207.81,971.77,0.9040,-1,-1,-1
633,51,972.57,281.85,126.15,477.65,0.7670,-1,-1,-1
633,71,1328.12,300.51,122.85,486.76,0.7736,-1,-1,-1
633,86,523.19,341.74,85.04,359.94,0.7707,-1,-1,-1
633,92,1238.25,321.93,110.96,428.39,0.6770,-1,-1,-1
633,94,1088.46,326.30,119.99,428.06,0.8144,-1,-1,-1
634,2,812.96,309.98,169.63,457.72,0.8617,-1,-1,-1
634,6,1722.89,89.21,196.78,983.81,0.9050,-1,-1,-1
634,51,970.62,282.51,128.17,473.63,0.7814,-1,-1,-1
634,71,1332.94,304.00,122.80,487.57,0.7408,-1,-1,-1
634,86,521.66,348.25,87.38,359.37,0.7821,-1,-1,-1
634,92,1237.23,320.78,116.89,431.84,0.6782,-1,-1,-1
634,94,1092.84,327.99,121.56,430.85,0.8319,-1,-1,-1
635,2,812.75,310.70,172.25,460.11,0.8567,-1,-1,-1
635,6,1723.36,88.42,195.67,978.88,0.8870,-1,-1,-1
635,51,978.20,283.37,122.58,480.17,0.7797,-1,-1,-1
635,71,1336.15,299.88,125.17,492.31,0.6900,-1,-1,-1
635,86,521.12,350.36,86.81,361.11,0.7917,-1,-1,-1
635,92,1246.32,320.29,110.70,431.08,0.5889,-1,-1,-1
635,94,1096.59,324.97,124.65,437.83,0.8292,-1,-1,-1
636,2,813.62,313.78,174.10,457.32,0.8366,-1,-1,-1
636,6,1718.58,85.39,201.00,988.45,0.8775,-1,-1,-1
636,51,983.73,284.77,124.51,485.67,0.7954,-1,-1,-1
636,71,1340.32,302.52,130.62,492.61,0.7264,-1,-1,-1
636,86,520.38,354.45,85.55,363.45,0.7789,-1,-1,-1
636,92,1248.75,316.30,113.37,436.53,0.6004,-1,-1,-1
636,93,1237.03,345.77,67.41,382.18,0.3256,-1,-1,-1
636,94,1101.82,327.10,122.53,440.34,0.8238,-1,-1,-1
637,2,819.94,318.90,170.53,445.72,0.8472,-1,-1,-1
637,6,1719.74,86.82,199.91,984.61,0.8706,-1,-1,-1
637,51,990.86,294.10,116.84,484.12,0.7989,-1,-1,-1
637,71,1342.96,304.40,130.82,497.29,0.7880,-1,-1,-1
637,86,519.53,359.60,89.26,361.12,0.7448,-1,-1,-1
637,92,1251.89,319.06,113.74,429.02,0.6427,-1,-1,-1
637,93,1233.29,353.22,75.04,376.96,0.4397,-1,-1,-1
637,94,1104.12,326.76,118.36,441.05,0.8153,-1,-1,-1
638,2,830.26,318.46,161.25,443.61,0.8644,-1,-1,-1
638,6,1711.62,85.86,207.27,985.56,0.8831,-1,-1,-1
638,51,990.65,294.90,117.06,479.89,0.8012,-1,-1,-1
638,71,1346.27,304.48,129.34,498.94,0.7828,-1,-1,-1
638,86,518.41,352.69,90.99,368.56,0.7294,-1,-1,-1
638,92,1256.26,315.67,109.71,433.35,0.6173,-1,-1,-1
638,93,1232.81,352.85,77.04,379.06,0.4988,-1,-1,-1
638,94,1104.62,331.18,125.21,436.09,0.8120,-1,-1,-1
639,2,837.59,319.03,154.56,452.10,0.8583,-1,-1,-1
639,6,1708.38,84.25,211.23,989.75,0.8780,-1,-1,-1
639,51,993.63,300.04,112.18,475.43,0.7984,-1,-1,-1
639,71,1354.60,304.62,128.90,500.38,0.7294,-1,-1,-1
639,86,519.06,366.07,93.53,357.92,0.7410,-1,-1,-1
639,92,1256.46,314.31,120.39,447.30,0.6933,-1,-1,-1
639,93,1237.15,352.55,69.32,377.70,0.4225,-1,-1,-1
639,94,1107.88,331.95,132.60,437.67,0.8286,-1,-1,-1
640,2,842.78,318.44,152.99,451.17,0.8472,-1,-1,-1
640,6,1702.81,77.19,215.80,996.67,0.8778,-1,-1,-1
640,51,998.46,301.83,112.79,476.20,0.7988,-1,-1,-1
640,71,1363.38,299.67,126.57,512.43,0.7232,-1,-1,-1
640,86,520.00,366.71,91.90,361.64,0.7257,-1,-1,-1
640,92,1257.36,316.24,124.33,457.96,0.7231,-1,-1,-1
640,93,1241.61,349.83,72.40,379.76,0.4234,-1,-1,-1
640,94,1109.37,331.58,139.25,440.69,0.8085,-1,-1,-1
641,2,848.66,320.14,151.85,447.56,0.8314,-1,-1,-1
641,6,1701.05,80.82,218.04,989.90,0.8736,-1,-1,-1
641,51,1002.79,305.58,111.38,468.83,0.7952,-1,-1,-1
641,71,1369.79,299.93,127.28,506.18,0.7789,-1,-1,-1
641,86,520.60,359.39,94.34,370.20,0.7315,-1,-1,-1
641,92,1257.61,311.73,128.83,463.40,0.7415,-1,-1,-1
641,94,1114.54,329.43,146.80,443.74,0.7946,-1,-1,-1
642,2,852.89,321.28,154.72,448.97,0.8222,-1,-1,-1
642,6,1698.53,89.43,220.57,982.51,0.8824,-1,-1,-1
642,51,1004.49,308.33,117.29,471.57,0.7902,-1,-1,-1
642,71,1377.80,303.27,128.40,511.27,0.7979,-1,-1,-1
642,86,526.07,359.30,109.76,374.08,0.7052,-1,-1,-1
642,92,1265.66,316.56,129.55,470.18,0.7780,-1,-1,-1
642,94,1121.24,330.65,149.76,446.95,0.7789,-1,-1,-1
643,2,856.89,321.41,153.95,444.90,0.8646,-1,-1,-1
643,6,1689.87,92.54,229.81,975.36,0.8824,-1,-1,-1
643,51,1005.52,308.53,119.08,482.71,0.8073,-1,-1,-1
643,71,1380.97,303.58,133.15,514.39,0.7877,-1,-1,-1
643,86,527.32,361.94,103.76,373.83,0.7173,-1,-1,-1
643,92,1276.67,316.22,125.36,473.66,0.6708,-1,-1,-1
643,94,1124.43,327.52,150.99,458.61,0.8043,-1,-1,-1
644,2,862.90,322.48,153.37,449.56,0.8761,-1,-1,-1
644,6,1686.46,99.01,232.72,975.37,0.8598,-1,-1,-1
644,51,1009.55,308.15,114.73,485.70,0.7891,-1,-1,-1
644,71,1390.40,299.37,135.55,524.48,0.8011,-1,-1,-1
644,86,528.22,362.64,102.98,379.11,0.7460,-1,-1,-1
644,92,1286.68,319.44,120.74,474.79,0.6628,-1,-1,-1
644,94,1132.06,321.84,153.41,470.57,0.8334,-1,-1,-1
645,2,868.09,323.93,154.18,451.08,0.8721,-1,-1,-1
645,6,1683.76,246.36,236.48,826.52,0.8213,-1,-1,-1
645,51,1009.95,309.45,120.13,488.42,0.7786,-1,-1,-1
645,71,1393.98,296.66,138.61,526.13,0.7465,-1,-1,-1
645,86,532.62,364.31,100.16,377.50,0.7622,-1,-1,-1
645,92,1298.03,312.71,115.70,481.89,0.6764,-1,-1,-1
645,94,1134.57,318.83,155.66,480.07,0.8499,-1,-1,-1
646,2,874.04,324.85,149.96,456.26,0.8633,-1,-1,-1
646,6,1687.51,258.04,232.25,801.05,0.8086,-1,-1,-1
646,51,1006.10,308.28,128.25,486.87,0.8055,-1,-1,-1
646,71,1405.16,294.49,130.86,529.01,0.7538,-1,-1,-1
646,86,532.49,363.32,100.63,381.35,0.7654,-1,-1,-1
646,92,1298.41,311.96,124.81,486.30,0.7239,-1,-1,-1
646,93,1272.87,343.67,76.44,421.68,0.3084,-1,-1,-1
646,94,1133.91,317.69,160.91,483.03,0.8514,-1,-1,-1
647,2,875.57,325.91,152.15,456.90,0.8577,-1,-1,-1
647,6,1684.81,275.56,234.97,794.07,0.8294,-1,-1,-1
647,51,1016.93,307.96,123.94,485.36,0.7979,-1,-1,-1
647,71,1411.65,291.56,130.01,540.94,0.7698,-1,-1,-1
647,86,533.83,362.74,100.75,383.46,0.7414,-1,-1,-1
647,92,1309.20,307.30,119.64,494.11,0.6983,-1,-1,-1
647,93,1276.95,343.79,75.07,414.63,0.5063,-1,-1,-1
647,94,1135.38,320.46,166.45,486.30,0.8491,-1,-1,-1
648,2,879.72,330.06,146.26,451.28,0.8507,-1,-1,-1
648,6,1688.18,282.65,231.59,789.99,0.8620,-1,-1,-1
648,51,1021.80,308.08,117.83,484.10,0.7957,-1,-1,-1
648,71,1416.38,295.13,131.68,539.41,0.7609,-1,-1,-1
648,86,533.69,360.35,99.92,388.08,0.7390,-1,-1,-1
648,92,1306.87,308.54,127.67,498.96,0.7378,-1,-1,-1
648,93,1280.68,343.66,69.63,414.32,0.4301,-1,-1,-1
648,94,1135.30,316.77,172.18,492.00,0.8568,-1,-1,-1
649,2,880.29,332.72,146.42,449.64,0.8451,-1,-1,-1
649,6,1696.00,288.32,223.98,780.16,0.8483,-1,-1,-1
649,51,1021.72,308.74,117.98,478.73,0.8046,-1,-1,-1
649,71,1423.57,294.31,132.74,539.94,0.7933,-1,-1,-1
649,86,534.14,360.75,101.30,388.86,0.7399,-1,-1,-1
649,92,1305.51,307.15,133.04,496.56,0.7515,-1,-1,-1
649,93,1283.69,343.91,66.09,418.40,0.3188,-1,-1,-1
649,94,1134.79,325.40,178.75,489.27,0.8706,-1,-1,-1
649,95,832.06,402.48,54.24,221.55,0.5066,-1,-1,-1
650,2,880.17,334.76,152.72,448.81,0.8348,-1,-1,-1
650,6,1706.69,288.59,213.07,778.37,0.8023,-1,-1,-1
650,51,1028.12,308.14,113.46,475.79,0.8099,-1,-1,-1
650,71,1427.37,293.59,137.74,543.59,0.8083,-1,-1,-1
650,86,533.41,360.88,105.95,390.59,0.7372,-1,-1,-1
650,92,1304.20,306.12,139.15,500.48,0.7611,-1,-1,-1
650,94,1133.96,317.38,184.35,507.84,0.8690,-1,-1,-1
650,95,829.14,402.13,59.66,222.47,0.4735,-1,-1,-1
651,2,879.55,334.92,157.94,448.96,0.8465,-1,-1,-1
651,6,1713.87,288.30,205.14,784.29,0.5793,-1,-1,-1
651,51,1030.17,306.14,113.39,474.60,0.7953,-1,-1,-1
651,71,1431.08,292.02,143.64,549.46,0.8442,-1,-1,-1
651,86,533.02,360.38,107.22,391.42,0.7278,-1,-1,-1
651,92,1309.70,305.29,138.66,506.87,0.7874,-1,-1,-1
651,94,1132.85,320.50,187.89,507.47,0.8502,-1,-1,-1
651,95,827.15,405.57,62.53,220.61,0.5592,-1,-1,-1
652,2,876.84,335.70,161.91,445.53,0.8388,-1,-1,-1
652,6,1727.06,291.07,193.91,633.03,0.6949,-1,-1,-1
652,51,1030.27,306.18,113.99,476.14,0.8058,-1,-1,-1
652,71,1433.73,296.38,145.36,546.40,0.8216,-1,-1,-1
652,86,531.57,362.72,115.18,389.64,0.7140,-1,-1,-1
652,92,1312.55,301.71,141.55,508.90,0.7736,-1,-1,-1
652,94,1130.77,320.03,192.61,512.84,0.8325,-1,-1,-1
652,95,818.96,406.64,68.43,221.66,0.6322,-1,-1,-1
653,2,874.17,338.59,164.70,440.04,0.8443,-1,-1,-1
653,6,1737.70,290.28,181.98,621.60,0.7908,-1,-1,-1
653,51,1031.22,305.96,114.36,478.45,0.8000,-1,-1,-1
653,71,1439.07,292.80,143.50,555.46,0.7716,-1,-1,-1
653,86,529.40,361.46,114.00,393.44,0.7022,-1,-1,-1
653,92,1311.90,307.69,146.21,504.37,0.7693,-1,-1,-1
653,94,1127.82,314.70,194.36,529.94,0.8395,-1,-1,-1
653,95,814.61,403.17,70.52,230.25,0.6532,-1,-1,-1
654,2,870.27,335.33,166.60,440.98,0.8416,-1,-1,-1
654,6,1751.43,287.10,167.94,675.74,0.7753,-1,-1,-1
654,51,1030.11,303.67,114.33,480.24,0.7951,-1,-1,-1
654,71,1441.03,293.48,145.98,551.46,0.7605,-1,-1,-1
654,86,526.16,358.38,100.00,397.55,0.7310,-1,-1,-1
654,92,1313.59,304.88,146.36,508.60,0.7868,-1,-1,-1
654,94,1124.52,310.92,198.59,539.23,0.8529,-1,-1,-1
654,95,808.77,402.05,76.35,230.37,0.6978,-1,-1,-1
655,2,867.38,332.91,167.80,446.41,0.8411,-1,-1,-1
655,6,1758.32,286.05,161.07,721.48,0.7633,-1,-1,-1
655,51,1028.01,303.28,116.73,478.42,0.7753,-1,-1,-1
655,71,1446.51,293.85,144.41,552.68,0.7373,-1,-1,-1
655,86,523.72,357.82,120.47,397.30,0.7641,-1,-1,-1
655,92,1316.59,295.00,144.97,522.76,0.8103,-1,-1,-1
655,94,1119.94,310.37,204.32,543.25,0.8418,-1,-1,-1
655,95,807.72,401.86,70.60,229.75,0.6971,-1,-1,-1
656,2,865.28,332.58,165.19,442.82,0.8472,-1,-1,-1
656,6,1768.99,283.78,150.60,751.51,0.7908,-1,-1,-1
656,51,1026.83,305.26,116.05,476.40,0.7897,-1,-1,-1
656,71,1449.45,292.67,144.21,559.05,0.7546,-1,-1,-1
656,86,517.76,359.06,110.58,402.90,0.7331,-1,-1,-1
656,92,1316.26,296.83,146.42,527.06,0.8155,-1,-1,-1
656,94,1116.18,311.57,202.89,543.28,0.8422,-1,-1,-1
656,95,807.41,405.88,67.27,227.72,0.7179,-1,-1,-1
657,2,859.49,336.41,167.13,437.43,0.8642,-1,-1,-1
657,6,1780.05,295.37,139.87,748.08,0.7590,-1,-1,-1
657,51,1026.10,307.04,114.16,482.19,0.7681,-1,-1,-1
657,71,1450.33,292.87,146.00,559.73,0.7552,-1,-1,-1
657,86,515.19,360.36,114.48,405.49,0.7418,-1,-1,-1
657,92,1314.66,298.47,149.25,532.79,0.8075,-1,-1,-1
657,94,1114.10,312.10,201.96,540.19,0.8435,-1,-1,-1
657,95,803.89,400.95,65.01,237.03,0.6987,-1,-1,-1
658,2,854.43,331.58,170.20,447.03,0.8729,-1,-1,-1
658,6,1790.36,290.18,129.42,765.33,0.7505,-1,-1,-1
658,51,1023.44,306.41,114.59,479.71,0.7672,-1,-1,-1
658,71,1452.95,290.47,145.15,561.47,0.7766,-1,-1,-1
658,86,510.24,359.92,119.72,405.01,0.8042,-1,-1,-1
658,92,1312.24,296.25,152.19,537.45,0.8144,-1,-1,-1
658,94,1112.11,310.46,202.53,532.71,0.8412,-1,-1,-1
658,95,797.43,407.06,67.88,231.33,0.6551,-1,-1,-1
659,2,852.77,330.11,170.20,444.37,0.8718,-1,-1,-1
659,6,1800.46,289.54,119.42,767.98,0.7334,-1,-1,-1
659,51,1020.23,306.15,113.58,480.02,0.7719,-1,-1,-1
659,71,1455.26,288.01,145.48,564.70,0.7847,-1,-1,-1
659,86,505.44,363.35,100.12,399.86,0.6657,-1,-1,-1
659,92,1310.33,296.11,155.70,540.18,0.8341,-1,-1,-1
659,94,1109.09,307.06,207.39,550.03,0.8461,-1,-1,-1
659,95,792.44,403.85,70.72,228.44,0.6915,-1,-1,-1
660,2,850.52,328.65,170.33,442.80,0.8650,-1,-1,-1
660,6,1806.89,282.60,112.90,784.76,0.7415,-1,-1,-1
660,51,1016.64,306.64,115.15,483.20,0.7696,-1,-1,-1
660,71,1456.17,286.68,146.91,567.74,0.7906,-1,-1,-1
660,86,500.45,363.61,100.18,398.56,0.7048,-1,-1,-1
660,92,1307.71,292.12,159.45,546.53,0.8389,-1,-1,-1
660,94,1105.70,302.56,209.14,557.81,0.8484,-1,-1,-1
660,95,788.73,395.84,72.66,235.08,0.7190,-1,-1,-1
661,2,848.43,327.37,167.99,447.33,0.8621,-1,-1,-1
661,6,1811.05,281.92,108.68,791.89,0.7535,-1,-1,-1
661,51,1012.85,306.23,115.05,488.65,0.7685,-1,-1,-1
661,71,1455.18,285.40,147.86,572.96,0.7938,-1,-1,-1
661,86,495.72,361.32,127.33,407.68,0.7471,-1,-1,-1
661,92,1306.47,289.90,162.00,554.13,0.8141,-1,-1,-1
661,93,1265.36,327.85,78.38,436.21,0.3187,-1,-1,-1
661,94,1103.97,298.75,208.28,563.87,0.8687,-1,-1,-1
661,95,787.16,393.82,68.67,241.40,0.7364,-1,-1,-1
662,2,847.56,328.43,167.17,453.18,0.8511,-1,-1,-1
662,6,1811.91,284.45,107.63,790.60,0.7514,-1,-1,-1
662,51,1015.04,312.37,106.92,485.77,0.7680,-1,-1,-1
662,71,1453.76,285.97,152.10,574.95,0.8016,-1,-1,-1
662,86,490.50,359.81,106.49,409.18,0.7768,-1,-1,-1
662,92,1303.71,286.12,165.78,560.24,0.8081,-1,-1,-1
662,94,1099.07,300.04,208.60,566.53,0.8830,-1,-1,-1
662,95,781.94,390.17,69.36,247.90,0.7735,-1,-1,-1
663,2,837.34,329.03,170.64,448.38,0.8381,-1,-1,-1
663,6,1811.09,281.17,108.45,793.92,0.7608,-1,-1,-1
663,51,1009.94,312.16,111.61,490.65,0.8036,-1,-1,-1
663,71,1451.36,285.95,154.70,575.74,0.8122,-1,-1,-1
663,86,481.40,356.73,111.15,414.23,0.7903,-1,-1,-1
663,92,1293.96,288.58,172.64,561.64,0.8233,-1,-1,-1
663,94,1093.01,296.13,213.21,573.43,0.8784,-1,-1,-1
664,2,833.26,332.23,172.81,441.53,0.8536,-1,-1,-1
664,6,1811.07,281.28,108.49,793.91,0.7673,-1,-1,-1
664,51,1007.30,311.44,109.97,490.79,0.8058,-1,-1,-1
664,71,1450.48,285.15,158.71,578.29,0.8187,-1,-1,-1
664,86,474.70,354.91,123.15,416.91,0.7977,-1,-1,-1
664,92,1286.45,288.96,179.55,565.43,0.8258,-1,-1,-1
664,94,1092.59,298.17,204.16,579.35,0.8739,-1,-1,-1
664,95,775.49,394.71,66.43,234.80,0.5358,-1,-1,-1
665,2,845.20,332.89,153.19,433.29,0.8442,-1,-1,-1
665,6,1813.82,273.48,105.78,802.22,0.7559,-1,-1,-1
665,51,999.80,307.93,116.24,491.87,0.7884,-1,-1,-1
665,71,1448.85,284.34,159.08,580.73,0.8175,-1,-1,-1
665,86,468.83,356.35,109.73,418.89,0.7515,-1,-1,-1
665,92,1285.77,281.03,177.27,576.23,0.8554,-1,-1,-1
665,94,1087.82,294.16,215.88,583.99,0.8690,-1,-1,-1
665,95,764.99,396.36,75.13,240.44,0.6895,-1,-1,-1
666,2,844.34,332.36,153.29,441.93,0.8454,-1,-1,-1
666,6,1801.73,266.19,117.71,810.08,0.7588,-1,-1,-1
666,51,994.28,304.47,116.34,491.89,0.7844,-1,-1,-1
666,71,1448.21,283.58,163.26,582.71,0.8406,-1,-1,-1
666,86,461.32,355.52,108.34,419.10,0.7393,-1,-1,-1
666,92,1274.13,281.78,185.20,578.18,0.8587,-1,-1,-1
666,94,1086.53,290.99,221.81,596.32,0.8739,-1,-1,-1
666,95,765.90,396.01,69.62,243.32,0.6974,-1,-1,-1
667,2,841.59,332.70,152.83,443.75,0.8483,-1,-1,-1
667,6,1790.17,263.12,129.29,810.66,0.7675,-1,-1,-1
667,51,987.68,303.74,118.41,476.32,0.7904,-1,-1,-1
667,71,1443.21,284.93,167.47,580.03,0.8500,-1,-1,-1
667,86,453.27,355.23,105.90,419.39,0.7103,-1,-1,-1
667,92,1274.86,274.57,180.75,585.85,0.8727,-1,-1,-1
667,94,1084.94,287.59,224.92,614.88,0.8776,-1,-1,-1
667,95,760.27,397.12,70.41,243.65,0.7136,-1,-1,-1
668,2,836.82,332.73,158.01,439.76,0.8554,-1,-1,-1
668,6,1789.96,260.03,129.58,814.01,0.7447,-1,-1,-1
668,51,981.56,302.13,119.65,487.99,0.7942,-1,-1,-1
668,71,1441.81,285.38,172.71,579.92,0.8600,-1,-1,-1
668,86,446.16,352.83,106.98,424.61,0.7817,-1,-1,-1
668,92,1270.85,269.57,181.81,589.54,0.8743,-1,-1,-1
668,94,1079.93,284.93,229.73,620.18,0.8781,-1,-1,-1
668,95,756.03,389.42,72.51,252.19,0.7266,-1,-1,-1
668,99,1221.98,325.31,63.50,94.21,0.3836,-1,-1,-1
669,2,835.98,331.28,160.00,431.80,0.8532,-1,-1,-1
669,6,1798.18,254.33,121.42,821.94,0.7751,-1,-1,-1
669,51,975.85,299.09,123.09,491.78,0.8047,-1,-1,-1
669,71,1440.22,282.02,177.99,582.77,0.8604,-1,-1,-1
669,86,440.71,344.00,109.56,435.00,0.7761,-1,-1,-1
669,92,1266.50,265.82,183.42,592.01,0.8621,-1,-1,-1
669,94,1075.96,282.56,235.38,637.80,0.8838,-1,-1,-1
669,95,749.45,391.95,74.85,249.89,0.6922,-1,-1,-1
670,2,834.78,330.08,156.17,430.10,0.8458,-1,-1,-1
670,6,1798.35,247.77,121.21,827.02,0.7925,-1,-1,-1
670,51,975.96,298.37,119.11,487.63,0.8185,-1,-1,-1
670,71,1440.82,280.30,178.72,584.27,0.8579,-1,-1,-1
670,86,433.05,348.97,112.66,434.14,0.7885,-1,-1,-1
670,92,1266.72,247.24,182.64,614.38,0.8559,-1,-1,-1
670,94,1073.71,281.01,238.01,653.01,0.8828,-1,-1,-1
670,95,741.01,387.92,82.48,255.38,0.7227,-1,-1,-1
671,2,834.81,329.38,148.61,433.45,0.8529,-1,-1,-1
671,6,1797.23,241.64,122.30,833.64,0.7864,-1,-1,-1
671,51,973.07,297.70,121.15,484.79,0.8111,-1,-1,-1
671,71,1440.01,277.37,181.82,589.11,0.8560,-1,-1,-1
671,86,429.14,349.18,114.12,434.09,0.8084,-1,-1,-1
671,92,1272.13,256.92,181.06,607.58,0.8528,-1,-1,-1
671,94,1074.58,281.32,238.18,668.04,0.8849,-1,-1,-1
671,95,740.35,383.43,79.64,260.01,0.7258,-1,-1,-1
672,2,836.31,329.27,148.79,434.81,0.8553,-1,-1,-1
672,6,1795.54,223.35,124.43,847.29,0.7837,-1,-1,-1
672,51,970.55,296.01,125.56,488.93,0.8138,-1,-1,-1
672,71,1441.34,275.63,182.64,590.31,0.8605,-1,-1,-1
672,86,424.37,348.23,120.80,440.86,0.7895,-1,-1,-1
672,92,1271.51,245.52,184.87,626.30,0.8491,-1,-1,-1
672,94,1075.70,279.63,239.91,687.07,0.8895,-1,-1,-1
672,95,737.36,383.17,82.14,262.69,0.7198,-1,-1,-1
673,2,838.04,328.15,140.17,433.65,0.8485,-1,-1,-1
673,6,1790.60,145.44,129.19,926.69,0.7710,-1,-1,-1
673,51,970.28,293.68,126.33,484.97,0.8159,-1,-1,-1
673,71,1443.32,274.18,183.53,594.16,0.8488,-1,-1,-1
673,86,421.01,352.00,120.26,438.81,0.7847,-1,-1,-1
673,92,1273.20,241.88,186.31,637.39,0.8357,-1,-1,-1
673,94,1075.49,273.77,247.80,698.67,0.8860,-1,-1,-1
673,95,737.15,379.87,79.45,265.70,0.7206,-1,-1,-1
674,2,838.43,328.03,137.97,433.35,0.8469,-1,-1,-1
674,6,1783.91,153.55,135.96,916.36,0.7815,-1,-1,-1
674,51,970.30,294.38,125.58,485.53,0.8091,-1,-1,-1
674,71,1444.76,273.44,188.73,592.65,0.8413,-1,-1,-1
674,86,420.04,353.85,118.84,439.97,0.7691,-1,-1,-1
674,92,1279.06,240.78,180.45,655.16,0.8243,-1,-1,-1
674,94,1073.09,266.08,258.92,710.86,0.8775,-1,-1,-1
674,95,737.12,380.21,83.24,262.52,0.7020,-1,-1,-1
675,2,838.88,328.49,139.10,434.75,0.8531,-1,-1,-1
675,6,1776.05,212.23,143.88,856.08,0.7945,-1,-1,-1
675,51,969.33,292.92,127.44,490.47,0.8133,-1,-1,-1
675,71,1446.96,273.17,190.88,594.25,0.8447,-1,-1,-1
675,86,417.10,349.76,122.95,448.01,0.7739,-1,-1,-1
675,92,1283.80,248.94,184.89,664.29,0.8162,-1,-1,-1
675,94,1069.37,264.24,269.02,718.24,0.8752,-1,-1,-1
675,95,736.92,382.49,81.92,258.56,0.7087,-1,-1,-1
676,2,837.82,329.49,140.16,436.48,0.8511,-1,-1,-1
676,6,1769.82,225.02,149.92,842.29,0.8226,-1,-1,-1
676,51,969.50,292.81,128.55,489.78,0.8215,-1,-1,-1
676,71,1457.36,272.57,185.41,586.27,0.8382,-1,-1,-1
676,86,414.67,351.08,125.71,450.36,0.7925,-1,-1,-1
676,92,1290.54,237.99,188.61,678.84,0.7947,-1,-1,-1
676,94,1067.46,258.45,280.98,727.96,0.8543,-1,-1,-1
676,95,734.61,382.09,84.66,260.94,0.7251,-1,-1,-1
677,2,837.55,327.31,142.91,437.81,0.8420,-1,-1,-1
677,6,1758.42,236.78,161.23,832.51,0.8335,-1,-1,-1
677,51,972.82,291.54,124.76,486.65,0.8248,-1,-1,-1
677,71,1461.43,266.45,188.80,593.59,0.8357,-1,-1,-1
677,86,411.34,346.79,126.56,454.46,0.7921,-1,-1,-1
677,92,1297.29,228.71,207.20,699.38,0.7770,-1,-1,-1
677,94,1064.26,250.73,291.60,700.22,0.8502,-1,-1,-1
677,95,734.17,379.59,86.87,264.74,0.7436,-1,-1,-1
678,2,838.33,326.41,142.57,439.90,0.8476,-1,-1,-1
678,6,1753.43,236.59,166.24,836.70,0.8555,-1,-1,-1
678,51,972.08,291.12,128.14,488.93,0.8165,-1,-1,-1
678,71,1468.28,263.77,182.37,596.17,0.8227,-1,-1,-1
678,86,409.01,348.15,128.49,454.55,0.7955,-1,-1,-1
678,92,1302.13,226.86,206.48,705.27,0.8077,-1,-1,-1
678,94,1060.79,241.97,309.28,701.50,0.8710,-1,-1,-1
678,95,734.12,379.74,86.54,266.43,0.7411,-1,-1,-1
679,2,837.35,327.58,146.78,438.31,0.8425,-1,-1,-1
679,6,1747.73,246.11,171.95,828.59,0.8451,-1,-1,-1
679,51,978.61,291.48,124.63,485.04,0.7901,-1,-1,-1
679,71,1477.62,263.26,180.41,594.48,0.8157,-1,-1,-1
679,86,408.45,348.20,126.78,454.62,0.7843,-1,-1,-1
679,92,1310.79,228.87,201.24,724.12,0.8380,-1,-1,-1
679,94,1060.95,236.23,315.87,737.56,0.8621,-1,-1,-1
679,95,734.26,378.38,85.45,266.37,0.7340,-1,-1,-1
680,2,835.19,329.58,159.14,438.25,0.8465,-1,-1,-1
680,6,1740.18,247.94,179.58,806.00,0.7729,-1,-1,-1
680,51,982.75,292.88,120.57,483.59,0.7721,-1,-1,-1
680,71,1486.70,262.14,183.19,604.79,0.8342,-1,-1,-1
680,86,408.97,347.01,129.10,458.75,0.7863,-1,-1,-1
680,92,1319.14,237.91,207.33,728.85,0.8708,-1,-1,-1
680,94,1064.69,231.02,297.14,767.81,0.8741,-1,-1,-1
680,95,735.59,377.90,86.94,270.29,0.7453,-1,-1,-1
681,2,837.49,332.04,162.13,437.22,0.8540,-1,-1,-1
681,6,1734.77,252.42,185.29,708.74,0.7891,-1,-1,-1
681,51,985.10,296.43,119.25,480.53,0.7803,-1,-1,-1
681,71,1490.28,262.26,187.13,609.14,0.8325,-1,-1,-1
681,86,411.24,345.35,130.50,462.66,0.7831,-1,-1,-1
681,92,1330.26,240.58,201.86,730.05,0.8649,-1,-1,-1
681,94,1073.01,225.77,286.24,787.32,0.8697,-1,-1,-1
681,95,735.25,382.41,92.58,270.91,0.7563,-1,-1,-1
682,2,838.68,333.30,169.99,442.26,0.8251,-1,-1,-1
682,6,1731.79,257.18,188.38,541.54,0.8296,-1,-1,-1
682,51,992.62,296.20,115.98,482.75,0.8017,-1,-1,-1
682,71,1500.49,259.85,177.48,620.07,0.8327,-1,-1,-1
682,86,413.39,345.66,127.72,464.62,0.7897,-1,-1,-1
682,92,1341.85,234.91,200.38,739.53,0.8558,-1,-1,-1
682,94,1079.16,223.60,287.21,793.18,0.8819,-1,-1,-1
682,95,737.10,381.86,93.42,274.73,0.7632,-1,-1,-1
683,2,845.93,335.84,165.43,429.38,0.8038,-1,-1,-1
683,6,1741.78,260.06,177.68,524.13,0.7006,-1,-1,-1
683,51,996.82,294.61,119.32,488.42,0.8021,-1,-1,-1
683,71,1508.00,256.81,167.16,623.61,0.8320,-1,-1,-1
683,86,414.18,347.47,125.74,463.30,0.7795,-1,-1,-1
683,92,1350.12,232.45,216.28,751.00,0.8695,-1,-1,-1
683,94,1083.80,220.42,293.36,814.59,0.8782,-1,-1,-1
683,95,739.81,382.83,91.62,273.85,0.7642,-1,-1,-1
684,2,849.75,336.70,161.47,436.44,0.8396,-1,-1,-1
684,6,1748.05,263.50,171.36,510.26,0.6221,-1,-1,-1
684,51,1002.33,296.62,114.70,489.72,0.8060,-1,-1,-1
684,71,1513.90,259.05,171.83,627.97,0.8202,-1,-1,-1
684,86,416.86,348.06,126.57,464.98,0.7939,-1,-1,-1
684,92,1359.35,224.26,222.91,763.32,0.8635,-1,-1,-1
684,94,1091.59,217.24,294.38,851.85,0.8764,-1,-1,-1
684,95,746.98,382.50,89.60,277.99,0.7769,-1,-1,-1
685,2,863.06,332.35,153.63,440.19,0.8129,-1,-1,-1
685,6,1757.00,267.26,161.97,514.58,0.4467,-1,-1,-1
685,51,1009.31,297.06,113.82,489.46,0.8054,-1,-1,-1
685,71,1521.72,260.77,162.47,620.30,0.7561,-1,-1,-1
685,86,420.62,340.69,129.44,473.91,0.7978,-1,-1,-1
685,92,1369.97,219.28,222.96,767.88,0.8325,-1,-1,-1
685,94,1096.91,214.67,300.09,865.34,0.8874,-1,-1,-1
685,95,753.46,382.48,87.48,281.18,0.7895,-1,-1,-1
686,2,874.62,333.42,145.20,433.70,0.8560,-1,-1,-1
686,6,1769.56,280.53,150.21,509.41,0.6643,-1,-1,-1
686,51,1016.99,293.33,118.31,491.14,0.7974,-1,-1,-1
686,71,1544.92,267.80,144.01,617.38,0.4321,-1,-1,-1
686,86,424.80,342.15,123.99,473.58,0.8146,-1,-1,-1
686,92,1385.85,209.39,235.81,781.59,0.8310,-1,-1,-1
686,94,1103.26,210.54,300.83,869.16,0.8993,-1,-1,-1
686,95,757.18,383.44,87.76,277.71,0.8154,-1,-1,-1
687,2,877.72,329.62,159.04,439.84,0.8462,-1,-1,-1
687,6,1790.10,302.41,129.46,546.23,0.6376,-1,-1,-1
687,51,1018.94,295.96,122.79,496.84,0.7961,-1,-1,-1
687,86,429.24,336.49,118.98,472.78,0.7955,-1,-1,-1
687,92,1394.52,201.08,271.08,796.42,0.8367,-1,-1,-1
687,94,1104.78,207.18,310.57,872.45,0.9021,-1,-1,-1
687,95,765.27,379.22,87.39,283.24,0.8176,-1,-1,-1
688,2,883.22,326.26,150.13,434.07,0.8323,-1,-1,-1
688,6,1806.10,332.38,113.99,532.30,0.6851,-1,-1,-1
688,51,1029.30,293.49,118.58,488.40,0.8103,-1,-1,-1
688,86,433.21,331.67,123.95,479.68,0.7640,-1,-1,-1
688,92,1408.56,190.94,286.95,809.58,0.8663,-1,-1,-1
688,94,1107.58,195.92,317.85,881.37,0.8990,-1,-1,-1
688,95,765.32,377.00,92.40,281.54,0.7853,-1,-1,-1
689,2,891.22,322.49,150.57,430.33,0.8103,-1,-1,-1
689,6,1827.06,370.38,93.39,498.06,0.5569,-1,-1,-1
689,51,1037.47,290.68,115.71,487.92,0.7757,-1,-1,-1
689,86,436.22,328.93,123.85,475.21,0.8082,-1,-1,-1
689,92,1419.04,188.25,294.34,804.31,0.8775,-1,-1,-1
689,94,1111.13,170.85,325.56,904.67,0.8957,-1,-1,-1
689,95,769.34,372.22,97.94,282.41,0.7699,-1,-1,-1
689,101,864.92,384.32,50.76,225.86,0.4418,-1,-1,-1
690,2,895.71,317.01,161.27,434.04,0.7928,-1,-1,-1
690,6,1850.43,406.48,70.34,475.40,0.3385,-1,-1,-1
690,51,1045.71,286.31,115.61,486.82,0.8152,-1,-1,-1
690,86,438.63,321.95,122.27,474.77,0.7846,-1,-1,-1
690,92,1427.36,178.17,318.18,813.16,0.8657,-1,-1,-1
690,94,1109.95,169.54,338.39,900.35,0.8985,-1,-1,-1
690,95,774.21,361.23,92.85,289.52,0.7460,-1,-1,-1
690,101,869.11,379.24,48.66,227.57,0.4067,-1,-1,-1
691,2,901.13,311.03,164.66,432.16,0.8087,-1,-1,-1
691,51,1048.13,283.06,115.71,486.13,0.7607,-1,-1,-1
691,86,440.76,318.94,122.50,477.59,0.7144,-1,-1,-1
691,92,1437.21,163.64,336.60,832.41,0.8798,-1,-1,-1
691,94,1109.81,177.82,343.36,896.73,0.9033,-1,-1,-1
691,95,777.67,361.77,93.43,290.01,0.7825,-1,-1,-1
691,101,869.09,381.21,52.41,220.08,0.3543,-1,-1,-1
692,2,906.81,307.00,144.58,432.85,0.7949,-1,-1,-1
692,51,1052.96,279.64,117.59,492.42,0.7498,-1,-1,-1
692,86,441.00,313.71,124.55,483.88,0.7422,-1,-1,-1
692,92,1444.70,153.08,347.03,860.73,0.8965,-1,-1,-1
692,94,1106.87,157.77,359.92,919.53,0.8952,-1,-1,-1
692,95,779.72,355.54,92.90,293.71,0.7838,-1,-1,-1
692,101,867.00,373.67,58.01,219.11,0.5084,-1,-1,-1
693,2,910.02,302.12,148.04,436.19,0.7914,-1,-1,-1
693,51,1059.98,272.72,105.24,518.49,0.6058,-1,-1,-1
693,86,439.80,309.64,149.60,488.15,0.6773,-1,-1,-1
693,92,1451.01,143.29,360.65,894.39,0.9008,-1,-1,-1
693,94,1104.40,132.89,377.65,939.65,0.8889,-1,-1,-1
693,95,778.45,353.73,93.94,292.00,0.7796,-1,-1,-1
693,101,866.32,370.87,62.33,220.92,0.5332,-1,-1,-1
694,2,909.88,299.47,142.86,437.93,0.8128,-1,-1,-1
694,51,1062.48,266.56,98.02,519.54,0.5502,-1,-1,-1
694,86,439.63,304.32,137.16,492.45,0.6922,-1,-1,-1
694,92,1454.79,138.58,381.50,914.20,0.8984,-1,-1,-1
694,94,1101.65,125.95,398.42,948.02,0.8897,-1,-1,-1
694,95,780.05,352.00,93.58,293.68,0.7484,-1,-1,-1
694,101,865.20,366.85,61.96,217.98,0.5098,-1,-1,-1
695,2,911.46,299.06,142.60,435.22,0.8099,-1,-1,-1
695,51,1061.54,258.96,131.97,632.11,0.5273,-1,-1,-1
695,86,434.86,298.58,125.55,494.69,0.7971,-1,-1,-1
695,92,1461.72,130.90,400.57,920.45,0.8994,-1,-1,-1
695,94,1092.94,111.93,425.01,962.20,0.8794,-1,-1,-1
695,95,780.89,346.30,89.48,295.67,0.7458,-1,-1,-1
695,101,867.08,363.32,64.31,224.95,0.6099,-1,-1,-1
696,2,910.29,301.21,138.78,432.10,0.8451,-1,-1,-1
696,51,1045.73,250.88,160.66,665.87,0.6175,-1,-1,-1
696,86,432.29,296.75,126.08,497.84,0.8193,-1,-1,-1
696,92,1466.58,125.68,412.30,936.26,0.9045,-1,-1,-1
696,94,1097.59,99.81,429.91,975.10,0.8823,-1,-1,-1
696,95,776.50,343.45,93.79,297.44,0.7686,-1,-1,-1
696,101,867.30,364.24,62.73,228.90,0.6265,-1,-1,-1
697,2,914.98,297.06,133.76,430.65,0.8157,-1,-1,-1
697,51,1043.33,248.69,154.09,680.20,0.6703,-1,-1,-1
697,86,425.55,295.27,132.26,498.21,0.7918,-1,-1,-1
697,92,1476.82,115.43,415.11,955.71,0.8911,-1,-1,-1
697,94,1109.44,84.33,438.03,990.61,0.8938,-1,-1,-1
697,95,775.73,337.24,95.32,300.57,0.7627,-1,-1,-1
697,101,865.94,361.98,62.63,228.99,0.6717,-1,-1,-1
698,2,917.15,290.75,140.93,437.35,0.8321,-1,-1,-1
698,51,1045.90,226.09,167.50,707.63,0.6729,-1,-1,-1
698,86,426.29,286.16,125.42,500.87,0.7804,-1,-1,-1
698,92,1481.25,111.69,428.43,954.24,0.9017,-1,-1,-1
698,94,1107.04,67.60,444.32,1007.91,0.9041,-1,-1,-1
698,95,774.47,338.51,97.66,299.77,0.7805,-1,-1,-1
698,101,862.55,358.03,65.67,228.02,0.6883,-1,-1,-1
699,2,918.20,285.14,150.29,440.15,0.8358,-1,-1,-1
699,51,1046.19,207.35,167.30,733.86,0.6960,-1,-1,-1
699,86,422.48,280.67,139.02,503.86,0.7726,-1,-1,-1
699,92,1492.77,97.48,426.06,963.83,0.9050,-1,-1,-1
699,94,1115.89,49.83,446.73,1027.88,0.9053,-1,-1,-1
699,95,772.43,334.88,102.86,301.35,0.7891,-1,-1,-1
699,101,863.98,351.84,64.94,229.11,0.6890,-1,-1,-1
700,2,919.42,283.29,149.00,440.00,0.8453,-1,-1,-1
700,51,1051.51,195.22,159.27,747.17,0.7592,-1,-1,-1
700,86,421.92,276.58,129.86,505.11,0.7964,-1,-1,-1
700,92,1501.10,80.24,417.92,984.67,0.9101,-1,-1,-1
700,94,1131.06,32.51,446.38,1043.08,0.8995,-1,-1,-1
700,95,771.73,332.40,103.00,303.59,0.7660,-1,-1,-1
700,101,866.70,347.22,61.58,230.95,0.6504,-1,-1,-1
701,2,920.63,282.94,147.18,436.13,0.8552,-1,-1,-1
701,51,1054.03,188.40,137.63,752.36,0.7718,-1,-1,-1
701,86,417.31,271.54,130.11,512.40,0.8243,-1,-1,-1
701,92,1511.11,73.41,408.21,988.44,0.9083,-1,-1,-1
701,94,1137.78,22.86,447.00,1050.53,0.8952,-1,-1,-1
701,95,773.42,328.56,103.20,305.20,0.7539,-1,-1,-1
701,101,864.69,345.31,65.68,233.93,0.6726,-1,-1,-1
702,2,921.50,279.56,139.66,433.08,0.8408,-1,-1,-1
702,51,1045.59,179.72,172.70,762.83,0.8142,-1,-1,-1
702,86,415.34,267.74,131.41,517.58,0.8279,-1,-1,-1
702,92,1512.20,63.32,407.53,999.02,0.9111,-1,-1,-1
702,94,1138.50,10.90,451.38,1061.31,0.8916,-1,-1,-1
702,95,774.96,324.67,97.17,305.71,0.7639,-1,-1,-1
702,101,858.68,338.42,73.37,238.69,0.7015,-1,-1,-1
703,2,922.21,277.22,134.08,430.99,0.8366,-1,-1,-1
703,51,1042.66,169.83,178.20,772.52,0.8352,-1,-1,-1
703,86,406.91,260.27,137.26,523.13,0.8180,-1,-1,-1
703,92,1520.76,48.92,399.25,1017.52,0.9061,-1,-1,-1
703,94,1148.44,3.35,451.39,1069.30,0.8957,-1,-1,-1
703,95,772.75,318.36,100.80,311.81,0.7659,-1,-1,-1
703,101,861.07,332.98,71.22,246.31,0.6813,-1,-1,-1
704,2,921.78,270.95,124.36,431.13,0.8208,-1,-1,-1
704,51,1034.29,158.72,208.62,783.08,0.8461,-1,-1,-1
704,86,399.53,254.10,138.64,522.82,0.8432,-1,-1,-1
704,92,1532.74,36.91,387.12,1029.50,0.9107,-1,-1,-1
704,94,1154.17,0.80,453.90,1069.98,0.9025,-1,-1,-1
704,95,772.21,313.47,105.47,313.19,0.7672,-1,-1,-1
704,101,861.11,328.27,69.99,247.32,0.6801,-1,-1,-1
705,2,920.24,263.09,122.39,430.90,0.8177,-1,-1,-1
705,51,1024.51,147.91,205.83,792.99,0.8462,-1,-1,-1
705,86,394.77,251.11,143.81,521.13,0.8587,-1,-1,-1
705,92,1545.17,11.23,374.83,1051.40,0.9015,-1,-1,-1
705,94,1159.30,1.08,453.00,1068.91,0.9049,-1,-1,-1
705,95,775.27,309.82,96.47,314.00,0.7492,-1,-1,-1
705,101,854.85,322.71,72.52,245.00,0.6568,-1,-1,-1
706,2,921.40,258.22,122.69,428.82,0.8050,-1,-1,-1
706,51,1002.31,136.46,214.71,818.33,0.8301,-1,-1,-1
706,86,392.63,242.64,141.27,528.47,0.8134,-1,-1,-1
706,92,1556.87,2.90,362.83,1063.07,0.9176,-1,-1,-1
706,94,1170.30,0.95,458.98,1070.85,0.9111,-1,-1,-1
706,95,772.74,302.65,95.32,316.61,0.7623,-1,-1,-1
706,101,852.67,318.40,73.57,249.55,0.6822,-1,-1,-1
707,2,920.26,254.27,123.86,425.96,0.7561,-1,-1,-1
707,51,991.16,120.17,221.55,856.51,0.8319,-1,-1,-1
707,86,388.67,236.61,142.55,528.22,0.8207,-1,-1,-1
707,92,1578.94,2.41,340.95,1069.54,0.9171,-1,-1,-1
707,94,1179.75,1.48,472.73,1072.89,0.9136,-1,-1,-1
707,95,777.06,294.86,89.55,316.03,0.7833,-1,-1,-1
707,101,853.07,312.22,73.41,248.25,0.6649,-1,-1,-1
708,2,922.29,240.28,104.27,434.62,0.6974,-1,-1,-1
708,51,977.75,106.89,228.37,881.95,0.8467,-1,-1,-1
708,86,386.98,231.11,145.09,530.15,0.7948,-1,-1,-1
708,92,1601.66,3.82,318.35,1068.82,0.9075,-1,-1,-1
708,94,1182.60,1.99,493.05,1068.09,0.9134,-1,-1,-1
708,95,771.47,288.58,100.66,318.11,0.7737,-1,-1,-1
708,101,852.17,305.20,74.24,256.69,0.6084,-1,-1,-1
709,2,913.03,229.97,119.82,437.01,0.5540,-1,-1,-1
709,51,968.79,97.30,262.59,904.54,0.8609,-1,-1,-1
709,86,382.14,217.25,145.08,544.16,0.8031,-1,-1,-1
709,92,1630.54,4.91,289.00,1074.72,0.8982,-1,-1,-1
709,94,1200.95,2.14,505.89,1068.36,0.9183,-1,-1,-1
709,95,766.46,281.37,105.99,322.34,0.7604,-1,-1,-1
709,101,851.54,300.73,74.01,253.05,0.5358,-1,-1,-1
710,51,936.18,85.83,302.24,927.25,0.8828,-1,-1,-1
710,86,378.62,212.03,145.29,542.89,0.7942,-1,-1,-1
710,92,1660.29,4.51,259.72,1075.37,0.8971,-1,-1,-1
710,94,1219.07,2.51,523.66,1066.08,0.9315,-1,-1,-1
710,95,766.68,274.45,104.73,326.34,0.7695,-1,-1,-1
710,101,854.52,297.16,69.38,250.11,0.4972,-1,-1,-1
711,51,926.45,79.52,312.21,943.81,0.8934,-1,-1,-1
711,86,374.55,207.05,146.32,546.20,0.8140,-1,-1,-1
711,92,1696.50,5.20,223.36,1056.94,0.8807,-1,-1,-1
711,94,1232.78,0.47,573.82,1066.76,0.9216,-1,-1,-1
711,95,774.23,270.17,96.37,329.01,0.7463,-1,-1,-1
711,101,853.15,295.51,69.55,254.74,0.4930,-1,-1,-1
712,51,915.29,63.70,324.54,974.11,0.9029,-1,-1,-1
712,86,371.22,203.67,145.59,550.63,0.8206,-1,-1,-1
712,92,1733.21,11.61,187.03,895.41,0.7733,-1,-1,-1
712,94,1255.98,3.57,576.34,1068.06,0.9110,-1,-1,-1
712,95,761.85,266.49,110.91,332.92,0.7431,-1,-1,-1
712,101,853.13,293.94,66.92,252.34,0.5979,-1,-1,-1
713,51,909.14,51.47,327.58,1005.87,0.8965,-1,-1,-1
713,86,366.02,196.55,147.73,556.67,0.8164,-1,-1,-1
713,92,1780.04,9.66,139.97,836.70,0.5930,-1,-1,-1
713,94,1275.35,4.97,604.68,1066.16,0.9160,-1,-1,-1
713,95,758.60,261.20,117.18,337.37,0.7592,-1,-1,-1
713,101,852.49,285.16,72.58,260.80,0.5329,-1,-1,-1
714,51,900.87,43.04,325.75,1019.99,0.8875,-1,-1,-1
714,86,363.80,194.18,148.56,558.10,0.8267,-1,-1,-1
714,94,1292.26,3.01,626.72,1066.21,0.9254,-1,-1,-1
714,95,756.32,258.94,117.38,339.03,0.7821,-1,-1,-1
714,101,853.76,284.81,68.06,261.82,0.5904,-1,-1,-1
715,51,890.33,36.49,326.62,1030.98,0.8909,-1,-1,-1
715,86,358.69,192.17,155.93,559.04,0.8252,-1,-1,-1
715,94,1285.35,0.05,633.94,1065.77,0.9283,-1,-1,-1
715,95,757.44,256.25,122.18,339.80,0.7666,-1,-1,-1
715,101,850.85,280.68,58.50,265.63,0.4201,-1,-1,-1
716,51,877.33,12.02,328.00,1053.53,0.8965,-1,-1,-1
716,86,356.49,189.70,151.33,564.40,0.8275,-1,-1,-1
716,94,1270.45,-0.06,649.05,1068.57,0.9286,-1,-1,-1
716,95,757.63,254.29,118.87,340.16,0.7610,-1,-1,-1
716,101,847.86,274.60,53.38,269.10,0.3653,-1,-1,-1
716,106,1238.23,317.23,60.33,205.88,0.5872,-1,-1,-1
717,51,858.49,2.87,343.43,1074.54,0.9082,-1,-1,-1
717,86,350.52,189.68,160.44,563.23,0.8039,-1,-1,-1
717,94,1262.86,-0.00,655.87,1067.25,0.9286,-1,-1,-1
717,95,755.13,248.75,126.45,346.76,0.8055,-1,-1,-1
717,106,1240.96,310.82,61.00,211.60,0.5072,-1,-1,-1
717,107,1201.24,320.16,48.52,182.94,0.3293,-1,-1,-1
718,51,844.14,12.12,339.98,1062.74,0.9027,-1,-1,-1
718,86,346.65,182.30,162.50,572.38,0.8186,-1,-1,-1
718,94,1260.34,1.28,658.61,1068.94,0.9181,-1,-1,-1
718,95,755.59,245.28,114.17,351.47,0.8090,-1,-1,-1
718,106,1237.91,307.89,68.81,214.58,0.5914,-1,-1,-1
719,51,817.55,3.07,350.89,1066.99,0.8994,-1,-1,-1
719,86,344.12,179.95,159.58,576.29,0.8281,-1,-1,-1
719,94,1263.49,1.57,655.78,1069.97,0.9180,-1,-1,-1
719,95,754.04,241.04,104.66,355.36,0.7687,-1,-1,-1
719,106,1240.67,311.88,72.52,209.31,0.5579,-1,-1,-1
720,51,791.23,2.47,359.92,1069.08,0.8881,-1,-1,-1
720,86,341.98,179.72,157.55,580.10,0.8483,-1,-1,-1
720,94,1275.31,2.71,643.74,1055.94,0.9174,-1,-1,-1
720,95,757.27,241.24,84.43,354.44,0.6821,-1,-1,-1
720,106,1242.75,305.85,75.52,215.33,0.6395,-1,-1,-1
720,108,1096.12,166.02,117.89,513.85,0.7166,-1,-1,-1
721,51,768.86,1.93,361.67,1076.73,0.9126,-1,-1,-1
721,86,337.91,173.97,159.81,588.53,0.8474,-1,-1,-1
721,94,1293.62,2.47,624.53,1062.81,0.8841,-1,-1,-1
721,106,1241.99,302.08,76.29,216.55,0.6068,-1,-1,-1
721,108,1092.58,164.54,130.40,519.44,0.7446,-1,-1,-1
722,51,748.66,2.10,367.95,1074.46,0.9106,-1,-1,-1
722,86,331.89,169.12,163.13,594.96,0.8439,-1,-1,-1
722,94,1305.89,1.89,612.10,1063.62,0.9198,-1,-1,-1
722,106,1245.32,294.63,65.93,224.20,0.4929,-1,-1,-1
722,108,1088.58,161.93,140.19,519.89,0.7900,-1,-1,-1
722,110,1315.42,115.77,157.90,496.38,0.7091,-1,-1,-1
723,51,725.15,1.99,371.89,1075.43,0.9035,-1,-1,-1
723,86,326.45,166.98,165.80,597.17,0.8463,-1,-1,-1
723,94,1313.78,2.14,603.95,1063.19,0.9027,-1,-1,-1
723,106,1246.58,311.66,65.24,209.79,0.5253,-1,-1,-1
723,108,1082.76,162.06,142.62,509.73,0.8313,-1,-1,-1
723,110,1302.99,109.79,167.96,556.89,0.7293,-1,-1,-1
724,51,699.14,1.87,390.76,1068.74,0.9061,-1,-1,-1
724,86,322.01,163.27,165.73,601.16,0.8366,-1,-1,-1
724,94,1322.95,5.13,594.27,1062.05,0.9020,-1,-1,-1
724,108,1078.16,158.87,150.48,508.89,0.8438,-1,-1,-1
724,110,1260.53,106.57,202.58,635.90,0.7752,-1,-1,-1
725,51,661.63,3.26,397.98,1070.06,0.9040,-1,-1,-1
725,86,316.02,158.16,166.98,605.83,0.8385,-1,-1,-1
725,94,1335.53,7.15,580.82,1062.97,0.8824,-1,-1,-1
725,108,1075.40,157.89,150.79,507.78,0.8371,-1,-1,-1
725,110,1240.50,101.12,216.04,664.40,0.8576,-1,-1,-1
726,51,632.72,3.59,404.46,1071.14,0.9086,-1,-1,-1
726,86,312.30,156.92,166.28,608.28,0.8181,-1,-1,-1
726,94,1350.88,8.03,568.03,1060.15,0.8127,-1,-1,-1
726,108,1072.00,154.37,160.36,509.03,0.8425,-1,-1,-1
726,110,1217.77,106.48,239.67,701.53,0.8564,-1,-1,-1
727,51,605.26,4.77,411.32,1069.71,0.9052,-1,-1,-1
727,86,296.55,147.72,172.80,614.51,0.8200,-1,-1,-1
727,94,1391.27,2.84,528.49,1066.34,0.8128,-1,-1,-1
727,108,1067.58,151.66,164.28,512.60,0.8542,-1,-1,-1
727,110,1188.55,105.92,273.19,697.27,0.8694,-1,-1,-1
728,2,941.45,181.87,121.68,443.98,0.7889,-1,-1,-1
728,51,565.17,4.50,435.33,1071.85,0.9091,-1,-1,-1
728,86,290.43,141.88,168.43,619.96,0.8495,-1,-1,-1
728,94,1525.67,7.10,392.60,1047.72,0.7388,-1,-1,-1
728,108,1066.77,147.94,144.13,511.07,0.6671,-1,-1,-1
728,110,1149.59,101.50,311.90,703.14,0.8592,-1,-1,-1
729,2,937.24,185.55,121.69,437.39,0.8449,-1,-1,-1
729,51,519.48,1.70,452.64,1072.49,0.9076,-1,-1,-1
729,86,280.19,129.60,168.58,629.00,0.8670,-1,-1,-1
729,94,1681.46,27.60,236.52,1032.85,0.6975,-1,-1,-1
729,108,1063.78,146.52,129.06,508.62,0.7569,-1,-1,-1
729,110,1124.43,93.33,336.38,709.05,0.8773,-1,-1,-1
730,2,920.54,184.42,144.01,437.30,0.8500,-1,-1,-1
730,51,467.96,1.75,475.37,1073.91,0.9227,-1,-1,-1
730,86,267.53,125.65,172.78,630.59,0.8433,-1,-1,-1
730,108,1055.13,141.98,135.55,514.41,0.8079,-1,-1,-1
730,110,1114.11,94.66,345.49,704.49,0.9001,-1,-1,-1
731,2,911.11,183.09,144.37,439.38,0.8390,-1,-1,-1
731,51,421.58,3.52,485.82,1071.69,0.9071,-1,-1,-1
731,86,253.72,121.17,172.74,637.52,0.8305,-1,-1,-1
731,108,1050.62,140.09,132.12,515.35,0.7970,-1,-1,-1
731,110,1113.67,94.43,341.13,706.32,0.8963,-1,-1,-1
732,2,904.58,183.50,154.43,438.10,0.8397,-1,-1,-1
732,51,359.29,3.99,519.51,1064.71,0.9132,-1,-1,-1
732,86,244.99,109.50,157.84,650.61,0.8458,-1,-1,-1
732,108,1050.44,138.82,125.11,515.03,0.8126,-1,-1,-1
732,110,1087.74,90.79,365.50,711.96,0.8789,-1,-1,-1
732,113,1442.82,296.12,31.13,46.78,0.3197,-1,-1,-1
733,2,899.18,180.29,164.49,437.62,0.8548,-1,-1,-1
733,51,244.37,3.95,599.75,1063.89,0.9027,-1,-1,-1
733,108,1046.90,134.96,119.02,513.86,0.8049,-1,-1,-1
733,110,1094.13,78.50,344.33,722.09,0.8631,-1,-1,-1
734,2,895.85,183.09,145.60,435.27,0.8418,-1,-1,-1
734,51,220.97,6.32,581.76,1060.29,0.9264,-1,-1,-1
734,108,1041.89,136.98,117.31,515.18,0.8042,-1,-1,-1
734,110,1076.35,80.77,344.71,735.51,0.8613,-1,-1,-1
735,2,889.65,182.71,141.41,424.73,0.8572,-1,-1,-1
735,51,160.33,4.36,614.92,1061.40,0.9090,-1,-1,-1
735,108,1034.53,138.32,113.45,520.55,0.7598,-1,-1,-1
735,110,1058.39,82.63,338.71,741.06,0.8627,-1,-1,-1
735,113,1422.56,292.18,32.00,46.25,0.4351,-1,-1,-1
735,114,741.59,208.91,107.43,401.72,0.6852,-1,-1,-1
736,2,886.48,181.77,137.87,428.79,0.8481,-1,-1,-1
736,51,49.37,2.45,686.78,1065.60,0.8625,-1,-1,-1
736,95,710.95,179.54,131.63,411.08,0.6400,-1,-1,-1
736,108,1026.74,135.81,106.36,525.88,0.6483,-1,-1,-1
736,110,1045.65,77.43,317.97,725.84,0.8802,-1,-1,-1
737,2,879.09,179.61,134.86,428.87,0.8371,-1,-1,-1
737,51,0.60,5.02,694.75,1060.52,0.9244,-1,-1,-1
737,95,672.34,177.71,158.83,427.17,0.7135,-1,-1,-1
737,108,1013.62,139.57,102.14,524.33,0.6675,-1,-1,-1
737,110,1047.82,72.25,276.84,726.53,0.8519,-1,-1,-1
738,2,863.41,176.55,135.96,432.55,0.8225,-1,-1,-1
738,51,-1.57,5.03,681.81,1057.80,0.9044,-1,-1,-1
738,95,646.40,171.24,157.58,437.86,0.7849,-1,-1,-1
738,108,1004.77,143.20,89.37,517.97,0.4700,-1,-1,-1
738,110,1020.14,68.51,257.88,738.49,0.8716,-1,-1,-1
738,115,750.60,210.41,64.68,318.82,0.4611,-1,-1,-1
739,2,841.67,176.86,137.41,435.72,0.8442,-1,-1,-1
739,51,-0.49,3.69,651.86,1053.25,0.9128,-1,-1,-1
739,95,623.27,166.48,170.25,445.89,0.8122,-1,-1,-1
739,110,1001.12,70.37,221.61,733.16,0.8283,-1,-1,-1
740,2,825.11,177.35,145.42,431.37,0.8413,-1,-1,-1
740,51,1.00,6.44,597.14,1051.08,0.9057,-1,-1,-1
740,95,614.44,164.41,159.80,460.07,0.8233,-1,-1,-1
740,110,974.36,67.20,200.18,735.17,0.8289,-1,-1,-1
741,2,818.25,178.34,141.65,431.93,0.8179,-1,-1,-1
741,51,0.43,4.43,543.16,1059.30,0.8886,-1,-1,-1
741,95,595.47,162.78,168.73,460.21,0.8470,-1,-1,-1
741,106,1146.95,283.88,63.56,232.27,0.5357,-1,-1,-1
741,110,950.67,68.05,200.67,757.65,0.8713,-1,-1,-1
742,2,807.90,177.88,140.40,436.55,0.8408,-1,-1,-1
742,51,4.55,4.35,448.30,1063.27,0.8363,-1,-1,-1
742,95,580.12,158.00,171.30,465.30,0.8487,-1,-1,-1
742,106,1141.38,274.96,55.79,254.42,0.4857,-1,-1,-1
742,110,920.01,67.58,212.01,762.53,0.8391,-1,-1,-1
743,2,797.69,181.33,141.55,437.53,0.8275,-1,-1,-1
743,51,25.06,10.34,296.17,1046.52,0.7069,-1,-1,-1
743,95,574.04,159.66,161.56,469.47,0.8279,-1,-1,-1
743,110,894.25,68.11,225.14,762.98,0.8161,-1,-1,-1
744,2,776.57,180.40,146.91,431.49,0.8211,-1,-1,-1
744,86,0.84,60.80,200.83,777.87,0.5662,-1,-1,-1
744,95,552.91,158.14,169.13,479.13,0.8404,-1,-1,-1
744,110,846.15,64.55,239.21,763.73,0.8344,-1,-1,-1
744,117,1073.94,229.01,96.83,303.70,0.6838,-1,-1,-1
745,2,764.93,181.58,135.66,430.01,0.7264,-1,-1,-1
745,86,-0.65,53.31,181.93,770.60,0.8732,-1,-1,-1
745,95,534.36,155.28,179.60,489.31,0.8413,-1,-1,-1
745,110,802.06,61.16,269.29,761.61,0.7785,-1,-1,-1
745,117,1064.99,230.27,103.29,305.46,0.7488,-1,-1,-1
746,2,752.69,182.03,127.86,422.93,0.7469,-1,-1,-1
746,86,-1.80,54.41,157.72,767.33,0.8566,-1,-1,-1
746,95,515.13,153.34,188.10,496.48,0.8398,-1,-1,-1
746,110,731.82,54.46,323.51,784.00,0.8063,-1,-1,-1
746,117,1051.79,223.81,101.78,313.07,0.7226,-1,-1,-1
747,2,732.92,183.69,118.21,397.58,0.6155,-1,-1,-1
747,86,-2.69,53.29,135.88,772.33,0.8304,-1,-1,-1
747,95,496.16,152.45,187.30,502.08,0.8302,-1,-1,-1
747,110,692.42,42.24,357.94,792.93,0.8328,-1,-1,-1
747,113,1272.70,298.39,35.27,46.05,0.3145,-1,-1,-1
747,117,1052.43,222.80,92.97,315.97,0.7046,-1,-1,-1
748,2,719.30,172.07,108.68,408.62,0.5249,-1,-1,-1
748,86,-3.15,61.86,115.84,770.50,0.8119,-1,-1,-1
748,95,481.74,149.79,190.52,505.68,0.8525,-1,-1,-1
748,110,655.52,50.33,380.25,786.02,0.8795,-1,-1,-1
748,117,1043.46,219.50,93.93,322.89,0.7132,-1,-1,-1
749,2,702.64,185.79,94.34,370.55,0.3414,-1,-1,-1
749,86,-4.80,105.31,101.83,717.90,0.7608,-1,-1,-1
749,95,464.17,148.74,199.22,517.83,0.8422,-1,-1,-1
749,108,921.00,140.70,86.11,363.03,0.4587,-1,-1,-1
749,110,672.02,49.03,351.80,788.02,0.8158,-1,-1,-1
749,117,1035.06,220.72,92.27,322.31,0.6746,-1,-1,-1
749,119,989.99,230.67,78.68,321.96,0.3811,-1,-1,-1
750,2,693.07,241.54,70.05,310.44,0.4282,-1,-1,-1
750,86,-2.70,178.71,81.07,642.91,0.7268,-1,-1,-1
750,95,450.92,148.74,200.00,521.91,0.7515,-1,-1,-1
750,108,906.04,136.54,89.29,463.03,0.3709,-1,-1,-1
750,110,642.54,55.18,369.45,790.49,0.8594,-1,-1,-1
750,117,1030.39,226.55,93.80,318.50,0.7402,-1,-1,-1
750,119,982.00,238.77,82.09,319.55,0.6538,-1,-1,-1
751,95,435.68,149.91,205.01,543.00,0.8017,-1,-1,-1
751,108,884.13,138.15,109.09,509.72,0.6956,-1,-1,-1
751,110,623.94,52.74,379.23,803.46,0.8738,-1,-1,-1
751,115,565.03,210.69,81.88,345.31,0.4241,-1,-1,-1
751,117,1031.99,227.60,89.50,321.00,0.7152,-1,-1,-1
751,119,979.22,241.21,83.51,321.64,0.6534,-1,-1,-1
752,95,427.85,143.67,202.80,552.18,0.8282,-1,-1,-1
752,108,868.92,140.42,119.63,521.29,0.7587,-1,-1,-1
752,110,612.69,54.24,367.62,808.97,0.8716,-1,-1,-1
752,115,562.92,207.17,76.72,352.85,0.3377,-1,-1,-1
752,117,1029.62,228.12,90.74,321.94,0.7479,-1,-1,-1
752,119,963.46,244.93,101.32,324.92,0.6890,-1,-1,-1
753,95,412.89,138.83,215.72,559.79,0.8388,-1,-1,-1
753,108,861.19,145.34,123.15,525.25,0.7678,-1,-1,-1
753,110,603.76,46.89,358.29,821.52,0.8886,-1,-1,-1
753,117,1031.95,230.01,89.69,316.95,0.7369,-1,-1,-1
753,119,961.36,250.36,112.38,325.53,0.7035,-1,-1,-1
754,95,395.67,136.35,229.32,564.46,0.8194,-1,-1,-1
754,108,856.19,149.41,124.26,527.28,0.7954,-1,-1,-1
754,110,596.53,47.78,339.85,827.46,0.8869,-1,-1,-1
754,117,1029.34,232.17,93.33,324.43,0.7433,-1,-1,-1
754,119,958.37,251.91,113.64,327.51,0.6713,-1,-1,-1
754,120,1831.20,326.41,88.00,374.34,0.5087,-1,-1,-1
755,95,394.15,134.40,222.37,568.74,0.8488,-1,-1,-1
755,108,849.43,149.79,130.14,531.72,0.7995,-1,-1,-1
755,110,575.15,43.94,342.84,837.85,0.8894,-1,-1,-1
755,117,1031.68,230.49,95.07,326.15,0.7177,-1,-1,-1
755,119,957.47,251.27,116.71,330.29,0.6919,-1,-1,-1
755,120,1824.05,310.50,95.18,393.99,0.5031,-1,-1,-1
756,95,384.43,132.50,220.27,582.72,0.8422,-1,-1,-1
756,108,846.47,154.05,135.40,524.59,0.8013,-1,-1,-1
756,110,542.54,39.30,336.89,850.97,0.8892,-1,-1,-1
756,117,1030.35,229.86,102.67,331.65,0.7036,-1,-1,-1
756,119,955.41,251.70,115.52,332.96,0.6801,-1,-1,-1
757,95,378.13,135.57,198.35,578.93,0.8540,-1,-1,-1
757,108,840.95,158.22,141.97,522.65,0.8021,-1,-1,-1
757,110,504.74,33.66,338.93,863.38,0.8795,-1,-1,-1
757,117,1029.91,230.14,107.55,333.73,0.7002,-1,-1,-1
757,119,955.02,251.84,115.67,338.28,0.7568,-1,-1,-1
757,120,1816.72,301.46,102.78,408.47,0.3702,-1,-1,-1
758,2,756.73,195.40,87.69,320.41,0.5821,-1,-1,-1
758,95,373.33,129.97,202.77,587.32,0.7723,-1,-1,-1
758,108,844.96,163.89,136.06,521.88,0.8243,-1,-1,-1
758,110,469.38,36.00,343.14,868.95,0.8793,-1,-1,-1
758,117,1037.16,228.44,115.23,334.43,0.7047,-1,-1,-1
758,119,957.55,250.42,126.27,343.72,0.7996,-1,-1,-1
759,2,711.20,203.14,129.33,437.81,0.3991,-1,-1,-1
759,95,372.15,133.73,203.40,595.71,0.7959,-1,-1,-1
759,108,844.34,168.13,134.19,524.17,0.8311,-1,-1,-1
759,110,459.97,33.91,321.83,881.01,0.8466,-1,-1,-1
759,117,1043.78,230.11,110.28,347.16,0.7295,-1,-1,-1
759,119,961.56,255.02,120.32,342.82,0.8125,-1,-1,-1
760,2,683.28,197.58,162.73,513.77,0.6896,-1,-1,-1
760,95,370.67,130.55,203.59,610.81,0.7836,-1,-1,-1
760,108,843.28,170.08,134.28,525.13,0.8300,-1,-1,-1
760,110,451.63,41.41,294.66,880.89,0.7885,-1,-1,-1
760,117,1051.15,228.66,105.24,363.12,0.7451,-1,-1,-1
760,119,967.07,255.62,118.50,347.63,0.8079,-1,-1,-1
761,2,716.51,202.42,134.52,437.78,0.8252,-1,-1,-1
761,95,370.50,133.29,197.69,608.03,0.7333,-1,-1,-1
761,108,846.02,171.93,132.19,528.19,0.8357,-1,-1,-1
761,110,413.86,42.44,321.12,891.94,0.7626,-1,-1,-1
761,117,1056.96,229.03,103.42,363.70,0.7626,-1,-1,-1
761,119,970.96,256.76,120.59,349.72,0.8297,-1,-1,-1
762,2,708.13,202.40,143.19,437.72,0.8180,-1,-1,-1
762,95,362.01,135.83,197.12,611.56,0.7186,-1,-1,-1
762,108,845.27,173.02,132.94,528.73,0.8351,-1,-1,-1
762,110,391.55,39.86,337.93,900.48,0.7496,-1,-1,-1
762,117,1062.58,230.37,98.38,363.02,0.7789,-1,-1,-1
762,119,970.81,250.25,129.02,358.36,0.8053,-1,-1,-1
762,120,1826.22,349.97,93.68,362.64,0.3067,-1,-1,-1
763,2,706.15,203.73,150.09,450.50,0.8339,-1,-1,-1
763,95,346.15,139.33,188.99,609.93,0.7551,-1,-1,-1
763,108,848.16,172.71,132.23,524.83,0.8247,-1,-1,-1
763,110,358.20,37.81,360.28,910.14,0.6403,-1,-1,-1
763,117,1064.37,230.90,106.51,366.35,0.7900,-1,-1,-1
763,119,974.56,250.23,136.65,360.62,0.8008,-1,-1,-1
764,2,711.92,205.84,146.73,451.65,0.8353,-1,-1,-1
764,95,332.25,120.85,192.02,639.28,0.5570,-1,-1,-1
764,108,848.30,172.11,135.64,530.87,0.8135,-1,-1,-1
764,110,328.12,38.24,387.89,916.80,0.8510,-1,-1,-1
764,117,1071.29,229.11,101.24,373.48,0.7763,-1,-1,-1
764,119,979.35,249.13,139.83,364.46,0.8013,-1,-1,-1
765,2,714.29,207.92,145.96,448.85,0.8442,-1,-1,-1
765,108,850.09,168.36,142.61,520.64,0.8030,-1,-1,-1
765,110,323.00,36.53,394.74,924.75,0.8614,-1,-1,-1
765,117,1077.79,228.34,101.77,374.37,0.7164,-1,-1,-1
765,119,983.51,250.94,142.58,368.86,0.7743,-1,-1,-1
766,2,717.06,210.29,144.17,445.17,0.8416,-1,-1,-1
766,108,855.85,166.75,137.32,512.69,0.8123,-1,-1,-1
766,110,305.17,34.32,412.19,926.81,0.9034,-1,-1,-1
766,117,1082.02,229.43,103.23,378.58,0.6851,-1,-1,-1
766,119,983.07,249.81,145.92,374.82,0.7986,-1,-1,-1
766,122,641.53,274.02,91.12,341.86,0.6818,-1,-1,-1
767,2,718.21,210.44,143.32,441.41,0.8456,-1,-1,-1
767,108,854.92,162.82,140.15,513.46,0.8092,-1,-1,-1
767,110,287.72,32.18,426.10,934.28,0.9006,-1,-1,-1
767,117,1087.38,225.98,119.18,388.42,0.7385,-1,-1,-1
767,119,976.59,250.30,164.10,379.56,0.8226,-1,-1,-1
767,122,633.13,272.34,100.20,341.57,0.7334,-1,-1,-1
768,2,721.15,207.44,139.16,441.08,0.8232,-1,-1,-1
768,108,856.97,159.34,137.89,515.87,0.8115,-1,-1,-1
768,110,268.37,31.31,438.75,939.17,0.9039,-1,-1,-1
768,117,1086.86,225.63,124.79,391.37,0.7687,-1,-1,-1
768,119,976.96,251.82,175.70,379.50,0.8124,-1,-1,-1
768,122,631.50,268.64,104.64,341.17,0.7528,-1,-1,-1
769,2,722.11,207.26,136.66,439.73,0.8093,-1,-1,-1
769,108,852.92,157.81,144.21,518.84,0.8252,-1,-1,-1
769,110,245.42,30.89,450.94,949.25,0.9094,-1,-1,-1
769,117,1090.94,226.45,112.41,395.27,0.7568,-1,-1,-1
769,119,975.31,251.94,185.32,385.20,0.8256,-1,-1,-1
769,122,630.04,265.82,105.53,347.85,0.7799,-1,-1,-1
770,2,724.54,204.96,133.53,439.58,0.8269,-1,-1,-1
770,108,851.32,155.17,148.63,521.02,0.8247,-1,-1,-1
770,110,222.15,25.27,459.08,962.89,0.8976,-1,-1,-1
770,117,1095.79,223.78,101.35,402.90,0.7139,-1,-1,-1
770,119,976.19,250.41,186.35,389.74,0.8340,-1,-1,-1
770,122,628.76,265.15,105.71,344.13,0.7877,-1,-1,-1
771,2,720.56,196.41,133.32,445.06,0.8492,-1,-1,-1
771,108,845.17,152.63,153.61,520.73,0.8571,-1,-1,-1
771,110,201.34,11.76,455.09,987.01,0.8926,-1,-1,-1
771,117,1099.03,219.60,99.96,409.18,0.7149,-1,-1,-1
771,119,975.11,243.89,187.73,396.85,0.8279,-1,-1,-1
771,122,626.63,254.70,107.43,347.44,0.7395,-1,-1,-1
772,2,722.80,201.73,131.20,439.67,0.8347,-1,-1,-1
772,108,843.74,152.68,150.95,524.15,0.8600,-1,-1,-1
772,110,178.77,9.47,456.12,981.36,0.8889,-1,-1,-1
772,117,1095.56,218.52,105.10,411.69,0.7855,-1,-1,-1
772,119,965.78,243.66,192.83,403.31,0.8341,-1,-1,-1
772,122,618.30,258.77,114.09,352.09,0.7896,-1,-1,-1
773,2,721.10,199.38,125.51,439.46,0.8332,-1,-1,-1
773,108,841.86,154.26,144.00,524.00,0.8636,-1,-1,-1
773,110,159.60,11.71,435.32,938.62,0.8627,-1,-1,-1
773,117,1092.66,213.83,110.85,418.75,0.7977,-1,-1,-1
773,119,962.70,239.98,195.63,409.08,0.8423,-1,-1,-1
773,122,615.85,258.76,111.50,351.27,0.8119,-1,-1,-1
774,2,714.43,191.62,127.30,442.01,0.8313,-1,-1,-1
774,95,428.31,64.75,193.89,751.56,0.5835,-1,-1,-1
774,108,836.79,150.82,142.87,530.27,0.8137,-1,-1,-1
774,110,147.40,5.04,395.46,941.35,0.8764,-1,-1,-1
774,117,1091.87,211.50,115.57,419.81,0.7754,-1,-1,-1
774,119,961.76,233.92,196.30,413.30,0.8589,-1,-1,-1
774,122,610.77,255.96,112.88,348.37,0.7972,-1,-1,-1
775,2,708.80,188.61,132.48,445.01,0.8176,-1,-1,-1
775,95,401.35,54.79,221.24,776.05,0.7692,-1,-1,-1
775,108,829.82,152.22,130.99,525.53,0.7835,-1,-1,-1
775,110,134.62,2.97,359.79,950.84,0.8709,-1,-1,-1
775,117,1085.37,206.55,121.74,423.74,0.7981,-1,-1,-1
775,119,959.10,228.30,198.35,415.36,0.8609,-1,-1,-1
775,122,607.22,249.25,113.77,360.07,0.7795,-1,-1,-1
776,2,698.89,188.70,136.73,443.92,0.8011,-1,-1,-1
776,95,381.16,47.20,240.39,782.55,0.7164,-1,-1,-1
776,108,818.39,151.48,139.04,529.06,0.7804,-1,-1,-1
776,110,112.98,0.79,347.68,965.10,0.8845,-1,-1,-1
776,117,1085.37,201.20,121.75,429.52,0.8110,-1,-1,-1
776,119,956.22,224.15,195.71,420.62,0.8486,-1,-1,-1
776,122,600.17,247.58,113.17,359.97,0.7792,-1,-1,-1
777,2,690.65,192.31,138.48,441.97,0.7901,-1,-1,-1
777,95,350.63,41.40,263.17,800.61,0.7784,-1,-1,-1
777,108,813.37,152.48,142.22,528.79,0.8013,-1,-1,-1
777,110,94.92,2.10,341.22,958.85,0.8973,-1,-1,-1
777,117,1083.54,198.07,130.02,433.87,0.8343,-1,-1,-1
777,119,954.59,221.49,189.67,425.43,0.8350,-1,-1,-1
777,122,591.91,246.38,112.23,367.50,0.7135,-1,-1,-1
778,2,680.62,190.83,137.47,449.30,0.7419,-1,-1,-1
778,95,332.53,36.52,280.21,832.84,0.8290,-1,-1,-1
778,108,812.80,153.13,140.32,528.28,0.8063,-1,-1,-1
778,110,76.72,3.09,329.78,981.39,0.8957,-1,-1,-1
778,117,1083.92,190.72,129.57,443.93,0.8309,-1,-1,-1
778,119,951.85,219.74,183.83,427.86,0.8404,-1,-1,-1
778,122,586.74,246.31,108.66,362.26,0.7244,-1,-1,-1
779,2,671.86,191.63,138.06,439.57,0.7598,-1,-1,-1
779,95,332.42,31.80,272.23,861.32,0.8166,-1,-1,-1
779,108,799.78,155.33,145.33,522.35,0.7421,-1,-1,-1
779,110,51.10,1.79,330.14,1005.49,0.8966,-1,-1,-1
779,117,1080.83,194.75,124.31,440.49,0.8097,-1,-1,-1
779,119,954.53,215.34,173.10,435.70,0.8365,-1,-1,-1
779,122,571.65,244.05,118.62,366.27,0.7648,-1,-1,-1
780,2,663.03,189.26,141.14,450.63,0.7400,-1,-1,-1
780,95,321.79,26.53,274.10,885.35,0.8464,-1,-1,-1
780,108,790.28,154.72,146.47,531.30,0.8079,-1,-1,-1
780,110,24.60,1.60,329.91,999.09,0.9100,-1,-1,-1
780,117,1076.06,193.19,128.74,448.58,0.8101,-1,-1,-1
780,119,950.69,213.88,169.58,438.28,0.8448,-1,-1,-1
780,122,566.76,243.60,114.22,360.48,0.6804,-1,-1,-1
781,2,679.33,190.03,120.63,447.60,0.6147,-1,-1,-1
781,95,307.21,20.16,289.54,889.18,0.8435,-1,-1,-1
781,108,791.83,152.72,141.88,532.57,0.8175,-1,-1,-1
781,110,0.45,4.11,329.05,1006.35,0.9110,-1,-1,-1
781,117,1074.71,191.81,137.36,455.55,0.8180,-1,-1,-1
781,119,952.14,212.80,163.06,446.81,0.8393,-1,-1,-1
781,122,566.71,242.98,104.07,358.99,0.6031,-1,-1,-1
782,2,675.48,191.16,126.13,445.13,0.6774,-1,-1,-1
782,95,279.89,10.45,318.52,913.78,0.8663,-1,-1,-1
782,108,786.29,157.54,145.81,525.29,0.8168,-1,-1,-1
782,110,-1.82,5.26,304.39,1003.70,0.9090,-1,-1,-1
782,117,1071.98,189.68,148.79,459.06,0.8123,-1,-1,-1
782,119,950.78,209.53,163.24,455.83,0.8712,-1,-1,-1
782,122,555.58,242.57,108.18,383.11,0.6251,-1,-1,-1
783,2,673.99,195.83,123.47,443.82,0.6679,-1,-1,-1
783,95,240.81,1.13,354.04,943.20,0.8585,-1,-1,-1
783,108,776.95,156.18,153.42,523.20,0.8087,-1,-1,-1
783,110,-1.55,3.59,277.03,1012.89,0.9017,-1,-1,-1
783,117,1069.62,190.69,151.73,459.10,0.8295,-1,-1,-1
783,119,949.68,209.74,164.03,461.73,0.8781,-1,-1,-1
783,122,536.36,242.54,122.02,385.58,0.6263,-1,-1,-1
784,2,678.83,197.07,117.78,441.64,0.7079,-1,-1,-1
784,95,228.15,0.98,361.19,965.97,0.8617,-1,-1,-1
784,108,784.51,155.09,139.33,523.44,0.7935,-1,-1,-1
784,110,-2.05,5.82,257.05,1011.62,0.9015,-1,-1,-1
784,117,1068.13,190.18,155.79,467.32,0.8241,-1,-1,-1
784,119,948.81,207.14,164.72,468.40,0.8679,-1,-1,-1
784,122,543.29,242.04,109.85,387.14,0.5870,-1,-1,-1
785,2,682.50,195.92,113.92,440.70,0.7289,-1,-1,-1
785,95,217.60,2.15,352.72,976.18,0.8932,-1,-1,-1
785,108,785.30,148.64,137.22,527.79,0.7902,-1,-1,-1
785,110,-1.27,8.83,236.40,1015.73,0.8980,-1,-1,-1
785,117,1071.17,185.57,155.85,478.54,0.8279,-1,-1,-1
785,119,946.55,205.90,167.09,471.84,0.8455,-1,-1,-1
785,122,536.53,238.24,118.97,389.49,0.6674,-1,-1,-1
786,2,681.87,196.35,114.66,440.54,0.7286,-1,-1,-1
786,95,206.83,0.76,355.03,986.20,0.8785,-1,-1,-1
786,108,784.97,147.03,140.16,524.12,0.8159,-1,-1,-1
786,110,-1.93,8.44,221.44,1016.79,0.8743,-1,-1,-1
786,117,1072.00,180.87,160.54,490.11,0.8261,-1,-1,-1
786,119,948.20,203.27,167.50,484.51,0.8299,-1,-1,-1
786,122,504.00,232.44,131.43,397.01,0.6941,-1,-1,-1
786,125,617.28,244.10,92.08,369.40,0.6328,-1,-1,-1
787,2,682.29,194.43,114.01,441.60,0.7785,-1,-1,-1
787,95,196.42,0.16,363.69,997.36,0.8835,-1,-1,-1
787,108,791.37,144.20,135.46,526.85,0.8247,-1,-1,-1
787,110,-1.32,37.77,202.00,991.29,0.8780,-1,-1,-1
787,117,1077.62,177.33,163.71,496.32,0.8363,-1,-1,-1
787,119,948.13,205.90,173.38,484.90,0.8345,-1,-1,-1
787,122,526.13,235.21,113.77,391.11,0.6558,-1,-1,-1
787,125,617.04,249.49,92.09,367.01,0.6547,-1,-1,-1
788,2,682.11,190.96,113.36,441.85,0.7533,-1,-1,-1
788,95,183.14,1.27,366.71,996.52,0.8982,-1,-1,-1
788,108,792.94,146.56,136.40,523.49,0.8243,-1,-1,-1
788,110,-1.39,58.15,187.26,978.04,0.8716,-1,-1,-1
788,117,1081.14,179.20,167.01,501.81,0.8462,-1,-1,-1
788,119,948.86,209.76,178.79,491.20,0.8564,-1,-1,-1
788,122,521.62,235.72,108.90,397.87,0.6462,-1,-1,-1
788,125,607.38,251.27,100.89,370.72,0.7313,-1,-1,-1
788,126,1853.98,268.50,65.24,462.18,0.4961,-1,-1,-1
789,2,682.25,193.67,123.03,449.40,0.7678,-1,-1,-1
789,95,170.91,0.04,372.04,1010.04,0.9007,-1,-1,-1
789,108,793.57,152.63,133.00,516.94,0.8366,-1,-1,-1
789,110,-1.99,85.42,177.91,965.10,0.8653,-1,-1,-1
789,117,1079.65,173.10,162.48,511.86,0.8343,-1,-1,-1
789,119,940.56,211.58,191.42,498.47,0.8387,-1,-1,-1
789,122,519.00,234.02,100.73,402.42,0.6085,-1,-1,-1
789,125,604.77,247.37,104.52,381.56,0.7483,-1,-1,-1
789,126,1842.84,282.45,75.81,471.70,0.4279,-1,-1,-1
790,2,689.97,186.45,121.18,449.29,0.7495,-1,-1,-1
790,95,162.09,-0.05,383.87,1022.76,0.8939,-1,-1,-1
790,108,794.98,150.32,134.90,519.47,0.8471,-1,-1,-1
790,110,1.60,99.24,157.92,960.62,0.8348,-1,-1,-1
790,117,1082.42,169.92,165.32,515.42,0.8421,-1,-1,-1
790,119,933.16,201.83,212.78,511.11,0.7915,-1,-1,-1
790,120,1838.16,326.26,81.17,400.38,0.4100,-1,-1,-1
790,122,517.99,232.55,101.98,401.19,0.5654,-1,-1,-1
790,125,605.67,248.71,106.46,384.59,0.7294,-1,-1,-1
791,2,691.91,195.89,128.52,442.45,0.7749,-1,-1,-1
791,95,148.54,0.73,397.88,1034.81,0.8914,-1,-1,-1
791,108,802.42,151.58,133.29,522.59,0.8243,-1,-1,-1
791,110,3.31,105.72,141.88,956.95,0.8022,-1,-1,-1
791,117,1091.54,169.20,172.46,517.85,0.7852,-1,-1,-1
791,119,964.77,198.48,192.02,524.79,0.8011,-1,-1,-1
791,120,1840.23,360.32,79.79,366.88,0.5015,-1,-1,-1
791,122,516.83,232.18,112.81,411.15,0.6061,-1,-1,-1
791,125,607.27,250.16,111.04,386.59,0.7471,-1,-1,-1
792,2,697.29,198.02,128.28,449.24,0.8060,-1,-1,-1
792,95,140.39,1.88,431.15,1044.49,0.8590,-1,-1,-1
792,108,810.34,155.26,130.23,519.69,0.8030,-1,-1,-1
792,110,8.39,121.39,123.29,946.52,0.5295,-1,-1,-1
792,117,1103.07,167.27,169.73,501.15,0.7373,-1,-1,-1
792,119,968.69,197.85,204.49,526.88,0.8237,-1,-1,-1
792,122,516.34,235.46,114.21,412.73,0.6414,-1,-1,-1
792,125,615.32,251.41,107.80,390.86,0.7985,-1,-1,-1
793,2,702.75,194.51,128.56,450.16,0.8048,-1,-1,-1
793,95,118.56,2.97,467.91,1051.87,0.8893,-1,-1,-1
793,108,816.79,153.08,135.41,526.21,0.8002,-1,-1,-1
793,110,12.89,441.48,106.54,605.97,0.5705,-1,-1,-1
793,117,1116.54,166.25,160.65,526.59,0.8171,-1,-1,-1
793,119,969.26,193.77,214.51,534.05,0.8464,-1,-1,-1
793,120,1841.27,398.35,78.40,346.59,0.3916,-1,-1,-1
793,122,519.76,233.92,111.21,400.71,0.5565,-1,-1,-1
793,125,617.63,252.30,113.57,393.99,0.7890,-1,-1,-1
793,128,12.84,141.29,47.86,426.63,0.5686,-1,-1,-1
794,2,710.49,196.36,128.35,444.14,0.7988,-1,-1,-1
794,95,102.93,2.85,487.31,1071.13,0.9023,-1,-1,-1
794,108,818.90,155.77,141.10,527.33,0.7789,-1,-1,-1
794,110,12.22,467.86,92.17,582.15,0.5619,-1,-1,-1
794,117,1122.47,160.47,163.93,538.26,0.8550,-1,-1,-1
794,119,978.88,187.54,224.85,545.37,0.8462,-1,-1,-1
794,120,1724.40,389.10,192.04,352.80,0.3891,-1,-1,-1
794,122,524.27,232.81,113.23,412.58,0.6188,-1,-1,-1
794,125,615.76,254.73,125.60,394.80,0.7144,-1,-1,-1
794,128,21.57,157.84,40.50,407.40,0.3677,-1,-1,-1
795,2,725.68,197.14,125.65,450.77,0.7716,-1,-1,-1
795,95,85.42,2.10,508.86,1068.46,0.9213,-1,-1,-1
795,108,839.72,158.36,133.30,528.18,0.8233,-1,-1,-1
795,110,10.72,543.83,85.81,505.79,0.4805,-1,-1,-1
795,117,1138.70,156.13,163.46,538.69,0.8198,-1,-1,-1
795,119,987.18,176.71,231.64,563.87,0.8166,-1,-1,-1
795,122,527.62,235.74,106.98,415.30,0.6673,-1,-1,-1
795,125,617.55,256.72,129.44,396.00,0.7387,-1,-1,-1
795,128,26.72,177.57,32.30,396.09,0.3059,-1,-1,-1
796,2,732.35,201.62,131.29,451.92,0.8062,-1,-1,-1
796,95,62.75,1.80,535.59,1067.66,0.9201,-1,-1,-1
796,108,846.42,161.76,137.22,529.80,0.8364,-1,-1,-1
796,110,8.17,550.56,79.60,486.15,0.5383,-1,-1,-1
796,117,1150.51,160.79,161.85,559.22,0.8438,-1,-1,-1
796,119,992.63,181.12,237.70,559.86,0.8532,-1,-1,-1
796,122,532.52,236.67,118.39,380.80,0.5600,-1,-1,-1
796,125,634.49,255.97,113.38,402.31,0.7112,-1,-1,-1
797,2,743.63,207.50,132.94,451.79,0.7888,-1,-1,-1
797,95,38.35,2.38,565.02,1066.87,0.9131,-1,-1,-1
797,108,857.13,169.84,129.94,526.05,0.8139,-1,-1,-1
797,110,2.36,550.92,81.55,282.91,0.4132,-1,-1,-1
797,117,1169.44,161.19,154.01,584.65,0.8542,-1,-1,-1
797,119,999.08,181.32,249.67,573.06,0.8470,-1,-1,-1
797,122,533.20,239.06,119.76,352.32,0.5611,-1,-1,-1
797,125,620.74,259.63,137.62,407.55,0.7169,-1,-1,-1
798,2,749.00,212.32,131.19,444.10,0.8195,-1,-1,-1
798,95,12.60,3.38,605.79,1060.06,0.9108,-1,-1,-1
798,108,862.60,172.70,130.71,529.84,0.8025,-1,-1,-1
798,117,1178.06,163.61,160.82,598.23,0.8343,-1,-1,-1
798,119,998.21,184.38,261.97,589.95,0.8452,-1,-1,-1
798,122,535.41,243.13,118.67,330.42,0.5452,-1,-1,-1
798,125,632.54,260.45,131.50,412.30,0.7292,-1,-1,-1
799,2,748.95,215.88,134.57,446.77,0.8061,-1,-1,-1
799,95,-0.39,3.37,630.95,1061.06,0.9041,-1,-1,-1
799,108,862.68,179.08,139.16,526.96,0.7984,-1,-1,-1
799,117,1187.83,164.49,159.56,614.75,0.8225,-1,-1,-1
799,119,998.34,185.95,270.36,608.00,0.8557,-1,-1,-1
799,122,535.78,247.24,124.74,349.85,0.5394,-1,-1,-1
799,125,641.40,262.45,124.64,414.05,0.7689,-1,-1,-1
800,2,756.56,224.69,132.74,442.02,0.8025,-1,-1,-1
800,95,-0.65,2.78,638.07,1055.04,0.9076,-1,-1,-1
800,108,869.14,184.19,134.31,526.92,0.7830,-1,-1,-1
800,117,1195.36,165.95,162.57,618.07,0.8054,-1,-1,-1
800,119,1007.30,187.69,270.44,623.68,0.8321,-1,-1,-1
800,122,534.32,250.54,130.45,358.35,0.4939,-1,-1,-1
800,125,642.83,264.86,123.43,417.83,0.7705,-1,-1,-1
801,2,762.50,230.02,127.54,440.74,0.8331,-1,-1,-1
801,95,-0.32,4.14,637.30,1061.96,0.9127,-1,-1,-1
801,108,871.39,192.74,131.21,525.06,0.7763,-1,-1,-1
801,117,1203.04,164.92,161.61,627.73,0.8158,-1,-1,-1
801,119,1008.86,190.31,279.30,631.63,0.8488,-1,-1,-1
801,122,529.14,251.96,140.59,352.49,0.4643,-1,-1,-1
801,125,643.16,268.24,124.82,418.89,0.7917,-1,-1,-1
802,2,774.41,231.88,115.78,436.61,0.8251,-1,-1,-1
802,95,-1.12,4.24,654.02,1075.40,0.8968,-1,-1,-1
802,108,883.82,191.15,133.98,527.29,0.8148,-1,-1,-1
802,117,1208.85,165.50,168.12,641.57,0.8244,-1,-1,-1
802,119,1002.20,193.93,299.70,640.54,0.8425,-1,-1,-1
802,122,532.01,254.77,138.94,356.12,0.4761,-1,-1,-1
802,125,643.15,268.86,126.51,420.68,0.7841,-1,-1,-1
803,2,782.52,234.25,111.73,436.14,0.8211,-1,-1,-1
803,95,0.08,3.74,651.72,1072.21,0.8459,-1,-1,-1
803,108,887.91,191.35,135.80,533.50,0.8154,-1,-1,-1
803,117,1219.53,160.03,172.62,656.39,0.8484,-1,-1,-1
803,119,1000.94,193.48,310.44,650.56,0.8563,-1,-1,-1
803,122,533.19,253.56,138.12,339.38,0.6079,-1,-1,-1
803,125,643.51,269.76,127.11,428.80,0.7780,-1,-1,-1
804,2,786.19,227.81,114.64,436.08,0.8378,-1,-1,-1
804,95,5.37,2.94,621.19,1076.85,0.6963,-1,-1,-1
804,108,888.73,189.43,140.24,535.21,0.8472,-1,-1,-1
804,117,1234.97,163.74,171.30,655.70,0.8442,-1,-1,-1
804,119,994.06,190.80,324.41,680.37,0.8705,-1,-1,-1
804,122,531.90,254.71,134.53,346.51,0.4896,-1,-1,-1
804,125,641.50,270.36,131.25,430.26,0.7674,-1,-1,-1
804,130,391.02,81.53,229.52,733.42,0.5125,-1,-1,-1
805,2,789.89,227.86,113.91,437.49,0.8299,-1,-1,-1
805,95,42.65,3.93,432.40,1069.58,0.6327,-1,-1,-1
805,108,894.13,187.83,137.65,537.65,0.8337,-1,-1,-1
805,117,1239.67,158.07,190.78,660.33,0.8533,-1,-1,-1
805,119,1000.54,188.45,328.48,687.24,0.8709,-1,-1,-1
805,122,526.88,253.31,146.04,319.55,0.5701,-1,-1,-1
805,125,646.96,270.33,131.27,439.60,0.8046,-1,-1,-1
805,130,383.15,26.00,229.80,800.99,0.6833,-1,-1,-1
806,2,794.08,225.43,113.36,443.58,0.7980,-1,-1,-1
806,95,-10.88,0.21,585.32,1072.39,0.7618,-1,-1,-1
806,108,903.14,184.80,130.69,537.80,0.8120,-1,-1,-1
806,117,1248.66,151.62,197.73,672.78,0.8647,-1,-1,-1
806,119,1009.23,179.32,327.22,706.83,0.8764,-1,-1,-1
806,122,525.53,251.29,147.73,311.94,0.6716,-1,-1,-1
806,125,649.38,269.43,128.52,443.07,0.8317,-1,-1,-1
806,130,370.74,18.10,221.52,816.08,0.4080,-1,-1,-1
807,2,797.71,226.00,113.29,450.81,0.8083,-1,-1,-1
807,95,0.02,0.37,566.10,1071.49,0.8730,-1,-1,-1
807,108,904.66,182.64,133.54,538.88,0.8239,-1,-1,-1
807,117,1257.49,142.45,207.62,688.15,0.8718,-1,-1,-1
807,119,1024.04,173.10,318.56,716.91,0.8726,-1,-1,-1
807,122,518.00,247.33,155.03,320.22,0.6209,-1,-1,-1
807,125,649.71,268.46,131.77,447.46,0.8274,-1,-1,-1
808,2,802.18,222.63,116.36,451.24,0.8073,-1,-1,-1
808,95,1.62,0.49,546.44,1071.26,0.9096,-1,-1,-1
808,108,908.31,185.35,127.12,526.60,0.7929,-1,-1,-1
808,117,1267.32,135.58,218.96,703.16,0.8792,-1,-1,-1
808,119,1031.60,166.55,320.20,732.31,0.8952,-1,-1,-1
808,122,505.29,244.01,172.85,338.11,0.6440,-1,-1,-1
808,125,653.64,268.09,132.80,450.55,0.8312,-1,-1,-1
809,2,803.06,220.39,115.80,445.01,0.8088,-1,-1,-1
809,95,2.76,2.26,511.51,1065.14,0.9246,-1,-1,-1
809,108,910.83,181.22,133.64,520.93,0.8240,-1,-1,-1
809,117,1277.51,125.95,224.32,714.89,0.8595,-1,-1,-1
809,119,1040.30,157.64,320.11,742.13,0.8924,-1,-1,-1
809,122,506.93,237.97,178.04,377.61,0.6297,-1,-1,-1
809,125,650.42,265.18,138.25,454.71,0.8064,-1,-1,-1
810,2,805.18,219.36,117.32,448.48,0.8102,-1,-1,-1
810,95,2.92,2.45,477.65,1064.86,0.8877,-1,-1,-1
810,108,909.89,179.90,139.91,526.55,0.7969,-1,-1,-1
810,117,1282.25,117.28,237.66,732.46,0.8830,-1,-1,-1
810,119,1051.94,144.48,315.97,763.13,0.8915,-1,-1,-1
810,122,502.73,231.41,180.09,504.58,0.7272,-1,-1,-1
810,125,651.79,263.71,136.79,464.96,0.8278,-1,-1,-1
810,131,756.98,265.90,68.75,284.37,0.4892,-1,-1,-1
811,2,804.36,222.32,117.38,445.61,0.8243,-1,-1,-1
811,95,2.71,4.38,423.48,1064.66,0.9159,-1,-1,-1
811,108,910.88,183.07,138.87,519.44,0.7951,-1,-1,-1
811,117,1288.69,116.18,245.59,748.69,0.9015,-1,-1,-1
811,119,1060.39,143.43,316.61,772.77,0.8863,-1,-1,-1
811,122,502.66,233.68,164.75,513.14,0.8199,-1,-1,-1
811,125,648.49,267.82,137.28,463.30,0.8604,-1,-1,-1
811,132,389.73,198.54,128.59,514.82,0.5777,-1,-1,-1
812,2,802.10,219.35,115.34,446.89,0.8001,-1,-1,-1
812,95,3.83,1.07,382.13,1071.13,0.8383,-1,-1,-1
812,108,910.34,179.00,140.90,526.80,0.7913,-1,-1,-1
812,117,1298.09,111.39,255.23,775.93,0.8952,-1,-1,-1
812,119,1070.08,136.28,312.58,786.12,0.8709,-1,-1,-1
812,122,499.74,228.77,169.82,522.67,0.8195,-1,-1,-1
812,125,649.35,263.93,139.59,469.52,0.8226,-1,-1,-1
812,131,758.98,264.53,63.76,284.09,0.4042,-1,-1,-1
812,132,346.21,80.85,167.65,759.92,0.7700,-1,-1,-1
813,2,798.15,217.87,117.46,447.84,0.8014,-1,-1,-1
813,95,4.16,1.86,347.86,1061.84,0.6381,-1,-1,-1
813,108,911.20,175.04,140.15,524.91,0.8096,-1,-1,-1
813,117,1302.99,106.74,261.99,803.97,0.8927,-1,-1,-1
813,119,1076.45,126.16,312.18,797.83,0.8735,-1,-1,-1
813,122,498.33,220.68,166.34,532.72,0.8089,-1,-1,-1
813,125,635.88,260.06,155.51,479.43,0.7836,-1,-1,-1
813,132,295.14,65.49,217.16,812.58,0.8575,-1,-1,-1
814,2,793.79,217.62,121.45,448.19,0.8030,-1,-1,-1
814,108,908.29,173.55,143.81,525.17,0.7996,-1,-1,-1
814,117,1311.74,101.16,263.46,822.06,0.8866,-1,-1,-1
814,119,1089.84,107.06,306.77,845.13,0.8697,-1,-1,-1
814,122,495.14,217.13,165.20,539.32,0.8185,-1,-1,-1
814,125,620.28,256.41,171.86,484.21,0.7929,-1,-1,-1
814,130,1.89,-0.07,343.97,1054.87,0.7494,-1,-1,-1
814,132,254.21,54.37,251.26,832.18,0.8845,-1,-1,-1
815,2,792.56,218.16,121.80,449.46,0.7973,-1,-1,-1
815,108,908.50,173.94,142.15,528.75,0.7994,-1,-1,-1
815,117,1320.80,102.19,269.89,817.30,0.8687,-1,-1,-1
815,119,1106.07,105.49,301.80,881.06,0.8696,-1,-1,-1
815,122,491.83,216.56,165.11,546.47,0.8127,-1,-1,-1
815,125,626.41,253.87,166.83,491.43,0.7751,-1,-1,-1
815,130,10.15,2.43,250.84,1064.73,0.3452,-1,-1,-1
815,132,224.97,46.03,273.08,843.97,0.8864,-1,-1,-1
816,2,785.59,221.44,129.66,450.13,0.8061,-1,-1,-1
816,108,908.11,176.56,142.13,528.80,0.8123,-1,-1,-1
816,117,1321.02,98.82,279.08,834.47,0.8635,-1,-1,-1
816,119,1114.22,109.53,294.31,901.79,0.8698,-1,-1,-1
816,122,482.88,219.72,168.37,549.20,0.8397,-1,-1,-1
816,125,628.24,252.05,164.18,494.88,0.7761,-1,-1,-1
816,132,217.29,38.95,275.38,852.43,0.8954,-1,-1,-1
816,133,1053.42,316.69,74.34,245.96,0.5719,-1,-1,-1
817,2,780.89,224.39,131.42,448.48,0.8145,-1,-1,-1
817,108,908.74,177.65,143.47,527.20,0.8214,-1,-1,-1
817,117,1328.29,94.38,288.42,875.78,0.8665,-1,-1,-1
817,119,1117.19,110.40,300.45,938.42,0.8778,-1,-1,-1
817,122,470.61,217.82,176.10,554.37,0.8514,-1,-1,-1
817,125,633.00,249.22,155.15,500.29,0.7746,-1,-1,-1
817,132,205.86,35.62,285.81,863.35,0.8957,-1,-1,-1
817,133,1055.35,305.78,77.17,258.00,0.5909,-1,-1,-1
818,2,779.50,227.37,128.89,443.78,0.8468,-1,-1,-1
818,108,909.99,181.12,138.79,529.28,0.8164,-1,-1,-1
818,117,1330.53,88.16,297.67,895.25,0.8676,-1,-1,-1
818,119,1119.17,108.48,306.79,929.86,0.8848,-1,-1,-1
818,122,455.52,218.73,188.82,562.24,0.8724,-1,-1,-1
818,125,624.45,248.38,162.09,503.82,0.8077,-1,-1,-1
818,132,196.02,30.18,291.60,899.74,0.8934,-1,-1,-1
818,133,1049.86,305.80,86.13,259.01,0.6075,-1,-1,-1
819,2,774.31,227.10,132.15,443.79,0.8613,-1,-1,-1
819,108,905.40,181.62,134.99,534.12,0.8111,-1,-1,-1
819,117,1331.58,78.22,309.76,923.05,0.8669,-1,-1,-1
819,119,1122.45,108.16,313.01,945.38,0.8787,-1,-1,-1
819,122,440.87,217.13,196.05,566.19,0.8665,-1,-1,-1
819,125,617.31,248.49,161.57,513.82,0.7946,-1,-1,-1
819,132,180.96,23.16,299.57,938.22,0.8984,-1,-1,-1
819,133,1047.60,305.39,91.20,260.52,0.5704,-1,-1,-1
820,2,766.63,226.53,138.26,441.39,0.8552,-1,-1,-1
820,108,904.74,181.81,135.82,536.95,0.8087,-1,-1,-1
820,117,1331.97,66.64,319.52,940.40,0.8612,-1,-1,-1
820,119,1129.68,104.99,316.69,972.31,0.8767,-1,-1,-1
820,122,428.91,216.10,204.14,571.82,0.8549,-1,-1,-1
820,125,615.59,241.09,168.66,523.03,0.8118,-1,-1,-1
820,132,168.50,16.07,303.56,974.50,0.9027,-1,-1,-1
820,133,1049.89,305.63,97.11,260.02,0.5501,-1,-1,-1
821,2,758.83,223.97,143.27,444.31,0.8539,-1,-1,-1
821,108,905.16,180.78,136.56,539.33,0.8038,-1,-1,-1
821,117,1342.69,50.26,319.23,948.94,0.8477,-1,-1,-1
821,119,1133.19,97.66,329.15,978.18,0.8892,-1,-1,-1
821,122,423.69,215.01,207.36,580.21,0.8218,-1,-1,-1
821,125,614.10,239.96,176.01,527.16,0.8455,-1,-1,-1
821,132,158.27,11.87,312.47,991.59,0.8985,-1,-1,-1
821,133,1054.13,302.68,96.98,262.78,0.5682,-1,-1,-1
822,2,759.02,220.77,146.05,449.03,0.8420,-1,-1,-1
822,108,904.94,180.62,137.13,536.58,0.8125,-1,-1,-1
822,117,1359.22,35.24,308.09,967.88,0.8755,-1,-1,-1
822,119,1140.43,80.68,340.95,998.12,0.8873,-1,-1,-1
822,122,412.41,212.66,213.08,593.74,0.7860,-1,-1,-1
822,125,605.42,235.02,184.76,532.46,0.8640,-1,-1,-1
822,132,146.13,8.30,314.27,1003.50,0.9046,-1,-1,-1
822,133,1048.47,303.10,102.48,262.24,0.6552,-1,-1,-1
823,2,754.87,214.45,147.57,454.43,0.8345,-1,-1,-1
823,108,904.65,179.88,139.23,533.97,0.8218,-1,-1,-1
823,117,1374.80,9.56,300.53,954.65,0.8764,-1,-1,-1
823,119,1145.56,60.12,354.69,1016.54,0.8849,-1,-1,-1
823,122,409.91,210.15,212.37,602.91,0.8205,-1,-1,-1
823,125,604.86,231.34,185.18,541.81,0.8697,-1,-1,-1
823,132,134.01,2.82,318.32,1027.09,0.9097,-1,-1,-1
823,133,1047.56,302.37,103.59,262.71,0.6933,-1,-1,-1
824,2,751.55,211.40,152.41,455.99,0.8342,-1,-1,-1
824,108,905.04,178.89,141.81,534.87,0.8136,-1,-1,-1
824,117,1388.91,3.30,297.47,971.32,0.8888,-1,-1,-1
824,119,1143.78,41.55,367.87,1034.48,0.8801,-1,-1,-1
824,122,409.03,205.33,210.98,610.97,0.8359,-1,-1,-1
824,125,602.16,228.29,185.69,552.93,0.8529,-1,-1,-1
824,132,120.75,-0.17,325.14,1052.74,0.9032,-1,-1,-1
824,133,1051.34,301.81,101.58,263.55,0.6944,-1,-1,-1
825,2,747.32,209.05,160.14,453.97,0.8217,-1,-1,-1
825,108,907.26,182.34,147.95,531.00,0.8198,-1,-1,-1
825,117,1410.09,1.22,285.28,1017.99,0.8786,-1,-1,-1
825,119,1138.94,24.17,398.29,1051.99,0.8809,-1,-1,-1
825,122,404.38,202.39,212.21,617.59,0.8376,-1,-1,-1
825,125,599.48,227.60,187.31,571.18,0.8471,-1,-1,-1
825,132,102.80,0.56,336.06,1043.93,0.8822,-1,-1,-1
825,133,1054.96,301.35,99.47,263.97,0.6617,-1,-1,-1
826,2,747.97,208.65,158.94,453.76,0.8246,-1,-1,-1
826,108,909.86,175.80,143.38,538.64,0.8175,-1,-1,-1
826,117,1425.40,1.52,278.42,1056.00,0.8552,-1,-1,-1
826,119,1131.22,11.09,442.04,1064.64,0.8883,-1,-1,-1
826,122,399.18,199.98,215.88,626.82,0.7981,-1,-1,-1
826,125,596.66,228.33,191.74,584.89,0.8609,-1,-1,-1
826,132,87.95,0.35,344.01,1031.18,0.8826,-1,-1,-1
826,133,1056.29,300.32,103.62,264.65,0.6436,-1,-1,-1
827,2,746.10,208.86,161.55,452.04,0.8215,-1,-1,-1
827,108,907.98,178.71,154.20,531.37,0.8196,-1,-1,-1
827,117,1463.67,1.32,251.67,1078.00,0.8655,-1,-1,-1
827,119,1126.25,3.32,480.51,1072.60,0.9006,-1,-1,-1
827,122,393.85,196.45,218.25,636.20,0.7824,-1,-1,-1
827,125,595.09,228.60,192.48,587.33,0.8587,-1,-1,-1
827,132,74.03,1.37,347.83,1065.74,0.8937,-1,-1,-1
827,133,1059.03,298.84,104.32,265.83,0.6532,-1,-1,-1
828,2,744.25,208.11,162.89,451.97,0.8275,-1,-1,-1
828,108,904.82,176.31,160.91,529.37,0.8059,-1,-1,-1
828,117,1488.94,1.57,243.43,1069.35,0.8728,-1,-1,-1
828,119,1124.46,3.11,529.69,1066.65,0.8980,-1,-1,-1
828,122,387.50,190.86,218.28,644.60,0.8685,-1,-1,-1
828,125,592.67,227.74,195.50,589.87,0.8642,-1,-1,-1
828,132,58.04,0.32,355.55,1074.87,0.9080,-1,-1,-1
828,133,1060.83,294.87,107.17,271.07,0.6991,-1,-1,-1
829,2,748.29,211.03,163.43,452.49,0.8204,-1,-1,-1
829,108,910.63,175.13,158.07,522.69,0.8102,-1,-1,-1
829,117,1500.36,4.89,255.58,1055.63,0.8187,-1,-1,-1
829,119,1124.47,7.15,570.60,1059.97,0.9010,-1,-1,-1
829,122,389.46,190.86,207.76,650.49,0.8678,-1,-1,-1
829,125,590.19,232.80,198.88,605.86,0.8414,-1,-1,-1
829,132,40.98,1.94,368.05,1067.52,0.9133,-1,-1,-1
829,133,1069.34,298.24,103.97,267.33,0.7450,-1,-1,-1
830,2,750.01,214.94,174.36,451.66,0.7890,-1,-1,-1
830,108,921.10,182.21,151.34,511.27,0.7809,-1,-1,-1
830,117,1530.82,0.42,253.95,1062.87,0.8036,-1,-1,-1
830,119,1123.39,6.02,616.15,1063.58,0.9023,-1,-1,-1
830,122,388.87,190.68,210.47,656.60,0.8760,-1,-1,-1
830,125,588.29,231.20,203.44,620.18,0.8521,-1,-1,-1
830,132,16.90,1.43,392.30,1066.05,0.9188,-1,-1,-1
830,133,1072.98,298.55,104.47,268.14,0.7491,-1,-1,-1
831,2,757.68,214.09,159.33,451.00,0.8243,-1,-1,-1
831,108,921.83,177.19,157.72,516.04,0.8061,-1,-1,-1
831,117,1555.52,1.92,266.33,1061.49,0.7658,-1,-1,-1
831,119,1122.26,4.29,671.02,1064.13,0.8983,-1,-1,-1
831,122,382.32,188.49,214.91,672.88,0.8744,-1,-1,-1
831,125,585.33,229.19,207.77,630.78,0.8535,-1,-1,-1
831,132,1.88,1.00,410.43,1075.07,0.9233,-1,-1,-1
831,133,1076.12,296.13,109.74,269.51,0.6999,-1,-1,-1
831,134,712.44,241.72,54.19,96.91,0.3613,-1,-1,-1
832,2,758.75,216.23,159.54,449.21,0.8290,-1,-1,-1
832,108,934.23,178.49,150.25,514.05,0.8072,-1,-1,-1
832,117,1580.87,2.94,272.78,1060.15,0.7248,-1,-1,-1
832,119,1119.36,4.19,704.57,1065.83,0.9020,-1,-1,-1
832,122,381.29,189.40,215.31,680.08,0.8792,-1,-1,-1
832,125,583.59,227.88,206.69,634.57,0.8488,-1,-1,-1
832,132,-1.17,0.78,422.17,1079.30,0.9280,-1,-1,-1
832,133,1082.67,295.68,107.49,281.37,0.6862,-1,-1,-1
832,134,723.51,244.78,50.27,87.19,0.3111,-1,-1,-1
833,2,757.17,217.07,164.07,448.51,0.8277,-1,-1,-1
833,108,927.26,173.05,159.59,523.90,0.8088,-1,-1,-1
833,117,1610.76,0.84,278.42,1069.54,0.5178,-1,-1,-1
833,119,1118.45,2.79,767.15,1066.10,0.9097,-1,-1,-1
833,122,378.84,188.08,218.61,693.99,0.8858,-1,-1,-1
833,125,581.71,227.26,209.14,645.50,0.8506,-1,-1,-1
833,132,-1.07,0.08,428.15,1076.43,0.9265,-1,-1,-1
833,133,1088.48,293.67,108.12,279.08,0.7049,-1,-1,-1
833,134,724.36,246.04,53.22,84.67,0.3127,-1,-1,-1
834,2,765.92,219.15,166.06,447.77,0.8216,-1,-1,-1
834,108,939.61,173.09,151.78,529.93,0.8127,-1,-1,-1
834,117,1608.68,36.99,322.12,618.52,0.6267,-1,-1,-1
834,119,1120.80,1.64,798.43,1065.52,0.9191,-1,-1,-1
834,122,372.14,188.26,222.87,711.86,0.8658,-1,-1,-1
834,125,578.99,222.63,213.79,652.74,0.8448,-1,-1,-1
834,132,-0.86,-0.00,433.36,1072.58,0.9224,-1,-1,-1
834,133,1094.37,298.36,105.85,273.64,0.6410,-1,-1,-1
835,2,771.41,220.68,166.57,450.02,0.8368,-1,-1,-1
835,108,932.07,180.62,167.92,524.93,0.7631,-1,-1,-1
835,117,1676.34,-23.90,235.01,977.76,0.3001,-1,-1,-1
835,119,1132.12,2.90,786.26,1068.42,0.9125,-1,-1,-1
835,122,370.97,190.24,223.78,722.01,0.8785,-1,-1,-1
835,125,579.03,220.83,217.22,661.09,0.8500,-1,-1,-1
835,132,-0.42,1.87,434.98,1066.58,0.9278,-1,-1,-1
835,133,1100.51,295.29,106.06,285.40,0.7142,-1,-1,-1
836,2,784.22,224.11,154.45,447.57,0.8432,-1,-1,-1
836,108,939.24,183.78,167.20,524.74,0.7517,-1,-1,-1
836,117,1708.27,-26.36,212.64,1052.15,0.3217,-1,-1,-1
836,119,1149.37,2.17,770.09,1060.36,0.9211,-1,-1,-1
836,122,373.96,190.85,216.60,735.84,0.8619,-1,-1,-1
836,125,574.00,220.70,230.81,671.98,0.8579,-1,-1,-1
836,131,740.56,246.60,59.51,264.93,0.3019,-1,-1,-1
836,132,-0.13,2.07,434.44,1067.32,0.9285,-1,-1,-1
836,133,1113.36,296.71,103.04,282.33,0.7320,-1,-1,-1
837,2,786.04,224.89,161.99,454.10,0.8333,-1,-1,-1
837,108,948.71,189.84,161.32,519.76,0.7958,-1,-1,-1
837,119,1165.05,5.69,753.60,1062.01,0.9207,-1,-1,-1
837,122,373.84,188.95,219.74,747.58,0.8583,-1,-1,-1
837,125,572.58,216.88,238.24,681.00,0.8703,-1,-1,-1
837,131,742.91,249.09,61.09,218.08,0.3715,-1,-1,-1
837,132,0.19,1.27,436.05,1068.25,0.9301,-1,-1,-1
837,133,1120.75,297.27,100.29,287.46,0.7709,-1,-1,-1
838,2,790.24,225.31,172.78,453.59,0.8297,-1,-1,-1
838,108,955.90,194.31,163.77,517.33,0.8186,-1,-1,-1
838,119,1205.59,5.82,713.59,1064.63,0.8836,-1,-1,-1
838,122,371.11,185.43,226.87,760.04,0.8563,-1,-1,-1
838,125,574.43,215.95,237.74,684.79,0.8618,-1,-1,-1
838,131,745.22,253.12,70.08,248.41,0.3103,-1,-1,-1
838,132,0.46,-0.02,438.24,1068.10,0.9264,-1,-1,-1
838,133,1126.07,299.57,99.40,285.61,0.7546,-1,-1,-1
839,2,799.97,226.73,173.61,449.69,0.8150,-1,-1,-1
839,108,967.22,192.72,154.56,522.86,0.8114,-1,-1,-1
839,119,1267.73,5.03,651.25,1062.06,0.8995,-1,-1,-1
839,122,369.92,184.20,228.17,780.11,0.8479,-1,-1,-1
839,125,579.93,210.97,238.17,692.50,0.8651,-1,-1,-1
839,131,747.93,245.07,75.05,229.49,0.3787,-1,-1,-1
839,132,0.31,-0.04,441.91,1067.64,0.9291,-1,-1,-1
839,133,1132.57,295.76,101.42,291.19,0.7151,-1,-1,-1
840,2,810.17,221.94,153.29,454.62,0.8146,-1,-1,-1
840,108,966.83,192.57,158.11,523.37,0.8095,-1,-1,-1
840,119,1361.49,2.18,557.41,1063.54,0.7795,-1,-1,-1
840,122,368.44,181.20,233.30,787.08,0.8263,-1,-1,-1
840,125,580.95,203.97,244.08,700.12,0.8679,-1,-1,-1
840,131,753.55,242.39,74.38,234.34,0.3045,-1,-1,-1
840,132,0.04,1.06,442.36,1067.82,0.9288,-1,-1,-1
840,133,1137.84,294.89,104.87,294.74,0.6740,-1,-1,-1
840,136,1350.28,212.53,205.47,771.37,0.4906,-1,-1,-1
841,2,817.31,218.86,163.16,455.31,0.8180,-1,-1,-1
841,108,982.94,187.78,143.72,526.90,0.7971,-1,-1,-1
841,119,1441.78,2.53,477.89,1059.28,0.9260,-1,-1,-1
841,122,365.69,172.64,235.08,799.18,0.8174,-1,-1,-1
841,125,585.40,197.72,244.16,705.21,0.8623,-1,-1,-1
841,131,754.43,240.18,82.38,231.97,0.4676,-1,-1,-1
841,132,-0.21,-0.05,443.39,1066.82,0.9262,-1,-1,-1
841,133,1149.30,294.38,100.67,295.72,0.7115,-1,-1,-1
841,137,1373.71,235.72,158.59,448.16,0.6407,-1,-1,-1
842,2,820.23,217.97,173.05,454.08,0.8482,-1,-1,-1
842,108,978.92,189.49,153.53,522.35,0.8122,-1,-1,-1
842,119,1535.91,2.26,383.50,1062.54,0.8669,-1,-1,-1
842,122,360.73,158.54,240.77,811.91,0.8332,-1,-1,-1
842,125,583.97,193.17,248.86,711.04,0.8605,-1,-1,-1
842,131,753.25,234.28,84.77,239.61,0.4990,-1,-1,-1
842,132,0.26,0.71,439.53,1068.08,0.9216,-1,-1,-1
842,133,1151.35,293.37,102.78,292.66,0.6732,-1,-1,-1
842,137,1391.41,227.98,207.48,671.62,0.8707,-1,-1,-1
843,2,827.39,215.08,169.01,446.15,0.8281,-1,-1,-1
843,108,989.38,184.82,153.94,523.41,0.8122,-1,-1,-1
843,119,1618.62,3.33,300.44,1058.05,0.6209,-1,-1,-1
843,122,361.94,146.72,240.75,838.12,0.8445,-1,-1,-1
843,125,581.00,187.60,254.32,733.44,0.8455,-1,-1,-1
843,131,760.76,230.02,83.87,272.74,0.5641,-1,-1,-1
843,132,0.58,1.46,436.74,1064.96,0.9231,-1,-1,-1
843,133,1165.98,290.30,96.34,294.83,0.6428,-1,-1,-1
843,137,1404.66,214.17,240.86,700.80,0.8931,-1,-1,-1
844,2,830.57,213.24,166.01,444.00,0.8342,-1,-1,-1
844,108,992.38,178.29,161.26,527.50,0.8173,-1,-1,-1
844,119,1695.96,-0.58,221.93,1069.91,0.7025,-1,-1,-1
844,122,349.97,136.34,255.05,840.48,0.8522,-1,-1,-1
844,125,585.89,181.55,249.26,760.17,0.8477,-1,-1,-1
844,131,758.53,226.64,89.19,256.31,0.5308,-1,-1,-1
844,132,1.96,0.49,421.82,1057.54,0.8959,-1,-1,-1
844,133,1167.30,280.27,97.87,301.65,0.7413,-1,-1,-1
844,137,1418.25,203.93,253.78,739.74,0.8912,-1,-1,-1
845,2,829.98,203.42,174.53,449.54,0.8246,-1,-1,-1
845,108,996.29,174.01,152.31,529.36,0.7953,-1,-1,-1
845,119,1753.70,3.69,165.83,1059.59,0.6844,-1,-1,-1
845,122,334.99,127.79,271.29,844.33,0.8579,-1,-1,-1
845,125,586.14,172.34,258.65,780.06,0.8444,-1,-1,-1
845,131,760.75,218.65,88.87,256.57,0.5539,-1,-1,-1
845,132,2.22,2.73,410.15,1061.19,0.8191,-1,-1,-1
845,133,1168.80,274.80,99.99,305.86,0.7726,-1,-1,-1
845,137,1433.27,196.04,268.28,764.80,0.8909,-1,-1,-1
846,2,834.24,200.21,171.14,452.87,0.8091,-1,-1,-1
846,108,998.24,169.33,153.91,530.97,0.7935,-1,-1,-1
846,122,320.92,118.31,285.11,853.17,0.8413,-1,-1,-1
846,125,587.07,167.74,253.43,787.48,0.8257,-1,-1,-1
846,131,763.52,214.31,85.91,260.83,0.4682,-1,-1,-1
846,132,4.46,4.96,389.72,1066.85,0.7565,-1,-1,-1
846,133,1169.83,276.94,102.74,300.07,0.8037,-1,-1,-1
846,137,1439.83,189.98,267.20,779.71,0.9032,-1,-1,-1
847,2,836.31,193.73,168.92,452.92,0.8162,-1,-1,-1
847,108,998.98,160.41,158.10,526.13,0.8105,-1,-1,-1
847,122,314.36,108.09,295.49,868.58,0.8148,-1,-1,-1
847,125,587.06,155.69,256.29,806.00,0.8319,-1,-1,-1
847,131,758.49,209.75,94.39,259.14,0.5733,-1,-1,-1
847,132,8.18,7.12,351.78,1059.32,0.7318,-1,-1,-1
847,133,1180.58,273.73,100.08,296.37,0.7055,-1,-1,-1
847,137,1455.28,185.71,253.50,785.16,0.8876,-1,-1,-1
848,2,832.72,188.39,177.89,455.41,0.8486,-1,-1,-1
848,108,995.77,151.66,161.91,521.20,0.8076,-1,-1,-1
848,122,305.40,98.97,295.79,881.94,0.8660,-1,-1,-1
848,125,578.78,148.87,263.42,821.01,0.8343,-1,-1,-1
848,131,755.95,204.62,96.46,256.41,0.5193,-1,-1,-1
848,132,23.38,6.56,271.30,1051.00,0.6487,-1,-1,-1
848,133,1180.33,268.64,98.91,299.05,0.7340,-1,-1,-1
848,137,1470.13,179.35,248.80,801.44,0.8942,-1,-1,-1
849,2,832.34,187.77,176.95,455.04,0.8702,-1,-1,-1
849,108,995.12,148.16,155.62,519.30,0.8044,-1,-1,-1
849,122,296.08,93.46,297.31,906.54,0.8928,-1,-1,-1
849,125,563.92,146.22,277.97,870.71,0.8622,-1,-1,-1
849,131,749.01,203.34,101.40,255.42,0.5248,-1,-1,-1
849,132,29.85,7.68,217.94,1055.56,0.3996,-1,-1,-1
849,133,1178.19,267.51,98.63,301.71,0.8060,-1,-1,-1
849,137,1484.27,176.71,250.48,838.50,0.8941,-1,-1,-1
850,2,829.52,185.98,177.55,453.06,0.8742,-1,-1,-1
850,108,996.33,144.39,152.46,517.42,0.8063,-1,-1,-1
850,122,283.25,83.54,303.35,924.27,0.8838,-1,-1,-1
850,125,560.87,139.07,281.11,884.38,0.8500,-1,-1,-1
850,131,742.76,201.51,105.54,246.58,0.5506,-1,-1,-1
850,133,1181.65,261.70,93.69,303.88,0.7792,-1,-1,-1
850,137,1497.04,175.13,249.79,849.07,0.8931,-1,-1,-1
851,2,828.25,180.30,176.84,458.58,0.8673,-1,-1,-1
851,108,995.44,140.44,154.84,518.84,0.8044,-1,-1,-1
851,122,271.11,70.29,309.78,943.88,0.8966,-1,-1,-1
851,125,551.98,132.98,292.97,898.84,0.8685,-1,-1,-1
851,131,739.91,196.26,106.07,246.35,0.3529,-1,-1,-1
851,133,1170.30,254.23,110.31,310.05,0.7458,-1,-1,-1
851,137,1508.56,167.27,258.53,862.45,0.9019,-1,-1,-1
852,2,826.32,178.73,180.12,455.65,0.8514,-1,-1,-1
852,108,992.64,136.99,159.36,517.65,0.8070,-1,-1,-1
852,122,255.91,63.79,318.68,962.81,0.8918,-1,-1,-1
852,125,543.61,117.95,301.68,915.37,0.8787,-1,-1,-1
852,133,1181.39,250.29,94.43,310.14,0.7403,-1,-1,-1
852,137,1518.00,161.42,268.66,870.39,0.9033,-1,-1,-1
853,2,822.56,178.00,174.99,452.77,0.8416,-1,-1,-1
853,108,990.17,132.98,165.72,517.93,0.7998,-1,-1,-1
853,122,242.10,53.48,325.20,1004.24,0.8973,-1,-1,-1
853,125,536.17,105.77,308.81,930.55,0.8871,-1,-1,-1
853,133,1182.54,243.58,98.68,315.82,0.7415,-1,-1,-1
853,137,1526.41,143.34,280.49,892.41,0.9013,-1,-1,-1
854,2,821.66,176.97,174.73,453.36,0.8469,-1,-1,-1
854,108,979.29,132.27,171.06,517.53,0.7998,-1,-1,-1
854,122,219.95,47.35,337.12,1024.55,0.9000,-1,-1,-1
854,125,533.82,97.93,310.92,950.68,0.8928,-1,-1,-1
854,133,1177.33,241.83,98.66,317.15,0.7036,-1,-1,-1
854,137,1530.08,135.88,292.41,908.94,0.9020,-1,-1,-1
855,2,823.48,173.65,166.95,454.77,0.8417,-1,-1,-1
855,108,977.28,129.02,176.11,522.25,0.8158,-1,-1,-1
855,122,204.52,37.96,344.18,1028.18,0.9008,-1,-1,-1
855,125,517.65,86.46,326.77,963.58,0.8941,-1,-1,-1
855,133,1171.56,238.30,99.14,319.05,0.6315,-1,-1,-1
855,137,1540.82,127.19,298.82,920.98,0.9082,-1,-1,-1
856,2,815.01,171.48,174.48,455.92,0.8455,-1,-1,-1
856,108,985.62,123.17,160.08,530.42,0.8354,-1,-1,-1
856,122,180.82,27.14,353.61,1042.66,0.9072,-1,-1,-1
856,125,508.07,73.09,338.52,982.04,0.9023,-1,-1,-1
856,133,1174.05,234.62,93.79,318.84,0.6548,-1,-1,-1
856,137,1539.31,110.54,325.23,942.73,0.9106,-1,-1,-1
857,2,804.87,168.01,184.41,456.90,0.8492,-1,-1,-1
857,108,977.10,121.43,169.43,528.66,0.8447,-1,-1,-1
857,122,186.72,19.04,335.50,1052.49,0.8867,-1,-1,-1
857,125,492.70,63.16,352.39,1007.06,0.9045,-1,-1,-1
857,133,1168.93,229.16,100.94,321.54,0.7000,-1,-1,-1
857,137,1534.32,104.04,346.61,953.23,0.9025,-1,-1,-1
858,2,801.18,160.01,173.05,463.17,0.8392,-1,-1,-1
858,108,981.04,122.39,155.97,526.28,0.8353,-1,-1,-1
858,122,114.48,5.73,393.37,1062.26,0.8999,-1,-1,-1
858,125,480.05,51.42,364.39,1025.60,0.9027,-1,-1,-1
858,133,1166.73,225.96,98.10,323.48,0.6967,-1,-1,-1
858,137,1523.38,88.45,381.01,982.97,0.8980,-1,-1,-1
858,139,1330.24,284.29,97.06,283.40,0.3683,-1,-1,-1
859,2,801.00,155.09,170.99,463.00,0.8236,-1,-1,-1
859,108,962.72,125.59,169.49,521.05,0.8279,-1,-1,-1
859,122,97.66,4.00,391.13,1061.75,0.9068,-1,-1,-1
859,125,471.79,38.79,369.45,1033.61,0.9041,-1,-1,-1
859,133,1163.22,223.55,99.89,323.12,0.7114,-1,-1,-1
859,137,1548.32,76.85,370.86,995.08,0.8808,-1,-1,-1
860,2,800.77,148.60,168.91,465.51,0.8283,-1,-1,-1
860,108,957.84,125.02,175.86,520.93,0.8489,-1,-1,-1
860,122,66.17,2.69,406.65,1064.83,0.9019,-1,-1,-1
860,125,459.39,26.47,379.20,1048.31,0.9163,-1,-1,-1
860,133,1158.60,218.11,100.88,326.11,0.6957,-1,-1,-1
860,137,1557.73,60.84,362.28,1016.29,0.9029,-1,-1,-1
860,139,1327.36,281.83,94.24,278.73,0.3160,-1,-1,-1
861,2,793.63,144.99,172.86,464.75,0.8511,-1,-1,-1
861,108,955.77,122.04,176.80,520.21,0.8617,-1,-1,-1
861,122,33.18,3.05,426.70,1067.96,0.8690,-1,-1,-1
861,125,444.41,15.17,392.43,1059.38,0.9100,-1,-1,-1
861,133,1158.71,214.11,102.30,327.92,0.6876,-1,-1,-1
861,137,1560.64,55.09,359.32,1020.72,0.9075,-1,-1,-1
862,2,795.55,143.41,173.08,459.72,0.8395,-1,-1,-1
862,108,953.83,119.49,178.66,519.21,0.8488,-1,-1,-1
862,122,2.95,1.11,441.99,1067.72,0.7865,-1,-1,-1
862,125,438.51,6.82,394.33,1067.51,0.9136,-1,-1,-1
862,133,1160.75,212.74,98.81,324.86,0.6660,-1,-1,-1
862,137,1573.26,37.66,346.08,1033.57,0.9107,-1,-1,-1
863,2,794.12,140.81,172.96,459.31,0.8490,-1,-1,-1
863,108,963.70,114.17,172.12,522.23,0.8305,-1,-1,-1
863,122,13.38,0.01,409.58,1070.65,0.8527,-1,-1,-1
863,125,425.01,3.23,405.78,1069.51,0.9202,-1,-1,-1
863,133,1160.65,211.33,99.22,323.17,0.6468,-1,-1,-1
863,137,1585.80,34.08,332.98,1037.68,0.9093,-1,-1,-1
864,2,792.10,139.33,172.71,458.93,0.8543,-1,-1,-1
864,108,963.63,112.15,174.60,524.65,0.8339,-1,-1,-1
864,122,5.25,0.40,412.02,1070.27,0.8977,-1,-1,-1
864,125,411.88,2.80,408.47,1069.92,0.9225,-1,-1,-1
864,133,1160.73,207.64,100.26,329.53,0.6397,-1,-1,-1
864,137,1596.93,17.68,321.62,1057.24,0.9041,-1,-1,-1
865,2,795.51,136.91,171.09,461.06,0.8498,-1,-1,-1
865,108,961.44,109.37,179.53,529.43,0.8286,-1,-1,-1
865,122,0.34,0.10,403.06,1069.41,0.9119,-1,-1,-1
865,125,399.93,2.59,413.64,1072.23,0.9202,-1,-1,-1
865,133,1158.25,205.77,106.42,332.52,0.6337,-1,-1,-1
865,137,1613.68,11.98,304.83,1063.33,0.9013,-1,-1,-1
866,2,797.79,135.47,169.63,465.65,0.8540,-1,-1,-1
866,108,964.38,107.49,178.22,529.27,0.8339,-1,-1,-1
866,122,0.79,4.03,365.47,1067.34,0.9117,-1,-1,-1
866,125,378.59,3.52,428.77,1070.25,0.9195,-1,-1,-1
866,133,1165.54,203.96,97.05,332.97,0.6826,-1,-1,-1
866,137,1652.70,1.65,266.54,1071.67,0.8885,-1,-1,-1
867,2,796.35,137.72,173.08,468.13,0.8572,-1,-1,-1
867,108,976.93,105.90,170.07,528.82,0.8222,-1,-1,-1
867,122,0.02,3.75,336.94,1066.81,0.9207,-1,-1,-1
867,125,358.11,5.51,435.16,1065.57,0.9154,-1,-1,-1
867,133,1171.82,202.41,96.96,335.75,0.6992,-1,-1,-1
867,137,1689.79,2.67,229.86,1071.59,0.8728,-1,-1,-1
868,2,794.26,141.89,176.60,470.22,0.8590,-1,-1,-1
868,108,988.18,108.96,153.39,520.18,0.8261,-1,-1,-1
868,122,-0.35,2.52,314.43,1068.32,0.9111,-1,-1,-1
868,125,329.89,2.27,447.87,1068.66,0.9192,-1,-1,-1
868,133,1171.41,203.36,98.49,337.81,0.6996,-1,-1,-1
868,137,1709.82,153.44,210.75,908.35,0.7518,-1,-1,-1
869,2,794.93,143.68,173.16,471.36,0.8631,-1,-1,-1
869,108,984.54,106.71,156.78,520.14,0.8230,-1,-1,-1
869,122,-0.42,3.85,290.96,1060.38,0.9165,-1,-1,-1
869,125,298.03,2.90,467.41,1066.95,0.9160,-1,-1,-1
869,133,1172.86,204.01,98.80,339.97,0.7081,-1,-1,-1
869,137,1706.49,223.99,225.38,615.09,0.4280,-1,-1,-1
870,2,795.63,145.06,171.64,473.05,0.8688,-1,-1,-1
870,108,983.26,109.76,151.72,517.52,0.8244,-1,-1,-1
870,122,-0.31,6.03,266.70,1059.05,0.9126,-1,-1,-1
870,125,262.56,3.22,490.06,1068.15,0.9113,-1,-1,-1
870,133,1171.66,203.88,102.04,343.20,0.7102,-1,-1,-1
870,137,1762.30,210.04,157.36,605.32,0.7599,-1,-1,-1
871,2,795.92,151.53,171.92,470.18,0.8587,-1,-1,-1
871,108,986.53,114.41,143.44,518.04,0.8179,-1,-1,-1
871,122,-0.90,6.60,241.82,1060.40,0.8959,-1,-1,-1
871,125,231.37,2.51,505.16,1069.82,0.9160,-1,-1,-1
871,133,1174.69,205.55,100.16,344.21,0.6884,-1,-1,-1
871,137,1797.55,248.75,122.50,578.12,0.5826,-1,-1,-1
871,140,621.99,139.55,157.14,453.99,0.6073,-1,-1,-1
872,2,797.28,157.18,170.36,470.11,0.8490,-1,-1,-1
872,108,988.09,116.83,145.45,518.08,0.8110,-1,-1,-1
872,122,1.64,7.76,205.79,1057.22,0.8785,-1,-1,-1
872,125,199.81,2.15,526.22,1066.65,0.9147,-1,-1,-1
872,133,1183.36,206.70,93.61,346.67,0.7177,-1,-1,-1
872,140,615.35,143.91,162.57,472.46,0.7943,-1,-1,-1
873,2,797.94,160.84,171.33,473.25,0.8356,-1,-1,-1
873,108,987.47,121.30,141.66,515.08,0.8106,-1,-1,-1
873,122,1.92,50.37,176.92,1017.66,0.8604,-1,-1,-1
873,125,156.07,3.19,556.88,1065.22,0.9237,-1,-1,-1
873,133,1179.64,208.57,99.87,348.77,0.7085,-1,-1,-1
873,140,611.30,146.34,159.74,487.07,0.7627,-1,-1,-1
874,2,799.29,165.45,169.53,472.78,0.8370,-1,-1,-1
874,108,988.19,124.05,139.48,521.53,0.7984,-1,-1,-1
874,122,4.54,120.94,144.27,950.22,0.8117,-1,-1,-1
874,125,117.82,0.10,579.06,1066.85,0.9102,-1,-1,-1
874,133,1177.29,210.13,103.69,349.31,0.7217,-1,-1,-1
874,140,605.68,150.24,165.96,488.48,0.7553,-1,-1,-1
875,2,802.11,164.86,168.98,474.31,0.8290,-1,-1,-1
875,108,988.60,129.88,138.16,518.01,0.7910,-1,-1,-1
875,122,3.03,136.92,123.22,926.86,0.4877,-1,-1,-1
875,125,98.57,1.67,584.00,1063.24,0.9139,-1,-1,-1
875,133,1170.52,211.84,112.00,348.33,0.6492,-1,-1,-1
875,140,597.74,149.98,173.63,490.52,0.7738,-1,-1,-1
876,2,802.44,167.16,171.13,470.15,0.8374,-1,-1,-1
876,108,993.48,133.25,132.64,516.31,0.8016,-1,-1,-1
876,122,-15.14,204.05,141.45,838.24,0.3704,-1,-1,-1
876,125,11.71,1.92,655.15,1067.77,0.8976,-1,-1,-1
876,133,1174.11,210.91,115.05,350.64,0.6068,-1,-1,-1
876,140,588.42,148.21,179.62,498.79,0.7998,-1,-1,-1
877,2,802.60,167.12,171.94,461.85,0.8340,-1,-1,-1
877,108,991.72,135.10,132.05,518.33,0.8115,-1,-1,-1
877,125,0.88,1.77,645.62,1067.08,0.9369,-1,-1,-1
877,133,1173.97,209.59,113.09,354.56,0.6403,-1,-1,-1
877,140,581.47,146.61,169.66,503.38,0.7879,-1,-1,-1
878,2,801.52,164.21,169.76,471.49,0.8293,-1,-1,-1
878,108,984.87,134.93,137.77,515.46,0.7996,-1,-1,-1
878,125,0.53,2.46,628.82,1068.81,0.9417,-1,-1,-1
878,133,1177.39,207.35,113.28,357.31,0.6441,-1,-1,-1
878,140,569.31,142.71,189.92,510.66,0.7966,-1,-1,-1
879,2,800.93,161.47,169.30,475.46,0.8386,-1,-1,-1
879,108,985.99,135.75,134.45,512.83,0.8164,-1,-1,-1
879,125,1.08,1.76,605.41,1067.19,0.9240,-1,-1,-1
879,133,1171.61,206.73,113.42,357.09,0.6911,-1,-1,-1
879,140,557.61,143.30,195.57,513.07,0.8393,-1,-1,-1
880,2,800.30,157.84,171.10,468.98,0.8506,-1,-1,-1
880,108,981.42,135.39,137.68,510.69,0.8105,-1,-1,-1
880,125,1.46,6.74,579.61,1064.00,0.9167,-1,-1,-1
880,133,1171.40,202.96,114.07,360.84,0.7165,-1,-1,-1
880,140,545.75,143.01,206.26,518.13,0.8514,-1,-1,-1
880,142,704.67,219.94,95.38,353.83,0.4620,-1,-1,-1
881,2,798.31,156.49,173.15,464.65,0.8602,-1,-1,-1
881,108,976.56,134.63,143.02,510.84,0.8070,-1,-1,-1
881,125,0.49,4.52,554.94,1062.81,0.9262,-1,-1,-1
881,133,1177.40,199.11,110.07,365.09,0.7113,-1,-1,-1
881,140,530.95,143.41,228.01,520.34,0.8298,-1,-1,-1
881,142,698.65,219.64,97.22,365.04,0.5597,-1,-1,-1
882,2,795.74,153.06,171.74,468.76,0.8554,-1,-1,-1
882,108,964.83,131.50,148.97,516.61,0.8413,-1,-1,-1
882,125,0.46,5.66,532.70,1063.06,0.9208,-1,-1,-1
882,133,1176.71,199.15,112.88,364.54,0.7517,-1,-1,-1
882,140,521.15,140.82,227.55,532.99,0.8173,-1,-1,-1
882,142,697.28,223.75,95.35,360.17,0.6271,-1,-1,-1
883,2,793.54,151.75,172.36,465.54,0.8532,-1,-1,-1
883,108,962.99,123.54,140.43,524.29,0.8340,-1,-1,-1
883,125,0.61,6.99,507.46,1059.06,0.9380,-1,-1,-1
883,133,1175.62,202.03,114.50,362.78,0.7631,-1,-1,-1
883,140,504.60,141.16,238.92,536.28,0.8180,-1,-1,-1
883,142,688.62,218.15,105.82,367.54,0.6268,-1,-1,-1
884,2,794.28,150.51,169.64,466.68,0.8349,-1,-1,-1
884,108,959.59,121.27,143.65,524.90,0.7681,-1,-1,-1
884,125,1.51,6.31,462.72,1057.86,0.9146,-1,-1,-1
884,133,1177.93,199.87,112.80,367.49,0.7446,-1,-1,-1
884,140,492.77,138.69,234.62,542.73,0.7863,-1,-1,-1
884,142,671.76,225.37,118.79,357.75,0.4760,-1,-1,-1
885,2,789.49,148.97,169.84,470.90,0.8274,-1,-1,-1
885,108,959.76,117.40,142.17,526.45,0.7978,-1,-1,-1
885,125,1.82,8.41,414.04,1057.49,0.9099,-1,-1,-1
885,133,1175.28,199.60,117.04,367.06,0.7264,-1,-1,-1
885,140,483.62,138.88,240.78,549.89,0.7696,-1,-1,-1
885,142,665.51,226.28,119.86,348.14,0.4706,-1,-1,-1
886,2,782.12,147.44,169.01,476.20,0.8346,-1,-1,-1
886,108,956.06,115.74,141.47,516.82,0.8180,-1,-1,-1
886,125,2.24,4.42,363.00,1061.38,0.8795,-1,-1,-1
886,133,1172.14,201.94,118.83,368.17,0.7359,-1,-1,-1
886,140,458.41,135.76,244.83,560.24,0.7899,-1,-1,-1
886,142,656.96,215.58,119.27,320.01,0.3496,-1,-1,-1
887,2,769.27,153.38,179.15,471.01,0.8473,-1,-1,-1
887,108,953.49,115.91,143.37,513.73,0.8075,-1,-1,-1
887,125,9.79,14.13,302.19,1048.32,0.4250,-1,-1,-1
887,133,1170.04,204.30,114.00,367.82,0.7782,-1,-1,-1
887,140,443.46,124.78,257.72,574.69,0.8617,-1,-1,-1
887,142,642.20,221.80,125.16,309.30,0.4485,-1,-1,-1
888,2,774.35,155.24,168.04,470.03,0.8299,-1,-1,-1
888,108,929.59,124.60,158.69,499.58,0.8171,-1,-1,-1
888,133,1165.76,205.10,118.30,366.24,0.7409,-1,-1,-1
888,140,429.83,117.20,261.01,586.23,0.8356,-1,-1,-1
888,142,634.85,213.56,118.76,315.94,0.4533,-1,-1,-1
889,2,761.42,156.99,171.85,470.79,0.7861,-1,-1,-1
889,108,928.20,116.00,153.37,510.82,0.7967,-1,-1,-1
889,133,1162.28,204.78,118.63,369.44,0.7055,-1,-1,-1
889,140,411.64,108.95,266.08,593.06,0.8577,-1,-1,-1
889,142,610.62,223.02,126.75,312.91,0.3017,-1,-1,-1
890,2,748.60,163.39,167.97,471.18,0.8131,-1,-1,-1
890,108,896.40,119.75,167.07,511.06,0.8091,-1,-1,-1
890,133,1152.55,208.36,116.09,370.27,0.7255,-1,-1,-1
890,140,389.61,104.55,256.08,606.58,0.8353,-1,-1,-1
890,142,593.04,195.64,120.79,395.76,0.4052,-1,-1,-1
891,2,726.14,164.65,179.76,469.44,0.8519,-1,-1,-1
891,108,901.26,120.74,158.97,515.07,0.8331,-1,-1,-1
891,133,1142.06,210.53,117.62,370.36,0.7856,-1,-1,-1
891,140,359.55,92.29,276.94,623.22,0.7536,-1,-1,-1
891,142,594.27,209.02,103.97,373.24,0.3739,-1,-1,-1
892,2,715.14,167.20,174.72,468.18,0.8357,-1,-1,-1
892,108,885.59,123.67,157.83,514.24,0.8482,-1,-1,-1
892,133,1133.36,213.43,112.86,370.96,0.7824,-1,-1,-1
892,140,338.72,85.28,282.58,636.25,0.8513,-1,-1,-1
893,2,703.86,165.96,173.81,471.90,0.8188,-1,-1,-1
893,108,875.12,127.03,159.53,515.23,0.8260,-1,-1,-1
893,133,1123.59,215.21,117.19,378.84,0.7905,-1,-1,-1
893,140,313.95,83.47,288.44,647.67,0.7567,-1,-1,-1
893,142,520.06,214.23,139.32,402.50,0.4097,-1,-1,-1
894,2,693.48,167.81,170.95,474.35,0.8464,-1,-1,-1
894,108,863.95,132.80,160.18,517.68,0.7592,-1,-1,-1
894,133,1117.54,218.80,115.10,376.59,0.7928,-1,-1,-1
894,140,295.54,83.00,297.25,653.34,0.8382,-1,-1,-1
894,142,497.45,222.41,162.67,412.29,0.3676,-1,-1,-1
895,2,681.38,170.69,168.84,471.52,0.8565,-1,-1,-1
895,108,847.19,135.97,160.00,519.54,0.7765,-1,-1,-1
895,133,1108.67,220.85,121.82,379.41,0.7965,-1,-1,-1
895,140,279.97,79.55,301.28,672.18,0.7095,-1,-1,-1
895,142,507.37,227.59,147.98,408.73,0.3603,-1,-1,-1
896,2,673.98,169.71,169.82,467.46,0.8336,-1,-1,-1
896,108,829.39,138.60,182.03,518.91,0.8283,-1,-1,-1
896,133,1103.07,225.46,125.16,375.31,0.7503,-1,-1,-1
896,140,261.06,77.05,289.76,684.77,0.8387,-1,-1,-1
896,142,495.66,188.90,140.15,460.57,0.4463,-1,-1,-1
897,2,667.94,169.93,167.36,466.32,0.8088,-1,-1,-1
897,108,821.96,145.01,182.53,513.48,0.8284,-1,-1,-1
897,133,1096.91,227.76,126.14,376.69,0.7876,-1,-1,-1
897,140,243.69,71.19,304.43,708.10,0.8677,-1,-1,-1
897,142,505.63,179.33,116.60,466.58,0.3775,-1,-1,-1
898,2,665.32,169.60,166.25,465.81,0.8206,-1,-1,-1
898,108,823.91,147.95,182.77,514.88,0.8318,-1,-1,-1
898,133,1096.38,228.14,126.40,382.00,0.8016,-1,-1,-1
898,140,233.35,66.37,309.55,743.25,0.8664,-1,-1,-1
898,142,489.53,176.18,128.12,476.82,0.5377,-1,-1,-1
899,2,655.54,169.41,175.34,477.11,0.7894,-1,-1,-1
899,108,821.01,149.56,186.16,515.82,0.8330,-1,-1,-1
899,133,1095.61,232.22,125.98,379.91,0.7909,-1,-1,-1
899,140,221.05,65.59,312.05,748.97,0.8348,-1,-1,-1
899,142,465.21,173.11,144.65,492.44,0.4800,-1,-1,-1
900,2,658.24,169.54,171.66,482.70,0.8099,-1,-1,-1
900,108,824.98,152.29,183.34,514.08,0.8238,-1,-1,-1
900,133,1099.07,230.20,129.88,385.34,0.8066,-1,-1,-1
900,140,216.12,59.94,284.30,761.03,0.7909,-1,-1,-1
900,142,455.85,169.54,149.50,507.79,0.5939,-1,-1,-1
