1,2,16.00,148.77,74.72,190.85,0.8157,-1,-1,-1
1,1,117.99,157.54,80.00,171.15,0.8484,-1,-1,-1
2,2,18.05,145.07,73.97,194.95,0.8563,-1,-1,-1
2,1,118.11,154.64,82.45,174.87,0.8475,-1,-1,-1
3,2,22.27,136.38,73.95,204.89,0.8289,-1,-1,-1
3,1,125.28,153.69,64.39,177.53,0.7123,-1,-1,-1
4,3,252.54,192.53,25.43,68.48,0.4800,-1,-1,-1
4,2,27.41,144.10,72.50,199.23,0.8195,-1,-1,-1
4,1,129.74,154.35,81.52,179.32,0.8466,-1,-1,-1
5,3,263.99,199.80,22.90,63.74,0.5441,-1,-1,-1
5,2,35.17,139.75,73.38,208.30,0.8696,-1,-1,-1
5,1,135.53,157.36,85.28,180.09,0.8140,-1,-1,-1
6,5,251.01,197.54,22.10,66.49,0.4307,-1,-1,-1
6,4,222.27,197.43,24.83,67.69,0.6152,-1,-1,-1
6,3,269.01,197.75,25.40,66.96,0.5847,-1,-1,-1
6,2,33.48,141.12,79.79,208.92,0.8530,-1,-1,-1
6,1,141.03,154.79,86.85,184.57,0.8338,-1,-1,-1
7,5,257.26,196.15,21.42,61.87,0.6031,-1,-1,-1
7,4,226.07,198.46,25.27,65.83,0.6565,-1,-1,-1
7,3,274.44,199.36,26.27,62.82,0.6745,-1,-1,-1
7,2,39.09,140.46,76.28,209.45,0.8356,-1,-1,-1
7,1,144.28,152.04,87.81,187.61,0.8595,-1,-1,-1
8,5,264.99,198.19,20.34,64.69,0.5558,-1,-1,-1
8,4,234.81,200.26,24.39,65.48,0.6825,-1,-1,-1
8,3,280.74,200.74,26.67,65.41,0.5864,-1,-1,-1
8,2,42.17,140.23,78.57,213.55,0.8246,-1,-1,-1
8,1,152.25,152.71,88.70,190.77,0.8704,-1,-1,-1
9,5,269.82,198.91,22.67,66.63,0.6478,-1,-1,-1
9,4,240.74,203.76,25.04,62.56,0.5638,-1,-1,-1
9,3,288.27,199.47,25.28,66.12,0.7193,-1,-1,-1
9,2,47.47,140.30,77.91,213.27,0.8304,-1,-1,-1
9,1,156.60,151.64,87.56,193.24,0.8674,-1,-1,-1
10,5,278.72,196.60,21.73,67.12,0.4571,-1,-1,-1
10,4,250.61,196.75,25.47,68.86,0.6480,-1,-1,-1
10,3,296.06,201.54,25.54,64.70,0.6355,-1,-1,-1
10,2,48.25,134.84,86.28,221.30,0.8570,-1,-1,-1
10,1,164.69,147.69,87.99,198.30,0.8699,-1,-1,-1
11,11,142.23,195.46,29.63,69.95,0.5636,-1,-1,-1
11,5,285.00,198.00,23.30,67.42,0.6968,-1,-1,-1
11,4,255.50,201.24,21.79,64.13,0.4891,-1,-1,-1
11,3,306.28,201.06,21.45,64.58,0.6467,-1,-1,-1
11,2,54.73,135.49,85.28,221.82,0.8678,-1,-1,-1
11,1,170.94,147.20,88.76,201.16,0.8610,-1,-1,-1
12,11,153.64,198.37,29.97,68.83,0.5756,-1,-1,-1
12,4,269.34,199.55,24.77,68.65,0.6254,-1,-1,-1
12,3,316.22,205.73,22.55,62.62,0.5015,-1,-1,-1
12,2,64.75,130.20,83.61,233.82,0.8809,-1,-1,-1
12,1,181.94,147.80,92.43,205.50,0.8703,-1,-1,-1
13,11,159.03,196.49,30.47,71.15,0.5703,-1,-1,-1
13,5,304.12,204.01,20.64,62.72,0.4755,-1,-1,-1
13,4,275.68,200.26,23.81,68.23,0.5107,-1,-1,-1
13,3,321.06,194.06,25.32,73.75,0.4618,-1,-1,-1
13,2,67.42,143.02,85.98,222.26,0.8561,-1,-1,-1
13,1,183.00,147.34,97.42,209.39,0.8587,-1,-1,-1
14,11,170.77,195.92,29.59,71.32,0.5989,-1,-1,-1
14,5,316.76,201.44,22.06,65.24,0.5775,-1,-1,-1
14,4,287.00,204.25,23.50,62.60,0.5903,-1,-1,-1
14,3,335.04,205.99,21.08,61.90,0.3731,-1,-1,-1
14,2,83.27,127.70,81.05,239.35,0.8713,-1,-1,-1
14,1,198.54,145.05,93.46,212.06,0.8290,-1,-1,-1
15,14,0.09,144.76,42.27,166.72,0.5385,-1,-1,-1
15,11,182.53,197.98,28.53,70.68,0.6604,-1,-1,-1
15,5,326.00,200.19,23.34,67.72,0.5190,-1,-1,-1
15,4,297.35,202.32,22.50,66.95,0.5779,-1,-1,-1
15,3,346.35,205.29,26.82,64.42,0.6199,-1,-1,-1
15,2,85.28,138.91,86.49,231.98,0.8602,-1,-1,-1
15,1,209.86,145.28,95.32,216.21,0.8600,-1,-1,-1
16,14,0.23,143.06,46.80,154.26,0.4305,-1,-1,-1
16,11,185.54,193.32,30.26,71.76,0.6429,-1,-1,-1
16,5,330.81,194.93,24.37,71.17,0.5510,-1,-1,-1
16,4,300.81,198.23,24.15,66.79,0.6871,-1,-1,-1
16,3,352.53,199.43,27.46,67.76,0.5444,-1,-1,-1
16,2,78.11,123.42,96.98,246.71,0.8776,-1,-1,-1
16,1,211.57,144.58,100.15,215.91,0.8455,-1,-1,-1
17,14,0.14,140.89,65.12,148.62,0.3779,-1,-1,-1
17,11,189.15,192.90,28.59,71.68,0.6426,-1,-1,-1
17,5,334.86,195.47,23.16,69.61,0.4472,-1,-1,-1
17,4,306.40,195.81,24.12,69.85,0.5981,-1,-1,-1
17,3,353.60,186.36,25.64,78.20,0.4916,-1,-1,-1
17,2,85.11,124.10,92.80,247.65,0.8982,-1,-1,-1
17,1,213.38,139.67,108.34,223.44,0.7733,-1,-1,-1
18,14,0.11,140.71,48.00,157.31,0.4962,-1,-1,-1
18,11,193.74,195.02,27.44,69.78,0.5469,-1,-1,-1
18,4,312.04,195.09,21.93,71.23,0.7058,-1,-1,-1
18,2,83.47,124.57,97.07,252.57,0.9013,-1,-1,-1
18,1,215.74,137.59,111.31,230.31,0.8573,-1,-1,-1
19,14,0.11,137.69,44.33,157.17,0.3065,-1,-1,-1
19,11,193.96,192.77,29.05,70.11,0.5154,-1,-1,-1
19,4,311.08,192.43,25.54,71.09,0.6224,-1,-1,-1
19,2,81.28,118.62,98.10,257.50,0.9062,-1,-1,-1
19,1,217.42,132.73,112.84,235.02,0.8667,-1,-1,-1
20,11,192.26,187.30,28.87,72.94,0.5808,-1,-1,-1
20,2,76.61,113.00,99.11,265.30,0.9028,-1,-1,-1
20,1,214.28,128.40,113.98,241.08,0.8877,-1,-1,-1
21,16,43.00,186.45,24.71,69.58,0.5714,-1,-1,-1
21,14,0.05,131.95,37.81,165.55,0.5215,-1,-1,-1
21,11,192.25,186.22,27.95,74.56,0.6605,-1,-1,-1
21,2,72.84,107.12,102.24,275.11,0.8988,-1,-1,-1
21,1,213.93,126.38,116.72,247.78,0.8790,-1,-1,-1
22,16,41.67,183.03,28.64,71.11,0.4113,-1,-1,-1
22,14,0.04,128.84,38.11,225.65,0.3506,-1,-1,-1
22,11,194.27,185.85,26.99,73.36,0.3520,-1,-1,-1
22,2,68.14,103.45,105.82,281.00,0.8850,-1,-1,-1
22,1,214.45,122.67,117.92,253.73,0.8829,-1,-1,-1
23,16,50.58,191.46,22.27,67.16,0.3667,-1,-1,-1
23,14,0.00,133.34,39.24,228.86,0.3573,-1,-1,-1
23,11,198.42,190.58,25.85,73.22,0.5792,-1,-1,-1
23,2,68.09,104.66,106.89,290.01,0.8966,-1,-1,-1
23,1,215.10,123.42,118.36,261.30,0.8812,-1,-1,-1
24,17,0.00,133.60,23.48,88.99,0.3389,-1,-1,-1
24,14,0.31,133.16,40.33,164.56,0.4358,-1,-1,-1
24,2,65.07,104.25,111.97,294.79,0.8601,-1,-1,-1
24,1,221.38,121.38,114.78,265.53,0.7987,-1,-1,-1
25,14,0.13,134.23,38.15,170.39,0.3617,-1,-1,-1
25,2,61.23,103.04,116.34,304.22,0.8911,-1,-1,-1
25,1,231.79,120.71,109.32,276.02,0.8809,-1,-1,-1
26,14,0.14,132.76,37.43,171.71,0.3655,-1,-1,-1
26,2,57.59,100.38,118.95,309.60,0.8826,-1,-1,-1
26,1,230.70,116.22,110.17,281.83,0.8712,-1,-1,-1
27,14,0.19,130.49,38.38,169.94,0.4624,-1,-1,-1
27,2,55.26,95.62,121.65,315.95,0.8972,-1,-1,-1
27,1,236.82,112.99,110.50,288.71,0.8809,-1,-1,-1
28,14,0.12,129.84,39.15,170.19,0.3372,-1,-1,-1
28,2,54.28,94.27,123.39,323.29,0.9023,-1,-1,-1
28,1,240.80,111.12,110.19,294.89,0.8851,-1,-1,-1
29,2,51.31,85.89,127.94,339.06,0.8818,-1,-1,-1
29,1,232.60,105.08,124.45,303.34,0.8658,-1,-1,-1
30,14,0.12,125.05,36.64,179.66,0.3047,-1,-1,-1
30,2,47.89,83.84,132.20,345.74,0.8888,-1,-1,-1
30,1,234.40,103.21,124.33,310.32,0.8840,-1,-1,-1
31,19,392.86,175.88,20.95,35.07,0.3309,-1,-1,-1
31,18,142.19,81.15,48.90,171.12,0.4196,-1,-1,-1
31,2,42.22,80.17,140.06,353.68,0.8946,-1,-1,-1
31,1,246.17,98.28,119.45,321.51,0.8791,-1,-1,-1
32,18,147.40,79.99,47.45,177.05,0.5282,-1,-1,-1
32,4,408.28,190.83,25.90,75.43,0.6673,-1,-1,-1
32,2,44.76,77.66,139.67,364.71,0.8790,-1,-1,-1
32,1,254.42,96.54,120.05,332.52,0.8769,-1,-1,-1
33,18,153.37,76.83,46.45,182.99,0.3759,-1,-1,-1
33,9,360.96,186.78,27.00,75.24,0.6281,-1,-1,-1
33,4,418.41,188.94,26.63,75.16,0.6742,-1,-1,-1
33,2,53.84,70.25,137.10,374.55,0.8887,-1,-1,-1
33,1,259.19,89.68,127.62,339.11,0.8614,-1,-1,-1
34,18,158.83,75.05,54.93,179.83,0.5101,-1,-1,-1
34,14,0.13,116.17,28.68,100.75,0.5155,-1,-1,-1
34,9,368.31,187.00,29.79,76.95,0.6829,-1,-1,-1
34,4,425.93,187.47,27.09,79.15,0.6608,-1,-1,-1
34,2,60.37,70.61,140.44,381.36,0.8851,-1,-1,-1
34,1,270.25,88.97,130.59,352.15,0.8578,-1,-1,-1
35,21,410.21,189.36,24.56,76.19,0.4804,-1,-1,-1
35,14,0.14,119.09,37.09,104.43,0.6115,-1,-1,-1
35,9,377.30,189.66,28.10,76.96,0.7056,-1,-1,-1
35,4,434.95,190.55,28.38,78.29,0.6580,-1,-1,-1
35,2,65.83,70.71,139.90,387.12,0.9043,-1,-1,-1
35,1,269.70,88.39,147.58,360.95,0.8551,-1,-1,-1
36,22,420.72,181.41,26.32,83.66,0.4847,-1,-1,-1
36,18,174.66,71.39,55.57,182.92,0.5571,-1,-1,-1
36,9,387.61,189.34,27.59,75.91,0.5824,-1,-1,-1
36,4,447.67,189.76,28.31,77.94,0.6640,-1,-1,-1
36,2,71.90,62.12,145.92,400.48,0.8947,-1,-1,-1
36,1,270.52,80.76,163.25,370.23,0.8937,-1,-1,-1
37,21,425.05,188.28,23.76,77.79,0.3204,-1,-1,-1
37,18,177.53,71.23,53.74,186.12,0.4363,-1,-1,-1
37,9,391.56,189.43,28.38,76.19,0.6549,-1,-1,-1
37,4,452.27,190.29,26.81,78.51,0.6197,-1,-1,-1
37,2,72.20,61.20,148.35,405.58,0.9015,-1,-1,-1
37,1,271.54,78.07,167.84,378.75,0.8908,-1,-1,-1
38,21,430.11,189.78,27.09,78.67,0.5465,-1,-1,-1
38,18,181.03,70.98,57.56,196.27,0.4522,-1,-1,-1
38,9,398.01,194.88,29.05,72.68,0.4971,-1,-1,-1
38,4,456.84,189.63,29.03,80.90,0.7282,-1,-1,-1
38,2,70.66,58.87,153.27,416.22,0.8761,-1,-1,-1
38,1,278.85,76.49,176.56,388.75,0.8879,-1,-1,-1
39,21,434.69,186.90,26.12,78.02,0.5781,-1,-1,-1
39,18,182.56,63.49,57.41,195.56,0.5569,-1,-1,-1
39,9,403.58,195.88,26.72,69.98,0.5579,-1,-1,-1
39,4,460.14,187.37,33.27,82.04,0.6729,-1,-1,-1
39,2,69.38,53.48,158.08,424.66,0.8789,-1,-1,-1
39,1,284.51,70.33,178.44,398.17,0.8903,-1,-1,-1
40,21,438.90,185.94,28.04,82.56,0.5359,-1,-1,-1
40,18,185.35,62.99,55.86,200.53,0.6954,-1,-1,-1
40,9,409.61,199.86,23.30,69.76,0.4663,-1,-1,-1
40,4,465.04,188.40,31.38,83.41,0.7034,-1,-1,-1
40,2,67.65,52.75,162.44,427.25,0.8846,-1,-1,-1
40,1,285.41,65.82,187.17,412.91,0.8876,-1,-1,-1
41,21,440.00,188.56,26.90,79.46,0.5486,-1,-1,-1
41,18,183.08,63.08,57.61,198.71,0.7384,-1,-1,-1
41,17,0.00,114.38,49.47,153.96,0.3846,-1,-1,-1
41,4,468.32,189.00,31.19,46.58,0.6167,-1,-1,-1
41,2,64.01,48.69,166.26,431.31,0.8904,-1,-1,-1
41,1,290.10,62.87,191.42,417.13,0.8833,-1,-1,-1
42,18,177.52,55.41,60.28,209.29,0.6334,-1,-1,-1
42,4,465.11,187.50,33.99,38.64,0.5381,-1,-1,-1
42,2,49.75,41.68,173.68,438.32,0.8916,-1,-1,-1
42,1,283.01,56.10,199.33,423.90,0.8999,-1,-1,-1
43,18,175.17,50.88,58.64,206.81,0.6477,-1,-1,-1
43,11,265.84,186.83,24.77,76.69,0.3268,-1,-1,-1
43,4,463.99,190.29,30.43,31.68,0.5269,-1,-1,-1
43,2,46.89,35.95,174.26,443.96,0.8963,-1,-1,-1
43,1,281.48,53.22,206.08,426.78,0.9045,-1,-1,-1
44,18,174.67,48.48,59.79,212.38,0.6431,-1,-1,-1
44,11,266.53,186.80,26.06,77.79,0.3629,-1,-1,-1
44,2,43.02,30.72,178.19,448.73,0.8976,-1,-1,-1
44,1,280.31,50.45,210.73,429.55,0.9040,-1,-1,-1
45,18,176.06,47.57,61.64,215.57,0.6473,-1,-1,-1
45,17,0.12,99.84,39.38,325.71,0.3619,-1,-1,-1
45,11,267.56,185.80,28.04,77.85,0.4537,-1,-1,-1
45,2,41.68,27.67,178.90,450.67,0.8952,-1,-1,-1
45,1,283.90,46.69,213.82,432.72,0.8963,-1,-1,-1
46,18,174.38,45.26,62.83,218.36,0.6940,-1,-1,-1
46,17,0.23,97.61,37.00,329.63,0.4204,-1,-1,-1
46,2,35.49,19.77,185.22,459.64,0.8835,-1,-1,-1
46,1,277.20,42.80,224.94,437.20,0.9094,-1,-1,-1
47,18,173.94,41.22,61.74,216.82,0.6582,-1,-1,-1
47,17,0.18,93.95,37.26,334.83,0.3065,-1,-1,-1
47,11,269.56,183.33,27.36,79.36,0.3718,-1,-1,-1
47,2,32.49,14.97,186.96,464.04,0.8726,-1,-1,-1
47,1,284.03,38.02,222.67,441.98,0.9063,-1,-1,-1
48,18,176.78,38.42,63.94,223.31,0.6422,-1,-1,-1
48,17,0.06,93.08,40.58,341.22,0.3436,-1,-1,-1
48,2,29.48,11.85,193.43,468.15,0.8635,-1,-1,-1
48,1,289.83,29.61,222.77,449.63,0.8999,-1,-1,-1
49,18,176.25,36.61,65.95,226.84,0.6403,-1,-1,-1
49,14,0.07,93.23,30.97,113.23,0.3331,-1,-1,-1
49,2,26.91,9.91,200.87,466.85,0.8604,-1,-1,-1
49,1,286.49,29.10,230.50,450.90,0.8896,-1,-1,-1
50,18,173.85,34.65,67.06,237.15,0.6500,-1,-1,-1
50,14,0.08,90.33,29.67,117.46,0.5207,-1,-1,-1
50,2,20.06,3.04,204.94,475.54,0.8587,-1,-1,-1
50,1,285.25,22.88,233.39,456.17,0.8995,-1,-1,-1
51,18,174.24,33.53,70.96,238.27,0.7359,-1,-1,-1
51,14,0.07,89.53,30.90,117.88,0.4477,-1,-1,-1
51,2,22.52,1.61,201.02,474.78,0.8589,-1,-1,-1
51,1,285.16,19.73,239.00,459.60,0.9086,-1,-1,-1
52,18,173.37,30.08,71.10,240.12,0.5955,-1,-1,-1
52,14,0.04,87.20,31.20,161.49,0.4827,-1,-1,-1
52,2,16.72,0.70,204.81,477.17,0.8465,-1,-1,-1
52,1,290.78,16.22,238.05,462.53,0.9019,-1,-1,-1
53,18,173.51,28.33,70.37,239.73,0.6312,-1,-1,-1
53,14,0.03,86.42,37.46,162.29,0.3698,-1,-1,-1
53,2,13.18,0.40,211.45,479.14,0.8606,-1,-1,-1
53,1,287.70,14.36,248.91,464.68,0.9044,-1,-1,-1
54,18,173.33,28.61,71.36,240.95,0.5766,-1,-1,-1
54,14,0.08,87.45,36.05,113.81,0.4172,-1,-1,-1
54,2,13.88,1.13,210.79,475.90,0.8425,-1,-1,-1
54,1,290.28,12.61,249.77,467.39,0.9116,-1,-1,-1
55,18,175.39,26.15,71.59,243.86,0.5493,-1,-1,-1
55,14,0.16,86.28,37.06,197.19,0.4516,-1,-1,-1
55,2,11.51,1.16,214.04,478.13,0.8572,-1,-1,-1
55,1,293.97,8.20,256.98,469.29,0.8857,-1,-1,-1
56,18,176.29,24.79,71.45,246.95,0.5891,-1,-1,-1
56,14,0.08,84.18,36.76,166.15,0.4638,-1,-1,-1
56,2,12.59,0.32,215.60,478.24,0.8619,-1,-1,-1
56,1,290.13,5.97,262.38,472.31,0.8457,-1,-1,-1
57,18,176.31,23.06,73.61,289.52,0.6118,-1,-1,-1
57,14,0.08,83.56,36.01,165.80,0.5685,-1,-1,-1
57,2,7.91,1.25,219.95,475.55,0.8578,-1,-1,-1
57,1,300.89,2.85,262.11,476.57,0.9116,-1,-1,-1
58,18,176.05,20.68,76.17,380.43,0.4965,-1,-1,-1
58,14,0.10,83.50,34.59,165.53,0.4867,-1,-1,-1
58,2,8.04,1.23,219.53,475.94,0.8594,-1,-1,-1
58,1,302.03,2.64,264.44,477.36,0.8997,-1,-1,-1
59,18,177.24,20.75,75.82,332.84,0.7055,-1,-1,-1
59,14,0.07,84.43,32.18,163.51,0.4016,-1,-1,-1
59,2,6.18,1.30,222.84,475.98,0.8447,-1,-1,-1
59,1,302.97,1.53,273.80,477.84,0.9035,-1,-1,-1
60,18,174.67,19.07,79.86,407.82,0.5710,-1,-1,-1
60,14,0.17,79.65,29.86,219.38,0.3762,-1,-1,-1
60,2,5.43,0.65,224.81,476.90,0.8184,-1,-1,-1
60,1,303.41,0.09,280.93,477.32,0.9006,-1,-1,-1
61,18,175.40,18.33,78.89,402.85,0.6080,-1,-1,-1
61,14,0.11,80.16,28.50,213.20,0.3826,-1,-1,-1
61,2,2.04,1.40,225.83,475.33,0.8557,-1,-1,-1
61,1,307.59,0.00,284.29,479.11,0.8971,-1,-1,-1
62,18,178.11,16.49,78.72,414.92,0.7280,-1,-1,-1
62,14,0.28,78.47,31.49,226.91,0.4519,-1,-1,-1
62,2,1.77,1.27,225.23,475.75,0.8613,-1,-1,-1
62,1,312.29,0.09,285.95,474.09,0.8305,-1,-1,-1
63,21,565.04,192.84,20.97,51.33,0.3508,-1,-1,-1
63,18,176.92,15.07,80.72,419.15,0.7200,-1,-1,-1
63,14,0.22,75.47,37.57,361.76,0.3731,-1,-1,-1
63,2,0.90,1.57,225.55,475.76,0.7903,-1,-1,-1
63,1,313.10,0.15,286.19,479.85,0.8858,-1,-1,-1
64,18,175.82,15.28,83.41,411.88,0.5741,-1,-1,-1
64,14,0.26,75.38,33.82,383.56,0.3590,-1,-1,-1
64,2,1.26,2.24,227.96,476.17,0.8102,-1,-1,-1
64,1,317.48,0.00,286.51,480.00,0.8758,-1,-1,-1
65,24,501.67,192.99,26.22,76.47,0.6450,-1,-1,-1
65,18,178.09,14.39,83.25,347.97,0.5242,-1,-1,-1
65,14,0.33,74.61,35.29,353.20,0.3512,-1,-1,-1
65,2,0.88,1.53,236.08,474.64,0.7658,-1,-1,-1
65,1,316.98,0.00,288.12,480.00,0.8766,-1,-1,-1
66,25,0.12,78.64,22.01,128.39,0.3764,-1,-1,-1
66,24,502.25,192.04,26.50,76.79,0.6830,-1,-1,-1
66,18,177.44,13.18,85.58,329.64,0.6342,-1,-1,-1
66,14,0.20,74.98,33.52,376.45,0.3678,-1,-1,-1
66,2,0.51,1.46,230.62,472.86,0.8420,-1,-1,-1
66,1,312.46,0.25,293.47,479.75,0.8840,-1,-1,-1
67,24,503.61,192.63,24.54,76.40,0.6495,-1,-1,-1
67,21,574.01,197.39,18.90,41.94,0.4005,-1,-1,-1
67,18,179.92,11.68,83.36,414.37,0.7484,-1,-1,-1
67,14,0.22,75.49,32.08,380.15,0.5344,-1,-1,-1
67,2,0.53,1.30,226.18,476.84,0.8090,-1,-1,-1
67,1,310.63,0.00,300.05,479.80,0.8852,-1,-1,-1
68,24,505.93,192.78,23.09,76.88,0.6044,-1,-1,-1
68,18,178.92,11.23,84.94,432.51,0.6779,-1,-1,-1
68,14,0.15,75.27,33.97,335.54,0.3682,-1,-1,-1
68,2,0.07,3.05,225.53,474.67,0.7488,-1,-1,-1
68,1,316.68,0.52,294.77,479.48,0.8943,-1,-1,-1
69,25,0.12,77.89,22.38,129.64,0.3677,-1,-1,-1
69,24,505.85,193.53,22.12,75.42,0.6368,-1,-1,-1
69,21,576.59,198.02,22.60,50.96,0.3178,-1,-1,-1
69,18,179.09,10.04,85.55,434.10,0.6046,-1,-1,-1
69,14,0.28,73.77,34.55,361.46,0.3947,-1,-1,-1
69,2,0.24,2.96,225.25,475.41,0.7384,-1,-1,-1
69,1,317.88,0.67,292.38,479.33,0.8913,-1,-1,-1
70,26,295.46,176.94,26.67,85.13,0.5263,-1,-1,-1
70,25,0.14,77.69,22.63,128.21,0.3833,-1,-1,-1
70,24,506.31,193.05,22.89,76.01,0.6174,-1,-1,-1
70,21,577.30,194.17,23.98,53.06,0.3084,-1,-1,-1
70,18,183.24,9.34,83.69,423.99,0.8347,-1,-1,-1
70,14,0.27,74.76,34.80,356.16,0.4039,-1,-1,-1
70,2,0.07,1.30,223.14,478.59,0.8235,-1,-1,-1
70,1,317.57,0.54,292.53,479.46,0.8925,-1,-1,-1
71,26,292.84,176.67,28.67,84.64,0.5889,-1,-1,-1
71,25,0.12,78.20,22.56,125.87,0.4385,-1,-1,-1
71,24,506.53,193.29,22.52,74.71,0.5617,-1,-1,-1
71,18,183.92,8.29,84.59,425.12,0.8365,-1,-1,-1
71,14,0.27,74.05,33.70,368.48,0.3851,-1,-1,-1
71,2,0.15,1.36,222.43,478.64,0.8286,-1,-1,-1
71,1,317.50,0.00,291.06,480.00,0.8762,-1,-1,-1
72,26,290.35,176.73,31.83,85.17,0.6207,-1,-1,-1
72,25,0.11,78.25,22.85,126.65,0.4059,-1,-1,-1
72,24,506.68,192.76,22.69,76.36,0.5837,-1,-1,-1
72,21,586.43,196.49,22.63,50.65,0.5856,-1,-1,-1
72,18,184.57,7.89,85.04,425.84,0.8376,-1,-1,-1
72,14,0.26,75.45,33.07,368.89,0.4915,-1,-1,-1
72,2,0.08,1.25,223.05,478.75,0.8601,-1,-1,-1
72,1,315.71,0.48,294.34,479.52,0.8827,-1,-1,-1
73,26,289.86,177.26,30.83,82.44,0.6050,-1,-1,-1
73,25,0.12,78.08,22.49,128.35,0.4075,-1,-1,-1
73,24,505.54,192.09,23.14,78.19,0.5061,-1,-1,-1
73,21,586.24,196.17,23.22,52.09,0.5503,-1,-1,-1
73,18,184.87,10.69,87.62,422.77,0.8394,-1,-1,-1
73,14,0.27,73.88,34.42,360.43,0.3455,-1,-1,-1
73,2,0.09,1.34,223.14,478.66,0.8544,-1,-1,-1
73,1,313.18,0.42,297.56,479.58,0.8921,-1,-1,-1
74,26,290.20,177.05,30.30,82.26,0.5468,-1,-1,-1
74,25,0.12,78.29,22.63,125.94,0.4136,-1,-1,-1
74,24,505.17,193.32,22.64,75.67,0.5657,-1,-1,-1
74,18,185.19,9.20,88.92,423.49,0.8486,-1,-1,-1
74,14,0.29,73.27,34.10,352.50,0.3471,-1,-1,-1
74,2,0.20,1.34,223.36,477.60,0.8479,-1,-1,-1
74,1,312.63,0.03,294.99,479.97,0.8502,-1,-1,-1
75,26,290.13,177.35,31.26,82.03,0.6053,-1,-1,-1
75,25,0.10,77.62,22.95,125.36,0.3664,-1,-1,-1
75,18,186.87,9.84,88.78,422.34,0.8458,-1,-1,-1
75,2,1.00,0.89,222.12,478.32,0.8281,-1,-1,-1
75,1,306.73,0.56,295.04,479.44,0.8713,-1,-1,-1
76,26,290.36,176.91,30.24,81.46,0.6550,-1,-1,-1
76,25,0.12,78.26,22.58,128.65,0.3270,-1,-1,-1
76,18,186.96,10.17,89.29,422.58,0.8552,-1,-1,-1
76,2,1.14,0.81,221.88,478.15,0.8187,-1,-1,-1
76,1,305.41,0.00,297.43,478.56,0.8884,-1,-1,-1
77,26,289.87,176.70,32.24,81.38,0.6558,-1,-1,-1
77,25,0.12,78.71,22.76,117.49,0.3552,-1,-1,-1
77,18,187.46,9.80,89.04,421.53,0.8452,-1,-1,-1
77,2,1.41,0.83,222.31,476.73,0.8270,-1,-1,-1
77,1,303.71,0.00,295.22,477.40,0.8743,-1,-1,-1
78,26,289.39,177.29,30.92,80.98,0.4948,-1,-1,-1
78,25,0.15,78.88,22.72,111.70,0.4589,-1,-1,-1
78,18,189.04,9.12,86.47,422.00,0.8444,-1,-1,-1
78,2,1.07,1.18,223.17,478.82,0.8335,-1,-1,-1
78,1,301.74,0.00,297.47,476.71,0.8932,-1,-1,-1
79,26,288.66,177.83,33.38,80.52,0.4673,-1,-1,-1
79,25,0.13,79.14,23.00,125.17,0.3718,-1,-1,-1
79,18,188.62,10.25,84.91,422.24,0.8373,-1,-1,-1
79,2,1.49,0.70,222.86,478.15,0.8324,-1,-1,-1
79,1,305.58,0.00,287.84,480.00,0.8719,-1,-1,-1
80,25,0.12,79.66,23.12,118.21,0.3800,-1,-1,-1
80,18,188.64,11.22,85.01,423.12,0.8295,-1,-1,-1
80,14,0.22,75.99,32.00,351.38,0.3049,-1,-1,-1
80,2,0.88,1.30,224.22,478.70,0.8518,-1,-1,-1
80,1,314.91,0.00,272.28,480.00,0.8761,-1,-1,-1
81,25,0.13,79.39,23.82,118.95,0.3807,-1,-1,-1
81,18,188.91,11.22,84.08,417.88,0.7936,-1,-1,-1
81,14,0.19,75.81,32.52,371.59,0.4105,-1,-1,-1
81,2,0.86,1.28,226.90,478.36,0.8433,-1,-1,-1
81,1,312.82,0.00,276.08,480.00,0.8798,-1,-1,-1
82,25,0.13,79.63,22.95,114.69,0.4135,-1,-1,-1
82,18,188.94,12.28,83.97,418.72,0.7396,-1,-1,-1
82,14,0.23,75.31,33.34,357.14,0.3536,-1,-1,-1
82,2,0.72,1.34,230.91,476.43,0.8403,-1,-1,-1
82,1,318.53,0.00,268.02,480.00,0.8624,-1,-1,-1
83,25,0.12,79.06,22.70,119.86,0.4516,-1,-1,-1
83,18,187.61,13.51,84.01,423.49,0.8173,-1,-1,-1
83,14,0.23,73.77,32.82,379.54,0.3467,-1,-1,-1
83,2,0.52,1.47,225.19,477.82,0.8170,-1,-1,-1
83,1,305.22,0.00,282.18,474.58,0.8782,-1,-1,-1
84,25,0.11,79.09,21.18,123.30,0.4578,-1,-1,-1
84,18,183.30,11.90,86.57,426.77,0.7985,-1,-1,-1
84,2,0.27,1.54,224.65,476.25,0.7690,-1,-1,-1
84,1,307.29,0.00,274.95,479.52,0.9029,-1,-1,-1
85,25,0.12,79.09,22.06,124.76,0.3619,-1,-1,-1
85,18,181.73,15.08,84.10,422.73,0.7475,-1,-1,-1
85,2,0.36,1.63,231.34,474.79,0.7584,-1,-1,-1
85,1,308.50,0.05,279.56,478.30,0.8923,-1,-1,-1
86,28,615.91,193.50,23.88,56.61,0.4664,-1,-1,-1
86,25,0.11,79.84,22.39,126.03,0.3751,-1,-1,-1
86,18,177.67,17.35,84.87,422.41,0.7508,-1,-1,-1
86,14,0.25,73.49,33.58,370.17,0.3094,-1,-1,-1
86,2,0.62,1.73,228.96,476.43,0.7405,-1,-1,-1
86,1,307.76,0.08,279.88,476.17,0.8677,-1,-1,-1
87,28,615.18,193.33,24.61,56.03,0.4905,-1,-1,-1
87,25,0.12,80.03,21.08,122.33,0.3257,-1,-1,-1
87,24,503.71,193.11,23.70,75.82,0.6594,-1,-1,-1
87,18,173.71,17.13,85.05,409.42,0.6691,-1,-1,-1
87,14,0.23,74.93,32.62,366.37,0.4779,-1,-1,-1
87,2,0.15,1.79,232.70,475.10,0.7022,-1,-1,-1
87,1,310.79,0.10,276.50,479.90,0.8880,-1,-1,-1
88,25,0.13,80.71,22.01,123.45,0.4348,-1,-1,-1
88,24,505.37,193.08,23.25,77.38,0.5263,-1,-1,-1
88,18,174.27,22.16,82.09,410.51,0.7451,-1,-1,-1
88,14,0.25,73.31,32.92,382.85,0.3280,-1,-1,-1
88,2,0.19,1.77,226.36,475.95,0.8128,-1,-1,-1
88,1,306.66,0.92,280.98,479.08,0.8988,-1,-1,-1
89,25,0.12,81.06,21.93,123.51,0.3752,-1,-1,-1
89,24,506.14,192.69,21.85,77.08,0.5060,-1,-1,-1
89,18,171.78,23.25,84.14,404.30,0.7138,-1,-1,-1
89,14,0.28,75.41,32.30,343.63,0.3436,-1,-1,-1
89,2,0.13,1.72,226.26,476.82,0.8040,-1,-1,-1
89,1,312.24,0.49,275.45,479.51,0.8954,-1,-1,-1
90,24,506.06,192.95,20.97,77.08,0.4283,-1,-1,-1
90,18,168.81,23.52,87.74,402.58,0.7516,-1,-1,-1
90,14,0.21,77.97,31.69,369.45,0.4345,-1,-1,-1
90,2,0.00,1.46,223.33,477.57,0.7953,-1,-1,-1
90,1,308.46,0.68,279.40,479.32,0.8977,-1,-1,-1
91,29,544.55,205.63,13.54,32.64,0.3143,-1,-1,-1
91,25,0.04,83.64,21.91,130.33,0.4232,-1,-1,-1
91,24,505.42,192.19,21.10,76.39,0.3021,-1,-1,-1
91,18,167.64,23.69,90.30,402.74,0.7203,-1,-1,-1
91,14,0.23,78.89,31.81,378.86,0.4678,-1,-1,-1
91,2,0.08,1.37,222.67,477.41,0.7910,-1,-1,-1
91,1,308.59,0.96,280.50,479.04,0.8943,-1,-1,-1
92,28,595.97,172.27,43.85,92.36,0.4484,-1,-1,-1
92,26,299.83,179.60,24.39,71.25,0.4462,-1,-1,-1
92,24,506.78,192.82,20.59,76.83,0.3283,-1,-1,-1
92,18,167.00,24.26,93.94,399.94,0.6931,-1,-1,-1
92,14,0.27,80.23,33.11,359.48,0.4242,-1,-1,-1
92,2,0.46,1.47,233.68,475.76,0.7653,-1,-1,-1
92,1,304.79,0.53,283.51,478.89,0.9043,-1,-1,-1
93,28,552.16,171.19,70.67,92.38,0.4676,-1,-1,-1
93,26,299.22,180.66,25.82,77.59,0.4506,-1,-1,-1
93,25,0.00,84.73,21.57,125.85,0.3345,-1,-1,-1
93,18,167.54,23.44,104.66,410.26,0.7887,-1,-1,-1
93,14,0.20,79.20,33.09,358.96,0.3028,-1,-1,-1
93,2,0.15,1.41,223.03,474.83,0.8433,-1,-1,-1
93,1,306.07,0.37,279.09,478.76,0.8917,-1,-1,-1
94,30,266.74,190.81,17.59,57.62,0.4866,-1,-1,-1
94,26,299.73,179.01,25.75,79.09,0.4524,-1,-1,-1
94,18,168.26,23.65,105.60,410.06,0.7892,-1,-1,-1
94,14,0.21,79.57,33.01,367.05,0.3172,-1,-1,-1
94,2,0.09,1.54,223.65,475.09,0.8470,-1,-1,-1
94,1,306.64,0.00,278.04,479.95,0.9027,-1,-1,-1
95,30,266.47,193.35,15.84,55.24,0.5571,-1,-1,-1
95,26,301.37,178.78,23.74,81.15,0.5132,-1,-1,-1
95,18,171.10,21.49,103.58,413.19,0.7887,-1,-1,-1
95,14,0.22,78.78,34.01,372.08,0.4202,-1,-1,-1
95,2,0.39,1.49,222.94,475.13,0.8601,-1,-1,-1
95,1,307.62,0.00,276.26,477.37,0.9008,-1,-1,-1
96,31,282.18,179.84,28.38,77.88,0.3070,-1,-1,-1
96,30,265.48,191.84,16.79,56.97,0.5346,-1,-1,-1
96,26,301.86,177.80,22.41,80.73,0.5027,-1,-1,-1
96,18,173.05,21.63,100.87,411.07,0.7913,-1,-1,-1
96,14,0.08,83.48,34.66,363.18,0.4162,-1,-1,-1
96,2,0.41,1.64,222.63,474.35,0.8358,-1,-1,-1
96,1,307.09,0.00,275.78,480.00,0.9001,-1,-1,-1
97,31,282.83,179.79,25.05,78.43,0.3718,-1,-1,-1
97,30,262.24,191.95,16.88,58.78,0.5792,-1,-1,-1
97,26,301.79,179.01,23.20,80.85,0.5731,-1,-1,-1
97,24,504.86,192.35,23.60,81.18,0.3300,-1,-1,-1
97,18,176.19,20.38,97.09,412.51,0.8180,-1,-1,-1
97,14,0.04,84.41,33.73,310.50,0.3744,-1,-1,-1
97,2,0.54,1.42,222.42,472.11,0.8641,-1,-1,-1
97,1,307.55,0.04,276.14,476.88,0.9031,-1,-1,-1
98,26,302.09,177.96,22.85,82.89,0.5935,-1,-1,-1
98,24,506.64,192.54,21.45,76.58,0.5054,-1,-1,-1
98,18,182.88,20.01,91.00,412.60,0.8351,-1,-1,-1
98,14,0.00,82.48,32.69,348.79,0.5053,-1,-1,-1
98,2,0.58,1.24,222.61,473.04,0.8746,-1,-1,-1
98,1,308.90,0.00,275.15,478.12,0.9064,-1,-1,-1
99,31,279.59,179.61,26.28,79.42,0.3561,-1,-1,-1
99,26,300.91,177.75,24.22,80.35,0.5369,-1,-1,-1
99,24,506.85,192.34,21.98,76.77,0.3767,-1,-1,-1
99,18,185.60,20.86,90.30,411.24,0.8484,-1,-1,-1
99,14,0.24,77.97,35.46,372.84,0.4611,-1,-1,-1
99,2,0.61,1.04,222.48,474.66,0.8857,-1,-1,-1
99,1,309.25,0.00,274.88,478.09,0.9089,-1,-1,-1
100,31,279.35,178.25,26.39,80.49,0.5723,-1,-1,-1
100,26,300.77,178.47,25.63,79.68,0.5873,-1,-1,-1
100,24,505.79,192.54,22.07,75.74,0.5340,-1,-1,-1
100,18,187.72,18.01,89.83,413.78,0.8405,-1,-1,-1
100,14,0.03,81.92,34.74,336.26,0.4247,-1,-1,-1
100,2,0.59,1.00,221.46,475.53,0.8820,-1,-1,-1
100,1,309.85,0.00,273.60,477.46,0.9027,-1,-1,-1
101,31,279.45,179.06,26.37,79.60,0.4016,-1,-1,-1
101,27,557.13,201.73,17.21,42.77,0.3071,-1,-1,-1
101,26,300.67,177.98,24.03,81.76,0.4527,-1,-1,-1
101,24,507.23,192.68,21.70,76.30,0.3777,-1,-1,-1
101,18,189.95,16.89,92.10,413.67,0.8511,-1,-1,-1
101,14,0.05,81.36,33.52,358.41,0.4263,-1,-1,-1
101,2,0.58,0.89,221.69,475.17,0.8767,-1,-1,-1
101,1,310.25,0.00,274.22,480.00,0.9086,-1,-1,-1
102,18,189.57,15.82,94.37,412.97,0.8479,-1,-1,-1
102,14,0.03,81.82,34.05,346.08,0.4415,-1,-1,-1
102,2,0.47,0.84,221.77,475.66,0.8734,-1,-1,-1
102,1,312.39,0.04,271.45,477.98,0.9022,-1,-1,-1
103,29,540.91,202.65,11.95,37.07,0.4240,-1,-1,-1
103,24,508.63,192.99,18.25,75.27,0.3145,-1,-1,-1
103,18,191.06,17.31,93.35,414.79,0.8400,-1,-1,-1
103,14,0.02,82.25,33.97,320.28,0.3838,-1,-1,-1
103,2,0.36,1.04,221.83,476.57,0.8702,-1,-1,-1
103,1,313.57,0.00,271.69,480.00,0.9121,-1,-1,-1
104,29,541.02,202.51,11.09,36.45,0.3309,-1,-1,-1
104,25,0.14,81.37,28.85,117.84,0.3107,-1,-1,-1
104,24,507.63,193.16,19.79,74.96,0.3209,-1,-1,-1
104,18,192.08,17.78,89.77,414.83,0.8419,-1,-1,-1
104,14,0.14,79.82,33.65,342.74,0.3366,-1,-1,-1
104,2,0.20,0.83,222.67,476.87,0.8894,-1,-1,-1
104,1,314.42,0.00,274.28,480.00,0.9108,-1,-1,-1
105,29,540.95,203.78,12.14,35.67,0.4044,-1,-1,-1
105,25,0.10,84.09,24.35,119.70,0.3019,-1,-1,-1
105,18,192.21,17.66,88.41,414.15,0.8376,-1,-1,-1
105,14,0.05,83.84,31.07,354.08,0.3769,-1,-1,-1
105,2,0.16,0.55,223.00,476.64,0.8627,-1,-1,-1
105,1,314.07,0.00,274.91,480.00,0.9088,-1,-1,-1
106,31,279.26,178.80,25.49,81.43,0.5834,-1,-1,-1
106,29,540.68,203.84,12.36,36.07,0.4056,-1,-1,-1
106,26,300.87,178.73,23.94,82.18,0.6319,-1,-1,-1
106,18,192.32,16.54,85.95,415.21,0.8269,-1,-1,-1
106,14,0.03,82.29,32.71,362.61,0.4088,-1,-1,-1
106,2,0.22,0.41,223.39,477.86,0.8801,-1,-1,-1
106,1,314.04,0.00,276.74,479.09,0.9044,-1,-1,-1
107,31,279.79,179.51,25.54,79.21,0.5658,-1,-1,-1
107,29,541.47,204.27,11.77,35.55,0.3815,-1,-1,-1
107,26,301.01,178.50,24.43,82.09,0.5892,-1,-1,-1
107,18,192.23,16.80,86.23,414.80,0.8186,-1,-1,-1
107,14,0.03,82.43,31.38,362.69,0.3583,-1,-1,-1
107,2,0.20,0.25,224.80,478.18,0.8803,-1,-1,-1
107,1,313.50,0.36,279.86,478.53,0.8954,-1,-1,-1
108,31,279.51,181.15,24.84,77.28,0.5114,-1,-1,-1
108,29,541.08,201.95,12.18,38.11,0.4678,-1,-1,-1
108,26,301.19,178.81,24.21,81.13,0.6023,-1,-1,-1
108,24,511.13,196.48,16.24,71.94,0.3207,-1,-1,-1
108,18,191.61,16.14,86.23,415.46,0.8235,-1,-1,-1
108,2,0.00,0.09,225.64,477.54,0.8741,-1,-1,-1
108,1,312.02,0.00,284.56,477.07,0.8996,-1,-1,-1
109,31,279.19,180.42,26.01,78.28,0.5033,-1,-1,-1
109,26,301.21,178.28,23.88,82.43,0.5542,-1,-1,-1
109,18,189.27,16.94,88.54,413.59,0.8311,-1,-1,-1
109,2,0.04,0.00,224.37,478.87,0.8857,-1,-1,-1
109,1,312.63,0.00,285.01,475.15,0.8305,-1,-1,-1
110,26,300.64,178.18,24.66,82.21,0.4511,-1,-1,-1
110,18,187.95,16.93,91.46,413.71,0.8395,-1,-1,-1
110,2,0.00,0.14,223.29,478.33,0.9072,-1,-1,-1
110,1,312.65,0.00,288.47,478.16,0.7597,-1,-1,-1
111,18,187.87,17.30,93.02,414.31,0.8444,-1,-1,-1
111,2,0.00,0.10,222.61,479.19,0.8961,-1,-1,-1
111,1,310.86,0.00,291.15,476.85,0.7986,-1,-1,-1
112,26,298.20,177.42,27.22,83.32,0.3512,-1,-1,-1
112,18,187.71,16.93,96.04,416.05,0.8492,-1,-1,-1
112,2,0.00,0.12,222.79,479.30,0.9071,-1,-1,-1
112,1,330.55,0.00,273.65,479.67,0.7952,-1,-1,-1
113,18,187.80,18.11,94.16,416.83,0.8532,-1,-1,-1
113,2,0.00,0.10,222.68,478.82,0.9027,-1,-1,-1
113,1,311.07,0.20,285.10,479.43,0.8647,-1,-1,-1
114,18,187.40,19.61,94.82,413.06,0.8539,-1,-1,-1
114,2,0.00,0.00,222.09,478.48,0.8955,-1,-1,-1
114,1,308.72,0.00,288.91,479.32,0.8971,-1,-1,-1
115,18,188.39,20.25,94.81,415.36,0.8666,-1,-1,-1
115,2,0.00,0.06,222.31,479.07,0.8897,-1,-1,-1
115,1,308.85,0.00,284.14,477.31,0.8815,-1,-1,-1
116,18,191.60,20.56,92.89,415.79,0.8595,-1,-1,-1
116,2,0.00,0.00,221.53,478.51,0.8793,-1,-1,-1
116,1,305.45,0.00,286.43,479.69,0.8952,-1,-1,-1
117,18,192.45,20.21,95.18,416.98,0.8547,-1,-1,-1
117,2,0.00,0.21,223.01,478.01,0.8704,-1,-1,-1
117,1,305.57,0.00,282.74,479.01,0.8836,-1,-1,-1
118,27,562.41,200.31,14.54,41.06,0.3042,-1,-1,-1
118,18,193.60,19.96,93.30,417.96,0.8589,-1,-1,-1
118,2,0.00,0.39,224.64,478.74,0.8679,-1,-1,-1
118,1,303.80,0.00,278.21,478.08,0.8900,-1,-1,-1
119,25,0.13,80.20,22.98,105.49,0.3709,-1,-1,-1
119,24,498.82,193.28,29.87,78.27,0.7000,-1,-1,-1
119,18,197.39,19.74,91.57,413.16,0.8165,-1,-1,-1
119,14,0.00,79.90,30.43,341.95,0.4012,-1,-1,-1
119,2,0.00,0.48,228.79,479.52,0.8853,-1,-1,-1
119,1,302.70,0.00,279.51,480.00,0.9115,-1,-1,-1
120,25,0.06,79.11,23.44,112.65,0.3256,-1,-1,-1
120,24,498.77,193.13,29.56,79.01,0.7205,-1,-1,-1
120,18,200.84,21.23,87.47,410.85,0.8096,-1,-1,-1
120,2,0.12,0.59,231.76,479.34,0.8728,-1,-1,-1
120,1,301.85,0.00,280.48,480.00,0.9103,-1,-1,-1
121,24,498.70,192.76,30.07,79.64,0.6616,-1,-1,-1
121,18,199.84,21.15,88.57,415.75,0.8196,-1,-1,-1
121,2,0.20,0.43,236.47,479.57,0.8772,-1,-1,-1
121,1,303.04,0.57,280.76,479.43,0.8872,-1,-1,-1
122,24,499.06,194.12,29.38,77.82,0.6646,-1,-1,-1
122,18,202.39,22.00,82.90,417.77,0.8233,-1,-1,-1
122,14,0.21,75.09,35.30,400.94,0.3788,-1,-1,-1
122,2,1.00,0.18,239.99,479.82,0.8575,-1,-1,-1
122,1,306.91,0.24,281.79,477.56,0.8888,-1,-1,-1
123,24,499.25,194.17,30.44,77.79,0.6808,-1,-1,-1
123,18,201.82,21.13,84.45,414.43,0.8340,-1,-1,-1
123,14,0.25,75.87,38.82,402.88,0.5539,-1,-1,-1
123,2,0.88,1.25,243.58,478.75,0.8722,-1,-1,-1
123,1,301.96,0.92,282.41,479.08,0.8962,-1,-1,-1
124,27,560.32,200.97,16.58,39.38,0.4121,-1,-1,-1
124,26,295.35,177.85,30.88,80.96,0.3172,-1,-1,-1
124,24,499.76,194.23,29.70,77.76,0.6536,-1,-1,-1
124,18,202.89,22.51,82.33,407.77,0.8397,-1,-1,-1
124,14,0.20,75.82,38.87,401.55,0.5489,-1,-1,-1
124,2,0.90,0.85,246.23,478.16,0.8646,-1,-1,-1
124,1,304.64,0.18,279.09,479.31,0.9043,-1,-1,-1
125,29,534.81,197.28,16.67,44.57,0.3238,-1,-1,-1
125,27,561.35,202.23,16.08,37.64,0.4809,-1,-1,-1
125,26,297.44,178.56,27.31,79.11,0.3567,-1,-1,-1
125,24,500.75,193.64,28.51,77.64,0.6412,-1,-1,-1
125,18,202.99,22.72,81.45,405.59,0.8190,-1,-1,-1
125,14,0.17,76.70,42.31,403.30,0.5963,-1,-1,-1
125,2,0.64,0.78,248.56,478.04,0.8534,-1,-1,-1
125,1,305.20,0.66,277.06,478.87,0.9026,-1,-1,-1
126,31,286.73,180.06,26.10,78.37,0.3458,-1,-1,-1
126,27,561.30,202.47,16.27,37.33,0.4962,-1,-1,-1
126,24,501.11,194.05,27.76,77.84,0.6274,-1,-1,-1
126,18,203.78,22.49,80.29,406.27,0.7894,-1,-1,-1
126,14,0.21,76.62,43.06,400.68,0.4513,-1,-1,-1
126,2,0.00,0.71,251.59,464.71,0.7895,-1,-1,-1
126,1,305.64,0.56,275.69,479.14,0.8998,-1,-1,-1
127,32,549.55,198.70,13.00,40.91,0.4041,-1,-1,-1
127,29,533.57,202.29,14.51,39.35,0.3144,-1,-1,-1
127,27,562.64,203.16,15.08,37.01,0.5209,-1,-1,-1
127,24,502.74,193.04,26.77,77.71,0.5889,-1,-1,-1
127,18,205.51,22.69,78.56,406.34,0.8087,-1,-1,-1
127,14,0.16,77.89,45.76,402.11,0.4111,-1,-1,-1
127,2,0.98,0.96,249.35,475.50,0.8427,-1,-1,-1
127,1,306.90,0.38,276.16,479.37,0.8968,-1,-1,-1
128,31,294.48,178.21,31.01,79.85,0.3232,-1,-1,-1
128,29,534.13,202.95,14.07,40.25,0.3198,-1,-1,-1
128,27,562.05,203.40,16.02,37.62,0.4789,-1,-1,-1
128,24,502.95,194.10,26.27,76.57,0.6026,-1,-1,-1
128,18,204.94,22.62,79.66,406.99,0.7371,-1,-1,-1
128,14,0.20,77.37,47.31,402.63,0.5875,-1,-1,-1
128,2,0.40,0.68,253.86,473.38,0.8328,-1,-1,-1
128,1,306.15,0.59,276.93,478.87,0.9037,-1,-1,-1
129,31,287.42,187.74,21.64,70.50,0.3243,-1,-1,-1
129,27,561.20,203.98,16.43,37.04,0.4413,-1,-1,-1
129,24,502.97,194.01,26.35,77.10,0.5896,-1,-1,-1
129,18,204.81,22.92,79.54,407.62,0.7420,-1,-1,-1
129,14,0.17,80.00,47.71,400.00,0.6341,-1,-1,-1
129,2,0.57,0.84,253.20,473.99,0.8551,-1,-1,-1
129,1,307.25,0.24,274.93,478.64,0.8964,-1,-1,-1
130,32,542.57,195.67,17.19,51.98,0.3478,-1,-1,-1
130,31,288.97,189.81,20.42,68.23,0.3434,-1,-1,-1
130,27,561.25,202.93,16.34,38.11,0.4589,-1,-1,-1
130,24,504.10,193.56,26.38,76.96,0.6030,-1,-1,-1
130,18,204.87,23.91,79.29,407.07,0.7663,-1,-1,-1
130,14,0.22,80.35,48.87,399.65,0.6946,-1,-1,-1
130,2,2.20,0.80,248.07,472.69,0.8324,-1,-1,-1
130,1,306.31,0.31,276.47,478.89,0.9091,-1,-1,-1
131,31,288.49,191.28,20.61,66.86,0.3435,-1,-1,-1
131,29,530.18,198.82,17.47,46.30,0.3019,-1,-1,-1
131,27,559.86,203.48,17.46,36.81,0.4563,-1,-1,-1
131,24,501.89,193.58,27.95,77.75,0.6519,-1,-1,-1
131,18,203.94,23.11,80.52,404.57,0.7976,-1,-1,-1
131,14,0.18,80.13,48.94,231.81,0.3747,-1,-1,-1
131,2,12.49,0.90,236.39,470.31,0.8095,-1,-1,-1
131,1,306.15,0.51,275.57,478.75,0.8997,-1,-1,-1
132,31,282.15,189.39,21.13,67.74,0.3155,-1,-1,-1
132,26,295.84,177.68,27.00,81.22,0.5029,-1,-1,-1
132,24,502.19,192.64,27.44,77.81,0.6419,-1,-1,-1
132,18,201.62,22.80,82.17,405.94,0.8253,-1,-1,-1
132,2,11.12,0.58,235.83,471.67,0.7886,-1,-1,-1
132,1,306.76,0.11,273.19,479.24,0.8961,-1,-1,-1
133,31,280.00,187.36,22.17,68.39,0.3833,-1,-1,-1
133,26,294.62,177.90,29.79,80.86,0.5437,-1,-1,-1
133,24,501.96,192.90,28.09,78.55,0.5938,-1,-1,-1
133,18,201.55,22.00,82.15,411.82,0.8321,-1,-1,-1
133,14,0.07,82.07,38.95,223.96,0.3314,-1,-1,-1
133,2,8.82,0.52,236.68,475.39,0.8361,-1,-1,-1
133,1,306.19,0.00,273.21,476.33,0.8986,-1,-1,-1
134,32,537.33,190.85,19.61,56.92,0.4866,-1,-1,-1
134,31,280.08,188.05,20.53,66.25,0.3157,-1,-1,-1
134,27,557.80,200.23,19.46,40.36,0.4413,-1,-1,-1
134,26,295.10,178.42,29.87,80.23,0.5871,-1,-1,-1
134,24,500.97,192.64,29.06,79.40,0.6291,-1,-1,-1
134,18,201.28,22.74,81.23,411.62,0.8372,-1,-1,-1
134,14,0.13,80.80,46.77,397.36,0.4224,-1,-1,-1
134,2,9.87,0.74,234.02,477.63,0.8552,-1,-1,-1
134,1,305.30,0.28,270.73,476.35,0.9034,-1,-1,-1
135,32,537.03,192.84,19.11,55.07,0.5092,-1,-1,-1
135,26,295.05,177.44,29.94,81.81,0.5321,-1,-1,-1
135,25,0.09,79.73,36.85,224.33,0.3085,-1,-1,-1
135,24,500.68,192.94,27.97,78.76,0.6261,-1,-1,-1
135,18,202.16,22.76,80.90,412.45,0.8360,-1,-1,-1
135,14,0.17,80.07,43.44,396.12,0.4025,-1,-1,-1
135,2,7.36,0.83,234.45,477.96,0.8787,-1,-1,-1
135,1,306.48,0.00,269.66,480.00,0.8892,-1,-1,-1
136,32,534.87,190.76,21.06,58.30,0.3691,-1,-1,-1
136,26,297.28,178.46,26.99,80.63,0.4175,-1,-1,-1
136,24,500.33,192.54,28.72,79.48,0.6366,-1,-1,-1
136,18,199.81,23.83,83.23,410.13,0.8289,-1,-1,-1
136,14,0.10,77.85,43.63,393.20,0.4080,-1,-1,-1
136,2,5.66,0.92,231.04,477.36,0.8580,-1,-1,-1
136,1,305.72,0.10,269.53,479.90,0.8892,-1,-1,-1
137,32,534.20,191.07,22.07,58.01,0.4995,-1,-1,-1
137,26,297.72,178.02,26.80,80.76,0.5054,-1,-1,-1
137,25,0.01,79.78,41.04,389.38,0.4115,-1,-1,-1
137,24,500.70,193.28,28.52,78.62,0.6003,-1,-1,-1
137,18,194.66,22.90,89.06,409.19,0.8276,-1,-1,-1
137,2,6.45,0.77,225.04,478.23,0.8566,-1,-1,-1
137,1,305.75,0.00,269.58,480.00,0.8920,-1,-1,-1
138,32,533.20,190.03,24.24,58.19,0.4712,-1,-1,-1
138,26,292.72,178.47,33.92,80.96,0.6004,-1,-1,-1
138,24,501.95,192.88,27.83,78.85,0.5738,-1,-1,-1
138,18,191.62,23.37,92.10,412.24,0.8410,-1,-1,-1
138,2,5.40,0.39,222.01,479.61,0.8710,-1,-1,-1
138,1,304.16,0.00,272.05,479.94,0.9061,-1,-1,-1
139,27,556.39,201.64,17.39,40.28,0.4003,-1,-1,-1
139,26,291.54,178.14,35.09,81.23,0.6247,-1,-1,-1
139,24,502.02,193.63,27.61,77.88,0.5519,-1,-1,-1
139,18,190.34,22.39,93.54,410.17,0.8469,-1,-1,-1
139,2,3.74,0.38,222.77,479.62,0.8713,-1,-1,-1
139,1,304.96,0.00,272.70,480.00,0.9106,-1,-1,-1
140,27,556.39,203.49,16.52,38.33,0.3278,-1,-1,-1
140,26,292.91,177.02,32.01,82.25,0.6009,-1,-1,-1
140,24,502.72,192.71,27.94,78.54,0.5440,-1,-1,-1
140,18,189.28,22.30,95.12,410.37,0.8525,-1,-1,-1
140,2,2.28,0.66,220.31,478.99,0.8797,-1,-1,-1
140,1,305.42,0.65,274.25,478.95,0.9102,-1,-1,-1
141,27,554.76,204.02,15.71,38.00,0.3270,-1,-1,-1
141,26,293.12,178.48,32.07,80.13,0.4771,-1,-1,-1
141,24,502.18,192.89,27.34,78.24,0.5860,-1,-1,-1
141,18,187.55,20.92,97.08,412.38,0.8562,-1,-1,-1
141,2,1.87,0.77,217.70,478.52,0.8872,-1,-1,-1
141,1,304.15,0.00,276.65,474.58,0.8996,-1,-1,-1
142,27,555.87,203.29,18.03,39.18,0.3908,-1,-1,-1
142,26,294.55,178.22,27.81,80.14,0.4533,-1,-1,-1
142,24,502.67,192.24,27.05,79.00,0.5661,-1,-1,-1
142,18,187.49,20.63,97.00,413.66,0.8585,-1,-1,-1
142,2,1.47,0.95,215.81,479.05,0.8836,-1,-1,-1
142,1,304.13,0.34,277.41,479.31,0.9094,-1,-1,-1
143,27,555.44,207.01,14.01,35.54,0.3287,-1,-1,-1
143,26,291.70,178.19,32.94,81.45,0.5437,-1,-1,-1
143,24,504.31,191.98,24.40,78.33,0.5976,-1,-1,-1
143,18,185.38,20.26,99.55,414.13,0.8618,-1,-1,-1
143,2,0.59,0.98,216.31,479.02,0.8861,-1,-1,-1
143,1,305.57,0.00,278.24,479.86,0.9058,-1,-1,-1
144,27,554.07,202.81,16.95,39.51,0.4358,-1,-1,-1
144,26,293.29,178.20,29.80,80.15,0.5568,-1,-1,-1
144,24,504.52,191.30,23.62,78.79,0.5344,-1,-1,-1
144,18,185.03,20.57,99.76,413.26,0.8556,-1,-1,-1
144,2,0.24,1.03,216.84,478.42,0.8927,-1,-1,-1
144,1,305.08,0.00,282.08,480.00,0.9140,-1,-1,-1
145,27,555.39,201.69,20.93,59.34,0.4484,-1,-1,-1
145,26,294.00,178.44,28.92,79.87,0.5820,-1,-1,-1
145,24,505.81,192.22,22.88,77.80,0.5532,-1,-1,-1
145,18,182.45,20.20,102.55,412.90,0.8543,-1,-1,-1
145,2,0.23,1.05,215.38,478.11,0.9012,-1,-1,-1
145,1,307.01,0.00,286.76,480.00,0.9006,-1,-1,-1
146,26,295.97,178.11,26.46,80.34,0.6029,-1,-1,-1
146,18,182.67,20.32,102.29,412.31,0.8512,-1,-1,-1
146,2,0.15,1.26,215.56,477.46,0.8963,-1,-1,-1
146,1,308.48,0.00,285.77,479.70,0.8602,-1,-1,-1
147,26,296.68,177.26,24.06,83.12,0.3721,-1,-1,-1
147,18,183.64,20.49,100.69,412.55,0.8538,-1,-1,-1
147,2,0.36,1.38,216.10,476.72,0.8911,-1,-1,-1
147,1,324.03,0.00,281.82,477.15,0.8400,-1,-1,-1
148,26,298.96,178.20,23.83,83.24,0.3986,-1,-1,-1
148,18,186.35,20.38,97.81,412.42,0.8583,-1,-1,-1
148,2,1.14,0.99,217.19,478.19,0.8647,-1,-1,-1
148,1,315.53,0.00,293.53,476.60,0.8730,-1,-1,-1
149,33,289.36,200.73,19.19,59.04,0.4405,-1,-1,-1
149,26,300.67,178.65,21.96,84.57,0.4506,-1,-1,-1
149,18,189.35,20.85,94.72,411.14,0.8565,-1,-1,-1
149,2,2.02,0.47,221.89,479.53,0.8583,-1,-1,-1
149,1,315.69,0.00,296.09,477.46,0.8849,-1,-1,-1
150,18,190.45,21.69,93.81,413.05,0.8527,-1,-1,-1
150,2,2.26,0.92,223.45,478.76,0.8667,-1,-1,-1
150,1,315.32,0.00,298.61,479.31,0.8778,-1,-1,-1
151,18,193.23,21.97,90.49,414.55,0.8591,-1,-1,-1
151,2,3.79,0.75,224.54,478.92,0.8562,-1,-1,-1
151,1,316.60,0.00,295.09,479.61,0.8436,-1,-1,-1
152,18,193.69,21.87,89.80,413.21,0.8667,-1,-1,-1
152,2,8.38,0.54,222.95,479.46,0.8586,-1,-1,-1
152,1,316.40,0.00,288.75,478.91,0.7838,-1,-1,-1
153,18,193.42,21.54,89.84,411.99,0.8636,-1,-1,-1
153,14,0.29,79.61,45.40,386.01,0.3105,-1,-1,-1
153,2,8.78,0.64,225.23,475.69,0.8399,-1,-1,-1
153,1,310.76,0.00,291.33,476.41,0.8183,-1,-1,-1
154,27,554.02,206.40,15.28,36.14,0.4253,-1,-1,-1
154,24,502.98,188.66,26.02,79.54,0.6723,-1,-1,-1
154,18,192.91,21.49,90.79,414.08,0.8525,-1,-1,-1
154,14,0.29,79.50,45.23,386.04,0.3550,-1,-1,-1
154,2,5.90,0.61,228.41,475.11,0.8286,-1,-1,-1
154,1,306.23,0.63,288.59,479.37,0.8767,-1,-1,-1
155,27,553.92,204.86,16.36,37.53,0.3842,-1,-1,-1
155,25,0.04,79.97,36.40,173.96,0.3234,-1,-1,-1
155,24,500.63,192.75,27.66,76.50,0.6326,-1,-1,-1
155,18,192.69,21.97,90.29,414.59,0.8440,-1,-1,-1
155,14,0.24,78.64,43.62,387.49,0.3335,-1,-1,-1
155,2,8.19,0.63,226.13,476.82,0.8270,-1,-1,-1
155,1,305.30,0.45,284.62,479.55,0.8918,-1,-1,-1
156,27,552.65,208.27,15.46,34.35,0.3115,-1,-1,-1
156,25,0.14,80.18,35.81,119.11,0.3457,-1,-1,-1
156,24,499.24,195.04,28.23,74.73,0.5657,-1,-1,-1
156,18,192.22,21.73,90.10,413.93,0.8660,-1,-1,-1
156,2,6.50,0.71,228.40,478.09,0.8637,-1,-1,-1
156,1,305.09,0.00,280.26,480.00,0.9024,-1,-1,-1
157,27,555.02,210.22,14.15,32.66,0.3177,-1,-1,-1
157,24,497.98,194.45,29.56,76.88,0.5838,-1,-1,-1
157,18,191.28,20.84,89.35,415.99,0.8653,-1,-1,-1
157,14,0.01,80.22,35.12,175.12,0.3269,-1,-1,-1
157,2,7.21,0.39,226.53,475.23,0.8368,-1,-1,-1
157,1,302.82,0.00,261.16,480.00,0.9151,-1,-1,-1
158,34,589.35,0.77,50.54,255.48,0.4965,-1,-1,-1
158,29,526.23,194.41,20.96,57.47,0.4342,-1,-1,-1
158,27,552.36,208.98,16.91,34.34,0.4266,-1,-1,-1
158,25,0.15,79.30,33.05,117.85,0.3695,-1,-1,-1
158,24,497.85,195.99,29.88,75.24,0.5184,-1,-1,-1
158,18,191.05,19.37,89.54,419.10,0.8587,-1,-1,-1
158,2,6.10,0.15,225.18,478.02,0.8400,-1,-1,-1
158,1,304.66,0.00,231.24,480.00,0.9172,-1,-1,-1
159,34,587.50,0.00,52.35,251.64,0.3501,-1,-1,-1
159,29,527.28,195.26,20.48,56.08,0.4935,-1,-1,-1
159,27,549.27,205.06,17.64,39.27,0.3319,-1,-1,-1
159,24,496.80,183.98,31.42,88.33,0.7015,-1,-1,-1
159,18,190.55,18.80,92.07,418.06,0.8467,-1,-1,-1
159,14,0.07,76.41,39.54,394.27,0.4554,-1,-1,-1
159,2,3.76,0.26,227.29,478.31,0.8461,-1,-1,-1
159,1,299.94,0.00,218.38,480.00,0.9095,-1,-1,-1
160,31,282.42,183.05,22.99,75.24,0.3037,-1,-1,-1
160,24,496.46,184.87,32.24,87.15,0.7207,-1,-1,-1
160,18,190.07,18.86,91.20,419.67,0.8497,-1,-1,-1
160,14,0.04,76.53,40.18,393.88,0.4356,-1,-1,-1
160,2,0.11,1.01,228.59,478.15,0.8644,-1,-1,-1
160,1,302.55,0.57,200.24,474.15,0.9184,-1,-1,-1
161,34,585.66,0.65,54.21,249.82,0.3889,-1,-1,-1
161,24,495.85,186.13,32.29,86.01,0.6949,-1,-1,-1
161,18,188.89,18.15,91.71,420.57,0.8481,-1,-1,-1
161,14,0.10,76.32,36.34,392.30,0.4428,-1,-1,-1
161,2,0.35,0.79,228.20,479.21,0.8620,-1,-1,-1
161,1,294.86,0.00,206.28,480.00,0.9106,-1,-1,-1
162,34,588.90,0.81,50.97,248.38,0.3277,-1,-1,-1
162,29,524.88,193.20,19.58,59.09,0.4761,-1,-1,-1
162,24,496.87,184.20,32.23,88.18,0.7158,-1,-1,-1
162,18,187.90,15.53,94.87,421.91,0.8529,-1,-1,-1
162,14,0.09,72.81,35.28,389.47,0.3512,-1,-1,-1
162,2,0.00,0.49,229.47,478.38,0.8340,-1,-1,-1
162,1,289.69,0.58,212.83,474.51,0.9057,-1,-1,-1
163,34,589.64,0.84,50.21,248.40,0.3872,-1,-1,-1
163,24,496.86,183.76,33.74,88.36,0.7192,-1,-1,-1
163,18,187.71,15.42,93.68,426.49,0.8502,-1,-1,-1
163,14,0.20,70.74,35.44,372.90,0.3299,-1,-1,-1
163,2,0.24,0.41,227.88,474.67,0.8296,-1,-1,-1
163,1,288.50,0.40,213.77,475.24,0.9064,-1,-1,-1
164,24,495.84,182.67,32.64,89.81,0.7225,-1,-1,-1
164,18,186.62,13.66,93.93,428.44,0.8367,-1,-1,-1
164,14,0.10,72.33,32.87,364.18,0.3538,-1,-1,-1
164,2,0.15,0.69,224.60,475.05,0.8048,-1,-1,-1
164,1,289.70,0.71,211.72,474.46,0.9040,-1,-1,-1
165,24,496.24,183.26,33.27,89.20,0.7146,-1,-1,-1
165,18,187.08,13.65,93.33,428.08,0.8456,-1,-1,-1
165,14,0.00,78.67,29.44,346.23,0.3299,-1,-1,-1
165,2,0.00,0.44,223.54,475.45,0.8191,-1,-1,-1
165,1,295.05,0.00,206.79,480.00,0.9196,-1,-1,-1
166,24,496.46,182.76,33.04,89.50,0.7198,-1,-1,-1
166,18,185.50,12.05,94.92,430.86,0.8414,-1,-1,-1
166,2,0.00,0.08,222.78,476.79,0.8163,-1,-1,-1
166,1,296.04,0.00,206.51,480.00,0.9216,-1,-1,-1
167,32,496.13,183.74,33.92,88.65,0.7214,-1,-1,-1
167,27,547.31,202.84,17.26,42.58,0.3512,-1,-1,-1
167,18,184.64,10.71,94.58,432.34,0.8184,-1,-1,-1
167,2,0.00,0.48,221.13,472.75,0.7954,-1,-1,-1
167,1,294.84,0.00,207.18,480.00,0.9167,-1,-1,-1
168,29,525.32,189.70,19.13,62.30,0.3094,-1,-1,-1
168,27,547.51,200.84,20.68,45.08,0.3975,-1,-1,-1
168,24,496.05,182.83,34.12,89.39,0.7230,-1,-1,-1
168,18,183.64,10.66,94.85,432.21,0.8437,-1,-1,-1
168,2,0.00,0.42,220.87,474.54,0.8194,-1,-1,-1
168,1,293.73,0.00,207.58,480.00,0.9129,-1,-1,-1
169,32,496.54,183.97,33.33,88.99,0.7325,-1,-1,-1
169,27,548.23,202.91,20.13,42.03,0.3261,-1,-1,-1
169,18,183.16,10.57,96.02,433.53,0.8432,-1,-1,-1
169,2,0.00,0.31,220.69,474.29,0.7549,-1,-1,-1
169,1,286.03,1.13,215.44,473.78,0.9027,-1,-1,-1
170,29,526.71,188.77,17.71,63.86,0.3595,-1,-1,-1
170,24,496.41,182.76,33.66,89.91,0.7141,-1,-1,-1
170,18,182.87,10.02,96.32,435.80,0.8437,-1,-1,-1
170,2,0.01,0.26,220.03,471.75,0.7599,-1,-1,-1
170,1,280.68,0.84,220.50,473.96,0.8992,-1,-1,-1
171,18,182.31,9.88,96.89,437.39,0.8462,-1,-1,-1
171,2,0.02,0.01,219.26,473.96,0.7943,-1,-1,-1
171,1,279.80,0.67,221.06,474.80,0.9023,-1,-1,-1
172,18,182.57,9.99,96.62,437.77,0.8467,-1,-1,-1
172,2,0.00,0.24,219.05,475.99,0.8445,-1,-1,-1
172,1,281.83,0.80,219.11,475.68,0.8972,-1,-1,-1
173,18,181.55,10.07,97.91,436.64,0.8486,-1,-1,-1
173,2,0.10,0.12,218.88,477.00,0.8155,-1,-1,-1
173,1,283.51,0.70,216.39,476.89,0.8991,-1,-1,-1
174,18,181.11,10.24,97.99,436.74,0.8489,-1,-1,-1
174,2,0.00,0.12,218.68,476.13,0.8272,-1,-1,-1
174,1,283.13,0.90,216.19,477.08,0.9031,-1,-1,-1
175,18,179.87,10.96,100.14,442.71,0.8492,-1,-1,-1
175,2,0.06,0.06,218.52,477.07,0.8591,-1,-1,-1
175,1,280.95,0.87,218.26,477.45,0.8519,-1,-1,-1
176,18,180.73,11.36,99.60,439.12,0.8401,-1,-1,-1
176,2,0.00,0.00,218.90,476.87,0.8272,-1,-1,-1
176,1,283.81,0.00,215.39,479.18,0.8984,-1,-1,-1
177,18,181.04,11.69,97.98,438.75,0.8553,-1,-1,-1
177,2,0.00,0.00,218.66,474.47,0.7940,-1,-1,-1
177,1,282.88,0.61,216.20,475.27,0.8926,-1,-1,-1
178,27,547.42,202.93,18.87,42.92,0.5526,-1,-1,-1
178,24,495.85,183.48,34.64,89.44,0.7168,-1,-1,-1
178,18,180.14,11.11,99.72,436.73,0.8604,-1,-1,-1
178,2,0.07,0.10,218.18,477.56,0.8280,-1,-1,-1
178,1,282.11,0.00,219.28,478.34,0.9044,-1,-1,-1
179,27,548.70,204.54,17.95,40.92,0.4062,-1,-1,-1
179,24,496.40,183.29,33.78,89.64,0.7314,-1,-1,-1
179,18,181.00,11.29,98.32,440.18,0.8657,-1,-1,-1
179,2,0.11,0.11,218.13,475.81,0.8366,-1,-1,-1
179,1,266.93,0.60,233.74,477.02,0.8600,-1,-1,-1
180,27,549.80,206.32,17.13,39.94,0.3471,-1,-1,-1
180,24,496.34,183.27,33.28,89.49,0.7048,-1,-1,-1
180,18,180.43,11.39,98.89,437.78,0.8560,-1,-1,-1
180,2,0.00,0.17,218.42,477.61,0.8415,-1,-1,-1
180,1,283.66,0.00,217.50,479.26,0.9031,-1,-1,-1
181,27,549.76,206.57,17.29,40.08,0.3746,-1,-1,-1
181,24,496.57,183.50,32.83,89.32,0.7027,-1,-1,-1
181,18,182.15,11.74,96.89,437.26,0.8609,-1,-1,-1
181,2,0.00,0.04,218.21,476.72,0.8204,-1,-1,-1
181,1,281.88,0.00,219.96,479.93,0.9067,-1,-1,-1
182,24,496.60,183.72,32.60,88.52,0.7114,-1,-1,-1
182,18,181.33,11.14,97.24,435.43,0.8436,-1,-1,-1
182,2,0.00,0.24,217.86,474.26,0.8315,-1,-1,-1
182,1,282.73,0.61,220.96,475.25,0.9031,-1,-1,-1
183,29,523.25,188.65,23.89,68.39,0.5400,-1,-1,-1
183,27,548.71,205.75,16.05,40.58,0.3514,-1,-1,-1
183,24,497.07,184.59,31.17,87.77,0.7192,-1,-1,-1
183,18,182.03,11.70,96.39,435.93,0.8515,-1,-1,-1
183,2,0.01,0.44,218.83,476.09,0.8452,-1,-1,-1
183,1,283.13,0.55,221.26,475.94,0.9035,-1,-1,-1
184,29,524.06,187.48,25.54,69.69,0.5922,-1,-1,-1
184,24,497.94,184.12,29.75,88.56,0.7047,-1,-1,-1
184,18,181.14,11.59,97.26,435.25,0.8483,-1,-1,-1
184,2,0.16,0.46,218.43,474.85,0.8220,-1,-1,-1
184,1,285.34,0.84,220.76,475.29,0.9052,-1,-1,-1
185,29,522.85,189.08,25.58,66.93,0.4274,-1,-1,-1
185,27,546.78,202.69,18.39,44.32,0.3306,-1,-1,-1
185,24,498.52,184.46,29.37,87.56,0.7024,-1,-1,-1
185,18,180.70,11.57,97.55,435.18,0.8491,-1,-1,-1
185,2,0.06,0.35,218.49,475.40,0.8311,-1,-1,-1
185,1,288.76,0.77,219.02,474.78,0.8970,-1,-1,-1
186,29,522.73,187.80,22.65,68.80,0.5195,-1,-1,-1
186,27,548.44,205.06,18.09,42.15,0.3171,-1,-1,-1
186,24,498.65,185.52,28.73,85.97,0.6989,-1,-1,-1
186,18,181.25,11.46,97.23,435.84,0.8526,-1,-1,-1
186,2,0.00,0.36,218.73,476.51,0.8592,-1,-1,-1
186,1,294.84,1.14,214.52,474.37,0.9136,-1,-1,-1
187,29,522.91,191.96,20.91,64.83,0.5343,-1,-1,-1
187,24,499.37,185.66,27.98,85.41,0.6708,-1,-1,-1
187,18,182.36,11.46,96.01,435.76,0.8493,-1,-1,-1
187,2,0.08,0.27,218.69,475.84,0.8709,-1,-1,-1
187,1,294.76,1.06,215.41,474.78,0.9098,-1,-1,-1
188,31,292.88,178.64,23.68,77.07,0.4586,-1,-1,-1
188,29,522.66,192.09,19.52,67.57,0.4161,-1,-1,-1
188,27,549.48,206.60,16.37,40.53,0.3238,-1,-1,-1
188,24,499.78,185.18,28.15,86.53,0.6813,-1,-1,-1
188,18,181.10,11.35,97.34,435.52,0.8515,-1,-1,-1
188,2,0.06,0.39,218.68,475.91,0.8591,-1,-1,-1
188,1,295.98,0.98,214.18,474.20,0.9124,-1,-1,-1
189,31,293.80,177.88,23.32,76.09,0.3301,-1,-1,-1
189,29,523.86,189.17,20.52,70.19,0.5309,-1,-1,-1
189,24,499.39,184.41,28.81,87.17,0.6822,-1,-1,-1
189,18,181.33,10.93,96.78,435.86,0.8537,-1,-1,-1
189,2,0.07,0.27,218.70,475.45,0.8383,-1,-1,-1
189,1,296.59,0.88,213.29,473.87,0.9132,-1,-1,-1
190,31,293.70,178.22,23.21,78.44,0.4625,-1,-1,-1
190,29,523.40,188.88,20.26,70.93,0.5004,-1,-1,-1
190,24,499.07,185.56,29.07,85.84,0.6714,-1,-1,-1
190,18,181.76,11.06,96.32,434.63,0.8423,-1,-1,-1
190,2,0.08,0.29,218.53,475.37,0.8498,-1,-1,-1
190,1,296.47,0.78,213.47,474.69,0.9129,-1,-1,-1
191,31,294.67,178.00,22.94,78.24,0.5035,-1,-1,-1
191,29,524.98,189.46,21.24,69.72,0.4341,-1,-1,-1
191,24,498.89,184.73,29.51,87.46,0.6868,-1,-1,-1
191,18,181.55,10.89,96.64,435.82,0.8469,-1,-1,-1
191,2,0.12,0.42,218.39,475.70,0.8554,-1,-1,-1
191,1,296.65,0.94,212.90,474.60,0.9147,-1,-1,-1
192,31,294.33,178.38,23.07,77.52,0.4819,-1,-1,-1
192,24,498.88,184.44,29.49,87.04,0.6721,-1,-1,-1
192,18,180.83,11.11,97.55,435.69,0.8523,-1,-1,-1
192,2,0.06,0.38,218.37,475.58,0.8473,-1,-1,-1
192,1,295.50,0.96,214.17,474.40,0.9104,-1,-1,-1
193,31,293.16,177.23,23.94,77.76,0.3574,-1,-1,-1
193,29,525.06,188.95,24.86,72.06,0.3440,-1,-1,-1
193,24,499.08,184.75,29.10,87.49,0.6923,-1,-1,-1
193,18,181.50,11.16,96.81,436.35,0.8512,-1,-1,-1
193,2,0.13,0.35,217.90,474.33,0.8333,-1,-1,-1
193,1,294.44,0.70,215.27,474.57,0.9086,-1,-1,-1
194,29,523.14,188.75,26.98,73.05,0.3121,-1,-1,-1
194,24,499.32,184.61,29.02,87.71,0.6950,-1,-1,-1
194,18,180.30,10.99,97.78,436.81,0.8553,-1,-1,-1
194,2,0.21,0.36,217.31,475.87,0.8346,-1,-1,-1
194,1,290.14,0.44,219.20,475.77,0.8972,-1,-1,-1
195,24,498.91,184.17,28.56,88.50,0.6762,-1,-1,-1
195,18,180.15,10.98,97.41,436.86,0.8557,-1,-1,-1
195,2,0.27,0.54,217.10,475.66,0.8490,-1,-1,-1
195,1,285.36,0.43,223.66,476.11,0.8812,-1,-1,-1
196,29,526.51,189.98,28.65,72.02,0.3364,-1,-1,-1
196,24,499.67,183.63,28.84,89.13,0.6645,-1,-1,-1
196,18,178.95,10.94,98.83,436.87,0.8554,-1,-1,-1
196,2,0.35,0.40,216.72,474.15,0.7974,-1,-1,-1
196,1,282.56,0.48,226.38,476.24,0.8901,-1,-1,-1
197,29,526.50,189.61,26.85,73.32,0.3976,-1,-1,-1
197,24,499.01,184.52,29.30,87.76,0.6448,-1,-1,-1
197,18,178.15,10.33,99.29,437.57,0.8517,-1,-1,-1
197,2,0.30,0.43,217.17,474.29,0.8444,-1,-1,-1
197,1,281.17,0.49,228.74,476.68,0.8979,-1,-1,-1
198,29,527.56,188.14,36.56,75.07,0.3533,-1,-1,-1
198,24,499.18,184.76,30.11,87.66,0.6917,-1,-1,-1
198,18,177.30,10.44,98.85,438.50,0.8592,-1,-1,-1
198,2,0.28,0.50,216.32,474.69,0.8637,-1,-1,-1
198,1,281.09,0.69,228.14,475.89,0.9114,-1,-1,-1
199,29,540.13,187.21,23.36,73.75,0.3565,-1,-1,-1
199,24,498.15,184.66,30.78,86.41,0.6871,-1,-1,-1
199,18,175.91,11.40,98.58,437.71,0.8501,-1,-1,-1
199,2,0.12,1.57,216.73,473.39,0.8072,-1,-1,-1
199,1,279.39,0.67,229.72,476.64,0.9095,-1,-1,-1
200,29,529.26,185.71,35.95,74.35,0.4082,-1,-1,-1
200,24,498.18,185.21,30.78,87.31,0.7191,-1,-1,-1
200,18,174.56,11.98,96.53,437.69,0.8485,-1,-1,-1
200,2,0.07,5.33,216.30,468.98,0.7860,-1,-1,-1
200,1,276.99,0.73,231.66,475.66,0.9050,-1,-1,-1
201,24,497.58,185.19,30.14,87.47,0.7011,-1,-1,-1
201,18,169.55,12.92,99.15,438.70,0.8345,-1,-1,-1
201,2,0.13,3.17,216.42,471.04,0.7748,-1,-1,-1
201,1,274.17,0.00,233.53,480.00,0.9075,-1,-1,-1
202,35,524.81,189.15,26.84,75.67,0.3483,-1,-1,-1
202,31,291.76,178.62,19.84,43.46,0.3217,-1,-1,-1
202,24,497.31,185.33,29.85,87.24,0.6887,-1,-1,-1
202,18,164.06,15.33,100.61,435.68,0.8107,-1,-1,-1
202,2,0.10,7.24,216.80,468.77,0.7267,-1,-1,-1
202,1,273.48,0.00,233.38,480.00,0.9087,-1,-1,-1
203,35,524.10,188.04,27.98,77.03,0.5198,-1,-1,-1
203,24,496.91,184.76,29.77,88.21,0.7033,-1,-1,-1
203,18,155.44,16.90,106.57,432.36,0.7763,-1,-1,-1
203,2,0.43,14.28,215.16,462.03,0.6440,-1,-1,-1
203,1,273.35,0.00,232.78,478.58,0.8960,-1,-1,-1
204,35,519.68,189.46,31.57,76.79,0.5679,-1,-1,-1
204,24,495.17,186.33,29.61,87.00,0.7613,-1,-1,-1
204,18,155.88,18.91,101.98,419.90,0.8096,-1,-1,-1
204,2,0.23,1.43,214.43,470.15,0.6959,-1,-1,-1
204,1,273.16,0.82,232.42,474.39,0.8903,-1,-1,-1
205,35,521.86,187.78,30.23,78.62,0.5862,-1,-1,-1
205,27,546.58,207.68,15.30,42.55,0.3062,-1,-1,-1
205,24,496.22,186.50,28.63,85.96,0.7395,-1,-1,-1
205,18,154.14,20.90,97.63,412.71,0.8104,-1,-1,-1
205,2,0.15,0.98,214.18,470.09,0.6693,-1,-1,-1
205,1,272.14,1.01,234.58,473.67,0.8819,-1,-1,-1
206,35,523.68,186.71,29.66,78.24,0.4720,-1,-1,-1
206,27,548.92,204.33,13.42,45.95,0.3122,-1,-1,-1
206,24,495.21,186.48,29.39,85.44,0.7051,-1,-1,-1
206,18,153.41,23.29,95.35,406.60,0.7804,-1,-1,-1
206,2,0.11,1.90,212.19,471.31,0.6218,-1,-1,-1
206,1,269.53,0.74,236.96,474.00,0.8897,-1,-1,-1
207,35,519.46,185.51,31.44,80.05,0.5184,-1,-1,-1
207,27,548.09,202.04,14.01,48.51,0.3128,-1,-1,-1
207,24,495.27,185.96,28.64,86.25,0.7401,-1,-1,-1
207,18,156.26,25.01,92.15,396.11,0.7153,-1,-1,-1
207,2,0.18,2.13,211.48,469.60,0.5665,-1,-1,-1
207,1,267.72,0.52,238.48,476.02,0.8840,-1,-1,-1
208,35,519.51,187.10,34.97,78.18,0.4422,-1,-1,-1
208,24,493.67,186.64,29.86,87.16,0.7036,-1,-1,-1
208,18,166.67,30.07,85.07,374.34,0.7924,-1,-1,-1
208,2,0.17,0.31,210.96,474.08,0.7750,-1,-1,-1
208,1,263.40,0.59,243.58,475.08,0.8869,-1,-1,-1
209,35,521.19,185.82,33.90,81.94,0.4611,-1,-1,-1
209,24,494.48,185.94,29.07,86.77,0.7294,-1,-1,-1
209,18,169.96,33.65,81.06,365.35,0.7931,-1,-1,-1
209,2,0.00,0.34,209.15,474.43,0.7688,-1,-1,-1
209,1,261.21,0.82,246.09,475.42,0.8913,-1,-1,-1
210,35,519.84,186.45,24.42,80.65,0.4350,-1,-1,-1
210,24,492.52,185.60,30.56,88.31,0.7284,-1,-1,-1
210,18,173.09,44.93,79.66,352.96,0.8381,-1,-1,-1
210,2,0.25,1.02,204.15,474.50,0.8731,-1,-1,-1
210,1,256.52,0.76,248.80,476.52,0.8630,-1,-1,-1
211,35,524.69,184.99,24.84,80.49,0.4120,-1,-1,-1
211,24,491.65,183.53,31.57,89.75,0.7399,-1,-1,-1
211,18,171.83,48.13,84.59,349.30,0.8474,-1,-1,-1
211,2,0.17,1.42,201.06,475.68,0.8797,-1,-1,-1
211,1,267.89,1.22,237.11,476.53,0.8114,-1,-1,-1
212,35,524.89,187.07,34.03,78.67,0.3879,-1,-1,-1
212,24,491.15,185.96,30.03,89.51,0.7200,-1,-1,-1
212,18,169.79,54.38,93.41,345.29,0.8593,-1,-1,-1
212,2,0.40,0.75,197.29,472.26,0.8260,-1,-1,-1
212,1,264.20,1.08,240.54,476.48,0.8358,-1,-1,-1
213,35,520.77,186.02,24.30,80.23,0.4461,-1,-1,-1
213,24,490.15,184.71,29.26,89.41,0.6660,-1,-1,-1
213,18,167.57,53.62,103.73,344.85,0.8614,-1,-1,-1
213,2,0.47,2.47,188.24,473.79,0.7967,-1,-1,-1
213,1,252.19,1.24,250.91,477.03,0.8696,-1,-1,-1
214,35,517.73,185.27,26.66,83.24,0.5569,-1,-1,-1
214,24,489.69,184.74,28.58,90.01,0.7141,-1,-1,-1
214,18,154.72,56.12,121.85,354.12,0.8709,-1,-1,-1
214,2,0.37,0.57,183.46,477.31,0.8097,-1,-1,-1
214,1,254.55,0.79,245.15,476.73,0.8787,-1,-1,-1
215,35,516.16,184.51,26.49,83.61,0.5477,-1,-1,-1
215,27,539.13,198.53,20.21,54.35,0.4529,-1,-1,-1
215,24,485.34,185.05,33.07,89.39,0.7067,-1,-1,-1
215,18,161.60,56.35,117.86,345.48,0.8818,-1,-1,-1
215,2,0.54,0.20,182.71,476.34,0.7635,-1,-1,-1
215,1,256.25,0.65,241.33,475.26,0.8979,-1,-1,-1
216,35,520.94,187.15,19.78,79.79,0.4103,-1,-1,-1
216,27,536.90,197.70,20.78,53.21,0.4399,-1,-1,-1
216,24,488.00,184.36,28.18,90.06,0.7332,-1,-1,-1
216,18,168.01,59.12,114.37,341.11,0.8859,-1,-1,-1
216,2,0.52,0.34,179.17,474.09,0.7172,-1,-1,-1
216,1,255.94,0.28,239.11,476.26,0.8770,-1,-1,-1
217,35,522.59,185.00,19.06,79.83,0.5047,-1,-1,-1
217,27,538.26,196.33,19.25,54.54,0.4278,-1,-1,-1
217,24,485.49,182.36,31.58,91.77,0.7298,-1,-1,-1
217,18,170.47,61.78,115.00,339.39,0.8842,-1,-1,-1
217,2,0.56,0.23,179.04,477.25,0.8019,-1,-1,-1
217,1,289.35,1.15,204.95,478.85,0.8185,-1,-1,-1
218,35,521.77,190.99,18.58,75.57,0.3867,-1,-1,-1
218,24,482.23,181.69,31.34,95.00,0.7213,-1,-1,-1
218,18,173.72,69.06,113.99,331.46,0.8690,-1,-1,-1
218,2,0.55,0.37,181.14,478.32,0.7901,-1,-1,-1
218,1,264.06,1.07,225.96,478.93,0.7994,-1,-1,-1
219,35,506.36,184.68,30.45,83.55,0.4138,-1,-1,-1
219,27,535.06,198.36,21.71,53.93,0.3227,-1,-1,-1
219,24,481.35,180.45,30.87,94.29,0.7533,-1,-1,-1
219,18,181.16,74.76,110.23,325.73,0.8704,-1,-1,-1
219,2,0.44,0.37,182.85,476.07,0.8156,-1,-1,-1
219,1,294.34,0.10,193.42,479.70,0.8276,-1,-1,-1
220,35,509.85,184.26,27.40,84.77,0.5778,-1,-1,-1
220,27,537.78,199.00,21.58,52.16,0.3206,-1,-1,-1
220,24,480.03,180.24,31.16,95.99,0.7703,-1,-1,-1
220,18,186.38,80.18,105.39,316.98,0.8614,-1,-1,-1
220,2,0.27,0.29,186.85,476.18,0.8103,-1,-1,-1
220,1,292.90,9.84,191.26,468.45,0.7508,-1,-1,-1
221,35,506.75,184.30,29.45,84.58,0.6151,-1,-1,-1
221,27,537.79,200.07,21.18,52.07,0.3596,-1,-1,-1
221,24,483.83,181.74,25.65,93.56,0.7415,-1,-1,-1
221,18,189.48,87.93,104.32,301.21,0.8713,-1,-1,-1
221,2,0.10,0.99,193.16,475.61,0.7589,-1,-1,-1
221,1,268.15,22.37,218.48,456.94,0.8685,-1,-1,-1
222,35,506.69,182.39,30.43,86.59,0.6741,-1,-1,-1
222,27,538.50,204.07,21.04,49.37,0.4668,-1,-1,-1
222,24,486.75,182.99,24.01,91.57,0.6507,-1,-1,-1
222,18,196.76,90.59,102.23,290.09,0.8688,-1,-1,-1
222,2,0.12,2.43,199.07,477.57,0.5471,-1,-1,-1
222,1,282.47,28.42,209.58,450.89,0.9130,-1,-1,-1
223,35,506.61,183.72,29.16,88.16,0.4509,-1,-1,-1
223,27,537.77,203.84,22.17,49.77,0.5085,-1,-1,-1
223,24,488.83,182.56,21.75,97.68,0.4531,-1,-1,-1
223,18,203.11,92.75,96.51,273.24,0.8623,-1,-1,-1
223,2,0.07,0.69,211.93,472.10,0.7690,-1,-1,-1
223,1,290.18,32.72,206.04,447.28,0.8907,-1,-1,-1
224,35,508.97,185.74,25.21,86.55,0.3171,-1,-1,-1
224,27,538.05,202.93,22.06,50.89,0.5165,-1,-1,-1
224,24,488.76,182.58,23.50,95.55,0.5212,-1,-1,-1
224,18,208.23,95.03,92.82,271.21,0.8636,-1,-1,-1
224,2,0.00,0.93,216.08,474.95,0.6630,-1,-1,-1
224,1,291.57,35.19,205.32,444.81,0.9124,-1,-1,-1
225,37,561.15,204.53,15.75,39.09,0.3289,-1,-1,-1
225,27,538.61,201.00,22.50,53.35,0.5133,-1,-1,-1
225,24,486.00,184.25,28.88,94.55,0.6247,-1,-1,-1
225,18,214.05,101.82,89.21,266.21,0.8739,-1,-1,-1
225,2,0.00,0.00,220.20,478.08,0.8391,-1,-1,-1
225,1,292.67,38.84,202.27,440.07,0.9178,-1,-1,-1
226,35,510.96,189.72,21.30,82.52,0.4365,-1,-1,-1
226,27,539.17,202.00,23.28,53.54,0.5082,-1,-1,-1
226,24,484.31,180.15,30.28,98.51,0.6675,-1,-1,-1
226,18,219.82,107.78,85.63,260.60,0.8761,-1,-1,-1
226,2,0.00,2.22,227.05,473.79,0.8231,-1,-1,-1
226,1,295.26,43.37,193.17,436.63,0.9127,-1,-1,-1
227,35,510.30,188.50,21.49,83.95,0.4048,-1,-1,-1
227,27,540.09,201.04,21.94,54.01,0.5440,-1,-1,-1
227,24,481.07,180.29,33.21,100.33,0.7181,-1,-1,-1
227,18,222.02,111.16,87.22,249.63,0.8699,-1,-1,-1
227,2,0.13,1.15,227.09,475.71,0.8151,-1,-1,-1
227,1,299.20,49.68,182.94,430.32,0.9025,-1,-1,-1
228,37,563.11,195.23,15.99,49.80,0.3403,-1,-1,-1
228,35,510.68,185.26,21.93,87.07,0.3763,-1,-1,-1
228,27,542.25,201.72,21.29,55.00,0.5637,-1,-1,-1
228,24,481.86,180.40,34.12,102.83,0.7393,-1,-1,-1
228,18,231.00,111.21,84.08,245.88,0.8428,-1,-1,-1
228,2,0.08,1.36,231.35,475.81,0.9134,-1,-1,-1
228,1,302.78,55.02,172.53,423.95,0.9123,-1,-1,-1
229,37,564.72,202.66,17.50,44.52,0.3106,-1,-1,-1
229,27,543.12,199.79,23.74,58.31,0.5927,-1,-1,-1
229,24,484.75,183.85,31.71,100.94,0.6981,-1,-1,-1
229,18,236.82,109.73,86.18,231.55,0.8609,-1,-1,-1
229,2,0.80,1.51,225.49,475.95,0.9023,-1,-1,-1
229,1,306.43,61.61,158.01,418.39,0.9038,-1,-1,-1
230,38,454.11,169.05,33.40,123.16,0.6903,-1,-1,-1
230,27,545.68,199.48,21.23,59.11,0.6461,-1,-1,-1
230,24,485.96,182.97,32.05,102.89,0.6963,-1,-1,-1
230,18,239.37,110.20,84.67,229.98,0.8484,-1,-1,-1
230,2,0.14,1.42,223.27,477.78,0.8907,-1,-1,-1
230,1,309.13,66.14,151.39,413.22,0.8855,-1,-1,-1
231,38,453.14,165.28,38.57,126.48,0.7729,-1,-1,-1
231,35,515.38,184.58,22.74,88.95,0.4097,-1,-1,-1
231,27,552.04,199.51,22.32,59.04,0.6639,-1,-1,-1
231,24,489.27,183.53,29.32,103.00,0.7233,-1,-1,-1
231,18,244.97,110.40,83.42,229.56,0.8646,-1,-1,-1
231,2,0.24,4.95,222.39,470.28,0.7204,-1,-1,-1
231,1,308.34,66.13,148.31,413.87,0.8866,-1,-1,-1
232,40,575.06,156.51,64.84,201.62,0.6591,-1,-1,-1
232,38,456.23,162.70,42.02,130.49,0.7572,-1,-1,-1
232,35,514.66,184.01,25.05,92.78,0.5445,-1,-1,-1
232,27,552.91,199.62,26.76,60.48,0.5284,-1,-1,-1
232,24,494.26,183.14,24.99,101.43,0.6567,-1,-1,-1
232,18,251.81,113.70,81.09,227.94,0.8517,-1,-1,-1
232,2,0.53,5.68,221.60,472.96,0.8020,-1,-1,-1
232,1,325.22,65.41,135.54,413.53,0.8691,-1,-1,-1
233,40,576.64,164.32,63.29,190.48,0.3400,-1,-1,-1
233,38,467.04,160.12,38.07,133.33,0.6891,-1,-1,-1
233,35,522.09,184.87,20.35,92.37,0.5433,-1,-1,-1
233,27,557.64,198.82,25.37,61.39,0.6122,-1,-1,-1
233,24,503.06,178.73,19.72,98.12,0.3929,-1,-1,-1
233,18,258.22,119.07,79.03,223.28,0.8269,-1,-1,-1
233,2,0.25,2.49,221.34,470.53,0.5824,-1,-1,-1
233,1,332.54,64.23,131.73,415.41,0.8699,-1,-1,-1
234,40,585.95,167.53,53.94,216.43,0.4552,-1,-1,-1
234,38,477.31,160.49,37.19,131.99,0.5223,-1,-1,-1
234,37,566.57,202.99,21.08,57.40,0.5040,-1,-1,-1
234,35,519.73,184.52,26.23,92.69,0.4938,-1,-1,-1
234,24,492.39,162.47,29.49,129.99,0.3098,-1,-1,-1
234,18,265.97,121.56,75.71,216.87,0.8080,-1,-1,-1
234,2,0.49,1.56,223.05,470.65,0.6611,-1,-1,-1
234,1,322.56,70.27,164.63,409.73,0.8999,-1,-1,-1
235,38,484.55,158.98,36.71,129.50,0.3945,-1,-1,-1
235,35,526.88,187.07,23.19,92.83,0.4081,-1,-1,-1
235,27,570.03,198.28,28.09,63.59,0.4999,-1,-1,-1
235,18,270.37,121.67,77.36,213.18,0.8104,-1,-1,-1
235,2,6.08,0.80,219.99,477.72,0.8444,-1,-1,-1
235,1,334.49,74.75,168.31,405.16,0.8958,-1,-1,-1
236,41,0.05,115.13,44.46,181.63,0.5003,-1,-1,-1
236,40,609.59,168.17,30.28,273.07,0.5690,-1,-1,-1
236,38,505.86,173.86,28.45,114.04,0.3176,-1,-1,-1
236,35,530.31,192.05,26.16,85.58,0.4806,-1,-1,-1
236,27,574.95,190.69,29.27,70.13,0.5556,-1,-1,-1
236,18,278.73,117.49,73.59,205.99,0.7914,-1,-1,-1
236,2,6.98,0.81,224.01,477.19,0.8867,-1,-1,-1
236,1,343.22,79.37,169.46,400.63,0.8977,-1,-1,-1
237,41,0.52,119.94,57.22,153.34,0.5857,-1,-1,-1
237,40,610.32,202.53,29.54,276.44,0.6431,-1,-1,-1
237,38,490.98,162.96,44.87,156.97,0.3042,-1,-1,-1
237,35,541.66,182.76,18.90,96.54,0.4477,-1,-1,-1
237,27,584.67,192.62,27.45,69.29,0.5675,-1,-1,-1
237,18,286.72,118.89,74.58,204.36,0.8394,-1,-1,-1
237,2,8.12,7.15,232.38,471.97,0.8755,-1,-1,-1
237,1,361.95,88.24,164.66,391.32,0.9058,-1,-1,-1
238,42,241.89,170.45,30.03,102.72,0.5703,-1,-1,-1
238,41,0.19,116.74,66.83,156.45,0.4622,-1,-1,-1
238,40,609.25,205.84,30.65,273.99,0.5994,-1,-1,-1
238,35,545.57,185.28,20.54,97.58,0.3526,-1,-1,-1
238,27,589.25,195.34,29.48,67.98,0.5372,-1,-1,-1
238,18,290.05,120.11,77.08,202.95,0.8214,-1,-1,-1
238,2,9.89,7.21,235.92,472.79,0.8706,-1,-1,-1
238,1,373.61,85.61,162.76,394.39,0.9026,-1,-1,-1
239,43,364.96,175.66,23.45,86.77,0.5242,-1,-1,-1
239,42,248.04,163.25,32.88,115.49,0.5149,-1,-1,-1
239,41,0.00,115.51,81.17,348.47,0.4066,-1,-1,-1
239,40,597.50,216.04,42.34,263.84,0.3961,-1,-1,-1
239,27,595.06,200.27,29.56,63.14,0.3598,-1,-1,-1
239,18,305.71,124.68,65.02,198.79,0.7858,-1,-1,-1
239,2,3.03,14.13,249.24,465.48,0.8337,-1,-1,-1
239,1,391.53,88.32,156.18,391.20,0.8984,-1,-1,-1
240,44,0.00,166.25,45.29,96.88,0.5313,-1,-1,-1
240,43,366.04,180.75,24.73,79.68,0.4232,-1,-1,-1
240,42,252.65,158.72,38.14,116.23,0.7076,-1,-1,-1
240,27,596.56,189.48,31.53,72.54,0.5216,-1,-1,-1
240,18,304.03,124.69,70.13,194.48,0.7560,-1,-1,-1
240,2,18.78,15.15,243.42,463.50,0.7604,-1,-1,-1
240,1,398.26,85.23,160.30,373.09,0.8860,-1,-1,-1
241,43,366.19,180.76,24.10,79.82,0.3865,-1,-1,-1
241,41,0.25,110.77,105.11,327.16,0.3258,-1,-1,-1
241,27,598.01,198.65,30.66,56.63,0.3107,-1,-1,-1
241,18,308.76,123.34,76.82,194.30,0.7988,-1,-1,-1
241,2,0.00,14.70,265.83,460.73,0.7140,-1,-1,-1
241,1,410.56,83.13,154.29,376.24,0.8927,-1,-1,-1
242,45,392.53,180.85,25.26,80.30,0.5072,-1,-1,-1
242,41,3.36,114.75,104.97,324.82,0.4655,-1,-1,-1
242,40,591.26,166.97,48.56,312.25,0.7149,-1,-1,-1
242,18,290.02,121.97,94.53,192.76,0.8224,-1,-1,-1
242,2,47.86,9.19,225.42,470.81,0.8345,-1,-1,-1
242,1,414.01,86.86,149.10,377.89,0.8769,-1,-1,-1
243,45,391.18,180.90,26.73,81.04,0.5732,-1,-1,-1
243,44,17.94,165.87,45.95,86.28,0.6015,-1,-1,-1
243,41,9.54,115.52,101.62,326.05,0.3915,-1,-1,-1
243,40,575.84,19.38,64.01,460.62,0.7337,-1,-1,-1
243,38,531.02,139.29,37.28,177.93,0.3248,-1,-1,-1
243,18,304.17,121.72,78.25,189.37,0.8471,-1,-1,-1
243,2,51.70,6.83,224.97,471.09,0.8381,-1,-1,-1
243,1,415.00,88.79,146.23,381.00,0.8920,-1,-1,-1
244,45,393.75,178.84,25.17,83.34,0.5857,-1,-1,-1
244,44,10.15,168.57,57.30,85.90,0.7449,-1,-1,-1
244,40,543.15,2.21,96.62,477.79,0.8332,-1,-1,-1
244,38,536.89,135.13,34.80,84.62,0.3439,-1,-1,-1
244,18,316.53,120.38,66.04,189.73,0.7010,-1,-1,-1
244,2,76.28,6.86,205.75,468.80,0.7839,-1,-1,-1
244,1,424.30,90.35,141.43,378.75,0.8873,-1,-1,-1
245,47,413.45,172.72,31.06,106.67,0.4903,-1,-1,-1
245,45,391.62,179.56,25.58,82.39,0.6204,-1,-1,-1
245,40,530.98,0.00,108.90,478.61,0.7262,-1,-1,-1
245,18,310.87,121.16,72.12,192.87,0.7881,-1,-1,-1
245,2,69.55,9.69,214.38,449.51,0.8554,-1,-1,-1
245,1,428.75,87.37,133.81,385.19,0.8595,-1,-1,-1
246,47,411.44,169.21,39.23,109.49,0.7344,-1,-1,-1
246,45,387.89,174.86,28.17,86.98,0.5743,-1,-1,-1
246,44,0.21,162.61,34.66,90.89,0.7543,-1,-1,-1
246,40,533.56,0.00,106.32,479.04,0.7503,-1,-1,-1
246,18,306.08,121.03,75.73,190.37,0.8130,-1,-1,-1
246,2,74.23,9.03,212.91,468.24,0.9024,-1,-1,-1
246,1,434.06,86.27,119.02,381.85,0.8572,-1,-1,-1
247,48,28.41,195.34,18.77,38.50,0.5785,-1,-1,-1
247,47,408.75,171.63,32.84,106.78,0.7497,-1,-1,-1
247,45,386.33,176.34,25.92,84.67,0.6351,-1,-1,-1
247,44,0.36,165.79,15.96,87.93,0.6920,-1,-1,-1
247,40,504.08,0.80,135.42,477.30,0.8080,-1,-1,-1
247,18,307.04,122.25,72.16,190.04,0.8131,-1,-1,-1
247,2,80.59,9.96,206.90,466.34,0.9035,-1,-1,-1
247,1,436.81,85.19,116.67,364.14,0.8353,-1,-1,-1
248,49,285.42,168.75,28.10,93.47,0.5167,-1,-1,-1
248,48,27.18,194.72,18.77,38.93,0.6142,-1,-1,-1
248,47,407.50,170.31,34.71,110.02,0.7696,-1,-1,-1
248,45,383.84,174.47,28.39,87.23,0.6758,-1,-1,-1
248,40,524.96,0.98,114.88,479.02,0.8617,-1,-1,-1
248,18,306.40,122.68,73.32,190.08,0.8409,-1,-1,-1
248,2,87.55,8.74,201.94,469.65,0.8324,-1,-1,-1
248,1,436.22,87.81,130.12,353.17,0.8476,-1,-1,-1
249,49,290.34,169.59,24.37,92.33,0.6559,-1,-1,-1
249,48,29.19,195.42,17.11,38.11,0.5672,-1,-1,-1
249,47,410.46,170.10,34.94,110.91,0.7719,-1,-1,-1
249,45,386.05,173.95,29.49,88.03,0.6869,-1,-1,-1
249,42,311.68,121.75,72.88,186.70,0.8360,-1,-1,-1
249,40,497.69,0.74,141.93,477.04,0.8527,-1,-1,-1
249,2,97.72,7.08,197.30,471.68,0.8886,-1,-1,-1
249,1,446.26,86.49,122.95,360.17,0.7639,-1,-1,-1
250,49,297.54,172.87,21.55,91.64,0.5939,-1,-1,-1
250,48,32.93,197.05,18.39,39.57,0.5370,-1,-1,-1
250,47,414.21,171.92,35.24,113.30,0.7798,-1,-1,-1
250,45,390.20,175.02,30.29,91.06,0.6794,-1,-1,-1
250,42,318.83,123.09,71.52,181.99,0.8529,-1,-1,-1
250,40,502.76,0.63,137.07,479.37,0.8214,-1,-1,-1
250,2,109.98,7.93,193.74,470.43,0.9174,-1,-1,-1
250,1,459.86,87.56,122.79,366.23,0.6555,-1,-1,-1
251,51,78.34,177.37,41.43,89.75,0.5208,-1,-1,-1
251,48,35.05,197.01,17.10,40.61,0.5071,-1,-1,-1
251,47,414.90,170.52,36.98,116.29,0.7776,-1,-1,-1
251,45,394.74,175.10,27.07,91.37,0.6135,-1,-1,-1
251,42,324.51,123.91,67.34,182.29,0.8605,-1,-1,-1
251,40,511.30,0.26,128.53,479.70,0.8438,-1,-1,-1
251,2,120.57,10.16,189.09,469.84,0.9129,-1,-1,-1
252,51,66.50,179.67,50.94,90.39,0.6009,-1,-1,-1
252,48,37.08,199.31,16.25,40.56,0.4359,-1,-1,-1
252,47,416.44,174.50,35.93,116.96,0.7352,-1,-1,-1
252,45,397.37,177.32,27.16,92.26,0.5382,-1,-1,-1
252,42,327.88,128.65,65.93,181.58,0.8592,-1,-1,-1
252,40,519.08,3.26,120.63,470.77,0.8710,-1,-1,-1
252,24,465.67,149.23,54.85,172.58,0.5296,-1,-1,-1
252,2,126.86,17.08,189.77,462.92,0.8902,-1,-1,-1
253,51,65.77,180.13,49.94,93.82,0.7021,-1,-1,-1
253,48,42.91,202.34,14.84,39.11,0.4385,-1,-1,-1
253,47,420.55,174.23,36.99,120.32,0.6896,-1,-1,-1
253,45,401.08,174.01,27.36,95.45,0.5321,-1,-1,-1
253,42,333.68,130.62,68.28,182.56,0.8573,-1,-1,-1
253,40,523.30,5.41,116.53,466.93,0.8819,-1,-1,-1
253,24,460.99,142.35,57.69,179.05,0.7375,-1,-1,-1
253,2,137.73,28.19,186.00,451.66,0.8999,-1,-1,-1
254,51,67.99,179.93,44.73,93.15,0.6661,-1,-1,-1
254,48,44.37,203.03,14.74,39.16,0.3576,-1,-1,-1
254,47,421.61,171.39,37.94,123.54,0.6800,-1,-1,-1
254,45,405.01,175.61,26.00,95.12,0.4114,-1,-1,-1
254,42,338.89,133.78,63.30,179.89,0.8496,-1,-1,-1
254,40,529.04,4.05,110.51,473.26,0.8783,-1,-1,-1
254,24,459.93,141.41,56.71,181.82,0.7379,-1,-1,-1
254,2,147.43,28.72,182.31,450.71,0.8915,-1,-1,-1
255,55,111.35,143.08,55.36,160.51,0.7454,-1,-1,-1
255,54,504.20,146.29,39.57,151.81,0.3810,-1,-1,-1
255,51,59.29,180.54,40.39,97.34,0.6410,-1,-1,-1
255,47,418.79,171.92,37.93,126.16,0.6412,-1,-1,-1
255,42,342.41,137.18,60.12,178.68,0.8388,-1,-1,-1
255,40,527.85,3.97,111.64,475.22,0.8990,-1,-1,-1
255,24,440.47,142.26,74.29,187.26,0.8487,-1,-1,-1
255,2,129.10,37.82,211.79,442.06,0.8651,-1,-1,-1
256,55,81.44,134.48,73.20,169.12,0.6311,-1,-1,-1
256,54,495.40,168.36,46.32,134.34,0.5908,-1,-1,-1
256,51,37.97,178.07,48.06,100.70,0.6234,-1,-1,-1
256,47,415.69,168.09,36.29,130.50,0.5575,-1,-1,-1
256,42,344.42,134.21,58.52,177.18,0.7646,-1,-1,-1
256,40,525.63,0.77,114.10,477.26,0.9070,-1,-1,-1
256,24,427.45,141.49,86.08,190.57,0.8100,-1,-1,-1
256,2,166.54,35.40,186.31,443.79,0.8961,-1,-1,-1
257,55,58.09,131.54,84.87,176.52,0.7950,-1,-1,-1
257,54,489.25,167.59,51.72,143.54,0.6826,-1,-1,-1
257,51,14.76,178.92,64.88,101.55,0.6380,-1,-1,-1
257,42,345.71,132.77,52.41,176.27,0.7826,-1,-1,-1
257,40,524.23,0.35,115.45,478.77,0.9039,-1,-1,-1
257,24,426.96,139.05,84.25,196.23,0.8733,-1,-1,-1
257,2,168.59,35.87,185.82,442.18,0.8837,-1,-1,-1
258,55,32.84,132.32,99.10,180.10,0.8588,-1,-1,-1
258,54,483.57,163.98,53.51,149.12,0.6870,-1,-1,-1
258,51,0.73,183.40,52.17,95.83,0.3849,-1,-1,-1
258,42,343.08,133.21,55.88,179.68,0.7984,-1,-1,-1
258,40,483.49,0.60,156.39,479.40,0.8379,-1,-1,-1
258,24,412.39,132.00,78.58,207.70,0.8206,-1,-1,-1
258,2,151.73,27.48,202.98,449.85,0.8614,-1,-1,-1
259,55,11.44,129.12,111.36,184.90,0.8812,-1,-1,-1
259,54,481.24,163.95,56.44,149.79,0.6149,-1,-1,-1
259,51,0.56,176.08,43.47,99.07,0.4509,-1,-1,-1
259,42,344.52,136.49,50.99,177.07,0.7993,-1,-1,-1
259,40,472.70,0.00,167.16,480.00,0.8552,-1,-1,-1
259,24,397.89,128.36,72.94,213.26,0.8711,-1,-1,-1
259,2,150.73,28.49,200.51,449.97,0.8739,-1,-1,-1
260,55,0.00,127.25,104.65,192.62,0.8999,-1,-1,-1
260,54,473.14,141.70,58.20,177.81,0.6937,-1,-1,-1
260,42,335.99,141.18,53.45,173.79,0.7813,-1,-1,-1
260,40,498.57,1.22,141.15,478.78,0.8915,-1,-1,-1
260,24,391.17,127.51,72.25,224.96,0.7478,-1,-1,-1
260,2,143.40,27.45,197.75,452.55,0.9073,-1,-1,-1
261,55,0.15,124.20,78.98,195.53,0.8624,-1,-1,-1
261,54,466.62,146.63,46.63,178.66,0.6198,-1,-1,-1
261,42,323.73,145.80,58.07,171.78,0.8077,-1,-1,-1
261,40,488.74,1.42,151.08,477.69,0.9111,-1,-1,-1
261,24,359.97,129.40,99.74,232.70,0.8354,-1,-1,-1
261,2,134.08,26.70,193.26,453.30,0.8996,-1,-1,-1
262,51,0.05,157.62,40.39,162.69,0.3278,-1,-1,-1
262,42,317.47,146.55,56.35,168.78,0.6460,-1,-1,-1
262,40,459.24,1.80,180.52,475.68,0.8909,-1,-1,-1
262,24,332.48,128.38,111.80,240.56,0.8339,-1,-1,-1
262,2,117.79,21.89,195.32,457.57,0.8417,-1,-1,-1
263,43,388.22,165.32,58.00,151.07,0.3998,-1,-1,-1
263,40,442.95,0.83,196.80,477.61,0.9250,-1,-1,-1
263,24,320.72,120.99,102.38,257.71,0.8726,-1,-1,-1
263,2,108.96,11.75,196.10,468.25,0.8953,-1,-1,-1
264,40,437.74,0.56,201.99,479.00,0.9049,-1,-1,-1
264,24,318.18,117.17,106.55,264.03,0.8487,-1,-1,-1
264,2,103.12,10.58,194.34,468.12,0.8481,-1,-1,-1
265,40,431.31,0.84,208.34,476.66,0.9104,-1,-1,-1
265,24,287.80,107.72,78.37,279.97,0.7721,-1,-1,-1
265,18,374.52,160.69,47.22,156.49,0.8165,-1,-1,-1
265,2,72.94,8.07,219.40,471.55,0.8510,-1,-1,-1
266,42,336.29,147.38,41.72,157.41,0.7446,-1,-1,-1
266,40,424.86,0.76,214.84,476.10,0.8704,-1,-1,-1
266,24,284.17,99.29,63.73,287.53,0.7698,-1,-1,-1
266,18,370.66,156.03,46.85,159.78,0.7845,-1,-1,-1
266,2,80.37,9.31,212.12,470.22,0.8525,-1,-1,-1
267,42,315.26,140.40,51.16,158.33,0.8248,-1,-1,-1
267,40,422.74,0.89,217.13,476.40,0.9144,-1,-1,-1
267,24,256.53,88.74,82.82,293.49,0.7857,-1,-1,-1
267,18,359.96,146.92,63.14,165.31,0.7854,-1,-1,-1
267,2,57.94,6.79,229.08,471.64,0.8257,-1,-1,-1
268,56,285.54,159.88,29.89,101.66,0.3469,-1,-1,-1
268,42,308.80,134.04,54.45,161.47,0.8494,-1,-1,-1
268,40,423.29,0.60,216.46,476.10,0.9181,-1,-1,-1
268,24,242.45,77.40,90.84,300.96,0.5005,-1,-1,-1
268,18,355.61,141.17,66.34,166.40,0.7799,-1,-1,-1
268,2,36.39,0.91,246.75,479.09,0.7729,-1,-1,-1
269,56,275.98,145.49,34.69,130.44,0.3925,-1,-1,-1
269,42,308.05,130.07,53.18,158.70,0.7998,-1,-1,-1
269,40,419.35,0.91,220.65,474.11,0.9118,-1,-1,-1
269,18,347.25,135.54,60.23,171.13,0.7763,-1,-1,-1
269,2,32.69,0.00,262.89,480.00,0.8082,-1,-1,-1
269,1,592.29,146.55,47.57,287.11,0.4691,-1,-1,-1
270,42,311.00,110.67,40.83,160.20,0.7386,-1,-1,-1
270,40,405.01,0.73,234.99,476.47,0.9089,-1,-1,-1
270,18,337.52,114.71,56.97,176.87,0.7990,-1,-1,-1
270,2,37.10,0.64,255.30,479.17,0.8815,-1,-1,-1
270,1,589.61,179.36,50.29,228.13,0.6831,-1,-1,-1
271,49,298.57,110.83,23.63,122.65,0.3445,-1,-1,-1
271,42,315.71,83.79,34.62,162.12,0.5844,-1,-1,-1
271,40,400.30,0.65,239.65,479.35,0.9133,-1,-1,-1
271,18,328.20,86.36,60.02,182.08,0.7888,-1,-1,-1
271,2,31.90,0.48,258.86,474.92,0.8836,-1,-1,-1
271,1,591.67,93.93,48.25,274.02,0.5441,-1,-1,-1
272,56,271.00,67.61,39.22,138.29,0.4075,-1,-1,-1
272,41,21.17,0.19,122.15,386.74,0.3707,-1,-1,-1
272,40,396.88,0.19,242.67,479.81,0.9160,-1,-1,-1
272,18,314.65,47.74,67.39,192.06,0.8087,-1,-1,-1
272,2,32.42,0.62,245.19,441.29,0.7831,-1,-1,-1
272,1,590.92,40.20,49.00,290.04,0.4050,-1,-1,-1
273,56,252.47,61.17,61.44,147.17,0.7550,-1,-1,-1
273,41,0.72,5.12,101.97,372.34,0.3702,-1,-1,-1
273,40,397.48,0.18,242.14,479.74,0.9118,-1,-1,-1
273,18,311.23,41.21,65.65,195.05,0.7507,-1,-1,-1
273,2,24.83,0.97,247.17,446.41,0.6991,-1,-1,-1
273,1,585.34,138.00,54.49,180.47,0.3699,-1,-1,-1
274,56,258.63,80.78,51.09,142.42,0.7572,-1,-1,-1
274,41,0.00,1.05,66.54,263.53,0.4696,-1,-1,-1
274,40,396.93,0.48,241.83,473.22,0.9034,-1,-1,-1
274,18,306.12,54.79,69.17,199.06,0.7756,-1,-1,-1
274,2,81.95,0.00,180.54,478.76,0.7078,-1,-1,-1
274,1,585.92,59.54,53.98,264.75,0.4818,-1,-1,-1
275,56,265.24,100.55,38.77,139.42,0.6515,-1,-1,-1
275,41,0.00,82.98,53.23,236.37,0.6453,-1,-1,-1
275,40,394.69,0.30,241.50,475.35,0.8676,-1,-1,-1
275,18,297.14,73.20,65.95,203.09,0.7900,-1,-1,-1
275,2,33.22,0.22,221.22,476.20,0.8454,-1,-1,-1
275,1,599.85,5.85,40.06,324.72,0.5053,-1,-1,-1
276,56,260.08,133.34,47.24,131.68,0.4932,-1,-1,-1
276,44,0.15,169.84,28.28,99.10,0.4699,-1,-1,-1
276,40,404.09,0.42,234.52,478.22,0.9044,-1,-1,-1
276,18,292.52,102.06,71.44,204.51,0.8093,-1,-1,-1
276,2,39.37,0.63,210.53,466.99,0.8094,-1,-1,-1
276,1,604.40,132.93,35.13,224.72,0.4007,-1,-1,-1
277,56,261.41,140.84,36.48,136.27,0.3702,-1,-1,-1
277,40,404.60,0.31,234.43,479.69,0.9186,-1,-1,-1
277,18,283.62,112.37,69.76,210.21,0.7235,-1,-1,-1
277,2,45.71,0.01,198.83,436.14,0.8310,-1,-1,-1
277,1,596.47,41.52,43.39,327.73,0.4080,-1,-1,-1
278,58,238.79,148.04,37.09,127.33,0.5453,-1,-1,-1
278,40,401.30,0.18,219.56,479.82,0.9041,-1,-1,-1
278,18,269.93,112.95,72.16,218.71,0.7791,-1,-1,-1
278,2,24.72,0.00,209.25,478.08,0.8501,-1,-1,-1
278,1,590.42,107.39,49.51,260.13,0.4625,-1,-1,-1
279,60,188.37,143.15,64.29,194.95,0.7392,-1,-1,-1
279,59,315.39,148.47,54.75,144.25,0.6582,-1,-1,-1
279,40,381.10,0.05,218.58,479.24,0.8976,-1,-1,-1
279,18,254.04,129.08,74.78,223.87,0.7790,-1,-1,-1
279,2,8.77,22.18,204.98,454.62,0.8796,-1,-1,-1
279,1,578.58,62.57,61.35,314.42,0.8095,-1,-1,-1
280,60,168.90,144.84,72.51,201.91,0.8065,-1,-1,-1
280,59,298.40,149.43,54.13,146.49,0.8052,-1,-1,-1
280,54,350.86,121.16,54.84,209.77,0.3086,-1,-1,-1
280,40,359.21,0.00,221.99,477.95,0.8897,-1,-1,-1
280,18,232.46,126.58,74.58,228.31,0.7875,-1,-1,-1
280,2,0.46,20.67,184.84,456.56,0.8899,-1,-1,-1
280,1,565.33,60.96,74.67,314.78,0.8294,-1,-1,-1
281,60,140.01,132.46,74.13,200.76,0.8364,-1,-1,-1
281,59,269.13,138.32,51.49,145.02,0.8328,-1,-1,-1
281,54,317.30,101.71,57.81,220.07,0.6763,-1,-1,-1
281,40,330.88,0.49,233.47,479.51,0.9070,-1,-1,-1
281,18,193.77,105.65,78.41,243.66,0.7882,-1,-1,-1
281,2,0.14,3.08,146.85,476.92,0.9054,-1,-1,-1
281,1,543.45,58.45,83.84,307.32,0.8293,-1,-1,-1
282,60,137.38,135.06,37.69,189.03,0.6083,-1,-1,-1
282,59,259.35,145.05,42.82,143.92,0.8063,-1,-1,-1
282,54,291.30,73.75,75.29,299.73,0.5361,-1,-1,-1
282,40,329.28,0.58,238.42,479.42,0.9031,-1,-1,-1
282,18,162.48,106.81,82.92,256.16,0.8022,-1,-1,-1
282,2,0.18,11.08,117.43,466.32,0.8912,-1,-1,-1
282,1,531.97,97.01,80.33,293.40,0.4119,-1,-1,-1
283,60,110.68,166.77,45.23,150.07,0.6089,-1,-1,-1
283,56,263.20,158.22,36.81,144.56,0.7234,-1,-1,-1
283,54,289.97,88.02,62.94,189.31,0.5580,-1,-1,-1
283,40,349.97,0.00,234.32,480.00,0.8830,-1,-1,-1
283,18,147.78,115.37,92.73,266.11,0.8316,-1,-1,-1
283,2,0.25,21.51,117.95,455.78,0.8595,-1,-1,-1
283,1,529.34,136.52,76.54,279.24,0.3845,-1,-1,-1
284,62,317.93,129.23,83.02,289.32,0.7438,-1,-1,-1
284,60,117.49,164.90,43.48,152.39,0.7256,-1,-1,-1
284,56,274.58,160.28,40.37,144.53,0.7296,-1,-1,-1
284,54,297.66,85.41,69.00,232.49,0.5064,-1,-1,-1
284,40,380.61,0.66,226.53,479.34,0.8912,-1,-1,-1
284,18,149.38,113.09,94.72,272.53,0.8489,-1,-1,-1
284,2,0.23,17.17,127.22,461.88,0.8173,-1,-1,-1
285,62,338.22,84.79,88.86,332.58,0.8514,-1,-1,-1
285,60,121.80,160.62,47.06,158.85,0.6720,-1,-1,-1
285,58,241.06,171.04,32.70,127.62,0.4862,-1,-1,-1
285,56,290.04,158.97,36.84,141.79,0.7030,-1,-1,-1
285,54,311.24,74.13,69.06,279.87,0.7347,-1,-1,-1
285,40,412.34,0.61,225.34,479.39,0.9174,-1,-1,-1
285,18,159.90,105.44,89.56,277.53,0.8549,-1,-1,-1
285,2,0.22,17.70,134.29,461.86,0.8868,-1,-1,-1
286,62,354.01,77.28,104.09,360.09,0.8756,-1,-1,-1
286,60,129.71,164.60,41.79,160.95,0.6713,-1,-1,-1
286,58,252.01,173.08,34.26,129.43,0.4767,-1,-1,-1
286,54,316.95,72.38,77.23,284.69,0.6259,-1,-1,-1
286,40,442.56,0.66,197.34,478.67,0.9101,-1,-1,-1
286,18,164.93,105.36,92.06,283.75,0.8644,-1,-1,-1
286,2,0.18,29.30,141.38,450.70,0.9024,-1,-1,-1
287,62,367.66,66.59,121.33,383.43,0.8855,-1,-1,-1
287,60,136.63,162.53,39.49,166.14,0.6261,-1,-1,-1
287,58,265.50,172.90,33.62,128.27,0.4459,-1,-1,-1
287,54,328.84,72.27,80.12,293.80,0.7644,-1,-1,-1
287,40,472.10,0.01,167.66,479.35,0.8892,-1,-1,-1
287,18,168.54,104.24,100.02,289.50,0.8162,-1,-1,-1
287,2,0.17,37.40,146.11,442.60,0.8947,-1,-1,-1
288,62,383.65,56.48,142.42,404.99,0.8845,-1,-1,-1
288,59,138.31,160.09,46.46,166.23,0.6099,-1,-1,-1
288,58,277.81,168.48,31.49,132.30,0.5892,-1,-1,-1
288,54,339.43,64.55,85.00,303.23,0.8195,-1,-1,-1
288,40,503.11,0.00,136.69,479.61,0.8586,-1,-1,-1
288,18,173.77,99.11,95.20,303.06,0.8310,-1,-1,-1
288,2,0.07,39.51,149.87,440.49,0.8995,-1,-1,-1
289,63,260.28,157.92,47.41,177.02,0.6806,-1,-1,-1
289,62,406.30,51.78,150.13,422.30,0.8817,-1,-1,-1
289,59,146.89,158.43,60.30,175.32,0.6038,-1,-1,-1
289,56,294.32,169.81,33.59,132.91,0.5502,-1,-1,-1
289,54,356.93,60.41,86.31,314.70,0.7690,-1,-1,-1
289,40,556.98,6.02,82.87,471.58,0.8151,-1,-1,-1
289,18,185.07,101.32,99.34,316.46,0.8152,-1,-1,-1
289,2,0.31,51.33,160.15,428.38,0.9024,-1,-1,-1
289,1,525.33,75.87,57.30,362.42,0.5403,-1,-1,-1
290,62,431.09,38.35,163.39,441.65,0.8745,-1,-1,-1
290,59,158.73,156.33,47.22,177.90,0.6924,-1,-1,-1
290,56,288.71,160.41,42.00,178.94,0.5818,-1,-1,-1
290,54,375.30,51.73,89.99,339.10,0.8408,-1,-1,-1
290,42,316.90,173.15,32.32,125.49,0.4797,-1,-1,-1
290,40,558.44,63.74,68.89,372.28,0.5648,-1,-1,-1
290,18,196.53,98.98,103.08,327.93,0.8003,-1,-1,-1
290,2,0.73,59.30,173.50,420.39,0.8948,-1,-1,-1
291,62,449.64,25.17,178.88,450.13,0.8855,-1,-1,-1
291,59,166.43,151.69,49.75,179.73,0.7069,-1,-1,-1
291,54,391.02,42.33,107.49,352.62,0.8331,-1,-1,-1
291,42,306.99,161.75,50.57,176.52,0.6886,-1,-1,-1
291,40,587.68,55.98,52.00,397.31,0.6427,-1,-1,-1
291,18,211.16,91.56,104.49,345.46,0.8386,-1,-1,-1
291,2,3.48,56.43,178.16,423.57,0.8693,-1,-1,-1
292,64,359.33,183.04,24.56,116.23,0.3400,-1,-1,-1
292,62,471.85,11.97,168.00,466.82,0.8920,-1,-1,-1
292,59,170.52,156.64,56.17,176.51,0.7101,-1,-1,-1
292,54,406.92,36.95,112.52,371.97,0.8805,-1,-1,-1
292,42,322.65,167.03,58.36,174.56,0.7876,-1,-1,-1
292,18,222.07,88.31,112.77,364.44,0.8386,-1,-1,-1
292,2,11.02,53.86,180.02,425.51,0.8850,-1,-1,-1
293,62,488.39,0.00,151.58,479.56,0.8872,-1,-1,-1
293,59,167.15,150.27,63.59,183.63,0.5397,-1,-1,-1
293,54,417.47,25.51,122.58,402.15,0.8619,-1,-1,-1
293,42,332.23,168.45,63.63,173.83,0.8566,-1,-1,-1
293,18,231.33,76.87,111.14,373.60,0.8476,-1,-1,-1
293,2,12.74,45.17,181.75,434.83,0.9075,-1,-1,-1
294,62,513.97,1.58,125.81,476.30,0.8178,-1,-1,-1
294,54,430.18,17.18,133.16,423.26,0.8432,-1,-1,-1
294,42,349.30,166.51,65.22,175.72,0.8114,-1,-1,-1
294,18,238.75,68.16,118.11,394.77,0.8386,-1,-1,-1
294,2,24.84,46.07,178.42,433.93,0.8776,-1,-1,-1
295,65,214.00,192.66,38.14,114.66,0.7581,-1,-1,-1
295,62,536.69,69.63,102.69,410.00,0.8527,-1,-1,-1
295,54,443.16,8.50,142.98,442.25,0.8817,-1,-1,-1
295,42,370.50,165.06,59.51,172.34,0.7779,-1,-1,-1
295,41,1.19,130.23,64.42,291.33,0.3216,-1,-1,-1
295,18,244.90,57.77,122.63,414.16,0.8832,-1,-1,-1
295,2,39.31,47.08,178.69,432.65,0.7478,-1,-1,-1
296,66,219.82,194.96,40.56,114.65,0.7646,-1,-1,-1
296,62,556.59,63.03,83.25,416.97,0.7010,-1,-1,-1
296,54,452.13,1.38,153.55,460.19,0.8692,-1,-1,-1
296,42,385.48,163.91,56.77,177.27,0.8126,-1,-1,-1
296,41,11.25,131.68,60.03,181.00,0.6204,-1,-1,-1
296,18,250.52,50.29,124.64,425.45,0.8884,-1,-1,-1
296,2,1.83,55.30,219.57,423.00,0.8219,-1,-1,-1
297,66,222.87,195.39,37.52,111.47,0.4859,-1,-1,-1
297,54,460.19,0.00,165.54,465.59,0.8800,-1,-1,-1
297,42,387.19,161.95,68.45,176.19,0.8627,-1,-1,-1
297,41,0.21,125.48,69.76,213.19,0.7809,-1,-1,-1
297,40,590.58,108.19,49.13,332.06,0.4685,-1,-1,-1
297,18,247.61,35.09,132.36,441.71,0.8810,-1,-1,-1
297,2,3.47,55.10,224.44,422.95,0.8672,-1,-1,-1
298,54,467.45,0.12,172.27,479.21,0.9150,-1,-1,-1
298,42,399.05,166.21,84.62,171.35,0.8572,-1,-1,-1
298,41,0.05,120.96,54.06,194.53,0.8388,-1,-1,-1
298,18,237.51,18.24,143.92,460.86,0.8798,-1,-1,-1
298,2,50.63,54.74,186.23,424.19,0.7868,-1,-1,-1
299,67,394.24,172.31,36.09,124.46,0.3712,-1,-1,-1
299,64,366.43,169.27,39.64,129.38,0.5946,-1,-1,-1
299,54,472.43,0.38,167.36,479.62,0.9085,-1,-1,-1
299,42,403.96,168.46,86.18,169.27,0.8670,-1,-1,-1
299,41,0.20,117.09,51.77,202.31,0.8597,-1,-1,-1
299,18,238.90,8.40,139.47,471.60,0.8844,-1,-1,-1
299,2,62.36,53.51,180.96,424.53,0.8572,-1,-1,-1
300,67,406.82,174.09,31.34,118.34,0.4041,-1,-1,-1
300,64,369.44,167.98,49.50,138.11,0.7340,-1,-1,-1
300,54,487.79,0.00,151.95,480.00,0.8959,-1,-1,-1
300,42,411.92,164.58,82.91,171.64,0.8895,-1,-1,-1
300,41,0.19,136.68,58.63,198.36,0.8117,-1,-1,-1
300,18,225.10,0.00,146.20,478.09,0.8595,-1,-1,-1
300,2,79.89,50.45,164.80,429.55,0.8134,-1,-1,-1
301,67,404.64,192.07,34.77,102.93,0.4450,-1,-1,-1
301,64,364.87,166.19,56.02,139.26,0.7596,-1,-1,-1
301,54,495.38,0.00,144.59,478.24,0.9063,-1,-1,-1
301,42,419.47,163.42,78.09,172.56,0.8431,-1,-1,-1
301,41,0.17,149.36,61.98,176.62,0.7265,-1,-1,-1
301,18,208.82,0.00,168.42,480.00,0.9033,-1,-1,-1
301,2,87.85,47.65,150.68,431.28,0.8625,-1,-1,-1
302,64,361.06,164.70,71.39,142.21,0.6591,-1,-1,-1
302,59,60.99,108.50,79.02,315.02,0.6071,-1,-1,-1
302,58,332.19,193.38,29.24,109.29,0.4978,-1,-1,-1
302,54,510.91,0.11,129.08,479.89,0.9076,-1,-1,-1
302,42,442.09,160.11,63.28,173.33,0.7802,-1,-1,-1
302,41,0.82,145.19,52.86,170.12,0.6396,-1,-1,-1
302,18,175.74,0.00,180.49,478.52,0.8281,-1,-1,-1
302,2,96.73,41.98,137.18,432.88,0.7949,-1,-1,-1
303,64,381.32,163.01,57.39,143.17,0.6276,-1,-1,-1
303,59,48.05,101.88,90.19,305.42,0.6892,-1,-1,-1
303,58,337.03,192.33,31.79,119.12,0.6986,-1,-1,-1
303,56,307.93,161.44,39.32,156.17,0.6537,-1,-1,-1
303,54,526.19,0.00,113.67,480.00,0.8999,-1,-1,-1
303,42,450.65,158.83,69.18,174.05,0.7802,-1,-1,-1
303,41,9.94,145.65,52.31,169.42,0.6054,-1,-1,-1
303,2,100.04,0.12,222.65,479.81,0.6806,-1,-1,-1
304,64,384.38,160.26,53.76,140.38,0.6641,-1,-1,-1
304,63,276.57,154.20,38.31,145.45,0.5709,-1,-1,-1
304,59,1.71,92.27,118.27,296.97,0.8246,-1,-1,-1
304,58,335.93,191.58,50.94,122.20,0.6369,-1,-1,-1
304,56,281.53,160.87,65.51,154.73,0.5009,-1,-1,-1
304,54,540.09,2.68,99.76,477.32,0.8460,-1,-1,-1
304,42,460.54,157.72,64.72,173.06,0.8056,-1,-1,-1
304,2,108.11,0.00,187.75,476.45,0.7527,-1,-1,-1
304,1,531.00,183.83,50.30,188.57,0.4727,-1,-1,-1
305,64,385.92,160.60,50.62,148.47,0.7341,-1,-1,-1
305,63,278.66,157.70,37.41,150.89,0.5751,-1,-1,-1
305,59,0.02,91.01,143.49,302.57,0.8745,-1,-1,-1
305,58,334.77,189.26,58.47,126.70,0.7111,-1,-1,-1
305,56,301.24,156.57,54.30,160.36,0.5838,-1,-1,-1
305,54,556.54,5.15,83.36,473.82,0.7593,-1,-1,-1
305,42,463.30,161.64,65.65,171.38,0.8324,-1,-1,-1
305,2,85.42,0.71,186.25,469.72,0.3604,-1,-1,-1
305,1,524.87,142.20,72.56,234.17,0.7762,-1,-1,-1
306,66,227.21,132.27,54.38,177.34,0.3061,-1,-1,-1
306,64,383.83,159.18,56.56,148.66,0.7650,-1,-1,-1
306,63,270.75,161.13,37.30,147.17,0.5977,-1,-1,-1
306,59,0.52,86.09,85.42,232.33,0.3066,-1,-1,-1
306,58,348.69,188.56,40.55,125.31,0.5551,-1,-1,-1
306,56,304.53,153.62,51.84,163.88,0.6872,-1,-1,-1
306,54,577.80,0.00,61.83,480.00,0.4555,-1,-1,-1
306,42,464.56,161.42,71.45,169.42,0.8052,-1,-1,-1
306,2,3.79,0.82,242.14,466.22,0.3519,-1,-1,-1
306,1,511.88,134.16,93.70,242.98,0.8045,-1,-1,-1
307,64,385.01,158.67,65.84,148.90,0.7864,-1,-1,-1
307,63,266.36,153.23,41.89,150.19,0.4171,-1,-1,-1
307,58,341.88,187.08,46.41,127.93,0.5546,-1,-1,-1
307,56,304.93,152.78,51.92,166.17,0.7663,-1,-1,-1
307,42,466.95,164.42,61.97,169.65,0.7174,-1,-1,-1
307,18,177.16,100.13,101.03,337.49,0.6152,-1,-1,-1
307,2,0.29,0.34,214.42,477.56,0.3878,-1,-1,-1
307,1,507.72,128.08,110.92,249.66,0.8133,-1,-1,-1
308,70,468.07,168.38,29.36,122.20,0.4675,-1,-1,-1
308,64,384.32,158.99,74.31,147.98,0.8042,-1,-1,-1
308,63,274.18,179.88,32.60,111.61,0.4046,-1,-1,-1
308,58,354.62,185.62,35.45,129.51,0.7031,-1,-1,-1
308,56,307.98,151.05,51.08,168.47,0.7905,-1,-1,-1
308,42,477.36,173.76,60.25,154.11,0.3120,-1,-1,-1
308,18,150.06,58.70,137.17,416.52,0.8634,-1,-1,-1
308,1,496.57,123.40,123.08,259.14,0.8263,-1,-1,-1
309,70,467.64,169.19,33.38,121.21,0.6659,-1,-1,-1
309,64,389.28,158.38,71.03,150.75,0.8142,-1,-1,-1
309,58,363.57,185.07,36.82,128.93,0.6374,-1,-1,-1
309,56,309.19,150.87,70.17,169.52,0.8432,-1,-1,-1
309,18,115.57,57.25,179.35,422.75,0.8759,-1,-1,-1
309,2,0.16,0.75,107.36,478.27,0.5362,-1,-1,-1
309,1,490.40,118.59,136.40,282.30,0.8728,-1,-1,-1
310,70,463.92,175.58,37.97,117.76,0.6793,-1,-1,-1
310,64,394.78,159.08,61.90,153.95,0.7614,-1,-1,-1
310,59,39.71,116.01,52.40,205.44,0.5631,-1,-1,-1
310,58,363.39,186.02,54.50,131.64,0.6419,-1,-1,-1
310,56,305.27,152.36,79.63,171.79,0.8537,-1,-1,-1
310,18,105.06,85.57,187.19,394.43,0.8673,-1,-1,-1
310,1,496.58,119.48,138.22,292.81,0.8442,-1,-1,-1
311,70,459.78,177.32,38.08,116.20,0.7470,-1,-1,-1
311,64,396.42,159.29,59.95,157.67,0.7741,-1,-1,-1
311,58,364.47,187.50,56.54,133.26,0.6609,-1,-1,-1
311,56,297.71,152.84,84.72,173.80,0.8541,-1,-1,-1
311,41,0.15,153.31,43.03,155.07,0.5233,-1,-1,-1
311,18,117.45,82.38,170.16,397.62,0.8416,-1,-1,-1
311,2,38.01,72.97,111.28,370.74,0.8239,-1,-1,-1
311,1,494.44,115.24,143.98,317.55,0.8847,-1,-1,-1
312,70,453.70,177.47,36.29,116.10,0.7331,-1,-1,-1
312,64,396.71,153.77,60.83,164.03,0.7222,-1,-1,-1
312,58,362.68,189.26,55.99,134.02,0.6165,-1,-1,-1
312,56,292.75,150.86,87.24,178.30,0.8818,-1,-1,-1
312,18,114.92,62.47,166.35,415.66,0.8812,-1,-1,-1
312,2,0.00,60.77,125.26,392.41,0.8998,-1,-1,-1
312,1,489.70,105.97,144.71,333.01,0.8927,-1,-1,-1
313,70,445.98,178.11,38.13,113.79,0.7123,-1,-1,-1
313,64,397.40,156.66,59.90,162.40,0.7332,-1,-1,-1
313,63,271.95,177.33,36.52,139.06,0.3463,-1,-1,-1
313,58,358.78,188.71,53.42,137.81,0.6824,-1,-1,-1
313,56,295.32,150.06,83.25,180.71,0.8425,-1,-1,-1
313,18,108.48,68.83,168.92,409.88,0.8785,-1,-1,-1
313,2,0.00,51.39,99.34,412.49,0.8864,-1,-1,-1
313,1,483.54,95.37,144.86,348.27,0.8806,-1,-1,-1
314,70,444.12,177.37,34.83,114.24,0.6570,-1,-1,-1
314,64,399.29,155.86,59.19,164.26,0.7812,-1,-1,-1
314,59,37.61,145.40,71.63,177.35,0.3322,-1,-1,-1
314,58,364.15,185.09,47.86,140.33,0.7039,-1,-1,-1
314,56,300.76,148.92,80.83,183.43,0.8188,-1,-1,-1
314,18,108.32,66.11,171.67,413.84,0.8712,-1,-1,-1
314,2,0.09,38.56,82.94,435.60,0.8192,-1,-1,-1
314,1,479.68,85.45,149.98,362.91,0.8715,-1,-1,-1
315,64,406.39,159.73,67.20,162.45,0.7405,-1,-1,-1
315,59,5.12,149.65,84.94,181.62,0.7586,-1,-1,-1
315,58,375.83,189.78,47.69,145.22,0.6791,-1,-1,-1
315,56,314.84,152.09,63.25,187.54,0.8029,-1,-1,-1
315,18,114.36,69.31,173.65,410.69,0.8883,-1,-1,-1
315,1,479.34,78.78,159.71,394.21,0.8984,-1,-1,-1
316,64,416.28,156.77,61.76,162.06,0.7187,-1,-1,-1
316,59,19.55,145.76,65.00,179.30,0.8001,-1,-1,-1
316,58,374.45,188.67,72.71,145.30,0.8181,-1,-1,-1
316,56,318.97,146.23,67.15,192.92,0.7822,-1,-1,-1
316,41,0.00,110.71,21.73,194.99,0.4941,-1,-1,-1
316,18,118.51,64.92,178.02,415.08,0.8937,-1,-1,-1
316,1,480.75,66.87,158.62,413.13,0.9018,-1,-1,-1
317,64,427.49,156.15,58.49,167.42,0.7289,-1,-1,-1
317,59,31.40,145.68,55.99,178.25,0.8410,-1,-1,-1
317,58,386.85,188.64,77.07,148.20,0.5475,-1,-1,-1
317,56,324.16,143.79,79.64,197.19,0.8410,-1,-1,-1
317,18,124.78,65.50,178.51,413.46,0.8972,-1,-1,-1
317,1,488.00,51.67,151.94,428.33,0.9216,-1,-1,-1
318,64,435.07,156.68,58.87,166.59,0.7452,-1,-1,-1
318,59,32.85,146.12,58.86,179.31,0.8351,-1,-1,-1
318,58,397.82,185.07,73.06,151.85,0.7634,-1,-1,-1
318,56,326.64,142.00,84.13,200.42,0.8617,-1,-1,-1
318,18,129.25,67.49,184.46,412.51,0.8460,-1,-1,-1
318,1,492.12,41.16,147.81,438.84,0.9193,-1,-1,-1
319,64,443.65,149.84,59.36,171.37,0.6664,-1,-1,-1
319,59,37.47,145.73,61.53,176.98,0.8263,-1,-1,-1
319,58,407.62,183.73,71.97,151.90,0.5634,-1,-1,-1
319,56,330.81,126.12,96.07,216.44,0.8664,-1,-1,-1
319,18,137.73,71.34,178.36,406.66,0.8767,-1,-1,-1
319,1,503.43,14.80,136.40,463.14,0.9128,-1,-1,-1
320,64,459.23,145.57,59.04,175.74,0.4720,-1,-1,-1
320,59,33.61,143.14,72.58,177.17,0.8178,-1,-1,-1
320,58,421.32,172.44,63.48,162.29,0.6891,-1,-1,-1
320,56,332.88,132.39,102.88,208.75,0.8862,-1,-1,-1
320,18,149.99,74.68,176.17,404.66,0.8651,-1,-1,-1
320,1,518.57,0.00,121.18,480.00,0.8851,-1,-1,-1
321,73,152.27,119.72,57.20,191.48,0.4303,-1,-1,-1
321,59,44.79,135.36,70.51,179.67,0.8634,-1,-1,-1
321,58,459.17,171.93,39.70,161.41,0.5410,-1,-1,-1
321,56,343.60,125.28,102.76,215.59,0.8862,-1,-1,-1
321,42,547.25,51.26,92.59,426.64,0.3465,-1,-1,-1
321,18,171.37,52.97,167.83,426.58,0.8705,-1,-1,-1
322,73,144.66,111.70,69.39,196.36,0.7455,-1,-1,-1
322,64,472.13,160.33,65.12,170.62,0.6783,-1,-1,-1
322,59,58.04,129.48,65.50,177.91,0.8230,-1,-1,-1
322,58,459.49,164.75,29.25,107.19,0.5174,-1,-1,-1
322,56,356.68,116.45,102.98,219.31,0.8588,-1,-1,-1
322,40,593.69,61.22,46.22,262.09,0.7485,-1,-1,-1
322,18,184.13,44.78,169.98,435.22,0.8802,-1,-1,-1
323,77,542.69,151.25,57.81,144.64,0.5038,-1,-1,-1
323,73,141.03,103.23,79.20,217.98,0.8353,-1,-1,-1
323,64,482.39,162.53,63.33,169.21,0.5734,-1,-1,-1
323,59,74.39,125.31,59.59,176.02,0.8200,-1,-1,-1
323,58,467.50,165.09,38.34,108.57,0.7131,-1,-1,-1
323,56,385.18,113.74,93.32,225.40,0.8611,-1,-1,-1
323,18,197.68,39.67,174.53,440.33,0.9010,-1,-1,-1
324,73,136.33,97.21,84.01,223.66,0.8335,-1,-1,-1
324,64,489.64,157.44,100.92,174.24,0.7858,-1,-1,-1
324,59,79.18,122.53,60.00,176.43,0.7951,-1,-1,-1
324,58,474.56,163.12,34.62,108.29,0.6750,-1,-1,-1
324,56,403.79,108.18,81.33,229.70,0.8246,-1,-1,-1
324,18,205.16,31.74,178.99,448.26,0.9035,-1,-1,-1
325,77,568.77,165.36,38.43,149.87,0.3110,-1,-1,-1
325,73,125.53,91.66,87.18,242.35,0.8381,-1,-1,-1
325,70,380.92,143.88,52.33,175.73,0.7264,-1,-1,-1
325,64,512.31,152.75,90.16,178.31,0.7677,-1,-1,-1
325,59,67.16,122.50,76.81,176.67,0.7949,-1,-1,-1
325,56,421.64,100.30,76.48,238.25,0.8089,-1,-1,-1
325,18,216.37,32.85,180.21,447.15,0.9066,-1,-1,-1
326,79,387.43,142.35,50.28,177.67,0.6702,-1,-1,-1
326,77,584.28,165.44,37.49,148.95,0.4574,-1,-1,-1
326,74,512.80,118.37,74.93,197.37,0.4441,-1,-1,-1
326,73,116.68,89.23,90.61,248.56,0.8177,-1,-1,-1
326,64,530.76,151.07,77.21,180.30,0.6975,-1,-1,-1
326,59,66.22,124.31,85.99,178.52,0.7125,-1,-1,-1
326,56,431.81,98.29,75.45,244.23,0.8656,-1,-1,-1
326,18,216.09,36.49,183.37,443.47,0.8992,-1,-1,-1
327,79,394.17,139.81,52.87,178.39,0.7291,-1,-1,-1
327,74,515.38,113.60,85.59,200.98,0.7677,-1,-1,-1
327,73,99.67,81.41,95.97,258.99,0.8710,-1,-1,-1
327,64,563.34,144.11,67.65,184.06,0.8159,-1,-1,-1
327,59,74.00,124.12,70.02,176.19,0.6389,-1,-1,-1
327,56,433.86,94.04,87.02,248.47,0.8880,-1,-1,-1
327,41,0.11,123.88,29.81,161.67,0.7698,-1,-1,-1
327,18,219.48,37.80,187.09,440.32,0.8833,-1,-1,-1
328,79,401.63,138.96,48.52,132.28,0.3024,-1,-1,-1
328,74,520.24,111.13,89.24,212.45,0.4230,-1,-1,-1
328,73,89.13,78.29,92.13,277.96,0.7857,-1,-1,-1
328,64,568.75,143.68,71.03,191.36,0.7822,-1,-1,-1
328,58,513.12,137.14,46.19,158.33,0.4089,-1,-1,-1
328,56,429.69,93.99,101.46,250.53,0.8788,-1,-1,-1
328,41,0.06,125.60,32.21,159.02,0.7584,-1,-1,-1
328,18,208.79,41.19,206.30,434.79,0.8397,-1,-1,-1
329,79,407.66,137.47,45.96,138.71,0.4204,-1,-1,-1
329,74,537.52,107.46,72.81,208.54,0.5157,-1,-1,-1
329,73,53.19,67.73,111.75,291.85,0.8753,-1,-1,-1
329,64,564.47,146.06,75.33,189.20,0.8074,-1,-1,-1
329,58,511.78,138.03,54.32,155.47,0.4946,-1,-1,-1
329,56,424.06,92.62,107.08,254.08,0.8939,-1,-1,-1
329,41,0.26,125.05,46.59,157.64,0.7696,-1,-1,-1
329,18,223.55,40.04,193.69,439.96,0.8234,-1,-1,-1
330,79,410.39,140.26,47.73,151.41,0.5148,-1,-1,-1
330,74,552.97,109.07,58.88,217.26,0.5737,-1,-1,-1
330,73,44.07,62.02,107.86,307.40,0.8382,-1,-1,-1
330,64,559.80,149.98,80.13,190.29,0.7780,-1,-1,-1
330,58,503.69,138.24,60.47,161.22,0.6628,-1,-1,-1
330,56,421.38,94.28,106.33,259.53,0.8872,-1,-1,-1
330,41,0.11,130.85,47.60,156.15,0.6371,-1,-1,-1
330,18,241.95,34.97,179.99,445.03,0.8508,-1,-1,-1
331,79,391.89,142.20,73.37,191.90,0.6659,-1,-1,-1
331,74,562.06,110.76,56.99,227.99,0.7401,-1,-1,-1
331,73,22.56,54.06,114.97,319.63,0.8642,-1,-1,-1
331,58,498.69,138.48,62.78,162.05,0.5727,-1,-1,-1
331,56,427.21,94.72,101.36,263.24,0.8694,-1,-1,-1
331,41,0.16,132.16,46.64,158.19,0.6221,-1,-1,-1
331,18,241.62,32.74,182.00,447.26,0.8661,-1,-1,-1
332,79,412.35,136.51,56.34,198.24,0.6837,-1,-1,-1
332,74,560.65,106.98,72.73,218.54,0.7998,-1,-1,-1
332,73,3.98,41.35,110.11,339.25,0.8851,-1,-1,-1
332,56,446.58,88.81,95.44,264.90,0.8648,-1,-1,-1
332,18,240.48,27.45,184.91,452.42,0.9126,-1,-1,-1
333,79,423.09,131.77,52.95,206.39,0.7995,-1,-1,-1
333,74,559.43,108.96,80.42,226.26,0.8703,-1,-1,-1
333,73,0.00,34.12,99.56,351.78,0.9165,-1,-1,-1
333,56,456.12,88.04,85.77,265.15,0.8394,-1,-1,-1
333,18,243.45,25.37,181.99,454.63,0.8933,-1,-1,-1
334,79,418.60,130.09,60.88,211.64,0.8471,-1,-1,-1
334,74,552.53,108.81,87.34,222.04,0.9007,-1,-1,-1
334,73,0.21,23.90,67.16,367.77,0.8868,-1,-1,-1
334,56,462.37,83.30,92.62,271.35,0.8788,-1,-1,-1
334,18,240.43,29.78,180.91,450.22,0.8956,-1,-1,-1
335,82,28.34,121.23,71.05,181.37,0.7376,-1,-1,-1
335,79,416.20,132.57,57.50,213.14,0.6963,-1,-1,-1
335,74,548.92,110.90,90.94,220.63,0.8956,-1,-1,-1
335,73,0.13,45.66,49.10,354.96,0.8329,-1,-1,-1
335,56,463.76,84.74,90.52,271.62,0.8360,-1,-1,-1
335,18,240.26,29.47,179.68,447.77,0.9060,-1,-1,-1
336,82,26.69,115.76,61.70,178.21,0.7517,-1,-1,-1
336,79,410.42,128.51,81.11,219.25,0.6558,-1,-1,-1
336,74,552.85,104.38,86.99,225.68,0.8825,-1,-1,-1
336,56,464.28,77.89,100.58,273.62,0.8488,-1,-1,-1
336,41,0.00,121.09,39.75,174.04,0.3883,-1,-1,-1
336,18,240.63,22.75,178.09,454.24,0.9051,-1,-1,-1
337,82,28.85,110.85,56.25,174.93,0.8422,-1,-1,-1
337,79,410.45,120.06,94.10,229.30,0.7626,-1,-1,-1
337,74,572.27,97.30,67.61,223.48,0.8724,-1,-1,-1
337,56,464.85,71.66,114.65,273.96,0.8442,-1,-1,-1
337,18,240.37,13.02,182.13,466.98,0.9130,-1,-1,-1
338,82,25.14,113.48,62.86,179.42,0.8276,-1,-1,-1
338,79,425.58,116.54,70.64,226.38,0.7688,-1,-1,-1
338,74,594.76,97.03,45.17,223.14,0.8012,-1,-1,-1
338,56,469.01,69.30,114.36,284.68,0.8407,-1,-1,-1
338,41,0.12,165.09,35.80,125.39,0.6238,-1,-1,-1
338,18,240.78,19.97,186.34,459.33,0.9028,-1,-1,-1
339,82,23.68,113.33,63.52,181.46,0.8276,-1,-1,-1
339,79,432.33,115.68,71.47,221.54,0.7678,-1,-1,-1
339,74,595.37,94.32,44.63,229.66,0.8487,-1,-1,-1
339,56,465.62,68.87,118.20,289.05,0.8681,-1,-1,-1
339,41,0.00,154.81,26.69,136.54,0.4021,-1,-1,-1
339,18,240.60,17.04,186.84,462.96,0.9062,-1,-1,-1
340,89,188.18,198.20,15.95,40.74,0.4482,-1,-1,-1
340,82,13.74,113.29,94.97,182.48,0.8412,-1,-1,-1
340,79,460.26,116.86,53.93,213.65,0.7131,-1,-1,-1
340,74,603.28,94.68,36.45,229.85,0.8176,-1,-1,-1
340,56,467.53,67.86,130.28,289.55,0.8769,-1,-1,-1
340,41,0.11,114.96,22.85,174.57,0.5379,-1,-1,-1
340,18,241.98,12.43,191.91,467.57,0.8865,-1,-1,-1
341,90,433.89,108.18,53.54,210.46,0.7801,-1,-1,-1
341,82,2.50,117.30,112.55,181.94,0.8641,-1,-1,-1
341,79,475.77,120.47,53.74,224.53,0.7192,-1,-1,-1
341,74,610.20,120.30,29.66,208.51,0.6630,-1,-1,-1
341,56,496.17,65.83,118.44,294.94,0.8618,-1,-1,-1
341,41,0.04,115.48,27.69,173.79,0.6962,-1,-1,-1
341,18,250.40,14.95,185.53,465.05,0.8717,-1,-1,-1
342,93,228.56,170.30,35.66,86.67,0.6958,-1,-1,-1
342,90,432.65,104.27,65.64,218.32,0.7183,-1,-1,-1
342,82,0.03,117.05,113.44,181.61,0.8865,-1,-1,-1
342,79,486.51,112.92,60.79,236.65,0.8003,-1,-1,-1
342,74,612.77,105.52,27.00,224.53,0.4782,-1,-1,-1
342,56,516.75,60.16,114.36,299.88,0.8154,-1,-1,-1
342,41,0.00,113.60,36.69,177.53,0.7069,-1,-1,-1
342,18,252.09,14.15,194.45,465.85,0.8405,-1,-1,-1
343,93,222.93,173.51,38.28,88.89,0.7602,-1,-1,-1
343,90,453.29,104.07,57.58,219.81,0.7993,-1,-1,-1
343,82,24.90,119.88,87.63,173.88,0.8431,-1,-1,-1
343,79,497.02,117.45,72.16,239.89,0.7784,-1,-1,-1
343,56,546.28,59.83,93.32,308.37,0.8512,-1,-1,-1
343,41,0.28,119.68,51.56,182.11,0.7696,-1,-1,-1
343,18,248.70,17.01,215.79,462.99,0.8244,-1,-1,-1
344,93,219.72,172.89,37.10,90.52,0.7700,-1,-1,-1
344,90,459.93,103.71,57.10,228.99,0.7392,-1,-1,-1
344,89,187.07,202.17,15.31,41.34,0.3153,-1,-1,-1
344,82,36.28,119.92,73.57,177.73,0.8141,-1,-1,-1
344,79,500.15,120.86,80.83,238.68,0.8536,-1,-1,-1
344,56,557.57,58.73,82.26,316.32,0.8876,-1,-1,-1
344,41,0.19,121.82,56.04,177.74,0.7613,-1,-1,-1
344,18,258.16,14.94,214.22,465.06,0.8383,-1,-1,-1
345,93,207.87,169.71,45.53,94.45,0.7460,-1,-1,-1
345,90,466.39,97.94,49.68,235.02,0.4727,-1,-1,-1
345,89,186.96,200.06,16.20,41.51,0.3221,-1,-1,-1
345,82,61.00,115.71,51.52,180.48,0.8049,-1,-1,-1
345,79,514.47,117.48,80.28,241.94,0.8286,-1,-1,-1
345,56,575.21,55.71,64.70,321.24,0.8783,-1,-1,-1
345,41,0.06,122.96,68.68,171.57,0.8403,-1,-1,-1
345,18,273.68,4.86,215.74,473.28,0.8091,-1,-1,-1
346,93,208.43,176.17,47.87,95.62,0.7932,-1,-1,-1
346,90,461.91,103.77,55.96,245.55,0.4935,-1,-1,-1
346,82,73.52,125.25,50.06,179.61,0.7772,-1,-1,-1
346,79,543.32,116.04,83.98,255.74,0.7938,-1,-1,-1
346,56,595.87,58.93,43.87,329.52,0.7630,-1,-1,-1
346,41,0.53,132.58,77.17,170.38,0.8445,-1,-1,-1
346,18,298.72,5.21,196.91,474.79,0.7972,-1,-1,-1
347,93,214.23,176.24,44.44,96.58,0.7568,-1,-1,-1
347,90,489.92,96.12,57.35,247.15,0.4440,-1,-1,-1
347,82,84.68,128.93,62.91,177.40,0.8376,-1,-1,-1
347,79,570.73,113.17,69.16,264.59,0.8130,-1,-1,-1
347,41,9.10,130.76,76.81,174.85,0.8242,-1,-1,-1
347,18,304.64,1.50,206.73,478.50,0.8327,-1,-1,-1
348,93,214.65,170.74,40.72,99.90,0.6575,-1,-1,-1
348,90,491.45,86.12,83.92,263.77,0.3042,-1,-1,-1
348,82,84.66,128.63,77.66,173.52,0.8690,-1,-1,-1
348,79,583.40,107.20,56.50,258.62,0.8473,-1,-1,-1
348,41,26.83,126.24,63.09,174.17,0.7701,-1,-1,-1
348,18,313.38,1.38,204.45,478.62,0.7771,-1,-1,-1
349,93,207.67,170.77,43.65,102.09,0.5484,-1,-1,-1
349,90,500.42,82.94,63.71,279.28,0.5501,-1,-1,-1
349,82,85.73,133.22,84.99,169.16,0.8356,-1,-1,-1
349,79,597.48,112.95,42.50,258.51,0.7196,-1,-1,-1
349,59,50.58,128.53,54.94,174.73,0.7852,-1,-1,-1
349,41,25.73,158.58,34.63,118.51,0.5404,-1,-1,-1
349,18,317.63,1.74,208.76,476.55,0.8069,-1,-1,-1
350,93,203.63,170.21,43.48,104.09,0.6746,-1,-1,-1
350,90,508.32,78.62,57.72,300.34,0.7981,-1,-1,-1
350,82,85.82,131.00,84.88,174.34,0.8513,-1,-1,-1
350,79,607.75,134.49,32.25,239.27,0.6289,-1,-1,-1
350,59,52.87,130.39,54.75,170.79,0.7858,-1,-1,-1
350,41,25.84,158.51,36.07,117.57,0.5302,-1,-1,-1
350,18,319.12,1.17,207.68,478.83,0.8555,-1,-1,-1
351,93,198.48,167.84,45.17,103.32,0.6916,-1,-1,-1
351,90,512.74,62.73,66.66,329.62,0.7699,-1,-1,-1
351,82,119.09,127.03,52.52,170.41,0.8051,-1,-1,-1
351,77,565.56,154.64,54.95,103.37,0.4165,-1,-1,-1
351,59,51.41,128.59,84.40,170.02,0.8458,-1,-1,-1
351,41,23.26,154.10,42.78,120.11,0.5899,-1,-1,-1
351,18,321.04,1.20,211.64,478.80,0.8401,-1,-1,-1
352,93,194.38,165.21,46.25,107.84,0.7722,-1,-1,-1
352,90,510.33,59.11,90.81,346.38,0.5618,-1,-1,-1
352,82,133.23,125.21,50.86,170.41,0.8236,-1,-1,-1
352,73,0.00,108.14,47.18,244.06,0.4299,-1,-1,-1
352,59,52.47,130.05,99.45,165.58,0.8872,-1,-1,-1
352,41,25.57,151.35,47.48,120.80,0.3501,-1,-1,-1
352,18,324.43,1.31,196.57,476.79,0.8306,-1,-1,-1
353,93,196.51,160.32,42.94,109.49,0.5692,-1,-1,-1
353,90,515.19,49.08,105.53,370.65,0.8688,-1,-1,-1
353,82,144.10,120.96,54.42,171.85,0.8178,-1,-1,-1
353,73,0.15,87.72,34.59,257.83,0.7841,-1,-1,-1
353,59,57.81,130.90,92.96,161.97,0.8760,-1,-1,-1
353,41,27.54,144.24,42.90,124.69,0.3285,-1,-1,-1
353,18,328.87,1.02,204.25,478.88,0.8405,-1,-1,-1
354,95,530.42,56.96,40.05,71.18,0.5136,-1,-1,-1
354,93,197.36,164.76,37.72,106.00,0.6843,-1,-1,-1
354,90,524.69,43.50,114.13,384.89,0.9041,-1,-1,-1
354,82,151.59,126.41,62.84,171.95,0.8321,-1,-1,-1
354,73,0.27,88.41,43.59,263.76,0.7611,-1,-1,-1
354,59,66.10,133.76,87.31,163.34,0.8425,-1,-1,-1
354,18,329.53,1.35,211.71,477.96,0.8397,-1,-1,-1
355,95,537.31,47.56,47.63,110.80,0.5613,-1,-1,-1
355,90,548.76,32.83,91.08,406.53,0.8925,-1,-1,-1
355,82,151.91,134.83,87.99,166.49,0.8619,-1,-1,-1
355,73,0.11,70.78,70.91,298.95,0.8492,-1,-1,-1
355,59,96.59,133.74,73.97,163.26,0.8370,-1,-1,-1
355,18,327.44,0.73,224.78,476.29,0.7053,-1,-1,-1
356,90,558.52,13.85,81.34,421.92,0.8952,-1,-1,-1
356,82,148.51,130.41,90.10,166.06,0.8627,-1,-1,-1
356,73,0.05,42.93,78.08,317.65,0.8705,-1,-1,-1
356,59,112.98,127.38,59.34,163.92,0.7901,-1,-1,-1
356,18,326.95,0.58,235.52,471.06,0.6621,-1,-1,-1
357,90,575.68,11.46,64.21,468.54,0.7956,-1,-1,-1
357,82,157.09,127.66,79.06,166.36,0.8382,-1,-1,-1
357,73,0.00,39.35,104.46,309.42,0.9115,-1,-1,-1
357,59,125.50,125.94,55.28,161.18,0.7953,-1,-1,-1
357,18,325.44,0.60,234.95,479.40,0.7520,-1,-1,-1
358,96,534.88,20.38,79.63,375.33,0.8245,-1,-1,-1
358,90,585.30,64.41,54.44,382.05,0.7905,-1,-1,-1
358,82,172.24,130.29,61.05,164.96,0.7142,-1,-1,-1
358,73,0.12,45.25,107.43,307.45,0.9061,-1,-1,-1
358,59,126.06,132.28,60.08,162.22,0.8414,-1,-1,-1
358,18,327.83,0.84,237.43,479.16,0.7977,-1,-1,-1
359,96,532.37,41.62,82.48,388.23,0.8600,-1,-1,-1
359,93,186.99,153.90,46.30,164.28,0.7840,-1,-1,-1
359,90,594.67,87.61,45.11,370.65,0.7896,-1,-1,-1
359,73,0.02,79.06,98.78,303.98,0.9117,-1,-1,-1
359,59,117.52,160.05,75.98,157.73,0.8436,-1,-1,-1
359,18,329.08,16.80,232.44,459.61,0.8331,-1,-1,-1
360,96,535.07,40.23,100.75,410.87,0.8535,-1,-1,-1
360,93,193.39,161.06,42.19,165.32,0.8011,-1,-1,-1
360,74,614.05,106.74,25.72,211.52,0.3688,-1,-1,-1
360,73,0.02,85.26,94.17,306.82,0.9074,-1,-1,-1
360,59,117.49,162.29,75.93,164.29,0.8403,-1,-1,-1
360,18,332.06,28.34,230.25,449.02,0.8131,-1,-1,-1
361,96,526.96,21.25,112.84,422.43,0.8874,-1,-1,-1
361,93,188.83,157.57,47.87,164.85,0.8306,-1,-1,-1
361,73,0.07,75.06,87.04,315.02,0.9181,-1,-1,-1
361,59,116.58,161.06,69.60,160.77,0.8034,-1,-1,-1
361,18,334.57,19.02,224.90,456.74,0.8068,-1,-1,-1
362,96,526.36,0.00,113.55,443.79,0.8872,-1,-1,-1
362,93,181.19,154.30,55.29,162.61,0.8648,-1,-1,-1
362,73,0.25,65.89,89.85,321.38,0.8997,-1,-1,-1
362,59,135.17,154.09,48.28,155.46,0.7194,-1,-1,-1
362,18,335.24,11.81,222.39,465.98,0.8220,-1,-1,-1
363,97,97.10,174.20,48.33,135.18,0.7429,-1,-1,-1
363,96,534.05,0.00,105.79,453.52,0.8737,-1,-1,-1
363,93,178.95,157.19,62.09,162.66,0.8107,-1,-1,-1
363,73,0.08,67.46,97.92,325.61,0.8985,-1,-1,-1
363,59,139.44,154.67,47.24,156.05,0.7852,-1,-1,-1
363,18,340.86,12.68,220.07,463.60,0.8707,-1,-1,-1
364,97,93.55,180.00,46.52,138.22,0.7115,-1,-1,-1
364,96,546.81,2.14,93.03,477.86,0.8257,-1,-1,-1
364,93,183.08,164.12,58.92,163.99,0.8288,-1,-1,-1
364,73,0.00,76.46,104.29,327.31,0.8802,-1,-1,-1
364,59,146.61,163.07,46.91,157.47,0.8067,-1,-1,-1
364,18,353.44,18.30,206.40,458.50,0.8312,-1,-1,-1
365,97,81.32,178.20,50.55,145.66,0.3857,-1,-1,-1
365,96,548.54,37.57,91.28,441.40,0.8249,-1,-1,-1
365,93,192.80,168.81,48.70,160.52,0.8370,-1,-1,-1
365,73,0.05,84.83,103.33,323.12,0.8848,-1,-1,-1
365,59,142.63,168.73,53.43,157.41,0.8372,-1,-1,-1
365,18,352.31,21.50,202.69,458.50,0.8641,-1,-1,-1
366,96,570.70,29.78,69.17,445.99,0.8544,-1,-1,-1
366,93,193.29,155.00,48.49,160.11,0.8535,-1,-1,-1
366,73,0.06,72.49,101.97,321.12,0.8833,-1,-1,-1
366,59,129.62,160.59,83.86,153.70,0.8547,-1,-1,-1
366,18,350.67,17.60,199.77,462.40,0.8090,-1,-1,-1
367,96,595.56,37.36,44.23,441.54,0.4219,-1,-1,-1
367,93,201.46,147.59,49.65,158.96,0.8117,-1,-1,-1
367,74,602.12,33.88,37.81,260.91,0.6349,-1,-1,-1
367,73,0.00,63.41,113.45,320.70,0.6889,-1,-1,-1
367,59,132.36,152.09,76.16,151.64,0.8684,-1,-1,-1
367,18,357.74,12.71,202.28,467.29,0.7837,-1,-1,-1
368,93,212.62,149.20,55.94,159.25,0.8367,-1,-1,-1
368,73,0.00,65.92,122.26,323.01,0.9084,-1,-1,-1
368,59,142.63,154.96,72.46,151.25,0.8734,-1,-1,-1
368,18,369.54,14.19,206.86,461.56,0.7975,-1,-1,-1
369,93,222.54,156.31,66.76,159.78,0.8792,-1,-1,-1
369,73,0.00,77.20,135.28,309.85,0.9081,-1,-1,-1
369,59,161.14,159.98,67.52,153.06,0.8359,-1,-1,-1
369,18,382.85,14.89,208.30,465.11,0.7996,-1,-1,-1
370,93,220.00,162.01,67.88,157.17,0.8730,-1,-1,-1
370,73,0.00,77.56,135.33,305.30,0.9046,-1,-1,-1
370,59,175.75,161.69,57.26,149.53,0.8050,-1,-1,-1
370,18,413.97,11.03,182.87,468.97,0.7042,-1,-1,-1
371,93,221.50,159.95,65.87,157.42,0.8602,-1,-1,-1
371,89,176.51,219.04,18.61,50.53,0.5300,-1,-1,-1
371,73,0.00,74.74,135.04,308.12,0.8933,-1,-1,-1
371,59,188.15,156.80,49.87,153.38,0.8102,-1,-1,-1
371,18,377.37,6.83,232.86,472.51,0.7239,-1,-1,-1
372,99,0.05,161.09,41.81,213.70,0.4370,-1,-1,-1
372,93,231.01,159.12,61.57,155.24,0.8307,-1,-1,-1
372,73,7.99,73.55,132.05,307.65,0.8883,-1,-1,-1
372,59,195.08,158.60,50.71,151.40,0.8386,-1,-1,-1
372,18,391.77,0.51,239.24,474.26,0.7743,-1,-1,-1
373,99,0.18,110.67,38.18,269.03,0.5749,-1,-1,-1
373,93,249.92,156.94,55.46,157.81,0.8103,-1,-1,-1
373,89,182.73,220.00,19.90,47.81,0.4381,-1,-1,-1
373,73,21.44,79.76,131.19,307.82,0.8768,-1,-1,-1
373,59,206.05,159.17,54.94,150.66,0.7865,-1,-1,-1
373,18,389.67,0.45,249.72,477.75,0.7732,-1,-1,-1
374,99,0.10,105.80,48.04,275.65,0.8113,-1,-1,-1
374,93,267.28,158.36,45.24,157.49,0.8148,-1,-1,-1
374,89,186.96,220.82,20.30,49.39,0.6452,-1,-1,-1
374,73,26.97,85.16,133.17,310.81,0.9136,-1,-1,-1
374,59,212.24,165.23,60.27,146.87,0.8289,-1,-1,-1
374,18,395.96,0.61,243.81,479.39,0.8054,-1,-1,-1
375,99,0.06,102.35,51.09,280.98,0.8407,-1,-1,-1
375,93,273.44,157.56,44.92,157.50,0.8193,-1,-1,-1
375,89,187.85,221.10,17.77,47.63,0.4490,-1,-1,-1
375,73,29.93,79.59,127.68,319.37,0.9087,-1,-1,-1
375,59,214.54,164.41,60.33,146.99,0.8251,-1,-1,-1
375,18,416.70,0.36,222.98,479.64,0.8334,-1,-1,-1
376,99,0.18,99.96,60.41,281.17,0.8470,-1,-1,-1
376,93,277.80,159.62,45.34,154.13,0.8112,-1,-1,-1
376,89,187.44,218.70,18.72,48.53,0.4900,-1,-1,-1
376,73,34.63,79.85,130.07,312.52,0.8995,-1,-1,-1
376,59,221.69,162.30,55.13,149.59,0.8277,-1,-1,-1
376,18,427.33,0.77,212.45,479.23,0.8703,-1,-1,-1
377,101,445.80,192.56,40.80,89.80,0.6950,-1,-1,-1
377,99,0.23,96.91,65.46,289.51,0.8690,-1,-1,-1
377,93,279.27,161.02,47.79,153.89,0.8217,-1,-1,-1
377,89,185.87,217.27,20.24,49.74,0.5296,-1,-1,-1
377,73,35.59,73.15,137.01,314.84,0.9036,-1,-1,-1
377,59,229.64,159.50,48.23,145.61,0.8410,-1,-1,-1
377,18,454.33,18.43,185.15,460.56,0.8275,-1,-1,-1
378,101,447.99,193.09,39.71,91.50,0.7469,-1,-1,-1
378,99,0.20,96.40,66.77,290.71,0.8418,-1,-1,-1
378,93,281.63,159.69,48.50,156.00,0.7885,-1,-1,-1
378,89,186.78,216.89,18.89,48.86,0.4004,-1,-1,-1
378,73,44.09,72.54,131.07,305.48,0.9043,-1,-1,-1
378,59,234.20,159.13,45.17,147.71,0.8088,-1,-1,-1
378,18,480.30,26.65,159.26,451.18,0.7828,-1,-1,-1
379,101,446.73,191.31,41.60,88.44,0.7361,-1,-1,-1
379,99,0.21,95.66,55.32,276.47,0.8316,-1,-1,-1
379,93,288.04,155.48,47.38,154.69,0.8251,-1,-1,-1
379,73,44.42,70.33,129.19,311.49,0.9090,-1,-1,-1
379,59,237.79,158.39,44.25,147.87,0.7582,-1,-1,-1
379,18,505.18,40.97,134.69,439.03,0.8237,-1,-1,-1
380,101,444.67,193.07,40.97,91.70,0.7602,-1,-1,-1
380,99,0.22,100.61,55.35,278.97,0.8307,-1,-1,-1
380,93,292.35,158.94,45.22,153.49,0.8534,-1,-1,-1
380,73,41.14,72.08,129.35,318.46,0.9091,-1,-1,-1
380,59,238.18,161.83,53.84,147.97,0.7780,-1,-1,-1
380,18,532.33,54.76,107.67,423.96,0.7981,-1,-1,-1
381,102,508.97,164.66,65.79,168.46,0.7992,-1,-1,-1
381,101,443.00,195.91,42.10,91.73,0.6533,-1,-1,-1
381,99,0.08,111.79,49.33,271.46,0.8099,-1,-1,-1
381,93,293.39,161.67,46.15,155.27,0.8392,-1,-1,-1
381,73,37.74,75.62,126.61,324.69,0.9010,-1,-1,-1
381,59,234.68,169.48,59.59,144.83,0.8034,-1,-1,-1
381,18,552.42,79.35,87.10,399.29,0.8513,-1,-1,-1
382,102,508.71,164.00,77.34,172.78,0.8208,-1,-1,-1
382,101,448.13,195.14,37.83,90.29,0.5550,-1,-1,-1
382,99,0.08,125.03,40.16,208.72,0.7745,-1,-1,-1
382,93,292.17,159.33,52.47,157.37,0.8306,-1,-1,-1
382,73,33.37,75.60,123.24,331.57,0.8929,-1,-1,-1
382,59,231.38,170.00,58.75,144.16,0.7872,-1,-1,-1
382,18,574.59,119.33,65.26,358.33,0.8175,-1,-1,-1
383,104,441.07,203.90,20.92,79.92,0.3231,-1,-1,-1
383,102,503.50,163.27,89.17,179.93,0.8431,-1,-1,-1
383,101,442.74,200.84,36.30,86.15,0.5172,-1,-1,-1
383,99,0.00,137.47,37.85,198.76,0.7274,-1,-1,-1
383,93,289.68,161.34,58.63,160.12,0.8609,-1,-1,-1
383,90,592.47,232.81,47.40,245.86,0.6736,-1,-1,-1
383,73,21.75,75.72,125.31,338.00,0.9024,-1,-1,-1
383,59,228.11,171.95,58.93,145.14,0.8325,-1,-1,-1
384,102,509.43,152.60,82.58,186.72,0.8692,-1,-1,-1
384,101,433.26,196.23,43.47,88.22,0.5960,-1,-1,-1
384,99,0.14,177.86,24.85,143.47,0.5622,-1,-1,-1
384,93,283.80,161.57,56.10,157.93,0.8819,-1,-1,-1
384,73,5.07,72.96,126.85,335.18,0.8992,-1,-1,-1
384,59,230.19,166.10,58.40,145.10,0.8166,-1,-1,-1
385,102,512.41,148.16,78.75,193.14,0.8484,-1,-1,-1
385,101,432.32,194.36,42.52,86.57,0.7245,-1,-1,-1
385,93,283.14,160.23,55.42,157.81,0.8696,-1,-1,-1
385,73,0.00,66.62,126.63,333.60,0.9165,-1,-1,-1
385,59,235.91,162.37,51.36,146.41,0.8231,-1,-1,-1
386,102,524.55,143.40,57.28,206.68,0.8516,-1,-1,-1
386,101,428.24,191.24,43.37,86.95,0.6964,-1,-1,-1
386,93,284.83,156.89,53.53,158.11,0.8677,-1,-1,-1
386,73,0.00,62.34,121.10,337.88,0.9177,-1,-1,-1
386,59,238.72,159.23,50.23,150.13,0.8104,-1,-1,-1
387,102,523.23,137.15,68.74,221.64,0.8724,-1,-1,-1
387,101,421.54,190.83,41.75,87.17,0.6862,-1,-1,-1
387,93,288.36,153.01,46.92,159.29,0.8402,-1,-1,-1
387,73,0.05,57.60,118.04,350.28,0.9154,-1,-1,-1
387,59,234.90,159.57,54.25,149.05,0.8197,-1,-1,-1
388,105,381.88,219.98,13.34,31.36,0.3615,-1,-1,-1
388,102,521.69,135.97,70.09,230.48,0.8616,-1,-1,-1
388,101,417.87,190.61,39.90,89.94,0.5975,-1,-1,-1
388,93,288.62,155.10,44.27,160.33,0.8040,-1,-1,-1
388,73,0.10,57.06,111.38,358.50,0.9081,-1,-1,-1
388,59,234.44,164.01,51.72,146.89,0.8593,-1,-1,-1
389,104,427.24,197.25,24.35,87.47,0.4457,-1,-1,-1
389,102,522.93,136.56,73.16,243.96,0.8784,-1,-1,-1
389,101,412.48,198.74,23.58,84.20,0.3860,-1,-1,-1
389,93,284.43,163.29,45.44,159.63,0.7681,-1,-1,-1
389,73,0.05,59.38,106.01,358.00,0.9009,-1,-1,-1
389,59,228.27,171.57,52.68,144.23,0.8680,-1,-1,-1
390,102,519.12,125.69,75.92,253.53,0.8743,-1,-1,-1
390,101,404.04,194.76,38.94,85.43,0.6975,-1,-1,-1
390,93,275.99,163.17,51.90,154.37,0.8280,-1,-1,-1
390,73,0.03,58.70,95.35,341.33,0.8814,-1,-1,-1
390,59,222.18,167.34,54.17,149.35,0.8404,-1,-1,-1
391,102,505.41,114.43,99.26,266.76,0.8817,-1,-1,-1
391,101,395.80,192.09,35.78,84.14,0.6727,-1,-1,-1
391,93,268.13,162.76,48.64,153.89,0.7899,-1,-1,-1
391,73,0.28,93.86,78.37,311.19,0.8842,-1,-1,-1
391,59,215.70,164.02,49.50,143.41,0.8552,-1,-1,-1
392,102,498.64,107.68,120.95,275.57,0.8902,-1,-1,-1
392,101,388.60,192.30,36.77,78.52,0.7530,-1,-1,-1
392,93,264.01,157.10,50.51,158.24,0.7474,-1,-1,-1
392,73,0.04,96.53,65.12,312.31,0.8573,-1,-1,-1
392,59,213.61,160.93,47.26,145.74,0.8308,-1,-1,-1
393,102,489.65,106.93,150.19,302.36,0.9024,-1,-1,-1
393,101,382.69,196.57,37.18,82.65,0.7261,-1,-1,-1
393,93,259.11,163.45,52.80,153.16,0.8070,-1,-1,-1
393,73,0.28,103.09,51.90,310.52,0.7827,-1,-1,-1
393,59,209.87,164.19,46.17,149.89,0.8189,-1,-1,-1
394,112,342.49,221.02,12.51,33.42,0.3721,-1,-1,-1
394,102,492.46,103.29,147.53,313.35,0.9113,-1,-1,-1
394,101,383.18,195.84,37.62,83.36,0.7383,-1,-1,-1
394,93,260.80,161.71,51.11,154.47,0.7964,-1,-1,-1
394,73,0.25,104.07,66.04,313.19,0.6986,-1,-1,-1
394,59,211.85,165.14,46.08,150.29,0.8241,-1,-1,-1
395,111,82.99,221.84,19.16,61.06,0.4358,-1,-1,-1
395,102,486.88,93.59,152.99,336.38,0.9142,-1,-1,-1
395,101,377.97,193.09,37.05,84.06,0.7643,-1,-1,-1
395,99,0.23,103.75,36.01,225.71,0.6572,-1,-1,-1
395,93,255.19,158.83,51.19,154.99,0.8399,-1,-1,-1
395,59,207.57,161.80,52.39,149.89,0.8528,-1,-1,-1
396,102,487.84,87.27,152.04,362.08,0.9193,-1,-1,-1
396,101,373.39,197.22,35.49,82.46,0.7305,-1,-1,-1
396,99,0.02,110.11,25.49,223.37,0.6882,-1,-1,-1
396,93,253.72,161.06,47.99,155.65,0.8374,-1,-1,-1
396,59,202.96,166.52,57.00,149.65,0.8393,-1,-1,-1
397,102,493.18,76.40,146.65,387.57,0.9148,-1,-1,-1
397,101,370.81,200.27,31.61,80.42,0.4883,-1,-1,-1
397,93,254.12,165.34,47.68,154.97,0.8372,-1,-1,-1
397,59,198.83,169.65,54.45,147.29,0.8518,-1,-1,-1
398,114,305.90,224.22,13.14,32.33,0.3167,-1,-1,-1
398,102,511.97,60.80,127.88,411.42,0.8971,-1,-1,-1
398,101,369.60,202.23,32.70,80.23,0.5849,-1,-1,-1
398,93,254.03,169.19,46.73,154.38,0.8323,-1,-1,-1
398,59,199.17,173.05,51.70,146.78,0.8326,-1,-1,-1
399,115,321.95,220.50,14.75,34.95,0.3613,-1,-1,-1
399,102,522.70,38.97,117.30,440.36,0.8849,-1,-1,-1
399,101,368.37,196.30,35.75,83.85,0.5750,-1,-1,-1
399,93,252.72,166.12,49.41,155.29,0.8189,-1,-1,-1
399,59,200.18,169.69,51.53,147.28,0.8105,-1,-1,-1
400,115,316.50,218.07,13.52,35.51,0.3486,-1,-1,-1
400,102,539.97,24.00,99.86,456.00,0.8500,-1,-1,-1
400,101,364.30,195.12,32.71,84.13,0.7030,-1,-1,-1
400,93,250.63,164.59,48.89,152.31,0.8583,-1,-1,-1
400,59,205.64,164.45,44.50,147.63,0.8164,-1,-1,-1
401,102,564.14,26.79,75.64,453.21,0.8554,-1,-1,-1
401,101,359.53,198.68,32.56,81.15,0.4781,-1,-1,-1
401,93,248.77,164.28,48.65,150.16,0.8305,-1,-1,-1
401,59,199.79,163.69,51.64,147.31,0.8369,-1,-1,-1
402,102,584.47,80.55,55.39,399.45,0.8286,-1,-1,-1
402,93,246.05,160.78,45.73,150.22,0.8264,-1,-1,-1
402,59,196.68,160.94,50.19,148.46,0.8395,-1,-1,-1
403,102,599.08,102.98,40.74,375.28,0.4065,-1,-1,-1
403,101,352.08,193.71,34.46,84.83,0.4302,-1,-1,-1
403,93,244.18,167.28,50.47,148.67,0.8472,-1,-1,-1
403,59,197.19,165.79,49.86,147.82,0.8562,-1,-1,-1
404,101,350.59,193.97,34.74,81.94,0.5321,-1,-1,-1
404,93,243.71,166.88,51.91,149.45,0.8152,-1,-1,-1
404,59,197.59,168.01,48.52,145.20,0.8519,-1,-1,-1
405,114,300.60,216.19,14.14,34.07,0.3749,-1,-1,-1
405,101,348.42,193.38,31.96,79.39,0.5739,-1,-1,-1
405,93,243.86,165.12,51.87,148.29,0.8254,-1,-1,-1
405,59,195.00,167.74,51.77,143.04,0.8553,-1,-1,-1
406,101,347.40,191.81,32.86,82.17,0.6690,-1,-1,-1
406,93,244.01,164.81,48.99,144.63,0.8269,-1,-1,-1
406,59,194.55,166.09,52.46,139.98,0.8376,-1,-1,-1
407,101,347.23,192.26,31.52,78.94,0.6996,-1,-1,-1
407,93,248.91,160.47,46.69,144.04,0.8036,-1,-1,-1
407,59,195.50,159.78,50.64,143.20,0.8292,-1,-1,-1
408,101,345.71,191.19,32.55,78.30,0.7892,-1,-1,-1
408,93,249.95,158.75,45.88,144.57,0.8270,-1,-1,-1
408,59,197.72,155.20,46.09,147.45,0.8223,-1,-1,-1
409,101,345.34,187.84,33.25,79.83,0.7920,-1,-1,-1
409,93,249.01,157.37,46.07,145.19,0.8138,-1,-1,-1
409,59,196.13,156.42,45.63,144.77,0.8381,-1,-1,-1
410,101,339.50,184.56,34.81,80.66,0.5619,-1,-1,-1
410,93,246.77,157.60,47.19,145.71,0.8264,-1,-1,-1
410,59,191.53,159.16,48.82,142.28,0.8355,-1,-1,-1
411,101,334.95,189.48,34.19,74.96,0.3812,-1,-1,-1
411,93,242.63,158.44,45.19,145.60,0.8173,-1,-1,-1
411,59,183.54,159.33,52.22,139.59,0.8485,-1,-1,-1
412,101,328.23,188.97,33.00,77.46,0.6979,-1,-1,-1
412,93,238.39,162.21,45.56,142.20,0.8013,-1,-1,-1
412,59,183.92,162.86,43.82,140.28,0.8241,-1,-1,-1
413,101,325.39,187.38,34.18,76.78,0.5355,-1,-1,-1
413,93,235.85,159.64,47.87,142.60,0.7736,-1,-1,-1
413,59,182.95,162.13,44.34,139.80,0.8219,-1,-1,-1
414,101,317.88,188.55,36.71,76.84,0.6140,-1,-1,-1
414,93,233.65,162.79,46.32,139.56,0.7850,-1,-1,-1
414,90,566.13,193.02,73.73,237.91,0.6413,-1,-1,-1
414,59,178.82,161.10,48.32,140.09,0.8274,-1,-1,-1
415,101,312.21,191.80,32.98,74.00,0.4623,-1,-1,-1
415,93,227.79,159.94,45.55,140.69,0.8078,-1,-1,-1
415,90,546.50,133.01,93.50,283.51,0.8507,-1,-1,-1
415,59,173.16,160.00,48.46,140.26,0.8282,-1,-1,-1
416,101,304.46,195.28,27.94,72.50,0.3422,-1,-1,-1
416,93,221.61,164.98,46.08,139.24,0.7812,-1,-1,-1
416,90,543.94,93.07,96.06,334.68,0.8902,-1,-1,-1
416,59,169.94,161.93,50.52,138.92,0.8228,-1,-1,-1
417,101,300.75,193.16,31.40,77.57,0.6704,-1,-1,-1
417,93,218.64,169.92,42.84,137.56,0.7351,-1,-1,-1
417,90,544.54,41.39,95.38,393.53,0.8589,-1,-1,-1
417,59,168.70,163.94,48.99,140.50,0.8350,-1,-1,-1
418,101,297.09,193.79,31.14,72.75,0.6017,-1,-1,-1
418,93,210.68,167.75,51.68,135.60,0.8222,-1,-1,-1
418,90,543.89,28.41,95.95,406.98,0.8707,-1,-1,-1
418,59,166.65,163.72,48.15,137.26,0.8471,-1,-1,-1
419,101,294.70,191.91,31.87,75.58,0.7493,-1,-1,-1
419,93,209.44,169.38,49.68,135.22,0.8021,-1,-1,-1
419,90,526.18,26.11,113.56,411.66,0.8963,-1,-1,-1
419,59,164.06,166.98,49.90,135.43,0.8384,-1,-1,-1
420,101,288.26,193.72,32.61,70.58,0.7502,-1,-1,-1
420,93,208.64,169.04,44.78,133.16,0.7918,-1,-1,-1
420,90,494.04,23.21,145.82,423.12,0.9185,-1,-1,-1
420,59,160.17,166.84,49.51,135.52,0.8040,-1,-1,-1
421,101,280.69,191.49,32.44,74.09,0.8139,-1,-1,-1
421,93,203.23,167.34,42.85,129.18,0.7576,-1,-1,-1
421,90,472.86,28.82,166.77,420.29,0.9188,-1,-1,-1
421,59,153.55,167.08,47.40,129.64,0.8401,-1,-1,-1
422,101,277.89,189.95,30.89,74.73,0.7365,-1,-1,-1
422,93,199.29,163.36,42.89,132.70,0.7861,-1,-1,-1
422,90,465.12,32.45,174.27,416.73,0.9190,-1,-1,-1
422,59,151.58,163.68,46.67,131.27,0.8324,-1,-1,-1
423,101,271.89,190.02,30.98,71.81,0.6322,-1,-1,-1
423,93,195.72,159.35,42.51,132.13,0.7960,-1,-1,-1
423,90,456.68,36.77,175.60,416.22,0.9170,-1,-1,-1
423,59,146.72,159.75,46.73,134.19,0.8231,-1,-1,-1
424,101,266.59,187.53,29.91,74.86,0.7525,-1,-1,-1
424,93,193.49,161.45,40.37,131.91,0.7997,-1,-1,-1
424,90,442.88,44.34,179.89,409.52,0.8874,-1,-1,-1
424,59,141.95,159.74,45.22,135.31,0.8042,-1,-1,-1
425,101,259.39,185.94,30.14,73.19,0.7066,-1,-1,-1
425,93,185.92,159.83,40.90,132.70,0.7891,-1,-1,-1
425,90,428.16,46.59,182.30,400.93,0.8981,-1,-1,-1
425,59,135.27,161.01,46.39,131.63,0.8079,-1,-1,-1
426,101,254.80,183.60,28.54,73.38,0.6917,-1,-1,-1
426,93,182.86,159.71,39.14,130.18,0.7942,-1,-1,-1
426,90,419.14,47.65,185.80,397.95,0.8713,-1,-1,-1
426,59,129.89,158.64,49.19,132.14,0.7798,-1,-1,-1
427,102,589.01,76.78,50.87,300.89,0.6232,-1,-1,-1
427,101,249.18,178.57,27.94,76.00,0.7291,-1,-1,-1
427,93,177.32,157.01,44.42,130.36,0.7678,-1,-1,-1
427,90,409.38,45.52,156.96,392.73,0.8807,-1,-1,-1
427,59,124.59,158.60,50.15,129.57,0.7878,-1,-1,-1
428,102,559.20,0.00,80.65,476.93,0.8489,-1,-1,-1
428,101,240.86,179.44,29.39,73.37,0.6695,-1,-1,-1
428,93,174.00,152.19,42.20,130.30,0.7950,-1,-1,-1
428,90,406.46,42.71,131.20,376.59,0.9018,-1,-1,-1
428,59,118.92,157.60,51.87,128.75,0.8164,-1,-1,-1
429,102,470.77,1.32,169.23,478.10,0.8366,-1,-1,-1
429,101,235.02,179.37,28.27,74.56,0.7572,-1,-1,-1
429,93,170.98,152.44,42.99,129.63,0.7995,-1,-1,-1
429,90,400.03,45.38,114.59,355.66,0.9053,-1,-1,-1
429,59,116.69,156.03,48.83,127.57,0.7953,-1,-1,-1
430,102,403.13,0.00,236.47,479.33,0.8966,-1,-1,-1
430,101,229.00,182.14,27.28,71.54,0.5706,-1,-1,-1
430,93,165.85,153.55,41.87,128.04,0.7858,-1,-1,-1
430,90,366.40,50.14,128.92,351.16,0.8954,-1,-1,-1
430,59,111.73,154.41,50.64,127.13,0.8179,-1,-1,-1
431,102,385.82,0.00,253.66,480.00,0.8794,-1,-1,-1
431,101,223.07,178.80,30.65,72.52,0.7438,-1,-1,-1
431,93,163.69,153.76,44.40,125.85,0.7835,-1,-1,-1
431,90,343.79,52.11,140.85,345.77,0.8956,-1,-1,-1
431,59,108.51,151.72,51.65,127.22,0.7933,-1,-1,-1
432,120,0.17,117.94,62.39,209.65,0.6875,-1,-1,-1
432,102,414.70,0.00,225.30,477.52,0.8881,-1,-1,-1
432,101,221.45,174.15,30.00,76.91,0.7563,-1,-1,-1
432,93,161.25,156.39,40.86,122.31,0.6762,-1,-1,-1
432,90,337.05,54.65,124.12,315.02,0.8706,-1,-1,-1
432,59,108.11,151.91,51.21,125.66,0.8173,-1,-1,-1
433,120,0.18,99.41,71.81,260.85,0.6651,-1,-1,-1
433,102,411.81,0.00,228.19,479.51,0.8539,-1,-1,-1
433,101,218.28,176.50,30.61,73.93,0.8187,-1,-1,-1
433,93,156.79,154.27,42.28,124.34,0.7054,-1,-1,-1
433,90,336.29,56.61,104.22,314.91,0.8565,-1,-1,-1
433,59,106.20,154.17,50.90,124.48,0.8292,-1,-1,-1
434,120,0.16,59.10,76.06,303.94,0.6240,-1,-1,-1
434,102,384.77,0.37,183.11,479.63,0.7957,-1,-1,-1
434,101,212.30,173.27,31.05,76.95,0.7613,-1,-1,-1
434,93,155.26,153.79,40.85,123.71,0.7954,-1,-1,-1
434,90,330.52,58.54,86.69,314.84,0.7950,-1,-1,-1
434,59,100.05,156.63,50.02,122.20,0.8359,-1,-1,-1
435,121,594.95,103.79,44.92,290.78,0.6178,-1,-1,-1
435,120,0.19,56.34,77.72,306.72,0.5672,-1,-1,-1
435,102,345.21,0.00,167.92,479.18,0.8553,-1,-1,-1
435,101,209.41,176.88,30.52,72.62,0.6604,-1,-1,-1
435,93,151.93,152.32,40.68,120.60,0.7764,-1,-1,-1
435,90,313.67,97.85,67.61,277.05,0.7104,-1,-1,-1
435,59,96.66,153.67,51.81,123.68,0.8352,-1,-1,-1
436,121,579.88,103.51,59.98,293.52,0.7719,-1,-1,-1
436,102,300.05,0.47,188.17,479.53,0.8962,-1,-1,-1
436,101,205.53,173.79,28.82,73.10,0.6917,-1,-1,-1
436,93,149.67,147.96,41.44,121.74,0.7940,-1,-1,-1
436,59,91.65,151.29,48.14,122.51,0.8044,-1,-1,-1
437,121,602.23,88.86,37.67,309.45,0.7319,-1,-1,-1
437,120,0.24,64.98,76.32,269.48,0.3907,-1,-1,-1
437,102,247.40,0.00,227.24,478.85,0.9259,-1,-1,-1
437,101,204.05,171.82,28.30,75.69,0.7495,-1,-1,-1
437,93,148.41,150.19,42.39,120.40,0.7413,-1,-1,-1
437,59,88.98,149.43,46.80,122.14,0.8178,-1,-1,-1
438,121,552.07,68.44,87.86,332.60,0.8624,-1,-1,-1
438,120,0.06,75.85,74.45,269.12,0.5812,-1,-1,-1
438,102,198.44,0.00,277.43,479.95,0.9043,-1,-1,-1
438,101,202.57,168.48,25.45,78.66,0.6454,-1,-1,-1
438,93,145.47,149.71,42.95,120.16,0.7582,-1,-1,-1
438,59,84.53,152.50,46.82,118.30,0.8287,-1,-1,-1
439,123,384.80,135.36,49.76,180.22,0.6430,-1,-1,-1
439,121,528.84,77.37,111.03,325.05,0.8993,-1,-1,-1
439,120,0.23,75.71,71.07,296.02,0.3910,-1,-1,-1
439,102,182.13,1.63,276.64,478.37,0.8629,-1,-1,-1
439,93,143.00,149.29,38.32,119.11,0.8132,-1,-1,-1
439,59,82.14,148.07,46.79,121.83,0.8400,-1,-1,-1
440,123,370.67,135.97,55.51,178.89,0.7036,-1,-1,-1
440,121,521.75,77.65,118.19,330.53,0.9120,-1,-1,-1
440,120,0.00,54.23,70.64,352.76,0.6907,-1,-1,-1
440,102,84.50,0.00,334.78,480.00,0.8435,-1,-1,-1
440,90,309.85,59.02,80.81,207.35,0.7654,-1,-1,-1
440,59,79.23,145.77,43.82,93.60,0.4036,-1,-1,-1
441,123,369.39,137.99,52.94,178.46,0.7120,-1,-1,-1
441,121,526.90,80.68,112.94,330.80,0.8890,-1,-1,-1
441,102,0.90,0.76,287.68,478.14,0.8619,-1,-1,-1
441,90,277.32,65.82,113.08,337.18,0.7948,-1,-1,-1
442,123,366.93,137.23,50.52,178.19,0.7609,-1,-1,-1
442,121,534.39,79.63,96.61,317.79,0.8631,-1,-1,-1
442,102,0.77,1.05,247.39,477.76,0.7022,-1,-1,-1
442,90,258.09,66.92,126.25,331.90,0.8811,-1,-1,-1
443,124,608.59,83.73,31.21,221.88,0.4609,-1,-1,-1
443,123,365.32,132.99,47.04,178.15,0.7381,-1,-1,-1
443,121,522.42,76.21,99.85,309.96,0.7489,-1,-1,-1
443,102,0.54,2.17,205.94,474.58,0.7443,-1,-1,-1
443,90,255.18,62.53,122.65,333.36,0.8875,-1,-1,-1
444,126,551.39,79.88,88.49,315.96,0.7333,-1,-1,-1
444,123,359.00,135.65,47.99,180.17,0.7318,-1,-1,-1
444,121,497.17,81.37,111.42,302.21,0.6000,-1,-1,-1
444,101,187.58,178.57,29.79,70.00,0.7553,-1,-1,-1
444,93,145.74,155.22,36.41,118.51,0.7473,-1,-1,-1
444,90,249.57,64.96,120.43,321.66,0.8925,-1,-1,-1
445,124,591.27,87.90,48.52,259.39,0.6835,-1,-1,-1
445,123,357.86,138.78,50.47,179.20,0.7979,-1,-1,-1
445,121,532.31,82.12,80.36,318.78,0.5226,-1,-1,-1
445,101,189.53,179.09,29.85,71.02,0.7034,-1,-1,-1
445,93,143.63,157.49,39.82,115.68,0.7747,-1,-1,-1
445,90,249.43,62.56,115.88,317.31,0.8937,-1,-1,-1
445,59,99.39,154.70,34.39,121.05,0.7511,-1,-1,-1
446,124,582.69,75.48,57.12,293.42,0.8483,-1,-1,-1
446,123,343.69,139.70,62.99,177.97,0.7749,-1,-1,-1
446,121,463.86,82.91,159.18,315.50,0.8934,-1,-1,-1
446,120,0.15,3.61,99.62,288.82,0.7678,-1,-1,-1
446,101,193.35,177.71,29.23,71.87,0.6203,-1,-1,-1
446,93,147.38,157.81,41.11,114.23,0.7491,-1,-1,-1
446,90,246.81,60.37,109.68,319.00,0.8979,-1,-1,-1
446,59,94.53,153.56,45.52,118.14,0.8077,-1,-1,-1
447,124,575.56,81.08,64.30,290.85,0.8190,-1,-1,-1
447,123,341.37,143.44,65.36,179.27,0.7890,-1,-1,-1
447,121,470.01,86.28,159.18,316.22,0.8473,-1,-1,-1
447,120,0.16,0.55,103.37,314.18,0.7399,-1,-1,-1
447,101,193.93,181.52,30.51,70.22,0.5508,-1,-1,-1
447,93,147.61,160.74,42.60,113.86,0.7082,-1,-1,-1
447,90,238.94,61.42,111.72,327.46,0.8948,-1,-1,-1
447,59,96.97,155.56,48.05,119.10,0.7885,-1,-1,-1
448,124,574.18,82.78,65.69,293.56,0.8026,-1,-1,-1
448,123,343.68,141.00,61.76,180.78,0.7880,-1,-1,-1
448,121,473.95,83.97,128.02,312.56,0.8570,-1,-1,-1
448,120,0.06,0.00,106.97,480.00,0.8846,-1,-1,-1
448,101,192.76,181.17,32.97,68.93,0.5862,-1,-1,-1
448,93,147.96,157.34,41.59,113.91,0.7691,-1,-1,-1
448,90,236.79,60.72,107.72,330.91,0.8920,-1,-1,-1
448,59,98.60,152.21,47.78,117.60,0.8173,-1,-1,-1
449,124,550.44,87.80,89.26,295.86,0.5434,-1,-1,-1
449,123,344.00,142.12,61.60,178.96,0.7879,-1,-1,-1
449,121,485.74,84.38,96.51,304.70,0.8424,-1,-1,-1
449,120,0.00,0.00,111.98,476.57,0.8933,-1,-1,-1
449,101,197.15,182.69,32.62,69.64,0.6077,-1,-1,-1
449,93,150.67,158.29,37.57,112.80,0.7930,-1,-1,-1
449,90,241.17,66.00,101.48,330.63,0.8941,-1,-1,-1
449,59,103.81,157.66,46.11,113.28,0.8282,-1,-1,-1
450,124,548.01,86.82,91.85,272.35,0.5569,-1,-1,-1
450,123,355.62,138.97,56.64,177.08,0.8353,-1,-1,-1
450,121,499.42,82.15,98.89,314.67,0.8299,-1,-1,-1
450,120,0.00,0.32,122.10,477.96,0.8711,-1,-1,-1
450,101,205.69,182.50,32.01,70.34,0.6943,-1,-1,-1
450,93,160.13,158.18,37.34,112.57,0.8061,-1,-1,-1
450,90,243.32,66.79,102.07,327.65,0.8902,-1,-1,-1
450,59,114.25,158.91,45.15,113.80,0.7857,-1,-1,-1
451,124,554.90,88.73,84.96,278.89,0.6899,-1,-1,-1
451,123,359.47,139.47,58.18,178.56,0.8256,-1,-1,-1
451,121,489.03,85.21,111.95,317.68,0.8500,-1,-1,-1
451,120,0.00,4.39,130.33,474.12,0.9074,-1,-1,-1
451,101,209.32,183.53,30.74,69.50,0.5820,-1,-1,-1
451,93,165.67,160.74,39.17,111.66,0.7899,-1,-1,-1
451,90,233.82,65.58,116.55,329.97,0.8778,-1,-1,-1
451,59,121.13,160.15,43.31,113.18,0.8021,-1,-1,-1
452,124,579.12,85.53,60.77,275.13,0.6922,-1,-1,-1
452,123,358.80,138.64,61.42,181.27,0.7613,-1,-1,-1
452,121,476.99,87.55,133.99,320.82,0.8440,-1,-1,-1
452,120,0.00,5.21,137.37,472.12,0.9111,-1,-1,-1
452,93,174.77,160.78,36.44,112.45,0.8050,-1,-1,-1
452,90,223.87,61.59,125.24,324.04,0.8977,-1,-1,-1
452,59,131.38,158.78,42.21,112.66,0.8055,-1,-1,-1
453,124,581.69,77.57,58.22,299.12,0.7390,-1,-1,-1
453,123,361.03,138.09,71.60,180.98,0.7732,-1,-1,-1
453,121,486.21,83.96,132.15,325.91,0.8522,-1,-1,-1
453,120,0.00,2.47,149.46,473.73,0.9065,-1,-1,-1
453,93,182.82,160.14,34.51,110.82,0.7899,-1,-1,-1
453,90,232.19,54.12,124.54,327.54,0.8822,-1,-1,-1
453,59,139.09,156.72,41.38,111.90,0.8192,-1,-1,-1
454,124,588.72,81.78,50.92,302.98,0.7580,-1,-1,-1
454,123,371.52,144.17,71.23,181.59,0.8144,-1,-1,-1
454,121,503.19,84.67,116.07,330.35,0.8654,-1,-1,-1
454,120,0.15,4.23,159.42,471.96,0.9141,-1,-1,-1
454,93,192.40,163.80,35.17,111.96,0.8002,-1,-1,-1
454,90,241.36,59.30,126.21,332.21,0.9030,-1,-1,-1
454,59,151.19,159.27,37.60,114.36,0.7883,-1,-1,-1
455,124,571.01,80.83,68.88,309.75,0.7522,-1,-1,-1
455,123,378.11,139.76,69.71,183.76,0.8282,-1,-1,-1
455,121,505.29,77.23,103.57,317.48,0.8729,-1,-1,-1
455,120,0.32,0.00,170.69,477.18,0.8871,-1,-1,-1
455,93,198.02,161.75,39.27,110.54,0.7638,-1,-1,-1
455,90,255.48,58.51,119.19,340.78,0.8962,-1,-1,-1
455,59,160.06,159.81,37.44,110.11,0.8079,-1,-1,-1
456,124,585.63,83.93,54.14,283.51,0.7747,-1,-1,-1
456,123,381.45,140.18,67.79,186.68,0.7732,-1,-1,-1
456,121,504.14,79.67,102.95,320.03,0.8724,-1,-1,-1
456,120,0.00,1.34,179.59,473.63,0.8859,-1,-1,-1
456,93,205.23,161.55,38.09,111.22,0.7779,-1,-1,-1
456,90,260.13,62.18,118.13,342.88,0.8837,-1,-1,-1
456,59,168.90,162.28,32.68,107.37,0.6905,-1,-1,-1
457,124,602.21,87.55,37.62,290.54,0.7488,-1,-1,-1
457,123,389.12,141.07,63.21,184.11,0.7406,-1,-1,-1
457,121,480.70,85.84,131.81,327.70,0.8824,-1,-1,-1
457,120,2.10,6.33,191.34,466.47,0.8835,-1,-1,-1
457,93,213.85,163.64,36.73,110.79,0.7628,-1,-1,-1
457,90,267.18,65.71,120.33,350.46,0.8820,-1,-1,-1
457,59,178.66,166.61,34.26,106.12,0.7370,-1,-1,-1
458,124,607.06,79.39,32.71,302.29,0.7273,-1,-1,-1
458,123,393.48,137.34,59.78,185.01,0.8173,-1,-1,-1
458,121,474.98,84.75,149.15,331.35,0.8931,-1,-1,-1
458,120,16.48,3.28,188.91,470.98,0.8730,-1,-1,-1
458,93,224.34,161.59,33.69,110.23,0.7655,-1,-1,-1
458,90,273.41,62.40,120.06,350.15,0.8836,-1,-1,-1
458,59,188.18,163.60,31.53,104.62,0.5359,-1,-1,-1
459,124,602.92,85.22,37.01,289.22,0.6140,-1,-1,-1
459,123,401.54,143.86,59.89,188.13,0.7876,-1,-1,-1
459,121,487.99,89.93,151.77,335.98,0.8957,-1,-1,-1
459,120,39.34,4.56,186.96,472.95,0.8384,-1,-1,-1
459,93,232.66,168.86,31.50,109.52,0.7595,-1,-1,-1
459,90,274.77,67.25,124.52,357.31,0.8802,-1,-1,-1
460,124,605.55,79.05,34.35,305.35,0.6390,-1,-1,-1
460,123,401.06,143.90,61.28,189.47,0.7969,-1,-1,-1
460,121,494.81,87.51,144.23,341.82,0.8786,-1,-1,-1
460,120,38.80,2.19,193.30,477.81,0.8569,-1,-1,-1
460,93,234.29,167.57,31.72,109.61,0.7276,-1,-1,-1
460,90,273.30,64.70,130.33,356.35,0.8956,-1,-1,-1
461,124,600.34,79.09,39.37,305.48,0.6705,-1,-1,-1
461,123,405.72,142.55,57.98,192.15,0.8031,-1,-1,-1
461,121,513.16,80.85,101.69,322.56,0.8677,-1,-1,-1
461,120,50.42,0.00,190.65,479.81,0.8822,-1,-1,-1
461,93,241.04,165.39,31.31,110.13,0.7185,-1,-1,-1
461,90,277.41,55.98,130.37,345.89,0.9053,-1,-1,-1
462,124,588.71,81.44,51.02,297.11,0.7029,-1,-1,-1
462,123,404.02,144.01,62.49,193.07,0.8333,-1,-1,-1
462,121,514.73,80.92,101.61,330.66,0.8475,-1,-1,-1
462,120,53.10,0.00,189.27,475.18,0.8680,-1,-1,-1
462,93,241.56,165.49,36.89,111.85,0.7216,-1,-1,-1
462,90,280.20,56.27,125.78,345.39,0.8935,-1,-1,-1
463,124,584.89,88.78,54.85,295.24,0.6668,-1,-1,-1
463,123,409.15,146.80,53.19,196.31,0.8211,-1,-1,-1
463,121,503.84,89.47,123.79,336.29,0.8842,-1,-1,-1
463,120,52.58,3.27,194.34,476.73,0.8519,-1,-1,-1
463,93,242.80,166.01,34.30,112.30,0.7096,-1,-1,-1
463,90,280.91,60.04,120.30,352.23,0.8942,-1,-1,-1
464,124,589.81,88.85,50.06,296.84,0.7478,-1,-1,-1
464,123,407.44,145.45,54.81,193.10,0.7833,-1,-1,-1
464,121,482.79,89.48,144.63,338.71,0.8727,-1,-1,-1
464,120,49.52,0.00,195.57,480.00,0.8768,-1,-1,-1
464,93,242.19,169.33,33.08,108.31,0.7384,-1,-1,-1
464,90,282.64,58.18,111.85,358.45,0.8840,-1,-1,-1
465,124,592.01,85.74,47.81,308.64,0.7925,-1,-1,-1
465,123,407.45,141.86,55.61,190.12,0.7476,-1,-1,-1
465,121,476.77,90.56,144.40,337.14,0.8837,-1,-1,-1
465,120,47.57,0.00,195.78,480.00,0.8873,-1,-1,-1
465,93,240.10,169.77,34.90,105.50,0.7138,-1,-1,-1
465,90,283.78,55.95,105.14,362.82,0.8801,-1,-1,-1
466,124,596.42,84.46,43.48,310.76,0.8248,-1,-1,-1
466,123,406.39,141.23,55.86,191.35,0.7611,-1,-1,-1
466,121,480.86,89.67,129.71,339.94,0.8833,-1,-1,-1
466,120,46.94,0.00,195.86,480.00,0.8536,-1,-1,-1
466,93,242.05,164.91,34.36,112.00,0.6959,-1,-1,-1
466,90,279.87,57.63,104.70,362.30,0.8848,-1,-1,-1
467,124,587.34,83.01,52.58,316.67,0.8733,-1,-1,-1
467,123,397.00,141.65,67.76,192.98,0.7695,-1,-1,-1
467,121,482.36,85.89,107.62,327.20,0.8819,-1,-1,-1
467,120,45.99,0.00,199.17,480.00,0.8862,-1,-1,-1
467,90,271.29,59.25,112.36,364.60,0.8932,-1,-1,-1
467,59,243.07,168.37,35.59,108.43,0.6921,-1,-1,-1
468,124,570.03,81.64,69.84,320.22,0.8730,-1,-1,-1
468,123,402.36,141.63,62.61,192.07,0.7425,-1,-1,-1
468,121,468.96,81.03,105.70,321.19,0.8662,-1,-1,-1
468,120,42.74,0.59,200.04,479.41,0.8911,-1,-1,-1
468,93,237.29,167.81,36.03,105.94,0.5257,-1,-1,-1
468,90,266.90,51.85,115.06,372.20,0.8778,-1,-1,-1
469,124,557.12,84.00,82.71,318.75,0.8592,-1,-1,-1
469,123,401.11,139.72,60.85,192.98,0.7108,-1,-1,-1
469,121,440.12,81.71,127.98,328.85,0.8496,-1,-1,-1
469,120,40.15,0.19,204.46,471.76,0.8561,-1,-1,-1
469,90,254.83,43.54,126.84,361.74,0.8724,-1,-1,-1
470,124,550.61,82.65,89.23,299.92,0.8733,-1,-1,-1
470,123,400.73,139.87,62.50,187.32,0.7671,-1,-1,-1
470,121,429.87,86.16,133.80,331.24,0.8919,-1,-1,-1
470,120,40.75,0.00,210.66,480.00,0.8562,-1,-1,-1
470,90,252.94,42.01,134.78,363.83,0.8751,-1,-1,-1
471,124,549.32,78.30,90.53,307.08,0.7534,-1,-1,-1
471,123,401.48,136.98,62.63,191.64,0.5921,-1,-1,-1
471,121,435.72,87.78,132.09,329.96,0.8882,-1,-1,-1
471,120,46.42,0.07,211.35,479.93,0.8750,-1,-1,-1
471,90,255.60,40.37,139.64,365.21,0.8792,-1,-1,-1
472,124,559.60,73.50,80.23,320.16,0.8591,-1,-1,-1
472,123,400.21,132.83,65.64,194.12,0.6256,-1,-1,-1
472,121,440.04,83.05,124.80,332.65,0.8810,-1,-1,-1
472,120,52.30,0.25,211.49,479.75,0.8802,-1,-1,-1
472,90,258.60,35.70,139.17,371.14,0.8852,-1,-1,-1
473,124,572.25,71.19,67.65,324.05,0.8809,-1,-1,-1
473,123,403.45,129.88,59.72,195.01,0.6299,-1,-1,-1
473,121,443.70,77.31,110.73,325.06,0.8927,-1,-1,-1
473,120,57.40,0.50,217.61,474.90,0.8505,-1,-1,-1
473,90,264.86,33.50,127.14,385.18,0.8721,-1,-1,-1
474,124,543.18,71.54,96.69,321.13,0.8478,-1,-1,-1
474,123,406.89,131.35,55.52,196.01,0.7491,-1,-1,-1
474,121,447.72,75.70,104.28,321.10,0.8469,-1,-1,-1
474,120,66.47,0.56,219.16,479.44,0.8412,-1,-1,-1
474,90,273.68,34.17,119.81,387.12,0.8807,-1,-1,-1
475,124,525.14,73.78,114.70,296.30,0.9071,-1,-1,-1
475,123,413.35,130.19,55.00,198.33,0.3907,-1,-1,-1
475,121,452.23,74.08,109.27,330.43,0.8481,-1,-1,-1
475,120,73.03,0.35,218.50,475.04,0.8606,-1,-1,-1
475,90,278.35,36.78,119.20,388.91,0.8838,-1,-1,-1
476,124,530.44,74.01,109.56,300.72,0.9005,-1,-1,-1
476,121,453.02,78.63,116.63,331.42,0.8856,-1,-1,-1
476,120,75.92,1.59,218.69,474.08,0.8773,-1,-1,-1
476,90,282.72,40.77,119.63,389.28,0.8852,-1,-1,-1
477,124,534.09,71.99,105.90,307.88,0.9026,-1,-1,-1
477,121,448.78,82.29,120.62,334.61,0.7887,-1,-1,-1
477,120,78.56,0.77,218.36,463.45,0.7763,-1,-1,-1
477,90,281.36,39.55,122.88,392.22,0.8945,-1,-1,-1
478,124,537.96,71.92,102.04,311.54,0.8895,-1,-1,-1
478,121,445.39,79.11,118.95,340.07,0.8137,-1,-1,-1
478,120,71.18,0.27,224.75,466.34,0.7865,-1,-1,-1
478,90,281.84,34.69,121.78,389.27,0.8981,-1,-1,-1
479,124,542.65,74.70,97.25,323.78,0.9091,-1,-1,-1
479,121,443.43,86.12,114.07,330.40,0.8520,-1,-1,-1
479,120,69.94,0.15,228.83,479.85,0.8129,-1,-1,-1
479,90,278.47,38.79,122.26,371.58,0.8945,-1,-1,-1
480,128,0.04,115.94,31.87,279.03,0.3314,-1,-1,-1
480,124,549.27,76.17,88.05,329.19,0.8302,-1,-1,-1
480,123,395.08,138.71,64.70,192.74,0.4798,-1,-1,-1
480,121,441.05,86.46,115.31,319.37,0.8707,-1,-1,-1
480,120,72.68,0.00,222.91,477.49,0.8429,-1,-1,-1
480,90,275.07,39.30,122.80,383.86,0.8865,-1,-1,-1
481,124,535.06,73.19,98.49,335.17,0.8481,-1,-1,-1
481,121,434.16,82.62,107.76,318.19,0.8626,-1,-1,-1
481,120,65.37,0.44,228.57,473.87,0.8036,-1,-1,-1
481,90,272.66,33.59,116.28,390.19,0.8836,-1,-1,-1
482,128,0.36,118.08,41.45,163.08,0.3408,-1,-1,-1
482,124,514.79,76.34,119.44,338.48,0.8404,-1,-1,-1
482,121,413.35,83.56,116.07,322.93,0.8689,-1,-1,-1
482,120,55.47,1.00,234.78,465.84,0.7514,-1,-1,-1
482,90,265.80,34.37,110.97,395.09,0.8883,-1,-1,-1
483,124,509.52,84.71,115.62,334.15,0.8816,-1,-1,-1
483,121,397.09,92.14,122.02,327.03,0.8719,-1,-1,-1
483,120,47.59,2.89,240.48,473.27,0.7816,-1,-1,-1
483,90,261.06,42.72,104.69,394.63,0.8769,-1,-1,-1
484,124,510.79,85.56,109.62,334.76,0.8762,-1,-1,-1
484,121,383.28,93.98,128.54,330.18,0.8438,-1,-1,-1
484,120,37.62,7.53,244.49,472.47,0.6541,-1,-1,-1
484,90,254.55,48.36,102.62,391.08,0.8589,-1,-1,-1
485,124,510.36,85.11,94.16,323.93,0.8381,-1,-1,-1
485,121,394.59,91.59,115.16,332.71,0.8089,-1,-1,-1
485,120,32.19,1.13,249.11,478.87,0.7360,-1,-1,-1
485,90,250.20,49.14,100.97,396.41,0.8414,-1,-1,-1
486,124,503.55,83.35,85.84,318.42,0.8732,-1,-1,-1
486,121,399.29,89.11,99.25,322.90,0.8710,-1,-1,-1
486,120,26.63,0.11,253.14,479.89,0.7841,-1,-1,-1
486,90,245.06,41.49,102.54,390.01,0.8829,-1,-1,-1
487,124,489.28,85.93,91.64,327.28,0.8849,-1,-1,-1
487,121,393.69,90.14,97.93,322.42,0.8712,-1,-1,-1
487,120,23.49,0.62,257.79,479.38,0.8442,-1,-1,-1
487,90,241.32,38.71,102.66,390.07,0.8848,-1,-1,-1
488,124,458.86,88.63,120.73,332.82,0.8517,-1,-1,-1
488,121,390.69,93.34,102.05,326.71,0.8518,-1,-1,-1
488,120,27.83,1.07,258.69,478.93,0.8165,-1,-1,-1
488,90,243.84,37.74,98.58,382.99,0.8605,-1,-1,-1
489,129,556.03,86.87,83.63,147.31,0.3865,-1,-1,-1
489,124,451.47,88.26,133.45,335.40,0.8953,-1,-1,-1
489,121,390.65,95.10,102.58,331.26,0.7842,-1,-1,-1
489,120,17.42,0.54,267.41,479.46,0.6872,-1,-1,-1
489,90,245.13,35.97,91.21,376.70,0.8673,-1,-1,-1
490,129,558.84,83.01,80.98,218.08,0.3306,-1,-1,-1
490,124,456.04,91.66,133.70,331.40,0.8814,-1,-1,-1
490,121,382.88,97.09,107.91,329.36,0.8305,-1,-1,-1
490,120,3.65,0.96,277.14,479.04,0.6203,-1,-1,-1
490,90,249.58,36.98,78.79,343.63,0.6465,-1,-1,-1
491,124,460.49,94.47,117.76,323.26,0.8676,-1,-1,-1
491,121,376.09,98.53,112.85,335.71,0.8505,-1,-1,-1
491,120,0.52,0.32,282.60,477.44,0.8243,-1,-1,-1
491,90,251.41,41.66,74.66,322.23,0.8144,-1,-1,-1
492,124,466.28,89.69,99.51,317.57,0.8138,-1,-1,-1
492,121,377.16,95.11,105.81,327.37,0.8687,-1,-1,-1
492,120,0.44,0.19,276.83,476.75,0.7390,-1,-1,-1
492,90,249.69,40.47,75.39,295.63,0.8186,-1,-1,-1
493,124,469.93,88.48,100.81,327.56,0.8352,-1,-1,-1
493,121,376.96,93.07,99.93,319.17,0.8680,-1,-1,-1
493,120,0.61,0.59,276.96,476.79,0.7248,-1,-1,-1
493,90,244.81,41.63,81.15,285.07,0.8092,-1,-1,-1
494,124,468.32,90.96,94.35,332.74,0.7722,-1,-1,-1
494,121,373.70,95.20,100.75,323.27,0.8322,-1,-1,-1
494,120,0.94,0.21,279.60,479.02,0.7534,-1,-1,-1
494,90,240.57,41.85,88.90,339.63,0.8513,-1,-1,-1
495,124,462.47,89.04,97.21,337.88,0.8355,-1,-1,-1
495,121,363.62,91.21,112.25,330.56,0.8765,-1,-1,-1
495,120,0.19,0.26,273.30,478.85,0.3725,-1,-1,-1
495,90,230.63,29.33,102.60,356.87,0.8551,-1,-1,-1
496,130,343.87,136.42,57.43,211.48,0.5615,-1,-1,-1
496,124,463.95,90.72,97.89,338.16,0.8445,-1,-1,-1
496,121,365.54,93.63,110.42,334.30,0.8893,-1,-1,-1
496,120,0.02,0.10,275.14,479.90,0.4388,-1,-1,-1
496,90,230.00,28.31,106.73,355.87,0.8534,-1,-1,-1
497,130,345.67,137.55,54.60,205.93,0.6554,-1,-1,-1
497,124,465.12,89.78,104.03,341.26,0.8031,-1,-1,-1
497,121,371.88,94.05,103.06,338.93,0.8471,-1,-1,-1
497,120,0.15,0.34,274.01,477.85,0.4721,-1,-1,-1
497,90,229.56,27.53,108.12,349.32,0.8474,-1,-1,-1
498,130,337.98,139.60,62.74,202.96,0.6503,-1,-1,-1
498,129,561.37,75.66,78.43,240.83,0.3457,-1,-1,-1
498,124,468.86,89.14,93.54,335.83,0.7973,-1,-1,-1
498,121,380.91,94.00,92.10,337.99,0.8278,-1,-1,-1
498,120,0.00,0.24,275.57,479.74,0.6811,-1,-1,-1
498,90,229.51,26.45,103.71,355.38,0.8124,-1,-1,-1
499,130,340.38,141.63,60.86,198.91,0.5445,-1,-1,-1
499,124,471.37,83.80,96.84,325.42,0.7742,-1,-1,-1
499,121,380.41,88.64,94.37,332.81,0.8409,-1,-1,-1
499,120,0.08,0.00,280.45,480.00,0.6296,-1,-1,-1
499,90,231.90,24.70,97.52,317.15,0.8391,-1,-1,-1
500,130,343.65,136.40,56.46,208.29,0.6925,-1,-1,-1
500,124,472.10,84.18,85.67,329.44,0.7337,-1,-1,-1
500,121,381.70,89.53,100.39,323.57,0.8536,-1,-1,-1
500,120,0.00,0.18,282.01,477.45,0.5895,-1,-1,-1
500,90,235.38,29.10,89.73,321.40,0.8270,-1,-1,-1
501,130,351.93,136.42,50.96,210.04,0.6528,-1,-1,-1
501,124,461.63,82.37,103.05,337.11,0.7658,-1,-1,-1
501,121,385.73,88.81,104.65,329.48,0.7831,-1,-1,-1
501,120,0.24,0.10,290.78,474.62,0.7237,-1,-1,-1
501,90,241.85,30.06,82.11,321.27,0.7993,-1,-1,-1
502,130,349.02,134.63,66.29,215.73,0.6762,-1,-1,-1
502,124,456.61,84.69,134.10,345.19,0.6852,-1,-1,-1
502,121,389.32,89.27,109.42,338.28,0.7962,-1,-1,-1
502,120,5.66,0.05,293.99,479.95,0.7820,-1,-1,-1
502,90,244.85,29.68,76.55,317.95,0.6736,-1,-1,-1
503,124,466.83,81.94,128.40,341.45,0.8679,-1,-1,-1
503,121,392.13,87.71,111.20,340.14,0.8465,-1,-1,-1
503,120,13.09,0.89,300.92,479.06,0.5546,-1,-1,-1
504,130,341.26,125.78,67.93,221.60,0.4461,-1,-1,-1
504,124,475.72,77.43,120.88,343.94,0.8774,-1,-1,-1
504,121,392.92,84.97,109.69,339.24,0.8561,-1,-1,-1
504,120,0.13,0.52,315.05,479.48,0.6566,-1,-1,-1
505,130,338.01,129.56,74.18,224.15,0.5847,-1,-1,-1
505,124,482.38,77.63,113.46,334.73,0.8637,-1,-1,-1
505,121,394.82,85.36,100.70,334.64,0.8394,-1,-1,-1
505,120,11.75,1.52,320.20,478.48,0.5052,-1,-1,-1
506,130,352.69,128.43,54.46,217.47,0.6641,-1,-1,-1
506,124,485.88,73.88,111.60,331.39,0.8743,-1,-1,-1
506,121,389.96,80.71,98.13,320.03,0.8595,-1,-1,-1
506,120,15.61,1.58,318.99,472.57,0.5647,-1,-1,-1
507,130,337.70,131.03,66.45,217.15,0.6455,-1,-1,-1
507,124,484.82,76.83,112.87,338.84,0.8493,-1,-1,-1
507,121,387.24,83.32,98.36,321.24,0.8244,-1,-1,-1
507,120,41.38,0.40,299.46,478.18,0.6292,-1,-1,-1
508,130,341.85,128.12,63.19,213.12,0.7142,-1,-1,-1
508,128,0.98,94.68,80.28,201.17,0.5059,-1,-1,-1
508,124,486.25,77.83,111.32,341.04,0.8545,-1,-1,-1
508,121,377.20,82.81,110.48,328.74,0.8268,-1,-1,-1
508,120,63.50,0.32,282.56,472.67,0.6245,-1,-1,-1
509,130,344.99,123.18,60.39,213.19,0.6587,-1,-1,-1
509,128,0.00,95.39,88.79,224.24,0.5981,-1,-1,-1
509,124,487.26,75.59,104.82,344.17,0.8492,-1,-1,-1
509,121,366.09,79.96,122.11,331.60,0.8553,-1,-1,-1
509,120,74.22,0.87,275.58,471.86,0.6198,-1,-1,-1
510,130,352.37,128.17,54.27,210.67,0.5706,-1,-1,-1
510,128,0.49,77.46,106.35,258.42,0.7466,-1,-1,-1
510,124,490.28,80.76,108.64,340.13,0.8126,-1,-1,-1
510,121,370.38,84.84,116.66,337.02,0.8441,-1,-1,-1
510,120,90.26,0.27,271.39,475.54,0.3899,-1,-1,-1
511,130,366.33,126.86,45.06,214.66,0.3324,-1,-1,-1
511,128,3.34,62.68,126.20,284.55,0.6788,-1,-1,-1
511,124,495.30,77.99,99.36,343.11,0.7716,-1,-1,-1
511,123,380.21,116.79,43.75,291.24,0.3774,-1,-1,-1
511,121,383.97,83.84,101.86,337.24,0.8349,-1,-1,-1
511,120,107.98,1.39,205.82,476.43,0.3711,-1,-1,-1
511,90,183.28,0.00,198.76,478.26,0.3490,-1,-1,-1
512,128,25.01,66.72,123.12,288.22,0.7096,-1,-1,-1
512,124,502.64,81.66,94.58,330.04,0.7597,-1,-1,-1
512,121,389.32,86.12,99.87,338.00,0.8623,-1,-1,-1
512,120,124.39,1.38,271.55,478.07,0.5871,-1,-1,-1
513,131,8.87,120.29,80.40,234.21,0.8404,-1,-1,-1
513,128,70.64,71.70,99.92,326.06,0.8416,-1,-1,-1
513,124,506.36,83.92,88.26,331.48,0.8383,-1,-1,-1
513,121,405.63,91.15,89.27,320.36,0.8336,-1,-1,-1
513,120,154.91,1.27,271.79,470.96,0.6852,-1,-1,-1
514,131,3.08,114.88,82.14,238.83,0.8450,-1,-1,-1
514,128,83.79,68.75,94.01,329.55,0.8855,-1,-1,-1
514,124,502.83,79.94,94.42,335.55,0.8376,-1,-1,-1
514,121,415.42,87.84,79.14,315.55,0.8663,-1,-1,-1
514,120,158.89,1.04,275.29,470.69,0.5518,-1,-1,-1
515,131,0.94,107.66,70.75,255.72,0.8529,-1,-1,-1
515,128,92.98,75.29,109.28,328.43,0.8878,-1,-1,-1
515,124,483.91,85.89,115.49,339.42,0.8415,-1,-1,-1
515,121,430.27,93.97,65.44,189.83,0.8157,-1,-1,-1
515,120,187.03,0.53,270.64,472.58,0.7163,-1,-1,-1
516,131,0.00,103.27,61.37,269.70,0.8547,-1,-1,-1
516,128,94.24,78.98,118.09,329.25,0.8786,-1,-1,-1
516,124,482.59,88.84,132.33,344.28,0.8218,-1,-1,-1
516,120,219.93,0.33,265.33,475.57,0.7073,-1,-1,-1
517,132,191.20,78.18,78.69,303.10,0.5606,-1,-1,-1
517,131,0.29,99.06,53.52,265.65,0.8606,-1,-1,-1
517,128,96.63,86.73,111.33,322.06,0.8725,-1,-1,-1
517,124,497.92,89.57,127.58,343.04,0.8859,-1,-1,-1
517,120,243.18,0.70,273.77,470.80,0.7442,-1,-1,-1
518,132,186.40,29.40,113.22,363.57,0.8534,-1,-1,-1
518,131,0.12,93.15,43.04,275.12,0.7930,-1,-1,-1
518,128,96.42,86.84,114.59,320.83,0.8744,-1,-1,-1
518,124,514.52,94.64,108.85,338.73,0.8426,-1,-1,-1
518,120,260.60,0.99,280.85,475.42,0.7536,-1,-1,-1
519,132,180.71,26.02,121.43,401.26,0.8750,-1,-1,-1
519,128,111.38,80.66,98.85,305.09,0.8668,-1,-1,-1
519,120,276.04,0.70,299.12,477.80,0.7188,-1,-1,-1
520,132,181.34,21.19,136.69,444.18,0.8775,-1,-1,-1
520,128,127.49,76.19,85.73,310.96,0.8340,-1,-1,-1
520,120,290.88,0.51,306.28,477.89,0.8221,-1,-1,-1
521,132,180.66,16.93,152.23,440.43,0.8792,-1,-1,-1
521,128,113.13,81.85,106.82,308.24,0.8422,-1,-1,-1
521,120,325.56,0.57,313.82,474.36,0.8638,-1,-1,-1
522,132,187.99,18.73,153.73,442.57,0.8876,-1,-1,-1
522,128,112.18,88.15,109.43,311.26,0.8236,-1,-1,-1
522,120,348.05,0.64,290.40,473.06,0.7789,-1,-1,-1
523,132,192.46,16.13,149.37,451.07,0.8997,-1,-1,-1
523,128,108.63,90.65,110.98,310.31,0.7715,-1,-1,-1
523,120,361.51,0.74,277.91,476.30,0.8149,-1,-1,-1
524,132,194.09,11.62,148.28,461.91,0.8947,-1,-1,-1
524,128,107.31,83.47,113.82,307.23,0.8326,-1,-1,-1
524,120,374.34,1.02,265.13,475.99,0.8006,-1,-1,-1
525,132,203.99,16.52,147.40,463.48,0.8894,-1,-1,-1
525,128,114.74,83.81,111.47,296.13,0.8324,-1,-1,-1
525,120,391.34,0.18,248.26,479.82,0.8933,-1,-1,-1
526,132,209.32,16.08,152.54,463.92,0.8739,-1,-1,-1
526,128,137.38,77.91,96.42,286.73,0.8529,-1,-1,-1
526,120,405.11,0.77,234.68,479.23,0.8942,-1,-1,-1
527,132,203.97,13.24,160.69,466.76,0.8661,-1,-1,-1
527,128,146.14,75.06,87.44,293.93,0.8489,-1,-1,-1
527,120,416.26,0.00,223.68,480.00,0.8699,-1,-1,-1
528,132,200.02,22.36,172.27,457.40,0.8605,-1,-1,-1
528,130,392.05,97.58,71.10,317.14,0.6929,-1,-1,-1
528,128,162.42,89.55,76.73,293.51,0.8614,-1,-1,-1
528,120,437.08,0.00,202.92,480.00,0.9062,-1,-1,-1
529,134,126.18,163.69,47.75,146.53,0.7925,-1,-1,-1
529,132,203.98,26.92,170.87,451.78,0.8829,-1,-1,-1
529,130,382.38,106.37,87.95,315.72,0.8117,-1,-1,-1
529,128,161.96,98.26,79.83,289.28,0.8438,-1,-1,-1
529,120,449.02,0.47,190.79,476.30,0.8936,-1,-1,-1
530,134,119.36,160.71,47.76,152.23,0.7848,-1,-1,-1
530,132,213.14,27.35,167.52,438.16,0.8750,-1,-1,-1
530,130,384.90,109.97,93.19,317.77,0.7382,-1,-1,-1
530,128,158.39,101.72,87.76,285.90,0.8631,-1,-1,-1
530,120,468.58,0.35,171.19,478.20,0.9025,-1,-1,-1
531,134,111.45,159.67,55.13,157.73,0.8112,-1,-1,-1
531,132,219.42,28.29,161.96,448.67,0.8792,-1,-1,-1
531,130,385.56,112.30,96.74,323.04,0.8240,-1,-1,-1
531,128,155.58,103.46,92.96,287.53,0.8510,-1,-1,-1
531,120,475.54,0.24,164.19,479.10,0.8965,-1,-1,-1
532,134,93.10,158.60,64.98,164.81,0.7517,-1,-1,-1
532,130,377.73,104.78,98.41,321.82,0.8402,-1,-1,-1
532,128,165.33,100.76,84.80,275.09,0.8405,-1,-1,-1
532,120,485.43,1.04,154.33,478.02,0.8853,-1,-1,-1
532,90,226.23,27.19,147.34,452.81,0.8935,-1,-1,-1
533,135,464.66,92.27,50.77,269.19,0.5639,-1,-1,-1
533,134,74.11,153.85,74.23,169.09,0.7951,-1,-1,-1
533,130,370.93,97.54,97.82,310.57,0.8438,-1,-1,-1
533,128,172.14,93.11,74.03,277.77,0.7979,-1,-1,-1
533,120,482.50,0.41,157.18,478.61,0.8890,-1,-1,-1
533,90,219.43,22.11,144.38,457.89,0.8800,-1,-1,-1
534,135,452.91,88.18,63.19,301.42,0.7803,-1,-1,-1
534,134,55.41,146.11,66.68,181.33,0.7984,-1,-1,-1
534,130,357.66,94.52,96.50,314.14,0.7879,-1,-1,-1
534,128,148.75,88.37,88.59,282.71,0.7948,-1,-1,-1
534,120,485.81,1.80,153.98,476.73,0.8881,-1,-1,-1
534,90,202.72,23.08,143.92,455.74,0.8854,-1,-1,-1
535,135,448.20,89.03,70.34,323.97,0.8450,-1,-1,-1
535,134,41.75,138.07,68.57,191.95,0.7867,-1,-1,-1
535,133,137.57,89.77,93.50,294.53,0.5137,-1,-1,-1
535,130,338.41,95.58,107.37,318.75,0.7808,-1,-1,-1
535,128,181.60,88.24,53.52,288.93,0.3157,-1,-1,-1
535,120,492.33,2.13,147.55,474.60,0.8778,-1,-1,-1
535,90,190.20,23.27,150.55,456.69,0.8783,-1,-1,-1
536,135,444.82,88.79,77.79,315.38,0.8431,-1,-1,-1
536,134,29.66,131.22,75.42,201.23,0.7967,-1,-1,-1
536,133,137.16,126.92,80.58,159.78,0.5156,-1,-1,-1
536,130,322.88,96.72,120.12,323.64,0.8517,-1,-1,-1
536,120,499.06,0.46,140.82,477.90,0.8811,-1,-1,-1
536,90,194.11,17.59,146.06,456.99,0.8796,-1,-1,-1
537,135,441.57,84.37,85.27,316.40,0.8733,-1,-1,-1
537,134,9.91,117.63,83.92,211.59,0.8026,-1,-1,-1
537,133,134.65,120.93,78.67,169.45,0.4645,-1,-1,-1
537,130,318.26,92.50,121.95,331.20,0.8492,-1,-1,-1
537,120,504.78,7.65,135.06,471.26,0.8823,-1,-1,-1
537,90,193.01,4.21,149.62,457.04,0.8818,-1,-1,-1
538,137,124.04,144.84,38.35,141.61,0.6651,-1,-1,-1
538,135,439.42,85.34,91.15,336.11,0.8513,-1,-1,-1
538,134,6.38,117.17,83.56,223.76,0.8457,-1,-1,-1
538,133,132.93,126.08,75.23,163.29,0.5854,-1,-1,-1
538,130,328.75,90.92,108.13,334.49,0.8008,-1,-1,-1
538,120,510.91,1.32,128.83,478.16,0.8790,-1,-1,-1
538,90,195.05,2.04,154.54,453.64,0.8946,-1,-1,-1
539,138,409.05,126.47,50.54,222.52,0.7757,-1,-1,-1
539,137,120.81,139.79,47.22,146.60,0.7933,-1,-1,-1
539,135,448.42,83.58,92.27,321.08,0.8494,-1,-1,-1
539,134,0.04,112.71,86.51,237.58,0.8773,-1,-1,-1
539,133,153.67,121.80,58.69,166.06,0.6060,-1,-1,-1
539,130,337.38,87.58,98.58,327.89,0.8635,-1,-1,-1
539,120,531.65,1.97,108.17,474.41,0.8621,-1,-1,-1
539,90,197.79,1.68,162.03,467.81,0.8856,-1,-1,-1
540,138,412.46,128.11,51.46,222.23,0.7291,-1,-1,-1
540,137,121.48,138.40,53.86,152.21,0.7814,-1,-1,-1
540,135,451.39,77.88,99.72,337.97,0.8351,-1,-1,-1
540,134,0.00,115.36,88.08,246.47,0.8681,-1,-1,-1
540,133,170.21,120.89,65.62,242.81,0.7547,-1,-1,-1
540,130,343.85,88.74,94.35,323.48,0.8687,-1,-1,-1
540,120,541.69,6.83,98.21,465.53,0.8122,-1,-1,-1
540,90,203.90,1.07,161.15,476.40,0.8778,-1,-1,-1
541,138,422.95,125.62,48.84,234.92,0.6710,-1,-1,-1
541,137,116.78,139.80,63.44,155.71,0.8572,-1,-1,-1
541,135,456.61,73.41,113.36,344.79,0.7463,-1,-1,-1
541,134,0.01,108.70,79.23,264.93,0.8600,-1,-1,-1
541,133,190.09,124.65,55.30,247.17,0.7326,-1,-1,-1
541,130,352.31,83.27,92.76,337.06,0.8386,-1,-1,-1
541,120,562.41,25.44,77.43,403.11,0.7545,-1,-1,-1
541,90,215.98,0.91,159.35,472.06,0.8653,-1,-1,-1
542,137,106.90,139.33,73.82,161.74,0.8664,-1,-1,-1
542,135,445.80,71.33,123.27,354.19,0.6212,-1,-1,-1
542,134,0.14,97.59,71.91,282.73,0.8440,-1,-1,-1
542,133,207.60,122.36,44.50,251.01,0.4881,-1,-1,-1
542,130,361.91,83.98,88.96,339.98,0.7931,-1,-1,-1
542,128,189.85,127.41,47.18,174.17,0.3917,-1,-1,-1
542,120,590.64,46.16,49.17,379.92,0.4945,-1,-1,-1
542,90,229.92,2.31,153.53,472.41,0.8767,-1,-1,-1
543,138,431.00,124.61,51.33,281.11,0.3389,-1,-1,-1
543,137,102.01,143.49,77.17,161.67,0.8755,-1,-1,-1
543,135,438.53,76.27,123.59,361.59,0.8108,-1,-1,-1
543,134,0.19,91.05,71.67,294.27,0.8645,-1,-1,-1
543,133,213.47,123.45,44.20,257.08,0.5261,-1,-1,-1
543,130,368.56,90.94,85.47,342.78,0.6888,-1,-1,-1
543,128,185.41,152.60,38.75,145.27,0.5620,-1,-1,-1
543,90,235.78,8.22,158.73,469.29,0.8475,-1,-1,-1
544,137,98.65,135.92,79.24,168.88,0.8781,-1,-1,-1
544,135,446.54,76.28,131.91,366.29,0.8228,-1,-1,-1
544,134,0.28,85.36,55.48,301.84,0.8030,-1,-1,-1
544,133,218.77,131.85,45.48,245.34,0.6380,-1,-1,-1
544,130,386.95,89.42,73.20,314.93,0.5157,-1,-1,-1
544,128,183.31,146.31,50.06,151.40,0.7645,-1,-1,-1
544,90,243.58,3.39,159.20,476.61,0.8633,-1,-1,-1
545,138,441.72,116.97,36.93,243.17,0.3107,-1,-1,-1
545,137,102.00,134.35,78.84,170.94,0.8726,-1,-1,-1
545,135,456.59,74.72,128.76,370.59,0.8016,-1,-1,-1
545,134,0.15,112.33,61.68,275.76,0.7935,-1,-1,-1
545,133,226.56,144.12,43.58,231.72,0.3902,-1,-1,-1
545,130,397.58,89.09,67.38,345.48,0.5133,-1,-1,-1
545,128,185.51,148.76,52.23,151.32,0.7139,-1,-1,-1
545,90,243.63,0.64,168.16,479.09,0.8553,-1,-1,-1
546,137,106.35,129.96,77.78,176.71,0.8602,-1,-1,-1
546,135,473.95,71.24,119.00,371.78,0.7835,-1,-1,-1
546,134,0.12,120.20,52.97,275.10,0.7623,-1,-1,-1
546,130,375.83,83.88,97.67,352.24,0.5798,-1,-1,-1
546,128,193.20,149.11,51.67,153.35,0.7578,-1,-1,-1
546,90,253.43,0.40,174.29,478.17,0.8984,-1,-1,-1
547,137,112.81,121.13,66.65,185.08,0.7893,-1,-1,-1
547,135,488.88,66.54,118.97,363.12,0.7386,-1,-1,-1
547,134,0.13,126.29,31.67,267.32,0.5028,-1,-1,-1
547,130,393.69,81.77,88.90,340.36,0.6851,-1,-1,-1
547,128,192.46,141.70,55.65,160.84,0.8172,-1,-1,-1
547,90,247.53,0.79,192.55,479.21,0.8884,-1,-1,-1
548,137,117.56,120.98,62.58,188.25,0.8157,-1,-1,-1
548,135,505.50,64.55,117.29,375.95,0.7098,-1,-1,-1
548,130,402.92,82.43,82.73,349.23,0.5370,-1,-1,-1
548,128,195.06,138.23,62.36,166.48,0.8394,-1,-1,-1
548,90,248.70,0.00,196.88,471.15,0.8814,-1,-1,-1
549,141,480.06,122.79,49.75,244.88,0.6846,-1,-1,-1
549,137,117.35,118.38,65.13,192.68,0.8222,-1,-1,-1
549,135,515.34,62.91,123.46,387.72,0.7677,-1,-1,-1
549,130,430.18,89.30,61.66,330.02,0.4071,-1,-1,-1
549,128,194.13,134.85,64.24,171.16,0.8260,-1,-1,-1
549,90,252.47,0.46,194.91,470.62,0.8593,-1,-1,-1
550,141,485.17,111.10,57.48,248.93,0.7895,-1,-1,-1
550,137,106.69,103.94,71.47,202.12,0.7349,-1,-1,-1
550,135,528.56,48.55,111.14,400.00,0.8855,-1,-1,-1
550,130,405.78,63.75,83.06,370.20,0.3748,-1,-1,-1
550,128,195.71,117.19,63.18,178.03,0.8325,-1,-1,-1
550,90,259.85,0.16,190.45,479.56,0.7726,-1,-1,-1
551,141,487.96,108.38,63.51,250.76,0.7486,-1,-1,-1
551,137,93.19,97.64,79.39,209.13,0.8371,-1,-1,-1
551,135,533.82,44.22,106.00,406.31,0.9019,-1,-1,-1
551,133,255.92,123.06,55.32,210.37,0.3572,-1,-1,-1
551,130,408.30,71.09,81.23,365.96,0.5836,-1,-1,-1
551,128,194.16,112.49,62.79,182.23,0.8256,-1,-1,-1
551,90,266.35,0.42,178.90,478.11,0.7978,-1,-1,-1
552,141,493.17,115.75,58.59,248.98,0.8078,-1,-1,-1
552,137,77.46,102.59,84.83,217.78,0.8668,-1,-1,-1
552,135,539.70,50.05,100.17,406.96,0.8941,-1,-1,-1
552,133,258.51,127.99,50.44,205.89,0.3725,-1,-1,-1
552,130,420.02,66.95,61.98,243.08,0.6493,-1,-1,-1
552,128,180.30,114.98,75.96,193.75,0.8696,-1,-1,-1
552,90,262.53,0.00,214.57,458.28,0.7679,-1,-1,-1
553,141,495.06,117.91,61.03,249.12,0.8036,-1,-1,-1
553,137,71.00,100.32,82.49,226.76,0.8717,-1,-1,-1
553,135,544.72,52.60,95.14,408.43,0.8766,-1,-1,-1
553,130,411.11,68.16,68.89,247.05,0.6962,-1,-1,-1
553,128,169.14,117.98,81.81,196.12,0.8717,-1,-1,-1
553,90,252.91,7.65,210.70,472.35,0.8598,-1,-1,-1
554,141,501.73,119.02,62.02,247.92,0.7677,-1,-1,-1
554,137,65.09,96.88,79.27,235.28,0.8522,-1,-1,-1
554,135,550.93,51.84,88.91,400.75,0.8937,-1,-1,-1
554,130,428.53,116.86,49.20,210.31,0.3896,-1,-1,-1
554,128,167.45,117.13,81.76,204.96,0.8604,-1,-1,-1
554,90,246.84,0.33,192.28,479.67,0.8954,-1,-1,-1
555,141,507.61,112.38,66.47,247.46,0.7636,-1,-1,-1
555,137,62.39,90.44,69.92,242.01,0.8391,-1,-1,-1
555,135,559.64,46.44,80.21,397.17,0.8913,-1,-1,-1
555,130,406.73,113.73,66.03,247.72,0.6296,-1,-1,-1
555,128,168.53,110.21,75.80,215.16,0.8783,-1,-1,-1
555,90,260.17,0.48,186.11,479.52,0.9126,-1,-1,-1
556,141,509.23,115.60,70.71,249.12,0.7721,-1,-1,-1
556,137,48.21,90.11,78.21,247.75,0.8329,-1,-1,-1
556,135,564.87,47.83,74.96,399.46,0.8630,-1,-1,-1
556,130,413.22,115.16,66.46,252.61,0.6950,-1,-1,-1
556,128,165.95,111.42,75.33,220.81,0.8762,-1,-1,-1
556,90,252.62,1.53,193.38,478.47,0.9083,-1,-1,-1
557,141,517.36,130.06,63.99,243.26,0.8215,-1,-1,-1
557,137,20.82,91.32,92.68,258.93,0.8682,-1,-1,-1
557,135,550.56,61.48,89.27,387.58,0.8319,-1,-1,-1
557,130,420.36,120.85,78.36,284.73,0.7216,-1,-1,-1
557,128,156.73,111.11,78.11,232.81,0.8788,-1,-1,-1
557,90,261.47,3.92,189.06,476.01,0.9202,-1,-1,-1
558,141,520.80,130.40,60.75,231.50,0.8129,-1,-1,-1
558,137,0.19,83.24,102.62,268.41,0.8952,-1,-1,-1
558,135,546.96,60.65,92.85,377.29,0.8452,-1,-1,-1
558,130,419.28,115.78,90.97,292.70,0.8157,-1,-1,-1
558,128,152.21,106.43,80.05,237.55,0.8721,-1,-1,-1
558,90,262.04,2.99,188.13,474.91,0.9082,-1,-1,-1
559,141,532.82,116.47,62.15,250.90,0.7422,-1,-1,-1
559,137,0.00,78.87,96.16,272.81,0.9037,-1,-1,-1
559,135,556.66,49.71,83.23,370.22,0.8579,-1,-1,-1
559,130,429.28,101.03,109.48,320.31,0.8192,-1,-1,-1
559,128,149.69,94.89,87.17,245.71,0.8667,-1,-1,-1
559,90,271.49,0.87,184.77,473.82,0.9217,-1,-1,-1
560,141,537.90,113.11,57.99,242.51,0.7396,-1,-1,-1
560,137,0.00,76.73,90.62,280.97,0.9214,-1,-1,-1
560,135,574.43,44.14,65.47,378.65,0.8585,-1,-1,-1
560,130,445.52,88.78,104.53,341.70,0.8009,-1,-1,-1
560,128,144.36,89.22,91.64,262.29,0.8781,-1,-1,-1
560,90,271.75,0.00,184.46,478.48,0.9137,-1,-1,-1
561,141,546.23,110.60,42.27,246.20,0.5999,-1,-1,-1
561,137,0.00,67.61,74.82,287.30,0.8848,-1,-1,-1
561,135,572.29,39.55,67.58,388.44,0.8867,-1,-1,-1
561,130,447.85,68.31,110.36,367.09,0.6571,-1,-1,-1
561,128,125.46,78.03,96.90,281.09,0.8098,-1,-1,-1
561,90,253.11,1.65,197.89,478.35,0.8991,-1,-1,-1
562,138,406.61,79.52,62.24,261.22,0.5428,-1,-1,-1
562,137,0.00,89.34,58.10,263.31,0.8560,-1,-1,-1
562,135,567.22,34.65,72.62,398.37,0.9048,-1,-1,-1
562,130,455.86,54.57,113.66,380.44,0.7993,-1,-1,-1
562,128,110.98,71.82,99.89,288.77,0.8754,-1,-1,-1
562,90,242.80,0.81,204.11,478.11,0.8984,-1,-1,-1
563,138,410.34,80.58,73.49,271.33,0.6223,-1,-1,-1
563,137,0.00,106.87,31.69,250.69,0.5159,-1,-1,-1
563,135,578.24,41.13,61.62,406.50,0.8314,-1,-1,-1
563,130,473.73,42.84,129.32,430.90,0.6251,-1,-1,-1
563,128,96.02,63.84,107.53,317.67,0.8173,-1,-1,-1
563,90,234.12,2.37,217.48,477.63,0.9244,-1,-1,-1
564,138,412.80,79.02,73.59,280.25,0.7100,-1,-1,-1
564,135,582.41,41.18,57.28,410.64,0.6634,-1,-1,-1
564,130,516.46,37.55,111.19,434.65,0.5516,-1,-1,-1
564,128,85.62,57.24,117.06,331.51,0.8687,-1,-1,-1
564,120,585.50,42.66,54.30,207.67,0.5320,-1,-1,-1
564,90,232.32,1.73,216.92,478.27,0.9037,-1,-1,-1
565,142,0.05,174.86,15.16,76.40,0.3713,-1,-1,-1
565,138,413.52,73.79,83.86,299.54,0.7921,-1,-1,-1
565,130,480.47,25.41,159.53,454.23,0.8275,-1,-1,-1
565,128,73.61,47.63,116.56,352.08,0.8586,-1,-1,-1
565,90,233.70,0.80,214.01,477.54,0.9220,-1,-1,-1
566,138,421.04,63.30,82.47,318.09,0.8404,-1,-1,-1
566,130,501.39,79.45,138.55,400.55,0.5172,-1,-1,-1
566,128,58.13,37.91,126.76,367.65,0.8917,-1,-1,-1
566,90,231.64,0.76,211.64,478.68,0.9174,-1,-1,-1
567,138,424.33,52.57,90.37,337.36,0.8584,-1,-1,-1
567,130,530.18,75.16,109.56,403.97,0.8256,-1,-1,-1
567,128,39.86,23.13,133.85,392.76,0.9008,-1,-1,-1
567,90,231.46,0.92,203.70,474.32,0.9194,-1,-1,-1
568,142,0.03,181.01,13.22,74.82,0.3834,-1,-1,-1
568,138,424.21,43.13,106.25,357.95,0.8649,-1,-1,-1
568,130,538.93,58.84,100.93,419.37,0.6954,-1,-1,-1
568,128,21.65,14.13,144.10,410.45,0.9122,-1,-1,-1
568,90,228.94,0.71,201.83,471.01,0.9187,-1,-1,-1
569,138,417.18,24.36,129.34,383.02,0.8650,-1,-1,-1
569,130,567.69,51.98,72.23,428.02,0.4805,-1,-1,-1
569,128,0.00,0.01,149.70,447.57,0.9099,-1,-1,-1
569,90,219.77,0.50,202.99,475.61,0.9236,-1,-1,-1
570,138,425.72,11.12,131.48,403.13,0.8621,-1,-1,-1
570,130,562.51,46.44,77.34,371.61,0.6267,-1,-1,-1
570,128,0.00,0.57,140.08,432.29,0.9159,-1,-1,-1
570,90,210.85,0.48,209.24,476.40,0.9178,-1,-1,-1
571,138,433.83,1.10,141.97,430.21,0.8686,-1,-1,-1
571,130,565.42,53.80,74.58,366.15,0.8798,-1,-1,-1
571,128,0.00,0.00,122.65,446.16,0.8978,-1,-1,-1
571,90,191.18,0.00,229.94,477.64,0.9079,-1,-1,-1
572,138,440.73,0.33,151.27,448.83,0.8796,-1,-1,-1
572,130,571.21,61.20,68.65,310.91,0.7346,-1,-1,-1
572,128,0.20,1.20,109.21,455.49,0.8826,-1,-1,-1
572,90,182.89,0.00,236.53,476.50,0.9157,-1,-1,-1
573,141,591.66,71.88,48.17,317.83,0.4266,-1,-1,-1
573,138,443.95,0.80,178.04,478.12,0.8489,-1,-1,-1
573,128,0.22,18.28,95.44,454.75,0.8322,-1,-1,-1
573,90,178.76,0.03,243.55,478.94,0.9161,-1,-1,-1
574,138,457.05,0.10,178.70,479.90,0.9044,-1,-1,-1
574,90,181.15,0.00,250.09,478.02,0.9135,-1,-1,-1
575,138,466.66,0.52,173.03,478.54,0.9145,-1,-1,-1
575,90,191.93,0.00,244.66,477.18,0.9050,-1,-1,-1
576,138,481.25,0.62,158.51,479.38,0.9070,-1,-1,-1
576,90,201.04,0.00,242.51,479.74,0.9185,-1,-1,-1
577,138,495.40,0.86,144.57,477.08,0.8958,-1,-1,-1
577,90,207.33,0.00,242.78,480.00,0.9226,-1,-1,-1
578,138,519.64,1.25,120.20,478.75,0.7292,-1,-1,-1
578,90,215.86,0.24,239.49,479.76,0.9245,-1,-1,-1
579,138,501.10,220.36,125.82,190.91,0.5022,-1,-1,-1
579,90,224.67,0.27,234.97,479.73,0.9074,-1,-1,-1
580,138,501.07,65.08,126.84,348.82,0.8443,-1,-1,-1
580,90,235.80,0.43,231.40,476.12,0.9165,-1,-1,-1
581,143,216.01,148.08,48.47,135.57,0.7866,-1,-1,-1
581,138,505.75,68.55,84.91,327.85,0.7149,-1,-1,-1
581,130,568.57,110.27,71.13,268.42,0.5684,-1,-1,-1
581,90,253.87,0.06,234.00,478.82,0.9243,-1,-1,-1
582,143,210.65,150.20,54.72,136.85,0.8260,-1,-1,-1
582,138,497.77,70.27,85.80,325.57,0.6031,-1,-1,-1
582,90,257.43,0.19,238.12,476.15,0.9217,-1,-1,-1
583,143,205.87,160.04,59.34,138.38,0.7321,-1,-1,-1
583,138,499.15,81.58,77.41,322.06,0.6860,-1,-1,-1
583,137,0.16,189.43,48.23,189.69,0.3296,-1,-1,-1
583,130,529.82,115.18,110.07,292.82,0.6701,-1,-1,-1
583,90,261.56,0.00,253.33,477.55,0.9172,-1,-1,-1
584,143,203.74,159.42,58.68,143.47,0.7196,-1,-1,-1
584,130,508.44,97.52,120.47,319.58,0.5038,-1,-1,-1
584,128,0.39,0.00,92.79,429.43,0.3716,-1,-1,-1
584,90,265.76,0.00,270.77,476.78,0.9156,-1,-1,-1
585,144,544.87,117.95,61.52,236.58,0.4543,-1,-1,-1
585,143,201.25,149.28,55.90,151.25,0.7367,-1,-1,-1
585,128,0.23,0.02,111.98,473.49,0.6183,-1,-1,-1
585,90,271.27,0.20,280.34,474.57,0.9071,-1,-1,-1
586,144,534.14,121.00,69.80,259.38,0.7513,-1,-1,-1
586,143,197.61,144.20,59.33,161.46,0.8081,-1,-1,-1
586,138,457.14,94.27,127.35,320.03,0.3593,-1,-1,-1
586,137,0.43,152.89,62.45,326.10,0.3150,-1,-1,-1
586,128,0.24,0.00,116.81,475.18,0.5815,-1,-1,-1
586,90,275.48,0.00,277.05,472.95,0.9011,-1,-1,-1
587,144,521.92,117.61,69.49,255.67,0.6566,-1,-1,-1
587,143,187.90,142.80,61.12,160.70,0.8181,-1,-1,-1
587,138,458.24,137.86,95.97,259.70,0.5199,-1,-1,-1
587,128,0.40,0.00,110.42,477.24,0.6818,-1,-1,-1
587,90,277.13,0.00,260.52,471.67,0.9128,-1,-1,-1
588,144,514.81,124.00,71.36,250.90,0.7259,-1,-1,-1
588,143,180.26,146.09,59.68,164.25,0.8341,-1,-1,-1
588,138,456.25,177.13,72.97,214.98,0.5844,-1,-1,-1
588,128,0.44,0.00,103.36,478.10,0.6455,-1,-1,-1
588,90,274.14,0.00,251.50,480.00,0.9158,-1,-1,-1
589,144,470.97,128.66,95.21,244.03,0.6394,-1,-1,-1
589,143,154.30,143.82,64.67,172.52,0.7228,-1,-1,-1
589,128,0.66,0.88,96.23,476.29,0.6295,-1,-1,-1
589,90,245.45,0.00,253.19,479.72,0.9052,-1,-1,-1
590,144,458.96,125.67,97.71,245.49,0.7959,-1,-1,-1
590,143,141.12,140.23,69.43,178.54,0.8218,-1,-1,-1
590,137,0.15,3.31,40.45,473.50,0.3509,-1,-1,-1
590,128,0.69,2.04,99.11,469.40,0.3437,-1,-1,-1
590,90,232.45,0.00,256.65,478.09,0.8836,-1,-1,-1
591,144,447.53,122.77,90.82,244.16,0.6494,-1,-1,-1
591,143,124.12,140.29,66.60,183.33,0.8122,-1,-1,-1
591,128,0.28,0.00,115.57,471.17,0.6632,-1,-1,-1
591,90,202.66,0.00,267.44,479.36,0.8733,-1,-1,-1
592,144,404.59,125.88,108.14,261.15,0.7557,-1,-1,-1
592,143,104.82,143.78,72.92,196.13,0.8585,-1,-1,-1
592,137,0.05,1.28,73.09,375.29,0.7699,-1,-1,-1
592,90,186.96,0.00,261.49,478.31,0.8745,-1,-1,-1
593,144,376.20,122.88,97.87,253.85,0.3692,-1,-1,-1
593,143,84.08,131.30,76.62,208.99,0.8117,-1,-1,-1
593,128,0.21,12.65,107.22,466.94,0.4019,-1,-1,-1
593,90,193.77,0.00,252.47,479.70,0.8940,-1,-1,-1
594,143,72.67,123.60,77.48,214.83,0.8333,-1,-1,-1
594,128,0.08,28.88,96.14,449.54,0.5638,-1,-1,-1
594,90,192.62,0.43,246.30,478.63,0.8991,-1,-1,-1
595,144,404.91,125.50,68.85,240.26,0.4685,-1,-1,-1
595,143,43.33,118.17,92.67,230.43,0.7863,-1,-1,-1
595,90,193.59,0.32,240.87,479.68,0.9078,-1,-1,-1
596,144,369.63,125.60,81.12,261.10,0.5816,-1,-1,-1
596,143,35.54,110.13,91.36,238.19,0.8217,-1,-1,-1
596,137,0.39,39.59,45.20,312.24,0.4016,-1,-1,-1
596,90,192.06,0.25,234.25,479.75,0.9079,-1,-1,-1
597,145,170.50,152.88,42.04,147.05,0.7696,-1,-1,-1
597,144,360.00,138.71,85.17,243.10,0.3708,-1,-1,-1
597,143,27.47,105.05,87.94,246.25,0.7981,-1,-1,-1
597,137,0.21,57.29,37.28,297.18,0.5666,-1,-1,-1
597,90,197.62,0.01,221.99,478.37,0.9005,-1,-1,-1
598,146,611.58,224.43,28.18,116.42,0.4744,-1,-1,-1
598,145,156.19,154.48,56.19,149.71,0.7755,-1,-1,-1
598,143,15.18,105.94,86.08,251.93,0.7669,-1,-1,-1
598,137,0.39,122.02,34.83,233.15,0.4546,-1,-1,-1
598,90,200.80,0.00,218.21,477.99,0.9109,-1,-1,-1
599,146,605.21,193.76,34.57,147.61,0.6156,-1,-1,-1
599,145,149.78,152.13,60.03,151.65,0.8052,-1,-1,-1
599,144,372.54,139.18,55.17,230.16,0.4019,-1,-1,-1
599,143,0.20,100.69,92.19,281.53,0.8244,-1,-1,-1
599,90,198.62,0.00,225.47,477.09,0.9032,-1,-1,-1
600,146,596.73,143.04,43.16,208.34,0.6037,-1,-1,-1
600,145,145.64,153.46,60.84,159.76,0.8116,-1,-1,-1
600,143,0.23,95.84,70.77,274.78,0.8679,-1,-1,-1
600,90,200.05,1.00,235.28,475.14,0.9122,-1,-1,-1
601,146,594.76,131.52,45.14,224.67,0.5688,-1,-1,-1
601,145,140.42,153.14,61.95,163.80,0.8202,-1,-1,-1
601,143,0.15,134.52,54.74,238.27,0.4178,-1,-1,-1
601,90,196.17,0.59,239.71,479.26,0.9209,-1,-1,-1
602,146,590.61,114.54,49.23,244.43,0.5301,-1,-1,-1
602,145,139.51,150.67,58.52,167.54,0.8200,-1,-1,-1
602,90,190.70,0.00,246.83,480.00,0.9113,-1,-1,-1
603,146,588.60,109.23,51.29,254.72,0.5838,-1,-1,-1
603,145,131.81,152.23,63.22,173.38,0.8623,-1,-1,-1
603,137,0.22,190.97,33.23,275.79,0.3073,-1,-1,-1
603,90,191.96,0.18,238.62,479.82,0.9084,-1,-1,-1
604,146,582.44,105.93,57.44,371.17,0.4693,-1,-1,-1
604,145,130.55,147.48,68.80,179.00,0.8127,-1,-1,-1
604,144,368.23,179.25,64.30,192.47,0.3797,-1,-1,-1
604,137,0.23,222.69,50.72,212.37,0.6246,-1,-1,-1
604,90,192.78,0.00,231.52,480.00,0.9057,-1,-1,-1
605,148,198.19,161.47,47.68,211.84,0.3345,-1,-1,-1
605,146,586.68,98.84,53.30,254.68,0.5186,-1,-1,-1
605,145,128.91,143.78,68.12,183.31,0.8075,-1,-1,-1
605,144,372.75,185.23,53.38,185.32,0.3232,-1,-1,-1
605,137,0.15,216.93,63.74,201.41,0.4958,-1,-1,-1
605,90,197.79,0.00,217.33,479.32,0.9085,-1,-1,-1
606,146,592.06,98.50,47.88,379.98,0.4644,-1,-1,-1
606,145,125.17,139.66,70.06,184.73,0.8114,-1,-1,-1
606,137,0.12,215.69,68.61,264.31,0.4067,-1,-1,-1
606,90,200.85,0.00,210.36,478.44,0.9110,-1,-1,-1
607,145,115.37,132.75,77.95,195.73,0.8302,-1,-1,-1
607,137,0.24,194.31,69.09,222.49,0.4389,-1,-1,-1
607,90,196.94,1.13,211.22,478.87,0.9040,-1,-1,-1
608,148,191.35,155.41,57.83,225.46,0.3294,-1,-1,-1
608,145,95.81,131.31,92.60,203.35,0.8436,-1,-1,-1
608,143,0.28,171.09,40.47,172.09,0.4892,-1,-1,-1
608,90,193.37,0.00,215.10,480.00,0.9088,-1,-1,-1
609,148,196.30,142.85,55.22,235.89,0.5588,-1,-1,-1
609,145,93.04,124.84,95.08,213.08,0.8683,-1,-1,-1
609,90,199.12,0.26,221.97,479.74,0.9003,-1,-1,-1
610,145,93.90,122.95,84.74,221.49,0.8498,-1,-1,-1
610,90,208.81,0.00,221.66,480.00,0.7995,-1,-1,-1
611,148,196.26,148.03,59.86,237.81,0.6513,-1,-1,-1
611,145,92.48,124.43,82.01,227.71,0.8527,-1,-1,-1
611,137,0.00,21.34,68.24,444.81,0.3102,-1,-1,-1
611,90,225.74,0.00,211.97,480.00,0.8660,-1,-1,-1
612,149,161.07,167.69,38.08,122.41,0.7496,-1,-1,-1
612,148,191.30,138.96,71.77,245.40,0.4089,-1,-1,-1
612,145,78.40,115.53,85.80,239.73,0.8632,-1,-1,-1
612,137,0.00,16.89,71.20,307.12,0.5225,-1,-1,-1
612,90,230.14,0.00,222.16,480.00,0.8849,-1,-1,-1
613,149,152.33,162.28,44.65,124.91,0.7298,-1,-1,-1
613,148,184.51,136.55,85.92,231.96,0.5157,-1,-1,-1
613,145,55.59,107.70,101.00,244.59,0.8603,-1,-1,-1
613,137,0.13,19.89,75.56,304.12,0.7612,-1,-1,-1
613,90,229.24,0.00,231.08,480.00,0.8774,-1,-1,-1
614,149,139.29,158.11,48.90,131.09,0.7535,-1,-1,-1
614,148,173.58,106.08,90.97,260.88,0.8664,-1,-1,-1
614,145,48.33,98.78,92.90,267.44,0.8848,-1,-1,-1
614,137,0.00,29.99,74.69,308.28,0.7066,-1,-1,-1
614,90,246.87,0.00,228.16,477.98,0.8818,-1,-1,-1
615,149,135.57,157.22,49.73,132.92,0.7916,-1,-1,-1
615,148,180.70,106.43,83.93,265.03,0.8632,-1,-1,-1
615,145,48.83,95.04,87.40,274.23,0.8383,-1,-1,-1
615,137,0.18,20.96,71.64,387.20,0.7937,-1,-1,-1
615,90,260.37,0.07,219.67,478.02,0.8895,-1,-1,-1
616,149,128.76,151.75,53.54,139.05,0.8219,-1,-1,-1
616,148,186.41,107.49,78.47,269.79,0.8401,-1,-1,-1
616,145,51.37,89.34,75.49,266.53,0.7538,-1,-1,-1
616,137,0.20,7.22,78.86,445.27,0.6311,-1,-1,-1
616,90,273.78,0.00,222.56,480.00,0.8924,-1,-1,-1
617,150,249.88,130.52,31.19,170.32,0.3032,-1,-1,-1
617,149,126.22,144.68,55.86,143.08,0.7974,-1,-1,-1
617,148,184.31,101.77,79.51,270.60,0.8540,-1,-1,-1
617,145,45.09,76.70,75.03,203.18,0.6214,-1,-1,-1
617,143,0.33,143.99,54.83,315.88,0.3948,-1,-1,-1
617,137,0.18,1.86,86.85,456.89,0.4683,-1,-1,-1
617,90,278.02,0.00,225.75,479.35,0.8883,-1,-1,-1
618,151,265.09,95.83,50.38,255.63,0.7246,-1,-1,-1
618,150,239.42,126.52,41.24,161.16,0.3302,-1,-1,-1
618,149,108.16,138.89,66.71,149.99,0.7919,-1,-1,-1
618,148,178.71,97.48,75.70,272.30,0.8548,-1,-1,-1
618,145,35.82,56.42,64.52,166.35,0.3174,-1,-1,-1
618,137,0.08,0.00,91.44,479.00,0.8148,-1,-1,-1
618,90,275.36,0.00,229.45,478.96,0.8938,-1,-1,-1
619,151,259.41,93.33,58.50,262.39,0.7925,-1,-1,-1
619,150,233.79,123.58,41.81,175.03,0.5732,-1,-1,-1
619,149,102.23,137.02,53.43,151.39,0.8066,-1,-1,-1
619,148,170.49,96.58,75.09,267.70,0.8632,-1,-1,-1
619,137,0.28,0.29,96.89,473.00,0.8445,-1,-1,-1
619,90,272.60,0.00,230.70,480.00,0.9011,-1,-1,-1
620,151,257.71,91.76,64.49,267.11,0.8102,-1,-1,-1
620,150,233.48,125.07,42.05,175.35,0.6487,-1,-1,-1
620,149,92.85,136.16,61.60,157.73,0.8082,-1,-1,-1
620,148,168.53,94.87,72.08,262.35,0.8336,-1,-1,-1
620,137,0.27,1.50,103.85,474.32,0.8454,-1,-1,-1
620,90,273.23,0.00,226.94,480.00,0.8563,-1,-1,-1
621,151,259.27,102.36,66.60,262.70,0.8151,-1,-1,-1
621,150,238.06,134.53,38.88,175.96,0.7009,-1,-1,-1
621,149,92.76,141.20,63.21,161.85,0.7956,-1,-1,-1
621,148,171.17,104.58,70.86,264.94,0.7978,-1,-1,-1
621,137,0.07,2.58,103.28,477.38,0.8803,-1,-1,-1
621,90,293.47,0.28,200.92,477.40,0.8909,-1,-1,-1
622,151,265.19,112.08,60.66,267.79,0.8253,-1,-1,-1
622,150,242.74,144.36,34.06,168.29,0.6813,-1,-1,-1
622,149,93.32,143.80,61.17,161.81,0.8021,-1,-1,-1
622,148,175.42,112.89,70.62,266.24,0.8546,-1,-1,-1
622,137,0.06,0.00,117.48,480.00,0.8904,-1,-1,-1
622,90,310.55,0.48,187.86,479.52,0.9046,-1,-1,-1
623,151,263.71,119.00,60.83,265.30,0.8260,-1,-1,-1
623,150,240.68,152.06,31.92,165.10,0.7132,-1,-1,-1
623,149,94.12,142.81,53.79,144.29,0.7318,-1,-1,-1
623,148,172.36,118.70,72.43,267.17,0.8563,-1,-1,-1
623,137,0.21,2.86,122.07,475.52,0.8238,-1,-1,-1
623,90,310.37,0.62,185.92,479.38,0.9139,-1,-1,-1
624,151,258.47,119.92,68.61,263.59,0.8272,-1,-1,-1
624,150,239.54,155.69,29.85,165.37,0.5105,-1,-1,-1
624,149,87.27,120.38,50.06,145.81,0.4271,-1,-1,-1
624,148,167.53,122.74,77.46,266.06,0.8216,-1,-1,-1
624,137,0.00,0.68,117.72,479.32,0.6556,-1,-1,-1
624,90,306.35,0.00,186.22,478.71,0.9197,-1,-1,-1
625,151,247.07,116.34,79.56,252.50,0.8593,-1,-1,-1
625,148,164.82,116.93,83.95,267.84,0.7987,-1,-1,-1
625,128,0.00,74.06,87.69,404.39,0.6964,-1,-1,-1
625,90,306.67,0.00,188.03,479.71,0.9170,-1,-1,-1
626,151,251.81,110.38,74.91,252.63,0.8531,-1,-1,-1
626,148,157.21,113.68,99.63,266.40,0.8229,-1,-1,-1
626,128,0.31,74.45,93.76,403.77,0.6176,-1,-1,-1
626,90,308.20,0.00,198.17,479.07,0.9132,-1,-1,-1
627,151,256.65,105.42,69.58,257.44,0.8540,-1,-1,-1
627,148,177.16,106.03,79.38,258.51,0.7840,-1,-1,-1
627,137,0.21,0.72,143.70,479.28,0.6250,-1,-1,-1
627,90,311.26,0.00,212.65,478.74,0.9044,-1,-1,-1
628,151,258.29,103.05,74.65,259.70,0.8705,-1,-1,-1
628,148,177.46,99.10,82.25,261.32,0.8364,-1,-1,-1
628,137,0.41,1.08,153.41,478.92,0.6089,-1,-1,-1
628,90,318.77,0.00,229.72,479.33,0.9194,-1,-1,-1
629,151,267.83,112.32,75.81,257.32,0.8296,-1,-1,-1
629,148,187.98,107.24,80.49,262.70,0.8099,-1,-1,-1
629,137,0.41,1.76,165.45,478.16,0.6208,-1,-1,-1
629,90,329.58,0.00,253.93,477.46,0.8933,-1,-1,-1
630,152,161.91,132.71,53.78,183.87,0.7467,-1,-1,-1
630,151,276.57,114.32,74.12,257.19,0.8099,-1,-1,-1
630,148,190.22,114.07,90.29,261.75,0.7739,-1,-1,-1
630,137,0.08,1.36,179.25,477.55,0.8123,-1,-1,-1
630,90,342.82,0.00,268.66,480.00,0.8931,-1,-1,-1
631,152,167.02,129.88,58.29,192.94,0.7462,-1,-1,-1
631,151,286.55,114.11,76.80,253.64,0.8256,-1,-1,-1
631,148,216.97,116.21,70.19,262.01,0.8266,-1,-1,-1
631,137,0.74,0.30,194.48,477.07,0.8904,-1,-1,-1
631,90,354.54,0.00,271.40,475.56,0.8940,-1,-1,-1
632,152,174.94,132.07,51.88,130.26,0.4530,-1,-1,-1
632,151,290.56,116.59,75.92,243.37,0.8495,-1,-1,-1
632,148,223.62,118.86,64.42,260.50,0.8480,-1,-1,-1
632,137,1.83,0.76,196.59,478.69,0.8934,-1,-1,-1
632,90,366.53,0.00,262.62,477.61,0.9166,-1,-1,-1
633,152,177.04,130.13,51.22,246.55,0.5312,-1,-1,-1
633,151,299.04,114.61,73.75,247.02,0.8505,-1,-1,-1
633,148,230.73,116.95,62.90,253.26,0.8411,-1,-1,-1
633,143,0.28,92.10,46.84,254.43,0.6200,-1,-1,-1
633,137,22.26,0.41,188.19,479.59,0.8634,-1,-1,-1
633,90,384.89,0.00,254.63,480.00,0.9046,-1,-1,-1
634,151,307.67,113.48,71.23,248.40,0.8355,-1,-1,-1
634,148,235.54,111.98,65.33,253.02,0.8293,-1,-1,-1
634,143,0.30,65.54,56.04,315.02,0.7632,-1,-1,-1
634,137,34.26,0.00,167.91,480.00,0.7762,-1,-1,-1
634,90,401.91,0.00,237.47,476.44,0.9107,-1,-1,-1
635,151,315.89,116.56,72.18,248.16,0.8466,-1,-1,-1
635,148,242.63,114.13,63.87,249.30,0.8128,-1,-1,-1
635,137,37.62,0.60,197.62,479.40,0.8728,-1,-1,-1
635,90,417.64,0.00,221.55,480.00,0.9114,-1,-1,-1
636,153,289.41,140.95,39.37,167.28,0.4239,-1,-1,-1
636,151,314.75,115.84,71.27,244.63,0.8227,-1,-1,-1
636,148,235.31,117.10,69.95,247.04,0.7761,-1,-1,-1
636,137,36.50,1.44,207.93,477.51,0.8501,-1,-1,-1
636,90,417.84,0.00,221.97,479.04,0.9128,-1,-1,-1
637,153,291.50,140.54,36.53,166.88,0.5515,-1,-1,-1
637,151,314.27,115.72,69.45,239.95,0.8094,-1,-1,-1
637,148,244.19,118.96,60.63,240.51,0.7584,-1,-1,-1
637,137,49.19,0.38,196.54,479.62,0.8326,-1,-1,-1
637,90,419.48,0.89,220.26,479.11,0.9243,-1,-1,-1
638,151,312.66,113.82,70.29,232.70,0.8095,-1,-1,-1
638,148,248.26,117.78,59.07,229.19,0.8276,-1,-1,-1
638,137,61.74,0.00,190.71,480.00,0.8365,-1,-1,-1
638,90,417.67,1.01,221.95,478.95,0.9152,-1,-1,-1
639,153,291.60,138.02,37.28,158.96,0.3387,-1,-1,-1
639,151,309.61,111.84,73.21,236.93,0.8496,-1,-1,-1
639,148,248.51,114.19,57.37,231.98,0.8171,-1,-1,-1
639,137,65.77,0.72,181.91,479.28,0.7917,-1,-1,-1
639,90,404.41,0.67,235.37,478.31,0.8978,-1,-1,-1
640,151,302.96,113.43,78.04,237.94,0.8379,-1,-1,-1
640,148,242.92,112.93,60.82,236.10,0.8113,-1,-1,-1
640,137,19.33,0.98,224.51,479.02,0.8315,-1,-1,-1
640,90,404.76,0.98,234.92,479.02,0.8852,-1,-1,-1
641,151,297.48,118.44,75.11,236.55,0.8269,-1,-1,-1
641,148,237.63,118.79,61.66,237.78,0.7441,-1,-1,-1
641,137,22.89,0.59,219.49,478.92,0.8211,-1,-1,-1
641,128,1.02,61.68,123.16,346.38,0.7211,-1,-1,-1
641,90,414.45,0.25,225.18,478.02,0.9248,-1,-1,-1
642,151,294.41,120.86,75.85,234.96,0.8351,-1,-1,-1
642,148,237.41,122.65,60.17,239.82,0.7456,-1,-1,-1
642,143,0.15,75.27,32.27,341.30,0.4755,-1,-1,-1
642,137,20.62,0.01,219.37,477.39,0.8587,-1,-1,-1
642,128,10.32,46.36,89.94,333.90,0.5938,-1,-1,-1
642,90,406.11,0.31,231.68,479.69,0.9189,-1,-1,-1
643,151,294.37,120.10,74.25,233.53,0.8121,-1,-1,-1
643,148,234.29,122.79,61.22,237.35,0.7139,-1,-1,-1
643,137,33.34,2.87,203.03,477.13,0.7258,-1,-1,-1
643,128,0.18,29.09,80.90,377.93,0.7638,-1,-1,-1
643,90,402.07,0.31,233.79,478.80,0.9266,-1,-1,-1
644,154,275.57,150.18,28.34,154.34,0.4352,-1,-1,-1
644,151,293.48,123.11,71.66,227.01,0.8341,-1,-1,-1
644,148,216.90,127.03,71.42,234.78,0.6474,-1,-1,-1
644,137,17.96,6.61,211.50,472.59,0.9029,-1,-1,-1
644,128,0.29,34.76,53.69,252.25,0.6057,-1,-1,-1
644,90,398.12,0.34,237.33,477.19,0.9290,-1,-1,-1
645,154,270.38,145.17,30.19,160.33,0.5126,-1,-1,-1
645,151,288.68,119.92,69.46,231.67,0.8561,-1,-1,-1
645,148,222.22,125.79,57.89,228.46,0.7899,-1,-1,-1
645,143,0.06,96.92,26.59,178.07,0.3131,-1,-1,-1
645,137,42.64,0.34,181.47,479.66,0.8687,-1,-1,-1
645,90,394.15,0.15,244.86,476.97,0.9310,-1,-1,-1
646,154,264.94,145.11,27.31,112.28,0.5341,-1,-1,-1
646,151,284.51,122.17,66.19,230.80,0.7913,-1,-1,-1
646,148,221.04,124.45,54.84,208.43,0.7904,-1,-1,-1
646,137,63.96,0.00,159.02,480.00,0.8939,-1,-1,-1
646,90,388.99,0.10,250.35,474.85,0.9146,-1,-1,-1
647,154,255.32,149.75,33.50,156.13,0.6766,-1,-1,-1
647,151,280.64,125.58,66.33,230.50,0.7967,-1,-1,-1
647,148,219.17,125.67,52.26,191.63,0.8150,-1,-1,-1
647,137,66.74,0.00,155.98,479.66,0.8977,-1,-1,-1
647,90,387.46,0.53,251.88,475.91,0.9191,-1,-1,-1
648,154,255.05,151.53,33.72,152.17,0.6553,-1,-1,-1
648,151,280.08,129.60,65.72,228.27,0.7824,-1,-1,-1
648,148,218.08,130.32,50.99,194.59,0.7353,-1,-1,-1
648,137,66.83,0.43,155.28,479.57,0.9028,-1,-1,-1
648,90,389.42,0.47,250.11,475.39,0.9145,-1,-1,-1
649,154,255.32,155.29,32.42,148.91,0.6808,-1,-1,-1
649,151,278.79,132.57,66.11,226.91,0.7800,-1,-1,-1
649,148,217.42,138.17,51.92,205.29,0.7172,-1,-1,-1
649,137,63.07,2.81,157.48,477.19,0.8980,-1,-1,-1
649,90,389.68,0.64,249.70,477.54,0.9204,-1,-1,-1
650,151,274.59,130.49,70.15,221.52,0.7993,-1,-1,-1
650,148,215.44,138.71,54.20,204.73,0.8069,-1,-1,-1
650,137,58.64,6.43,161.25,473.56,0.8956,-1,-1,-1
650,90,389.83,0.28,249.40,476.80,0.9206,-1,-1,-1
651,151,259.10,121.75,76.64,219.60,0.8028,-1,-1,-1
651,148,206.70,124.64,55.98,220.24,0.7679,-1,-1,-1
651,137,36.93,0.00,173.70,479.69,0.8886,-1,-1,-1
651,90,388.63,0.00,250.64,479.64,0.8970,-1,-1,-1
652,151,258.14,127.10,75.19,221.60,0.8354,-1,-1,-1
652,148,204.29,128.26,58.53,220.87,0.8176,-1,-1,-1
652,137,38.40,1.37,172.44,476.86,0.8965,-1,-1,-1
652,90,391.80,0.00,247.45,475.96,0.9025,-1,-1,-1
653,151,259.52,135.17,71.49,223.26,0.8489,-1,-1,-1
653,148,204.24,135.53,57.70,221.31,0.8145,-1,-1,-1
653,137,39.58,5.23,173.52,474.77,0.8762,-1,-1,-1
653,90,394.76,0.64,243.80,479.10,0.8967,-1,-1,-1
654,151,260.21,130.59,69.53,223.18,0.8314,-1,-1,-1
654,148,201.68,132.55,57.60,220.94,0.7885,-1,-1,-1
654,137,32.86,0.00,180.06,480.00,0.8887,-1,-1,-1
654,90,393.93,0.07,244.75,479.03,0.9116,-1,-1,-1
655,151,263.51,131.52,68.82,222.87,0.8481,-1,-1,-1
655,148,192.88,134.62,68.11,220.29,0.8414,-1,-1,-1
655,137,19.59,0.00,196.41,480.00,0.8750,-1,-1,-1
655,90,392.02,0.00,243.87,479.21,0.9174,-1,-1,-1
656,151,266.70,129.91,66.28,219.71,0.8448,-1,-1,-1
656,148,203.88,134.17,55.78,220.18,0.7752,-1,-1,-1
656,137,10.23,0.67,208.62,479.33,0.8913,-1,-1,-1
656,90,388.31,0.04,247.28,479.96,0.8977,-1,-1,-1
657,151,271.95,120.58,69.32,213.72,0.8606,-1,-1,-1
657,148,212.22,124.79,52.10,211.11,0.7779,-1,-1,-1
657,137,15.46,5.50,207.29,471.51,0.9124,-1,-1,-1
657,90,372.41,0.52,265.10,477.48,0.8913,-1,-1,-1
658,151,275.98,119.28,68.82,213.68,0.8461,-1,-1,-1
658,148,218.01,125.38,51.84,207.54,0.8042,-1,-1,-1
658,137,29.61,9.56,196.19,467.11,0.8966,-1,-1,-1
658,90,380.96,0.75,254.64,477.00,0.8926,-1,-1,-1
659,151,281.04,120.03,68.34,215.62,0.8333,-1,-1,-1
659,148,218.55,127.70,56.71,197.14,0.7768,-1,-1,-1
659,137,61.39,8.87,164.84,471.13,0.9093,-1,-1,-1
659,90,385.49,0.24,239.42,479.58,0.9049,-1,-1,-1
660,151,275.71,130.53,68.85,213.23,0.8414,-1,-1,-1
660,148,209.42,135.71,60.62,192.10,0.7545,-1,-1,-1
660,137,79.45,9.96,142.16,465.26,0.8865,-1,-1,-1
660,90,389.69,0.19,235.80,479.23,0.8984,-1,-1,-1
661,151,274.87,131.85,69.11,208.01,0.8185,-1,-1,-1
661,148,208.85,137.83,61.46,191.10,0.6225,-1,-1,-1
661,137,86.00,4.17,139.30,474.15,0.8858,-1,-1,-1
661,90,391.32,0.09,239.25,475.96,0.9183,-1,-1,-1
662,156,43.61,136.55,56.95,198.24,0.6837,-1,-1,-1
662,151,274.16,131.43,66.65,213.31,0.8510,-1,-1,-1
662,148,217.92,138.62,54.98,161.33,0.4961,-1,-1,-1
662,137,88.38,2.67,137.52,477.33,0.8764,-1,-1,-1
662,90,388.14,0.00,250.67,479.05,0.8990,-1,-1,-1
663,156,35.29,128.62,69.89,214.00,0.7918,-1,-1,-1
663,151,274.55,130.78,67.01,205.59,0.8587,-1,-1,-1
663,148,224.45,137.12,51.37,158.68,0.5905,-1,-1,-1
663,137,89.48,4.64,145.63,475.18,0.8681,-1,-1,-1
663,90,390.77,0.24,248.51,475.24,0.8746,-1,-1,-1
664,156,2.58,124.64,99.86,219.62,0.7869,-1,-1,-1
664,151,274.17,131.02,68.22,204.14,0.8643,-1,-1,-1
664,148,223.95,135.50,52.00,157.51,0.6917,-1,-1,-1
664,137,89.55,9.49,139.85,438.42,0.8858,-1,-1,-1
664,90,392.08,0.34,247.39,474.92,0.9132,-1,-1,-1
665,156,5.92,112.88,85.29,232.92,0.8366,-1,-1,-1
665,155,82.41,151.91,32.82,185.20,0.4243,-1,-1,-1
665,151,276.99,129.40,69.72,203.62,0.8240,-1,-1,-1
665,148,225.89,132.27,52.01,163.07,0.8039,-1,-1,-1
665,137,93.94,15.47,138.00,464.53,0.8705,-1,-1,-1
665,90,402.38,0.07,237.50,479.93,0.9057,-1,-1,-1
666,156,2.62,105.75,83.61,240.01,0.8896,-1,-1,-1
666,155,80.52,155.55,35.43,182.62,0.4288,-1,-1,-1
666,151,278.27,126.75,67.24,207.06,0.8207,-1,-1,-1
666,148,227.06,131.47,52.25,164.51,0.8193,-1,-1,-1
666,137,96.73,13.58,137.74,464.66,0.8391,-1,-1,-1
666,90,415.33,0.58,224.61,477.85,0.8782,-1,-1,-1
667,156,0.12,97.07,82.58,250.40,0.8918,-1,-1,-1
667,155,76.28,94.94,47.78,243.28,0.6753,-1,-1,-1
667,151,279.63,127.89,67.20,207.05,0.8009,-1,-1,-1
667,148,234.37,133.27,45.52,160.18,0.7241,-1,-1,-1
667,137,99.46,11.75,133.78,467.89,0.8721,-1,-1,-1
667,90,432.48,0.54,207.49,478.77,0.8948,-1,-1,-1
668,157,388.44,107.03,80.47,262.11,0.4130,-1,-1,-1
668,156,0.23,96.33,75.83,259.47,0.8745,-1,-1,-1
668,155,70.11,95.84,51.34,258.49,0.7959,-1,-1,-1
668,151,284.08,131.23,66.73,204.36,0.8485,-1,-1,-1
668,148,235.80,136.68,49.65,167.08,0.7601,-1,-1,-1
668,137,110.57,11.55,133.83,468.10,0.8669,-1,-1,-1
668,90,449.41,0.77,190.23,479.23,0.9091,-1,-1,-1
669,157,381.32,100.39,99.94,271.03,0.7864,-1,-1,-1
669,156,0.20,89.58,64.30,264.70,0.8560,-1,-1,-1
669,155,60.36,89.22,60.41,268.97,0.7845,-1,-1,-1
669,151,288.06,125.05,65.16,196.95,0.8841,-1,-1,-1
669,148,233.29,131.13,55.65,157.58,0.5295,-1,-1,-1
669,137,92.60,4.19,154.14,453.11,0.8752,-1,-1,-1
669,90,457.91,0.76,181.69,479.21,0.9209,-1,-1,-1
670,157,403.16,103.58,86.29,262.96,0.8376,-1,-1,-1
670,156,0.20,92.56,53.22,266.17,0.8520,-1,-1,-1
670,155,49.17,83.77,71.90,287.02,0.6823,-1,-1,-1
670,151,290.12,123.83,65.13,198.36,0.8689,-1,-1,-1
670,148,234.35,128.90,56.82,191.10,0.7519,-1,-1,-1
670,137,86.83,6.92,165.17,459.31,0.8685,-1,-1,-1
670,90,461.78,1.08,177.83,478.92,0.9157,-1,-1,-1
671,157,392.46,113.79,94.75,267.07,0.7817,-1,-1,-1
671,156,0.08,120.36,45.16,248.42,0.8168,-1,-1,-1
671,155,37.47,85.15,83.17,307.40,0.7928,-1,-1,-1
671,151,290.31,131.66,66.58,198.96,0.8549,-1,-1,-1
671,148,244.06,136.76,46.70,192.30,0.7362,-1,-1,-1
671,137,73.03,19.57,181.54,454.22,0.8386,-1,-1,-1
671,90,465.00,1.38,174.70,477.11,0.9126,-1,-1,-1
672,157,399.74,126.73,85.09,271.10,0.8366,-1,-1,-1
672,156,0.00,129.72,25.52,259.68,0.6563,-1,-1,-1
672,155,20.68,84.13,98.37,329.73,0.8465,-1,-1,-1
672,151,291.38,142.66,63.99,201.25,0.8583,-1,-1,-1
672,148,250.53,149.06,40.55,184.96,0.7239,-1,-1,-1
672,137,100.85,40.54,153.89,438.43,0.7672,-1,-1,-1
672,90,467.05,1.13,172.62,478.17,0.8931,-1,-1,-1
673,157,404.19,111.79,88.68,275.33,0.8543,-1,-1,-1
673,155,0.56,58.56,117.15,352.12,0.8679,-1,-1,-1
673,151,295.21,134.27,63.13,198.21,0.8405,-1,-1,-1
673,148,253.88,140.62,41.96,179.31,0.7722,-1,-1,-1
673,137,112.00,30.59,141.54,449.22,0.8711,-1,-1,-1
673,90,460.46,0.00,179.15,480.00,0.8641,-1,-1,-1
674,157,399.99,102.76,82.33,270.54,0.8358,-1,-1,-1
674,155,0.04,38.53,112.74,374.68,0.8913,-1,-1,-1
674,151,292.69,127.58,59.01,197.64,0.8565,-1,-1,-1
674,148,248.89,135.01,46.20,183.06,0.7832,-1,-1,-1
674,137,86.13,23.77,158.88,456.23,0.7764,-1,-1,-1
674,90,461.45,1.40,178.29,478.60,0.8837,-1,-1,-1
675,157,393.41,108.95,81.35,265.60,0.8354,-1,-1,-1
675,155,0.03,29.54,89.46,394.56,0.8869,-1,-1,-1
675,151,287.89,135.94,57.71,187.62,0.8597,-1,-1,-1
675,148,231.17,138.82,60.45,183.81,0.6277,-1,-1,-1
675,137,96.87,21.76,139.44,458.24,0.8821,-1,-1,-1
675,90,484.36,0.94,155.26,479.06,0.9052,-1,-1,-1
676,157,382.98,116.02,89.35,264.71,0.7593,-1,-1,-1
676,155,0.08,19.69,71.02,411.09,0.8590,-1,-1,-1
676,151,282.92,138.89,57.48,189.52,0.8509,-1,-1,-1
676,148,239.82,141.57,45.36,188.79,0.8134,-1,-1,-1
676,137,96.70,23.07,140.54,447.01,0.8958,-1,-1,-1
676,90,475.47,1.64,164.10,478.36,0.8275,-1,-1,-1
677,157,388.21,115.94,86.72,269.98,0.7806,-1,-1,-1
677,155,0.14,27.70,51.31,408.02,0.7163,-1,-1,-1
677,151,284.96,138.84,58.81,189.93,0.8241,-1,-1,-1
677,148,241.93,140.30,45.59,186.92,0.8187,-1,-1,-1
677,137,95.20,19.13,147.54,449.32,0.8887,-1,-1,-1
677,90,476.36,1.03,163.27,478.59,0.8987,-1,-1,-1
678,157,386.50,113.23,87.28,274.93,0.8410,-1,-1,-1
678,156,0.00,134.08,45.41,152.05,0.3405,-1,-1,-1
678,151,281.05,136.82,60.49,191.93,0.8527,-1,-1,-1
678,148,240.02,139.92,43.52,182.12,0.8255,-1,-1,-1
678,137,105.13,17.10,134.59,457.88,0.8652,-1,-1,-1
678,90,472.53,0.76,167.15,477.21,0.9060,-1,-1,-1
679,158,80.69,161.92,44.29,159.84,0.5565,-1,-1,-1
679,157,381.80,118.64,93.52,275.43,0.7719,-1,-1,-1
679,151,281.13,142.03,59.43,192.39,0.8563,-1,-1,-1
679,148,238.56,148.08,44.35,197.09,0.7140,-1,-1,-1
679,137,107.25,29.11,128.88,450.89,0.8280,-1,-1,-1
679,90,468.49,0.74,171.00,479.26,0.8951,-1,-1,-1
680,158,74.18,156.53,52.12,171.09,0.5966,-1,-1,-1
680,157,379.56,120.69,94.39,278.65,0.7584,-1,-1,-1
680,151,280.19,144.49,59.60,192.98,0.8629,-1,-1,-1
680,148,236.89,152.92,46.94,199.27,0.7467,-1,-1,-1
680,137,104.67,38.96,132.62,417.49,0.8177,-1,-1,-1
680,90,467.62,0.97,172.02,479.03,0.9086,-1,-1,-1
681,158,61.03,133.27,58.37,195.92,0.7464,-1,-1,-1
681,157,375.58,117.52,92.03,280.27,0.8329,-1,-1,-1
681,156,5.32,180.93,69.38,124.30,0.3482,-1,-1,-1
681,151,276.05,142.73,61.48,186.85,0.8541,-1,-1,-1
681,148,235.31,149.91,44.84,176.87,0.7858,-1,-1,-1
681,137,103.51,42.01,133.58,424.46,0.7967,-1,-1,-1
681,90,468.20,1.10,171.35,478.90,0.9140,-1,-1,-1
682,158,47.52,127.50,70.81,214.67,0.7842,-1,-1,-1
682,157,371.50,113.69,90.98,272.93,0.8197,-1,-1,-1
682,151,276.08,140.16,59.11,188.36,0.8668,-1,-1,-1
682,148,230.37,146.19,46.90,181.35,0.7965,-1,-1,-1
682,137,98.71,33.78,140.77,446.22,0.8532,-1,-1,-1
682,90,474.66,0.94,165.01,478.30,0.9116,-1,-1,-1
683,158,45.16,125.38,67.01,226.11,0.7950,-1,-1,-1
683,157,348.90,113.06,103.68,273.89,0.6908,-1,-1,-1
683,151,275.72,140.95,58.22,185.36,0.8635,-1,-1,-1
683,148,235.61,146.48,40.66,181.34,0.7648,-1,-1,-1
683,137,96.91,35.87,144.36,443.84,0.8584,-1,-1,-1
683,90,481.97,1.10,157.68,476.89,0.9110,-1,-1,-1
684,158,32.14,112.43,80.13,242.24,0.7715,-1,-1,-1
684,157,351.97,108.28,99.13,282.55,0.7301,-1,-1,-1
684,151,270.71,137.86,61.73,189.56,0.8641,-1,-1,-1
684,148,226.87,143.32,47.24,185.24,0.6551,-1,-1,-1
684,137,93.59,25.64,143.27,436.99,0.8657,-1,-1,-1
684,90,490.18,0.89,149.43,479.11,0.9155,-1,-1,-1
685,158,14.61,106.59,93.16,251.66,0.5751,-1,-1,-1
685,157,349.67,111.41,103.44,280.76,0.7595,-1,-1,-1
685,151,273.08,136.57,61.32,190.07,0.8617,-1,-1,-1
685,148,210.35,141.34,64.96,203.97,0.7064,-1,-1,-1
685,137,81.91,24.03,156.77,443.99,0.8815,-1,-1,-1
685,90,495.28,1.18,144.38,478.82,0.9132,-1,-1,-1
686,158,13.80,92.24,85.82,266.17,0.7963,-1,-1,-1
686,157,357.93,111.11,92.69,284.29,0.7948,-1,-1,-1
686,151,271.00,135.72,59.44,189.47,0.8214,-1,-1,-1
686,148,220.23,142.93,53.60,193.85,0.4231,-1,-1,-1
686,137,76.15,26.24,160.82,453.76,0.8910,-1,-1,-1
686,90,495.40,1.04,144.20,478.25,0.8967,-1,-1,-1
687,158,0.00,82.23,90.09,280.52,0.8851,-1,-1,-1
687,157,361.12,108.30,89.15,289.62,0.8427,-1,-1,-1
687,151,272.15,135.82,58.69,184.16,0.8404,-1,-1,-1
687,148,234.23,143.44,40.48,141.73,0.5412,-1,-1,-1
687,137,78.19,31.91,158.93,448.09,0.8834,-1,-1,-1
687,90,496.06,0.66,143.57,479.34,0.9104,-1,-1,-1
688,158,0.00,73.48,79.95,289.41,0.8245,-1,-1,-1
688,157,357.92,103.32,93.87,287.75,0.8473,-1,-1,-1
688,151,266.66,130.65,59.19,185.09,0.7832,-1,-1,-1
688,148,229.44,138.80,37.48,139.59,0.5502,-1,-1,-1
688,137,63.50,32.57,167.35,447.43,0.8681,-1,-1,-1
688,90,491.20,0.95,148.59,478.82,0.9203,-1,-1,-1
689,160,305.47,151.81,45.28,137.94,0.6049,-1,-1,-1
689,158,0.09,69.16,69.94,292.78,0.7675,-1,-1,-1
689,157,357.96,104.83,88.92,281.16,0.8438,-1,-1,-1
689,151,264.26,132.24,59.65,185.47,0.8241,-1,-1,-1
689,148,223.61,141.31,43.51,176.08,0.7154,-1,-1,-1
689,137,88.58,33.54,139.51,446.43,0.8263,-1,-1,-1
689,90,475.84,0.00,163.76,478.84,0.8965,-1,-1,-1
690,160,307.70,151.99,48.46,139.37,0.7236,-1,-1,-1
690,158,0.07,79.58,63.51,294.36,0.6838,-1,-1,-1
690,157,357.56,102.64,84.67,278.03,0.8485,-1,-1,-1
690,151,262.09,133.60,57.13,186.43,0.8411,-1,-1,-1
690,148,217.23,141.52,48.80,178.12,0.6363,-1,-1,-1
690,137,82.15,31.67,144.78,448.33,0.8663,-1,-1,-1
690,90,441.52,0.00,198.14,479.95,0.8624,-1,-1,-1
691,160,309.08,153.57,47.10,139.69,0.8003,-1,-1,-1
691,158,0.10,90.15,51.92,181.04,0.5576,-1,-1,-1
691,157,352.65,102.29,87.67,284.05,0.8244,-1,-1,-1
691,151,260.73,137.70,59.31,187.12,0.8252,-1,-1,-1
691,148,217.42,144.46,46.43,212.46,0.4537,-1,-1,-1
691,137,105.14,30.35,126.12,442.44,0.8914,-1,-1,-1
691,90,450.82,0.00,188.87,478.79,0.8516,-1,-1,-1
692,161,52.26,134.70,61.83,183.60,0.7587,-1,-1,-1
692,160,310.86,151.85,49.68,143.41,0.7731,-1,-1,-1
692,158,0.09,88.25,39.83,201.15,0.5484,-1,-1,-1
692,157,352.86,103.60,87.06,287.28,0.8502,-1,-1,-1
692,151,259.99,141.35,59.25,184.40,0.8392,-1,-1,-1
692,148,227.13,147.14,35.01,123.08,0.4839,-1,-1,-1
692,137,109.69,29.93,124.37,435.01,0.8958,-1,-1,-1
692,90,497.03,1.69,142.84,474.88,0.8480,-1,-1,-1
693,161,40.19,128.59,70.16,192.99,0.7317,-1,-1,-1
693,160,316.69,145.08,48.53,146.79,0.6528,-1,-1,-1
693,158,0.10,110.00,39.90,201.62,0.3501,-1,-1,-1
693,157,352.10,101.22,96.98,289.70,0.7830,-1,-1,-1
693,151,262.41,131.64,59.82,186.47,0.8406,-1,-1,-1
693,148,229.65,141.76,35.11,119.30,0.3501,-1,-1,-1
693,137,115.04,23.73,126.32,448.08,0.8832,-1,-1,-1
693,90,503.17,1.02,136.48,477.72,0.8814,-1,-1,-1
694,161,19.58,125.04,82.05,196.30,0.7816,-1,-1,-1
694,160,317.95,136.42,45.26,123.91,0.4937,-1,-1,-1
694,157,349.75,95.98,93.01,291.72,0.7771,-1,-1,-1
694,151,261.35,129.01,61.88,181.09,0.8170,-1,-1,-1
694,148,226.09,137.40,37.88,138.05,0.3534,-1,-1,-1
694,137,119.86,25.25,117.43,448.19,0.8488,-1,-1,-1
694,90,423.44,1.46,216.16,474.48,0.8624,-1,-1,-1
695,163,93.59,140.48,41.75,150.03,0.7336,-1,-1,-1
695,161,10.98,120.44,79.91,210.78,0.8250,-1,-1,-1
695,160,317.81,133.65,50.68,110.75,0.4516,-1,-1,-1
695,157,337.49,94.73,98.68,292.89,0.7090,-1,-1,-1
695,151,260.90,127.20,59.63,178.09,0.8311,-1,-1,-1
695,137,123.55,27.26,132.88,452.74,0.8023,-1,-1,-1
695,90,430.88,1.05,208.95,478.95,0.8936,-1,-1,-1
696,163,93.63,144.08,42.93,154.40,0.7724,-1,-1,-1
696,161,7.28,116.23,77.76,224.37,0.8272,-1,-1,-1
696,157,342.41,98.36,91.92,289.05,0.7926,-1,-1,-1
696,151,261.11,132.95,62.87,180.03,0.7893,-1,-1,-1
696,137,117.93,40.62,142.80,439.38,0.7956,-1,-1,-1
696,90,448.03,1.29,191.57,478.71,0.8516,-1,-1,-1
697,163,92.97,142.46,42.62,158.58,0.7263,-1,-1,-1
697,161,4.69,115.32,74.11,227.39,0.8293,-1,-1,-1
697,157,344.82,96.96,87.65,280.38,0.8334,-1,-1,-1
697,151,265.53,132.92,60.16,182.79,0.8408,-1,-1,-1
697,137,124.77,40.02,139.50,439.98,0.8707,-1,-1,-1
697,90,474.90,0.89,164.77,478.75,0.9059,-1,-1,-1
698,163,85.71,139.15,44.84,160.39,0.5223,-1,-1,-1
698,161,0.05,106.46,76.25,237.78,0.8074,-1,-1,-1
698,157,329.43,92.66,99.06,284.01,0.8188,-1,-1,-1
698,151,265.67,135.07,58.62,179.50,0.8062,-1,-1,-1
698,137,141.36,33.77,126.59,432.73,0.8734,-1,-1,-1
698,90,462.73,0.77,176.95,478.19,0.9109,-1,-1,-1
699,164,102.91,169.98,51.04,186.60,0.7132,-1,-1,-1
699,163,82.99,144.41,40.57,148.02,0.5290,-1,-1,-1
699,161,0.12,108.56,72.31,242.93,0.8452,-1,-1,-1
699,157,334.45,98.33,91.64,286.96,0.8347,-1,-1,-1
699,151,268.09,141.09,53.66,179.39,0.8272,-1,-1,-1
699,137,144.79,38.27,124.71,411.46,0.8986,-1,-1,-1
699,90,458.43,0.76,181.21,479.24,0.9092,-1,-1,-1
700,164,90.23,173.69,59.51,198.45,0.6923,-1,-1,-1
700,161,0.07,110.87,63.56,261.70,0.7410,-1,-1,-1
700,157,333.29,107.14,90.86,290.88,0.8485,-1,-1,-1
700,151,274.04,147.80,49.03,173.98,0.8004,-1,-1,-1
700,137,130.94,45.74,144.54,409.78,0.8784,-1,-1,-1
700,90,455.83,1.76,183.81,478.24,0.9097,-1,-1,-1
701,165,28.52,151.48,42.30,154.81,0.6825,-1,-1,-1
701,164,76.24,157.41,62.85,212.86,0.6798,-1,-1,-1
701,161,0.00,141.17,42.37,208.68,0.3788,-1,-1,-1
701,157,326.96,101.66,91.05,292.70,0.8335,-1,-1,-1
701,151,272.49,137.82,46.48,156.07,0.7943,-1,-1,-1
701,137,129.02,35.42,151.26,422.51,0.8669,-1,-1,-1
701,90,458.76,1.04,180.89,477.17,0.9211,-1,-1,-1
702,166,112.07,125.71,49.45,213.44,0.5789,-1,-1,-1
702,165,12.88,146.29,54.99,161.26,0.7363,-1,-1,-1
702,164,63.00,156.90,63.39,220.12,0.7357,-1,-1,-1
702,157,308.09,100.53,112.32,294.97,0.7963,-1,-1,-1
702,151,268.57,137.59,47.38,154.71,0.7785,-1,-1,-1
702,137,125.92,40.72,153.53,424.67,0.8602,-1,-1,-1
702,90,449.63,1.16,190.02,475.96,0.9249,-1,-1,-1
703,166,110.73,124.70,46.98,223.68,0.5771,-1,-1,-1
703,165,3.91,148.57,58.33,156.94,0.7028,-1,-1,-1
703,164,45.88,156.47,75.97,237.43,0.8088,-1,-1,-1
703,157,317.79,102.64,91.36,292.65,0.8206,-1,-1,-1
703,151,268.51,140.34,46.11,143.97,0.7071,-1,-1,-1
703,137,120.40,49.40,159.28,428.45,0.8437,-1,-1,-1
703,90,440.27,2.81,199.72,474.89,0.9266,-1,-1,-1
704,169,383.07,114.11,67.30,219.85,0.7894,-1,-1,-1
704,166,95.11,121.57,59.93,227.00,0.7110,-1,-1,-1
704,165,0.09,150.82,54.01,162.25,0.7208,-1,-1,-1
704,164,27.79,153.37,79.84,254.01,0.7253,-1,-1,-1
704,157,316.17,100.99,84.69,286.30,0.8292,-1,-1,-1
704,151,265.16,142.96,45.93,152.73,0.6486,-1,-1,-1
704,137,120.64,52.11,155.46,424.25,0.8545,-1,-1,-1
704,90,434.81,1.21,204.75,476.93,0.9201,-1,-1,-1
705,169,382.56,110.45,62.40,219.17,0.6809,-1,-1,-1
705,166,82.33,115.00,66.69,238.00,0.7979,-1,-1,-1
705,165,0.21,174.20,41.03,138.98,0.3346,-1,-1,-1
705,164,3.23,147.55,93.64,274.26,0.8043,-1,-1,-1
705,157,311.68,96.83,87.54,280.13,0.8503,-1,-1,-1
705,151,261.23,141.60,46.92,161.36,0.6720,-1,-1,-1
705,137,130.04,47.99,141.61,428.36,0.8725,-1,-1,-1
705,90,426.25,1.01,213.41,478.39,0.9228,-1,-1,-1
706,169,378.85,101.76,56.55,233.32,0.5087,-1,-1,-1
706,166,61.38,106.61,82.46,252.93,0.8449,-1,-1,-1
706,164,0.04,141.92,79.24,289.27,0.8798,-1,-1,-1
706,157,300.37,95.82,89.28,288.61,0.8325,-1,-1,-1
706,151,257.93,140.53,44.48,122.55,0.7364,-1,-1,-1
706,137,140.26,41.38,128.46,425.90,0.8629,-1,-1,-1
706,90,414.09,1.44,225.34,477.75,0.9200,-1,-1,-1
707,169,373.99,102.39,63.20,238.93,0.6342,-1,-1,-1
707,166,37.46,103.05,98.90,269.11,0.7725,-1,-1,-1
707,164,0.35,138.02,63.58,302.81,0.8316,-1,-1,-1
707,157,297.81,98.95,87.46,290.33,0.8564,-1,-1,-1
707,151,255.52,142.16,43.53,112.09,0.6439,-1,-1,-1
707,137,136.20,40.71,130.52,407.57,0.8941,-1,-1,-1
707,90,395.71,1.26,243.92,476.89,0.8951,-1,-1,-1
708,166,10.16,97.84,111.83,276.64,0.7049,-1,-1,-1
708,164,0.06,127.72,43.68,316.00,0.7596,-1,-1,-1
708,157,288.28,100.91,90.58,293.44,0.8377,-1,-1,-1
708,151,251.92,141.30,44.09,114.77,0.6239,-1,-1,-1
708,137,131.34,35.37,129.00,414.31,0.8754,-1,-1,-1
708,90,354.18,1.39,284.08,477.32,0.8694,-1,-1,-1
709,166,0.21,90.61,107.14,349.99,0.7101,-1,-1,-1
709,157,284.34,100.41,90.60,295.55,0.8035,-1,-1,-1
709,151,249.07,139.11,45.99,124.00,0.7152,-1,-1,-1
709,137,128.51,34.93,132.14,417.71,0.8690,-1,-1,-1
709,90,376.80,0.48,254.76,479.52,0.8650,-1,-1,-1
710,166,0.00,78.61,103.15,376.82,0.6758,-1,-1,-1
710,157,277.14,96.84,97.13,297.73,0.7583,-1,-1,-1
710,151,247.82,138.60,46.22,118.10,0.7432,-1,-1,-1
710,137,126.86,38.05,132.04,429.00,0.8649,-1,-1,-1
710,90,334.01,0.31,278.32,478.03,0.8940,-1,-1,-1
711,166,0.11,58.24,97.35,323.76,0.8856,-1,-1,-1
711,157,275.21,91.39,92.37,302.41,0.7813,-1,-1,-1
711,151,246.46,138.19,40.19,117.10,0.6849,-1,-1,-1
711,137,122.43,38.54,131.79,408.53,0.8207,-1,-1,-1
711,90,310.27,0.51,284.46,479.16,0.8860,-1,-1,-1
712,166,0.20,42.73,68.67,368.09,0.7077,-1,-1,-1
712,163,35.09,127.26,57.36,207.02,0.4418,-1,-1,-1
712,157,268.99,88.01,93.66,293.36,0.8236,-1,-1,-1
712,151,243.66,142.18,40.30,112.92,0.6088,-1,-1,-1
712,137,120.49,40.88,130.95,431.80,0.8869,-1,-1,-1
712,90,298.24,0.33,288.38,476.35,0.8949,-1,-1,-1
713,166,0.11,30.50,59.82,424.14,0.7368,-1,-1,-1
713,163,27.57,97.54,62.68,235.71,0.3116,-1,-1,-1
713,157,266.96,87.15,91.64,292.51,0.8166,-1,-1,-1
713,151,244.65,141.51,36.00,108.99,0.6944,-1,-1,-1
713,137,116.40,36.76,134.91,430.79,0.9003,-1,-1,-1
713,90,337.19,0.64,259.37,475.86,0.9168,-1,-1,-1
714,163,28.26,91.40,67.24,245.00,0.5799,-1,-1,-1
714,157,267.98,89.28,94.64,295.37,0.8158,-1,-1,-1
714,151,247.79,142.05,36.38,101.91,0.7459,-1,-1,-1
714,137,109.68,35.61,143.21,419.37,0.8968,-1,-1,-1
714,90,331.88,0.46,301.87,475.34,0.9016,-1,-1,-1
715,166,0.00,82.25,69.15,253.33,0.7392,-1,-1,-1
715,163,29.28,87.41,74.50,229.03,0.7634,-1,-1,-1
715,157,272.94,89.88,94.09,298.08,0.8311,-1,-1,-1
715,151,251.04,138.98,37.05,105.24,0.6348,-1,-1,-1
715,137,106.03,32.18,151.43,400.73,0.9022,-1,-1,-1
715,90,329.91,0.57,309.10,473.04,0.9130,-1,-1,-1
716,166,0.14,65.88,71.11,273.11,0.3834,-1,-1,-1
716,163,26.00,85.85,80.91,253.84,0.8297,-1,-1,-1
716,157,274.18,92.05,96.92,309.46,0.8401,-1,-1,-1
716,151,255.66,141.96,36.39,102.92,0.6745,-1,-1,-1
716,137,101.32,34.39,159.41,404.34,0.8984,-1,-1,-1
716,90,336.48,0.27,302.51,476.19,0.8857,-1,-1,-1
717,163,8.29,80.26,99.68,266.25,0.8885,-1,-1,-1
717,157,278.55,94.45,100.04,305.46,0.8474,-1,-1,-1
717,151,260.16,142.65,39.83,101.89,0.7288,-1,-1,-1
717,137,98.91,41.98,164.26,399.96,0.8877,-1,-1,-1
717,90,350.30,0.14,288.75,477.78,0.8717,-1,-1,-1
718,163,2.54,78.95,103.67,292.02,0.8838,-1,-1,-1
718,157,288.03,97.01,97.88,307.75,0.8124,-1,-1,-1
718,151,265.42,149.19,38.81,107.14,0.7652,-1,-1,-1
718,137,97.68,51.29,169.69,411.56,0.8917,-1,-1,-1
718,90,370.66,0.52,268.32,475.76,0.8971,-1,-1,-1
719,163,0.88,76.67,112.46,295.26,0.9004,-1,-1,-1
719,157,296.17,96.44,90.73,305.11,0.5786,-1,-1,-1
719,151,272.58,150.85,36.43,108.37,0.7071,-1,-1,-1
719,137,100.90,56.62,160.79,411.28,0.8881,-1,-1,-1
719,90,381.73,0.66,257.09,475.87,0.9052,-1,-1,-1
720,171,255.47,156.74,24.18,98.06,0.4301,-1,-1,-1
720,163,3.26,72.93,111.64,311.43,0.8963,-1,-1,-1
720,157,301.10,96.06,89.61,297.66,0.8466,-1,-1,-1
720,151,276.64,149.72,36.17,117.02,0.6707,-1,-1,-1
720,137,103.33,55.16,160.68,406.01,0.8887,-1,-1,-1
720,90,387.45,0.61,251.70,477.28,0.9164,-1,-1,-1
721,171,242.59,149.06,42.61,123.60,0.5539,-1,-1,-1
721,163,0.00,56.88,110.18,338.52,0.9201,-1,-1,-1
721,157,304.99,94.73,91.33,296.37,0.8501,-1,-1,-1
721,151,282.39,147.26,37.43,105.33,0.6121,-1,-1,-1
721,137,112.57,51.06,144.92,388.23,0.8912,-1,-1,-1
721,90,394.01,0.73,245.26,477.47,0.9261,-1,-1,-1
722,171,244.44,155.14,46.14,129.93,0.5245,-1,-1,-1
722,163,0.00,49.92,108.33,349.49,0.9217,-1,-1,-1
722,157,307.21,95.41,93.78,301.19,0.8777,-1,-1,-1
722,151,288.34,148.12,33.34,99.51,0.6000,-1,-1,-1
722,137,122.10,52.00,135.92,377.09,0.9015,-1,-1,-1
722,90,399.44,0.55,240.16,477.02,0.9253,-1,-1,-1
723,171,256.20,157.79,41.39,142.56,0.6102,-1,-1,-1
723,163,0.16,44.40,108.74,363.70,0.9252,-1,-1,-1
723,157,316.04,100.03,90.54,305.34,0.6788,-1,-1,-1
723,151,294.76,153.41,32.38,99.22,0.6308,-1,-1,-1
723,137,136.71,52.93,125.30,385.36,0.8953,-1,-1,-1
723,90,395.90,0.84,243.85,479.16,0.9147,-1,-1,-1
724,171,247.73,160.89,52.16,153.26,0.5821,-1,-1,-1
724,163,0.05,37.04,107.35,375.90,0.9165,-1,-1,-1
724,157,316.76,102.35,92.44,304.08,0.8461,-1,-1,-1
724,151,298.53,154.64,31.55,101.45,0.6611,-1,-1,-1
724,137,144.04,55.54,119.42,388.65,0.8979,-1,-1,-1
724,90,391.50,1.12,248.17,478.56,0.9033,-1,-1,-1
725,174,124.84,200.68,13.09,44.01,0.5111,-1,-1,-1
725,173,140.09,197.20,15.29,46.68,0.5806,-1,-1,-1
725,172,93.28,187.42,21.57,70.07,0.5552,-1,-1,-1
725,171,260.53,156.44,43.64,154.13,0.6964,-1,-1,-1
725,163,0.04,20.21,98.00,396.09,0.9011,-1,-1,-1
725,157,314.30,99.48,97.42,305.08,0.8199,-1,-1,-1
725,151,300.98,152.02,31.25,102.67,0.4271,-1,-1,-1
725,137,149.58,56.40,114.87,394.55,0.8947,-1,-1,-1
725,90,395.79,0.86,244.01,479.14,0.8765,-1,-1,-1
726,173,146.17,197.90,13.06,48.41,0.4132,-1,-1,-1
726,172,90.84,189.39,28.01,69.02,0.7158,-1,-1,-1
726,171,264.38,155.70,42.67,151.62,0.7929,-1,-1,-1
726,163,0.09,6.74,89.52,418.87,0.8919,-1,-1,-1
726,157,319.03,98.86,90.73,303.18,0.8232,-1,-1,-1
726,151,304.92,153.11,31.92,99.83,0.5479,-1,-1,-1
726,137,157.21,62.28,107.31,396.61,0.8777,-1,-1,-1
726,90,413.56,0.41,226.31,478.58,0.9232,-1,-1,-1
727,173,146.72,196.02,12.05,47.83,0.5005,-1,-1,-1
727,172,92.88,186.77,23.90,71.13,0.6396,-1,-1,-1
727,171,266.72,152.73,41.40,151.79,0.8133,-1,-1,-1
727,163,0.20,1.38,77.74,426.49,0.8778,-1,-1,-1
727,157,318.78,93.40,89.62,299.15,0.8264,-1,-1,-1
727,151,307.15,149.58,28.59,96.79,0.5002,-1,-1,-1
727,137,160.79,60.64,105.77,394.09,0.8886,-1,-1,-1
727,90,405.60,0.26,234.09,478.57,0.9251,-1,-1,-1
728,174,124.43,197.09,16.67,46.80,0.4837,-1,-1,-1
728,173,142.32,195.66,14.54,48.41,0.5441,-1,-1,-1
728,172,90.34,187.50,22.19,70.19,0.5425,-1,-1,-1
728,171,265.86,151.89,41.53,152.11,0.8363,-1,-1,-1
728,163,0.23,36.75,57.55,397.47,0.7274,-1,-1,-1
728,157,315.61,91.87,97.83,291.31,0.8063,-1,-1,-1
728,151,305.12,148.00,29.80,88.14,0.5178,-1,-1,-1
728,137,160.23,59.13,105.59,391.20,0.8868,-1,-1,-1
728,90,392.31,0.36,246.50,477.72,0.9283,-1,-1,-1
729,174,120.53,195.35,19.07,47.90,0.4408,-1,-1,-1
729,173,139.86,195.84,14.90,46.46,0.5573,-1,-1,-1
729,172,82.39,186.10,25.16,71.22,0.5965,-1,-1,-1
729,171,265.13,152.46,42.41,150.30,0.8540,-1,-1,-1
729,157,314.96,89.69,91.51,298.76,0.8495,-1,-1,-1
729,151,305.32,148.83,26.33,83.64,0.5704,-1,-1,-1
729,137,159.54,56.12,106.51,376.84,0.8967,-1,-1,-1
729,90,383.45,0.60,255.79,475.50,0.9302,-1,-1,-1
730,174,120.79,198.20,16.06,52.04,0.3287,-1,-1,-1
730,172,84.99,192.86,21.50,71.72,0.5881,-1,-1,-1
730,171,265.56,160.94,43.10,148.97,0.8183,-1,-1,-1
730,157,314.63,100.07,92.23,301.79,0.8134,-1,-1,-1
730,151,304.95,156.55,28.49,84.67,0.4539,-1,-1,-1
730,137,159.36,62.79,107.27,365.87,0.9013,-1,-1,-1
730,90,375.24,0.52,263.87,476.82,0.9263,-1,-1,-1
731,174,122.69,205.87,15.21,48.06,0.5076,-1,-1,-1
731,172,81.83,194.20,25.79,75.78,0.6460,-1,-1,-1
731,171,268.04,165.24,40.41,145.41,0.7881,-1,-1,-1
731,157,314.79,101.84,94.18,312.12,0.8345,-1,-1,-1
731,151,306.15,161.10,32.66,83.26,0.4406,-1,-1,-1
731,137,159.32,68.07,109.94,369.07,0.9013,-1,-1,-1
731,90,372.18,0.62,267.11,476.68,0.9269,-1,-1,-1
732,174,119.57,205.52,17.26,49.77,0.5414,-1,-1,-1
732,172,75.73,194.32,27.96,77.35,0.6473,-1,-1,-1
732,171,268.70,165.60,39.85,142.76,0.7781,-1,-1,-1
732,157,314.87,110.16,94.39,308.46,0.8605,-1,-1,-1
732,151,306.54,163.20,32.86,85.73,0.4099,-1,-1,-1
732,137,151.91,73.68,117.35,374.93,0.9003,-1,-1,-1
732,90,373.45,0.49,266.04,476.44,0.9190,-1,-1,-1
733,174,112.24,203.44,23.76,54.32,0.3608,-1,-1,-1
733,172,64.82,194.38,32.52,80.83,0.6064,-1,-1,-1
733,171,265.97,165.41,40.83,141.82,0.7991,-1,-1,-1
733,157,315.83,111.54,91.06,306.50,0.8630,-1,-1,-1
733,151,311.26,164.27,29.19,90.16,0.3416,-1,-1,-1
733,137,145.40,83.48,116.59,378.26,0.8710,-1,-1,-1
733,90,382.19,0.77,257.36,477.14,0.9097,-1,-1,-1
734,172,60.72,201.83,33.09,78.52,0.6118,-1,-1,-1
734,171,265.73,170.19,41.37,134.30,0.7530,-1,-1,-1
734,157,315.89,116.73,90.24,301.51,0.8353,-1,-1,-1
734,137,137.71,90.68,117.28,378.22,0.8832,-1,-1,-1
734,90,389.51,0.69,250.22,477.64,0.9103,-1,-1,-1
735,177,240.60,160.67,33.01,124.32,0.5759,-1,-1,-1
735,172,59.25,195.07,30.52,81.17,0.6094,-1,-1,-1
735,171,265.41,165.27,42.01,140.89,0.7549,-1,-1,-1
735,157,316.41,108.45,90.12,291.38,0.8269,-1,-1,-1
735,137,129.19,84.43,121.81,374.14,0.8493,-1,-1,-1
735,90,396.18,0.43,243.28,478.26,0.9141,-1,-1,-1
736,177,239.20,157.76,31.21,109.99,0.4724,-1,-1,-1
736,172,56.61,191.48,30.42,82.33,0.5820,-1,-1,-1
736,171,264.41,165.09,41.37,141.07,0.7889,-1,-1,-1
736,157,315.65,104.01,90.42,294.98,0.8302,-1,-1,-1
736,137,151.04,78.57,106.25,361.33,0.8250,-1,-1,-1
736,90,399.72,0.41,239.26,477.58,0.8932,-1,-1,-1
737,178,109.57,137.32,53.92,185.08,0.8011,-1,-1,-1
737,177,237.20,156.73,34.24,141.69,0.3417,-1,-1,-1
737,172,46.91,189.29,31.06,84.08,0.6177,-1,-1,-1
737,171,260.73,165.79,43.09,142.73,0.7946,-1,-1,-1
737,157,314.84,105.91,89.96,297.90,0.8280,-1,-1,-1
737,137,147.50,74.38,110.16,346.41,0.8490,-1,-1,-1
737,90,401.03,0.21,238.14,475.16,0.9134,-1,-1,-1
738,178,104.67,134.10,54.34,191.65,0.7932,-1,-1,-1
738,177,236.44,154.85,34.34,146.10,0.4680,-1,-1,-1
738,172,42.53,185.87,32.17,86.06,0.7077,-1,-1,-1
738,171,258.16,164.24,45.08,144.48,0.7889,-1,-1,-1
738,157,313.09,108.66,92.35,299.28,0.8236,-1,-1,-1
738,137,144.41,73.56,109.99,351.58,0.8391,-1,-1,-1
738,90,400.22,0.73,238.94,476.25,0.9190,-1,-1,-1
739,178,92.69,131.77,61.72,196.59,0.8092,-1,-1,-1
739,177,236.10,156.49,31.11,110.51,0.5482,-1,-1,-1
739,172,36.31,184.87,30.96,87.59,0.6082,-1,-1,-1
739,171,254.52,163.05,48.76,143.55,0.7619,-1,-1,-1
739,157,309.98,111.36,92.26,301.98,0.8410,-1,-1,-1
739,137,143.49,75.94,99.21,355.81,0.8661,-1,-1,-1
739,90,397.99,0.57,241.38,476.90,0.9141,-1,-1,-1
740,178,82.97,130.73,67.40,211.82,0.8337,-1,-1,-1
740,177,237.13,157.44,30.61,134.36,0.4091,-1,-1,-1
740,172,30.54,183.50,34.18,89.67,0.7123,-1,-1,-1
740,171,255.06,162.09,54.29,144.05,0.7524,-1,-1,-1
740,157,310.44,111.90,91.11,300.89,0.8470,-1,-1,-1
740,137,142.89,83.95,104.26,357.53,0.8775,-1,-1,-1
740,90,394.61,1.08,244.98,476.81,0.9144,-1,-1,-1
741,179,0.06,190.69,18.35,77.54,0.3249,-1,-1,-1
741,178,76.09,122.72,76.75,217.71,0.8390,-1,-1,-1
741,177,236.67,153.90,30.74,138.12,0.5043,-1,-1,-1
741,172,26.28,179.75,33.76,91.10,0.6871,-1,-1,-1
741,171,255.25,160.18,52.29,144.23,0.7428,-1,-1,-1
741,157,306.31,106.18,94.08,303.60,0.8238,-1,-1,-1
741,137,143.75,85.02,101.97,357.18,0.8789,-1,-1,-1
741,90,388.71,1.07,251.08,477.75,0.8985,-1,-1,-1
742,179,0.04,183.09,18.17,75.77,0.5539,-1,-1,-1
742,178,72.40,115.26,76.81,228.50,0.8039,-1,-1,-1
742,177,235.71,152.08,32.87,137.93,0.5311,-1,-1,-1
742,172,24.02,179.23,30.25,92.53,0.6922,-1,-1,-1
742,171,260.29,161.23,46.86,142.77,0.7660,-1,-1,-1
742,157,307.85,104.85,89.23,293.06,0.8308,-1,-1,-1
742,137,142.92,88.53,102.02,346.52,0.8837,-1,-1,-1
742,90,397.57,0.89,241.80,479.11,0.9148,-1,-1,-1
743,179,0.01,187.19,15.09,68.76,0.4813,-1,-1,-1
743,178,47.11,104.68,97.20,239.77,0.6871,-1,-1,-1
743,177,236.77,152.56,31.54,137.71,0.5906,-1,-1,-1
743,172,13.87,176.17,33.50,92.22,0.6171,-1,-1,-1
743,171,259.77,161.22,47.84,142.28,0.7626,-1,-1,-1
743,157,311.20,104.88,82.09,284.54,0.8062,-1,-1,-1
743,137,138.17,85.06,107.20,348.11,0.8711,-1,-1,-1
743,90,398.22,1.06,240.09,478.94,0.9029,-1,-1,-1
744,178,42.53,97.49,93.71,253.85,0.8554,-1,-1,-1
744,177,238.36,149.52,31.63,143.19,0.5767,-1,-1,-1
744,172,9.14,173.43,35.59,97.36,0.6043,-1,-1,-1
744,171,258.47,161.94,52.82,141.68,0.7107,-1,-1,-1
744,157,306.60,103.75,87.04,292.30,0.8317,-1,-1,-1
744,137,151.94,82.48,96.20,332.80,0.8639,-1,-1,-1
744,90,389.78,0.28,238.59,478.53,0.8926,-1,-1,-1
745,180,122.19,129.42,46.43,180.39,0.7043,-1,-1,-1
745,178,15.69,94.63,114.41,265.88,0.8609,-1,-1,-1
745,177,242.27,148.86,30.79,140.88,0.6156,-1,-1,-1
745,172,7.66,171.89,34.90,133.36,0.3443,-1,-1,-1
745,171,265.52,159.09,46.62,137.98,0.6857,-1,-1,-1
745,157,308.41,99.60,93.77,299.98,0.8312,-1,-1,-1
745,137,155.85,78.90,94.29,324.86,0.8714,-1,-1,-1
745,90,400.52,0.14,229.63,477.87,0.9241,-1,-1,-1
746,180,112.93,131.05,63.13,184.73,0.8577,-1,-1,-1
746,178,0.85,91.67,114.80,289.87,0.8704,-1,-1,-1
746,177,248.69,154.17,28.80,131.84,0.5161,-1,-1,-1
746,171,269.58,158.67,50.08,139.23,0.5442,-1,-1,-1
746,157,308.12,155.48,92.46,251.77,0.7877,-1,-1,-1
746,137,160.68,82.67,97.08,329.71,0.8748,-1,-1,-1
746,90,391.23,0.41,246.53,478.59,0.9070,-1,-1,-1
747,180,112.44,126.84,63.71,191.64,0.8141,-1,-1,-1
747,178,0.05,84.93,111.64,301.21,0.8906,-1,-1,-1
747,177,251.39,153.31,27.59,126.79,0.3078,-1,-1,-1
747,171,266.66,158.07,53.70,139.85,0.6912,-1,-1,-1
747,157,311.38,107.11,93.15,301.67,0.8522,-1,-1,-1
747,137,163.32,83.54,98.24,332.04,0.8695,-1,-1,-1
747,90,390.20,0.32,248.96,477.48,0.8959,-1,-1,-1
748,180,113.03,124.06,61.30,198.83,0.8248,-1,-1,-1
748,178,0.00,75.04,92.74,316.83,0.8875,-1,-1,-1
748,177,251.63,154.12,32.20,102.93,0.4522,-1,-1,-1
748,171,270.75,160.57,52.25,140.41,0.6604,-1,-1,-1
748,157,315.55,107.67,90.14,301.18,0.8376,-1,-1,-1
748,137,164.36,88.60,102.38,335.17,0.8671,-1,-1,-1
748,90,390.99,0.31,248.71,476.78,0.9182,-1,-1,-1
749,180,107.96,121.05,65.68,209.23,0.8598,-1,-1,-1
749,178,0.02,64.32,84.02,331.67,0.8909,-1,-1,-1
749,177,251.43,155.92,39.52,139.89,0.5091,-1,-1,-1
749,171,273.58,167.01,53.01,137.75,0.6501,-1,-1,-1
749,157,318.62,108.96,93.88,298.87,0.7946,-1,-1,-1
749,137,164.14,93.90,104.78,337.68,0.8559,-1,-1,-1
749,90,393.53,0.42,245.96,477.93,0.9216,-1,-1,-1
750,180,106.38,113.76,67.50,216.50,0.8610,-1,-1,-1
750,178,0.17,47.52,77.58,368.91,0.8681,-1,-1,-1
750,177,257.53,153.15,39.60,139.67,0.6305,-1,-1,-1
750,171,281.62,164.51,53.43,139.23,0.7164,-1,-1,-1
750,157,325.85,105.78,88.64,287.54,0.8413,-1,-1,-1
750,137,170.69,92.37,104.07,328.19,0.8718,-1,-1,-1
750,90,405.18,0.84,234.49,477.01,0.9137,-1,-1,-1
751,180,101.59,105.89,81.17,222.26,0.8682,-1,-1,-1
751,178,0.17,33.29,71.17,367.87,0.7760,-1,-1,-1
751,177,263.28,146.68,42.61,143.35,0.7271,-1,-1,-1
751,171,290.54,160.09,50.49,133.26,0.7351,-1,-1,-1
751,157,335.00,97.69,87.10,290.65,0.8020,-1,-1,-1
751,137,179.15,88.10,84.47,324.23,0.8299,-1,-1,-1
751,90,414.31,0.40,225.51,477.94,0.9109,-1,-1,-1
752,180,95.37,99.19,86.96,234.81,0.8731,-1,-1,-1
752,178,0.46,6.33,79.49,396.48,0.7360,-1,-1,-1
752,177,270.15,147.05,40.79,133.23,0.6896,-1,-1,-1
752,171,295.84,160.34,52.12,126.41,0.6203,-1,-1,-1
752,157,336.50,100.69,90.57,295.31,0.8463,-1,-1,-1
752,137,185.46,85.25,100.51,304.90,0.8927,-1,-1,-1
752,90,418.40,0.84,221.11,477.46,0.9180,-1,-1,-1
753,180,90.93,94.45,90.80,246.97,0.8760,-1,-1,-1
753,178,0.00,74.84,77.42,325.21,0.4420,-1,-1,-1
753,177,274.68,150.70,39.43,127.54,0.7600,-1,-1,-1
753,171,303.66,158.90,48.27,125.20,0.4402,-1,-1,-1
753,157,339.61,102.76,93.75,297.28,0.8254,-1,-1,-1
753,137,186.90,83.03,99.85,308.97,0.8963,-1,-1,-1
753,90,411.53,0.79,228.25,478.16,0.9176,-1,-1,-1
754,180,76.12,90.07,104.57,266.59,0.8934,-1,-1,-1
754,177,283.08,149.36,39.75,137.30,0.7254,-1,-1,-1
754,172,0.20,118.33,34.05,156.67,0.3212,-1,-1,-1
754,171,320.39,160.32,38.83,105.42,0.4930,-1,-1,-1
754,157,345.56,106.33,93.63,300.05,0.7777,-1,-1,-1
754,137,195.15,84.03,98.80,314.53,0.8752,-1,-1,-1
754,90,411.96,1.26,227.65,478.50,0.9171,-1,-1,-1
755,181,31.99,166.68,38.18,88.82,0.5870,-1,-1,-1
755,180,71.38,84.57,107.77,273.49,0.9012,-1,-1,-1
755,177,285.32,152.47,40.41,131.71,0.7343,-1,-1,-1
755,172,0.01,151.11,36.91,123.69,0.4065,-1,-1,-1
755,171,326.80,161.17,34.86,107.03,0.4147,-1,-1,-1
755,157,347.59,103.26,93.09,297.89,0.8358,-1,-1,-1
755,137,202.25,86.16,92.71,313.67,0.8681,-1,-1,-1
755,90,427.60,1.99,211.84,477.56,0.9132,-1,-1,-1
756,181,40.75,171.17,31.52,86.75,0.5812,-1,-1,-1
756,180,66.82,78.88,109.95,296.26,0.9018,-1,-1,-1
756,177,292.43,151.65,35.37,133.07,0.7329,-1,-1,-1
756,172,0.18,154.99,28.50,124.39,0.7076,-1,-1,-1
756,171,329.39,161.66,37.83,112.32,0.3902,-1,-1,-1
756,157,347.82,98.69,97.38,306.71,0.7096,-1,-1,-1
756,137,211.29,89.72,89.31,316.89,0.8664,-1,-1,-1
756,90,465.12,1.90,174.52,477.76,0.9046,-1,-1,-1
757,181,41.70,167.23,33.03,91.84,0.3219,-1,-1,-1
757,180,57.64,65.72,112.46,314.00,0.8918,-1,-1,-1
757,177,296.59,148.80,36.41,130.76,0.7431,-1,-1,-1
757,172,0.16,154.20,21.75,123.81,0.6023,-1,-1,-1
757,171,329.15,158.53,38.69,113.81,0.3952,-1,-1,-1
757,157,351.88,94.95,94.03,301.10,0.8002,-1,-1,-1
757,137,206.51,90.25,99.48,313.54,0.8621,-1,-1,-1
757,90,487.80,0.96,152.01,477.19,0.8989,-1,-1,-1
758,180,45.53,50.50,115.28,333.29,0.8995,-1,-1,-1
758,177,299.85,146.09,31.03,129.68,0.5495,-1,-1,-1
758,172,0.10,159.19,15.43,90.04,0.3196,-1,-1,-1
758,171,321.52,158.03,47.44,114.24,0.3658,-1,-1,-1
758,157,348.94,92.69,97.39,297.26,0.7836,-1,-1,-1
758,137,217.10,85.93,89.56,316.10,0.8682,-1,-1,-1
759,184,190.32,162.48,33.35,116.69,0.4167,-1,-1,-1
759,180,20.56,39.85,132.24,352.32,0.9100,-1,-1,-1
759,177,302.72,149.85,34.00,133.43,0.5962,-1,-1,-1
759,157,351.23,95.50,96.46,298.05,0.7821,-1,-1,-1
759,137,203.29,87.61,105.37,300.79,0.8736,-1,-1,-1
759,90,478.96,4.16,160.62,474.05,0.4442,-1,-1,-1
760,184,181.44,162.00,45.03,120.53,0.5230,-1,-1,-1
760,180,0.00,25.03,138.68,371.71,0.9174,-1,-1,-1
760,177,304.59,145.30,32.16,131.51,0.5633,-1,-1,-1
760,173,133.63,180.76,22.41,67.34,0.6073,-1,-1,-1
760,157,348.68,91.83,99.79,304.33,0.8156,-1,-1,-1
760,137,199.36,82.78,110.44,299.86,0.8691,-1,-1,-1
760,90,494.76,3.44,144.78,475.82,0.5799,-1,-1,-1
761,184,180.38,160.19,39.52,121.83,0.5936,-1,-1,-1
761,180,0.00,9.00,117.46,391.94,0.9313,-1,-1,-1
761,177,308.62,154.28,32.18,121.95,0.5042,-1,-1,-1
761,174,106.13,177.32,22.00,71.47,0.4484,-1,-1,-1
761,173,129.66,179.78,25.50,68.50,0.6502,-1,-1,-1
761,157,350.81,95.97,98.18,306.60,0.8524,-1,-1,-1
761,137,206.06,81.84,107.96,302.21,0.8705,-1,-1,-1
761,90,505.32,1.10,134.51,477.35,0.8351,-1,-1,-1
762,184,176.39,155.12,39.45,121.49,0.6103,-1,-1,-1
762,180,0.00,0.31,103.04,403.22,0.9146,-1,-1,-1
762,177,310.51,146.51,26.99,125.42,0.6128,-1,-1,-1
762,174,108.18,175.52,19.75,73.08,0.4104,-1,-1,-1
762,173,128.78,175.74,26.02,69.74,0.6014,-1,-1,-1
762,157,354.22,94.40,95.14,307.97,0.8558,-1,-1,-1
762,137,180.52,79.44,135.95,306.69,0.8691,-1,-1,-1
762,90,492.19,1.14,147.47,478.86,0.8899,-1,-1,-1
763,185,81.09,161.22,40.76,83.14,0.7077,-1,-1,-1
763,184,167.65,143.03,37.22,126.13,0.6873,-1,-1,-1
763,182,53.15,150.35,34.52,94.76,0.5830,-1,-1,-1
763,180,0.23,25.27,82.97,379.57,0.8858,-1,-1,-1
763,177,308.03,136.22,30.01,120.22,0.5859,-1,-1,-1
763,173,124.90,166.26,25.20,72.00,0.6715,-1,-1,-1
763,157,354.40,84.72,94.33,304.45,0.8545,-1,-1,-1
763,137,189.57,75.89,126.72,308.35,0.8897,-1,-1,-1
763,90,463.64,1.59,176.08,478.41,0.8765,-1,-1,-1
764,185,84.20,163.41,38.54,86.73,0.6896,-1,-1,-1
764,184,161.69,149.10,39.35,124.44,0.7262,-1,-1,-1
764,182,52.72,158.01,41.37,92.48,0.4989,-1,-1,-1
764,180,0.34,24.69,64.95,391.44,0.7996,-1,-1,-1
764,177,308.89,139.87,32.49,121.98,0.6089,-1,-1,-1
764,173,124.52,170.53,25.12,71.33,0.6328,-1,-1,-1
764,157,358.71,90.18,90.61,296.41,0.8285,-1,-1,-1
764,137,208.09,82.84,110.94,309.08,0.8786,-1,-1,-1
764,90,457.05,0.85,182.49,450.45,0.7878,-1,-1,-1
765,186,199.26,155.32,31.77,115.76,0.6048,-1,-1,-1
765,185,93.81,168.83,30.77,85.82,0.6548,-1,-1,-1
765,184,146.49,155.32,51.62,124.94,0.7887,-1,-1,-1
765,182,60.57,160.90,40.94,96.54,0.6543,-1,-1,-1
765,177,310.34,145.33,34.73,119.85,0.6781,-1,-1,-1
765,173,125.54,175.63,23.79,72.98,0.6325,-1,-1,-1
765,157,360.58,92.55,94.67,292.89,0.8495,-1,-1,-1
765,137,217.22,87.21,105.27,303.80,0.8756,-1,-1,-1
765,90,458.50,1.36,181.17,478.64,0.8616,-1,-1,-1
766,186,198.26,156.09,34.10,119.56,0.6897,-1,-1,-1
766,185,94.96,166.94,28.81,89.73,0.6902,-1,-1,-1
766,184,139.97,154.87,54.29,127.43,0.8330,-1,-1,-1
766,182,61.85,164.70,38.92,94.29,0.6275,-1,-1,-1
766,177,310.13,147.86,30.13,120.93,0.6250,-1,-1,-1
766,173,122.90,175.11,23.63,74.12,0.6202,-1,-1,-1
766,157,360.36,92.32,93.75,292.90,0.7675,-1,-1,-1
766,137,224.39,86.31,96.81,304.29,0.8896,-1,-1,-1
766,90,457.28,1.24,182.45,478.76,0.8783,-1,-1,-1
767,186,188.11,151.30,41.27,125.32,0.8010,-1,-1,-1
767,185,91.91,164.77,26.11,90.38,0.4925,-1,-1,-1
767,184,127.71,154.39,58.45,126.32,0.8247,-1,-1,-1
767,182,57.28,160.34,35.61,96.82,0.6076,-1,-1,-1
767,177,310.50,147.27,33.66,119.54,0.4050,-1,-1,-1
767,157,354.73,91.33,97.65,297.97,0.7947,-1,-1,-1
767,137,228.29,80.14,89.37,290.79,0.8882,-1,-1,-1
767,90,457.74,1.32,181.90,477.91,0.9012,-1,-1,-1
768,186,184.97,155.14,41.94,126.70,0.8358,-1,-1,-1
768,185,90.86,165.63,34.76,92.42,0.4601,-1,-1,-1
768,184,120.82,157.70,57.41,125.87,0.8013,-1,-1,-1
768,182,51.35,161.61,35.96,98.59,0.6310,-1,-1,-1
768,157,351.54,94.49,97.95,303.79,0.7888,-1,-1,-1
768,137,226.11,81.84,89.91,290.29,0.8781,-1,-1,-1
768,90,457.45,1.29,182.20,478.71,0.8853,-1,-1,-1
769,186,183.09,154.83,44.98,130.22,0.8511,-1,-1,-1
769,185,87.89,167.11,30.20,92.29,0.4928,-1,-1,-1
769,184,116.69,154.94,45.68,129.76,0.7337,-1,-1,-1
769,182,54.36,161.14,31.06,100.16,0.6626,-1,-1,-1
769,157,351.83,98.17,94.54,304.88,0.7858,-1,-1,-1
769,137,226.45,83.65,88.69,295.42,0.8834,-1,-1,-1
769,90,463.57,1.99,176.05,478.01,0.8712,-1,-1,-1
770,186,179.94,152.78,47.14,132.64,0.8408,-1,-1,-1
770,185,87.47,164.77,25.70,93.70,0.4094,-1,-1,-1
770,184,111.56,153.13,41.60,129.38,0.5494,-1,-1,-1
770,182,53.15,160.65,35.54,100.69,0.6279,-1,-1,-1
770,157,350.47,94.22,95.85,305.68,0.7878,-1,-1,-1
770,137,225.57,84.50,92.62,297.80,0.8877,-1,-1,-1
770,90,477.16,1.12,162.42,478.28,0.8332,-1,-1,-1
771,186,167.46,149.54,51.03,140.02,0.8296,-1,-1,-1
771,185,80.74,161.62,32.44,98.20,0.4977,-1,-1,-1
771,184,101.09,152.42,37.51,133.70,0.5530,-1,-1,-1
771,182,48.09,159.61,36.66,103.35,0.6872,-1,-1,-1
771,157,347.73,93.29,89.71,301.86,0.8293,-1,-1,-1
771,137,220.82,89.73,93.01,300.80,0.8731,-1,-1,-1
771,90,503.60,0.75,136.04,473.61,0.8516,-1,-1,-1
772,186,163.32,144.71,52.05,141.32,0.8314,-1,-1,-1
772,184,83.02,151.62,49.66,133.15,0.7172,-1,-1,-1
772,182,45.74,156.11,37.80,104.29,0.6341,-1,-1,-1
772,157,343.86,92.62,89.95,293.72,0.8171,-1,-1,-1
772,137,211.25,89.68,100.44,297.45,0.8953,-1,-1,-1
772,90,494.21,0.00,145.64,475.15,0.8112,-1,-1,-1
773,186,148.68,140.06,61.77,147.18,0.8453,-1,-1,-1
773,184,72.93,151.47,47.36,132.57,0.7889,-1,-1,-1
773,182,42.95,155.55,38.41,103.04,0.6624,-1,-1,-1
773,157,338.11,87.42,96.43,291.24,0.8604,-1,-1,-1
773,137,212.79,89.38,97.95,293.79,0.8926,-1,-1,-1
773,90,493.37,0.00,146.49,474.78,0.7819,-1,-1,-1
774,186,154.02,136.58,51.66,154.48,0.8337,-1,-1,-1
774,184,66.14,150.31,49.44,134.48,0.6659,-1,-1,-1
774,182,44.68,158.46,38.47,93.42,0.4213,-1,-1,-1
774,157,335.42,87.83,97.26,294.98,0.8503,-1,-1,-1
774,137,219.23,87.39,93.90,287.06,0.8911,-1,-1,-1
774,90,494.50,4.76,145.50,472.35,0.8453,-1,-1,-1
775,186,152.10,138.33,52.07,159.23,0.8540,-1,-1,-1
775,185,88.79,156.85,37.70,103.94,0.4667,-1,-1,-1
775,184,66.19,153.90,42.10,132.79,0.4784,-1,-1,-1
775,182,43.44,155.07,39.43,110.05,0.4446,-1,-1,-1
775,157,337.48,88.50,94.58,300.38,0.7959,-1,-1,-1
775,137,215.23,87.04,99.47,277.71,0.8734,-1,-1,-1
775,90,463.67,18.46,124.41,433.71,0.7890,-1,-1,-1
776,188,496.75,0.00,143.10,479.79,0.8019,-1,-1,-1
776,186,144.94,139.51,54.48,161.57,0.8232,-1,-1,-1
776,185,89.72,172.90,34.81,91.58,0.6756,-1,-1,-1
776,184,43.90,152.05,52.13,135.73,0.6147,-1,-1,-1
776,157,338.75,94.33,92.63,302.68,0.8507,-1,-1,-1
776,137,212.16,87.95,103.86,280.46,0.8759,-1,-1,-1
776,90,412.75,22.61,166.26,419.08,0.7637,-1,-1,-1
777,188,495.30,0.00,144.58,479.92,0.7786,-1,-1,-1
777,186,142.16,138.29,54.37,167.09,0.8226,-1,-1,-1
777,185,93.60,170.49,31.25,94.10,0.6627,-1,-1,-1
777,184,38.56,150.88,52.19,138.88,0.5963,-1,-1,-1
777,157,337.32,95.68,91.46,302.20,0.8431,-1,-1,-1
777,137,208.69,91.38,107.99,280.93,0.8754,-1,-1,-1
777,90,400.24,32.35,170.28,407.09,0.7584,-1,-1,-1
778,188,515.86,0.00,123.99,476.19,0.7292,-1,-1,-1
778,186,132.43,134.75,63.32,175.81,0.8298,-1,-1,-1
778,185,92.49,164.98,39.81,101.87,0.6741,-1,-1,-1
778,184,26.35,153.04,61.37,139.59,0.7985,-1,-1,-1
778,157,342.26,96.14,88.08,300.88,0.8533,-1,-1,-1
778,137,208.14,97.62,114.25,283.04,0.8375,-1,-1,-1
778,90,407.51,26.47,155.98,423.78,0.8358,-1,-1,-1
779,190,209.75,136.94,47.15,184.01,0.7212,-1,-1,-1
779,188,508.14,5.28,131.09,474.72,0.7732,-1,-1,-1
779,186,137.94,133.57,59.13,182.32,0.8356,-1,-1,-1
779,184,23.38,157.83,58.93,138.28,0.8342,-1,-1,-1
779,173,106.29,168.48,29.69,102.13,0.7603,-1,-1,-1
779,157,349.62,98.18,87.99,268.09,0.6217,-1,-1,-1
779,137,234.14,106.76,93.90,278.94,0.8144,-1,-1,-1
779,90,416.01,26.28,145.75,451.73,0.8538,-1,-1,-1
780,191,72.86,160.46,29.56,111.95,0.6271,-1,-1,-1
780,190,212.17,135.73,47.14,188.87,0.7476,-1,-1,-1
780,188,494.05,1.13,145.58,478.87,0.8530,-1,-1,-1
780,186,131.53,130.09,67.41,185.77,0.8558,-1,-1,-1
780,185,108.35,166.59,31.37,105.23,0.7847,-1,-1,-1
780,184,19.25,156.58,62.25,139.57,0.7969,-1,-1,-1
780,157,351.38,95.48,86.06,286.22,0.5692,-1,-1,-1
780,137,236.34,107.20,93.22,273.58,0.8387,-1,-1,-1
780,90,419.52,20.58,119.68,451.63,0.7413,-1,-1,-1
781,191,69.03,159.95,42.86,113.32,0.6688,-1,-1,-1
781,190,210.46,129.62,48.29,200.54,0.7602,-1,-1,-1
781,188,466.21,1.62,173.38,476.57,0.8815,-1,-1,-1
781,186,126.57,125.66,70.01,198.15,0.8482,-1,-1,-1
781,185,110.38,165.17,24.76,103.85,0.6567,-1,-1,-1
781,184,17.74,153.64,60.02,142.02,0.7576,-1,-1,-1
781,157,353.97,95.51,78.62,194.04,0.4018,-1,-1,-1
781,137,238.68,102.76,93.62,268.04,0.8507,-1,-1,-1
781,90,388.58,16.61,135.95,454.31,0.7431,-1,-1,-1
782,191,71.59,160.10,46.17,113.96,0.7202,-1,-1,-1
782,190,200.77,125.62,59.26,207.05,0.8035,-1,-1,-1
782,188,450.34,1.94,189.23,478.06,0.8591,-1,-1,-1
782,186,114.24,125.83,80.77,201.19,0.8543,-1,-1,-1
782,185,110.89,168.51,23.23,101.27,0.3549,-1,-1,-1
782,184,13.13,152.04,57.46,144.70,0.8254,-1,-1,-1
782,137,244.48,102.88,88.23,264.12,0.8661,-1,-1,-1
782,90,370.52,27.16,131.75,425.57,0.6724,-1,-1,-1
783,191,75.19,161.35,45.32,114.03,0.7134,-1,-1,-1
783,190,199.87,121.91,59.67,212.48,0.8242,-1,-1,-1
783,188,452.45,1.57,187.14,478.15,0.7669,-1,-1,-1
783,186,110.11,125.24,82.61,210.52,0.8764,-1,-1,-1
783,184,9.65,150.87,51.30,146.05,0.7797,-1,-1,-1
783,157,347.46,141.17,79.97,295.84,0.4373,-1,-1,-1
783,137,252.41,103.58,79.81,257.22,0.8779,-1,-1,-1
783,90,390.80,28.95,111.86,443.03,0.6798,-1,-1,-1
784,191,77.84,158.41,38.72,119.89,0.6718,-1,-1,-1
784,190,194.60,120.62,67.17,219.53,0.8475,-1,-1,-1
784,188,457.06,1.09,182.30,477.82,0.8211,-1,-1,-1
784,186,107.50,123.13,77.93,220.02,0.8513,-1,-1,-1
784,184,8.54,152.98,48.66,148.50,0.7226,-1,-1,-1
784,137,257.74,107.52,76.82,256.54,0.8734,-1,-1,-1
784,90,355.23,33.53,132.09,416.55,0.7995,-1,-1,-1
785,190,180.80,115.44,78.50,230.90,0.8657,-1,-1,-1
785,188,465.16,1.42,174.31,441.31,0.6830,-1,-1,-1
785,186,90.65,116.00,86.25,232.11,0.8835,-1,-1,-1
785,184,0.38,156.78,39.17,145.57,0.6698,-1,-1,-1
785,182,27.59,166.51,26.68,104.40,0.3076,-1,-1,-1
785,137,256.41,109.68,71.68,257.92,0.8593,-1,-1,-1
785,90,353.33,32.85,135.61,444.61,0.8155,-1,-1,-1
786,190,162.48,113.80,85.01,242.21,0.8595,-1,-1,-1
786,188,480.87,1.07,158.75,445.59,0.6974,-1,-1,-1
786,186,65.65,109.01,99.43,240.28,0.8669,-1,-1,-1
786,184,0.20,157.84,24.51,145.24,0.5809,-1,-1,-1
786,182,12.64,169.61,34.27,102.91,0.4374,-1,-1,-1
786,181,50.66,172.42,26.91,101.09,0.3667,-1,-1,-1
786,137,252.19,117.84,73.93,249.74,0.8586,-1,-1,-1
786,90,347.14,34.78,134.54,419.53,0.5777,-1,-1,-1
787,190,152.20,112.51,92.12,249.11,0.8752,-1,-1,-1
787,188,494.89,0.62,144.71,476.77,0.6924,-1,-1,-1
787,186,54.00,105.40,102.15,247.74,0.8493,-1,-1,-1
787,184,0.14,160.15,19.20,143.00,0.4146,-1,-1,-1
787,182,10.34,170.04,30.48,104.43,0.3972,-1,-1,-1
787,137,254.24,120.33,70.47,247.65,0.8670,-1,-1,-1
787,90,340.86,33.74,162.84,421.59,0.7764,-1,-1,-1
788,194,455.00,27.24,78.80,421.80,0.5086,-1,-1,-1
788,190,138.49,106.12,97.81,272.76,0.8487,-1,-1,-1
788,188,502.45,0.39,137.18,476.86,0.7227,-1,-1,-1
788,186,37.88,99.99,108.96,267.46,0.8613,-1,-1,-1
788,182,0.16,169.03,37.89,108.59,0.4608,-1,-1,-1
788,137,252.72,119.16,72.65,249.97,0.8296,-1,-1,-1
788,90,333.36,34.01,191.61,433.06,0.8444,-1,-1,-1
789,194,433.51,27.79,106.10,429.85,0.7556,-1,-1,-1
789,192,324.09,45.71,115.85,430.86,0.6915,-1,-1,-1
789,190,128.59,100.55,90.78,288.75,0.8427,-1,-1,-1
789,188,500.96,1.26,138.68,475.92,0.8183,-1,-1,-1
789,186,15.57,97.89,117.60,278.78,0.8860,-1,-1,-1
789,137,249.68,117.41,72.11,239.61,0.8372,-1,-1,-1
790,194,434.49,37.30,102.95,426.52,0.7762,-1,-1,-1
790,190,120.02,94.25,84.77,306.35,0.8756,-1,-1,-1
790,188,497.48,1.66,142.06,436.02,0.7147,-1,-1,-1
790,186,2.82,97.22,112.24,299.96,0.8843,-1,-1,-1
790,137,241.19,121.55,79.13,233.20,0.8172,-1,-1,-1
790,90,316.93,48.83,171.08,431.17,0.8287,-1,-1,-1
791,194,430.93,43.34,104.28,427.96,0.7952,-1,-1,-1
791,190,104.23,85.74,91.21,318.53,0.8661,-1,-1,-1
791,188,490.20,0.68,149.40,478.53,0.8340,-1,-1,-1
791,186,0.00,90.36,111.99,325.06,0.8881,-1,-1,-1
791,137,232.47,123.80,83.57,228.57,0.8096,-1,-1,-1
791,90,310.76,56.83,146.42,421.54,0.8425,-1,-1,-1
792,196,193.52,194.07,29.88,89.31,0.6561,-1,-1,-1
792,194,418.77,49.73,115.30,423.26,0.8233,-1,-1,-1
792,190,77.88,80.26,106.44,338.94,0.8887,-1,-1,-1
792,188,492.98,4.33,146.77,472.93,0.7422,-1,-1,-1
792,186,0.33,81.61,89.37,341.08,0.8758,-1,-1,-1
792,137,227.13,130.01,84.25,240.54,0.7870,-1,-1,-1
792,90,307.98,62.67,152.01,414.96,0.7627,-1,-1,-1
793,196,186.28,192.80,29.32,87.11,0.4395,-1,-1,-1
793,194,415.85,43.03,120.01,396.90,0.8426,-1,-1,-1
793,190,16.33,67.38,152.51,374.57,0.8861,-1,-1,-1
793,188,506.02,1.90,133.67,477.11,0.8545,-1,-1,-1
793,186,0.11,62.81,74.41,359.50,0.8354,-1,-1,-1
793,137,218.30,129.50,90.40,242.93,0.7211,-1,-1,-1
793,90,301.33,59.81,186.14,392.26,0.6966,-1,-1,-1
794,196,180.73,179.48,31.74,91.99,0.5681,-1,-1,-1
794,194,405.47,30.12,133.69,411.34,0.8679,-1,-1,-1
794,190,0.40,48.23,153.03,395.28,0.8853,-1,-1,-1
794,188,518.53,2.07,121.12,476.89,0.8625,-1,-1,-1
794,186,0.03,73.77,57.07,348.83,0.7247,-1,-1,-1
794,137,219.48,123.74,83.22,235.10,0.7995,-1,-1,-1
794,90,296.52,51.53,128.38,384.12,0.6648,-1,-1,-1
795,196,171.85,180.87,45.30,94.99,0.6756,-1,-1,-1
795,194,401.97,32.37,131.18,404.94,0.8396,-1,-1,-1
795,190,0.00,31.99,125.12,443.09,0.8589,-1,-1,-1
795,188,517.20,0.78,122.63,476.43,0.7900,-1,-1,-1
795,137,219.36,126.06,77.49,211.37,0.7973,-1,-1,-1
795,90,294.04,60.12,132.64,388.93,0.8347,-1,-1,-1
796,199,123.04,176.49,39.05,99.65,0.7289,-1,-1,-1
796,196,173.49,184.94,41.12,95.31,0.3720,-1,-1,-1
796,194,409.27,40.47,123.51,406.20,0.8703,-1,-1,-1
796,190,0.15,20.64,110.92,440.81,0.6842,-1,-1,-1
796,188,525.62,0.78,114.22,476.03,0.7066,-1,-1,-1
796,137,218.66,128.90,79.16,220.07,0.8280,-1,-1,-1
796,90,292.57,67.61,172.20,390.70,0.6586,-1,-1,-1
797,199,111.54,170.58,46.21,101.27,0.7064,-1,-1,-1
797,196,170.01,181.41,25.40,95.96,0.6548,-1,-1,-1
797,194,402.96,36.19,126.08,410.88,0.8410,-1,-1,-1
797,190,0.16,0.46,83.83,437.66,0.4561,-1,-1,-1
797,188,541.76,1.80,97.96,474.21,0.7924,-1,-1,-1
797,173,74.58,162.09,27.16,118.68,0.5697,-1,-1,-1
797,137,227.48,120.58,67.54,223.76,0.8223,-1,-1,-1
797,90,285.52,63.67,127.08,395.88,0.6523,-1,-1,-1
798,199,110.11,171.66,45.41,103.47,0.7271,-1,-1,-1
798,196,165.41,180.97,30.92,97.96,0.5261,-1,-1,-1
798,194,406.09,38.16,121.23,415.86,0.8138,-1,-1,-1
798,190,0.18,9.63,57.60,300.34,0.5531,-1,-1,-1
798,188,512.20,0.54,127.49,477.35,0.8715,-1,-1,-1
798,173,69.20,160.04,34.35,121.80,0.7031,-1,-1,-1
798,137,228.99,120.51,64.89,227.47,0.8256,-1,-1,-1
798,90,280.77,65.49,135.41,399.12,0.5833,-1,-1,-1
799,201,211.60,187.32,25.18,79.67,0.4534,-1,-1,-1
799,199,107.37,169.44,46.97,106.93,0.7090,-1,-1,-1
799,196,164.05,179.43,36.58,100.86,0.5619,-1,-1,-1
799,194,382.49,39.43,140.64,371.99,0.7045,-1,-1,-1
799,188,477.46,1.54,162.16,474.38,0.8824,-1,-1,-1
799,181,31.00,153.07,44.75,137.64,0.4354,-1,-1,-1
799,173,67.49,159.43,35.18,123.83,0.7400,-1,-1,-1
799,137,229.92,122.40,62.25,226.19,0.7989,-1,-1,-1
799,90,282.94,64.56,134.93,399.85,0.5652,-1,-1,-1
800,201,207.97,181.88,25.36,80.71,0.6076,-1,-1,-1
800,199,98.19,163.04,47.79,109.86,0.7177,-1,-1,-1
800,196,157.26,173.85,43.54,103.73,0.7339,-1,-1,-1
800,194,406.67,31.27,106.73,387.15,0.8385,-1,-1,-1
800,192,275.51,55.71,181.48,363.43,0.8006,-1,-1,-1
800,188,454.84,1.57,184.87,474.59,0.8552,-1,-1,-1
800,181,24.60,147.01,42.41,90.68,0.4871,-1,-1,-1
800,173,61.90,155.39,35.95,124.17,0.7689,-1,-1,-1
800,137,227.33,123.44,59.72,221.20,0.8191,-1,-1,-1
801,201,201.85,188.20,31.14,79.08,0.3900,-1,-1,-1
801,199,95.84,165.91,28.92,111.58,0.6879,-1,-1,-1
801,196,156.07,177.76,37.71,103.60,0.6916,-1,-1,-1
801,194,402.75,33.20,104.99,409.59,0.7886,-1,-1,-1
801,192,276.14,56.71,189.11,385.26,0.7675,-1,-1,-1
801,188,446.97,1.31,192.61,477.48,0.5276,-1,-1,-1
801,181,22.17,149.71,34.69,95.36,0.4125,-1,-1,-1
801,173,58.84,159.13,34.54,125.04,0.7561,-1,-1,-1
801,137,228.09,129.63,56.09,225.35,0.8157,-1,-1,-1
802,201,201.13,187.35,31.03,83.39,0.6412,-1,-1,-1
802,199,89.74,163.56,30.19,116.57,0.6544,-1,-1,-1
802,196,156.01,176.37,45.44,107.97,0.6897,-1,-1,-1
802,194,401.58,31.89,105.02,404.42,0.7720,-1,-1,-1
802,188,455.52,1.62,184.28,474.40,0.6792,-1,-1,-1
802,181,21.97,154.94,30.35,91.74,0.5380,-1,-1,-1
802,173,58.02,159.25,35.24,125.61,0.7428,-1,-1,-1
802,137,229.85,131.76,56.12,214.84,0.7727,-1,-1,-1
802,90,275.24,57.19,125.56,380.04,0.6428,-1,-1,-1
803,201,200.62,189.14,31.37,83.12,0.7225,-1,-1,-1
803,199,89.58,165.79,28.41,111.14,0.5836,-1,-1,-1
803,196,157.01,178.82,38.37,108.77,0.6217,-1,-1,-1
803,194,399.72,33.95,107.27,402.40,0.7494,-1,-1,-1
803,192,276.32,58.98,122.00,384.61,0.5337,-1,-1,-1
803,188,461.38,1.55,178.44,478.45,0.6625,-1,-1,-1
803,173,57.84,159.71,38.40,128.12,0.7008,-1,-1,-1
803,137,232.56,131.31,51.29,191.10,0.8260,-1,-1,-1
804,201,205.46,189.91,28.50,84.94,0.5804,-1,-1,-1
804,199,91.97,167.36,28.31,116.47,0.4932,-1,-1,-1
804,196,161.37,181.96,34.66,109.69,0.5423,-1,-1,-1
804,194,411.84,33.24,128.88,412.59,0.7165,-1,-1,-1
804,192,282.66,63.07,194.52,390.20,0.8299,-1,-1,-1
804,188,478.36,1.34,161.47,478.66,0.7696,-1,-1,-1
804,181,25.14,149.03,42.28,121.46,0.4969,-1,-1,-1
804,173,61.99,162.28,38.48,128.78,0.7038,-1,-1,-1
804,137,234.47,132.88,58.84,203.27,0.7566,-1,-1,-1
805,199,66.92,158.23,54.46,130.14,0.4990,-1,-1,-1
805,196,163.15,177.45,33.91,112.36,0.5985,-1,-1,-1
805,195,208.23,185.51,31.23,87.12,0.7208,-1,-1,-1
805,194,420.59,32.83,114.36,423.81,0.8362,-1,-1,-1
805,192,290.52,59.40,203.44,404.59,0.7450,-1,-1,-1
805,188,494.17,0.28,145.67,435.30,0.6387,-1,-1,-1
805,181,28.01,144.55,39.95,134.02,0.4505,-1,-1,-1
805,137,238.24,129.22,63.30,206.00,0.7941,-1,-1,-1
806,199,70.73,159.23,54.56,130.49,0.7621,-1,-1,-1
806,196,167.94,176.04,37.71,115.12,0.4667,-1,-1,-1
806,195,214.79,185.78,29.10,88.94,0.7033,-1,-1,-1
806,194,429.10,36.08,124.49,429.59,0.8649,-1,-1,-1
806,192,298.61,62.55,214.92,409.62,0.7819,-1,-1,-1
806,188,516.91,0.71,122.92,272.55,0.5465,-1,-1,-1
806,181,27.32,145.86,51.23,152.35,0.6765,-1,-1,-1
806,137,240.86,129.85,72.16,207.03,0.8302,-1,-1,-1
807,199,75.79,156.99,52.26,131.64,0.7757,-1,-1,-1
807,196,172.68,174.71,44.18,118.39,0.7470,-1,-1,-1
807,195,218.22,187.06,29.20,88.58,0.6869,-1,-1,-1
807,194,440.46,39.42,127.26,424.47,0.7898,-1,-1,-1
807,192,309.54,58.83,216.27,409.80,0.6327,-1,-1,-1
807,188,540.52,30.30,99.34,267.04,0.5785,-1,-1,-1
807,181,32.50,144.08,49.08,151.16,0.6954,-1,-1,-1
807,137,244.15,131.60,77.97,200.12,0.8392,-1,-1,-1
808,199,79.39,154.24,48.83,131.91,0.7696,-1,-1,-1
808,196,177.39,170.77,48.02,120.05,0.7063,-1,-1,-1
808,195,222.36,183.79,27.60,91.00,0.7185,-1,-1,-1
808,194,450.57,35.21,130.53,422.25,0.8553,-1,-1,-1
808,192,323.00,53.04,212.07,408.65,0.8347,-1,-1,-1
808,188,567.35,88.60,72.54,197.30,0.8134,-1,-1,-1
808,181,42.77,140.47,41.17,154.32,0.6289,-1,-1,-1
808,137,253.63,131.31,74.99,192.91,0.8165,-1,-1,-1
809,199,91.57,157.41,37.64,131.22,0.7444,-1,-1,-1
809,196,185.77,172.33,49.87,124.11,0.8302,-1,-1,-1
809,195,233.37,186.20,28.91,91.26,0.7442,-1,-1,-1
809,194,468.54,31.88,142.64,419.86,0.8562,-1,-1,-1
809,192,336.30,50.12,220.91,394.19,0.5781,-1,-1,-1
809,181,56.81,143.70,36.90,149.84,0.6200,-1,-1,-1
809,137,264.18,136.42,75.91,198.46,0.8216,-1,-1,-1
810,199,97.69,158.00,36.51,136.43,0.7164,-1,-1,-1
810,196,190.50,174.44,51.62,126.68,0.7032,-1,-1,-1
810,195,238.67,188.48,28.81,91.84,0.7075,-1,-1,-1
810,194,471.70,30.64,151.06,412.98,0.8276,-1,-1,-1
810,192,342.06,49.80,158.28,396.05,0.6035,-1,-1,-1
810,181,64.46,145.83,38.98,156.40,0.7107,-1,-1,-1
810,137,277.33,138.36,70.22,202.81,0.8346,-1,-1,-1
811,202,268.81,191.81,21.26,85.23,0.7302,-1,-1,-1
811,199,100.05,152.75,38.20,139.31,0.5749,-1,-1,-1
811,196,189.36,171.42,52.93,129.49,0.7868,-1,-1,-1
811,195,242.04,184.08,30.23,93.46,0.7310,-1,-1,-1
811,194,487.40,23.62,144.96,427.35,0.8638,-1,-1,-1
811,192,358.12,44.28,116.66,406.84,0.6245,-1,-1,-1
811,181,66.29,147.58,42.25,150.29,0.5005,-1,-1,-1
811,137,286.38,132.62,66.38,215.00,0.8327,-1,-1,-1
812,202,270.19,191.96,24.38,86.94,0.6399,-1,-1,-1
812,199,101.29,150.29,39.61,143.62,0.7203,-1,-1,-1
812,196,190.34,171.36,54.77,133.18,0.8085,-1,-1,-1
812,195,242.61,180.99,32.89,98.06,0.6977,-1,-1,-1
812,194,490.95,24.91,148.03,435.09,0.8060,-1,-1,-1
812,192,371.04,42.75,138.02,419.74,0.5677,-1,-1,-1
812,181,67.69,145.87,40.80,157.16,0.6800,-1,-1,-1
812,137,293.36,129.83,64.63,209.43,0.8549,-1,-1,-1
813,202,264.47,195.53,30.25,86.09,0.6115,-1,-1,-1
813,199,101.39,152.82,42.06,143.06,0.6553,-1,-1,-1
813,196,187.10,168.69,57.97,136.90,0.8110,-1,-1,-1
813,195,240.72,179.99,35.86,101.89,0.6363,-1,-1,-1
813,194,505.11,30.22,134.41,441.24,0.8333,-1,-1,-1
813,192,376.12,40.49,138.27,431.17,0.8385,-1,-1,-1
813,181,51.89,145.34,54.16,154.09,0.6673,-1,-1,-1
813,137,298.24,130.66,60.78,210.65,0.8461,-1,-1,-1
814,202,269.45,194.87,26.77,85.74,0.6236,-1,-1,-1
814,199,103.44,149.06,38.22,145.43,0.7002,-1,-1,-1
814,196,186.11,162.37,59.66,142.67,0.8206,-1,-1,-1
814,195,237.76,177.04,39.52,104.53,0.7301,-1,-1,-1
814,194,510.70,30.74,129.29,442.57,0.8386,-1,-1,-1
814,192,365.55,34.88,157.27,445.12,0.5979,-1,-1,-1
814,181,48.49,138.90,58.34,160.69,0.7066,-1,-1,-1
814,137,302.07,129.98,63.07,210.63,0.8486,-1,-1,-1
815,202,270.30,194.22,26.47,89.07,0.6748,-1,-1,-1
815,199,100.73,148.23,41.73,149.82,0.6529,-1,-1,-1
815,196,183.35,161.81,61.72,146.25,0.7414,-1,-1,-1
815,195,240.29,179.05,35.72,105.48,0.6982,-1,-1,-1
815,194,516.51,30.69,123.45,442.60,0.8576,-1,-1,-1
815,192,377.17,25.20,220.74,454.80,0.6124,-1,-1,-1
815,181,49.04,142.42,55.85,161.36,0.6797,-1,-1,-1
815,137,305.96,134.14,62.62,211.64,0.8166,-1,-1,-1
816,202,269.45,191.52,25.65,90.84,0.6538,-1,-1,-1
816,199,99.73,149.20,41.50,147.26,0.6950,-1,-1,-1
816,196,175.91,159.07,65.18,150.07,0.7011,-1,-1,-1
816,195,237.29,174.96,35.86,110.00,0.7411,-1,-1,-1
816,194,519.41,26.74,120.57,425.79,0.8743,-1,-1,-1
816,193,60.06,138.85,45.79,160.13,0.5150,-1,-1,-1
816,192,383.11,25.11,130.52,454.03,0.6104,-1,-1,-1
816,181,43.81,170.07,28.16,130.10,0.3196,-1,-1,-1
816,137,311.36,136.03,56.94,210.46,0.7721,-1,-1,-1
817,202,268.79,192.04,23.56,87.25,0.6614,-1,-1,-1
817,199,98.18,147.58,39.36,148.14,0.7003,-1,-1,-1
817,196,168.60,156.85,69.28,154.31,0.7472,-1,-1,-1
817,195,235.92,173.34,35.70,109.89,0.6606,-1,-1,-1
817,194,521.95,22.24,118.03,432.87,0.8914,-1,-1,-1
817,193,59.70,135.93,46.60,168.58,0.4929,-1,-1,-1
817,192,382.43,5.90,165.38,455.95,0.7703,-1,-1,-1
817,181,30.09,145.36,37.62,155.01,0.4427,-1,-1,-1
817,137,312.97,134.54,60.51,210.27,0.8088,-1,-1,-1
818,203,288.13,177.73,30.01,92.16,0.7282,-1,-1,-1
818,202,266.53,187.29,26.80,95.73,0.7001,-1,-1,-1
818,199,96.28,145.83,39.15,151.11,0.7050,-1,-1,-1
818,196,172.51,156.96,65.36,161.44,0.7518,-1,-1,-1
818,195,231.04,168.92,38.52,115.44,0.7657,-1,-1,-1
818,194,527.95,11.58,111.91,442.74,0.8192,-1,-1,-1
818,193,56.71,133.62,48.90,172.40,0.3472,-1,-1,-1
818,192,387.79,9.09,146.98,457.77,0.7857,-1,-1,-1
818,181,13.03,135.70,55.01,168.11,0.6364,-1,-1,-1
818,137,317.57,132.03,61.47,210.27,0.8174,-1,-1,-1
819,203,288.84,179.02,29.08,92.22,0.6382,-1,-1,-1
819,202,265.52,188.52,28.08,97.96,0.6750,-1,-1,-1
819,199,93.70,145.97,40.12,153.71,0.7343,-1,-1,-1
819,196,167.58,157.92,69.24,164.31,0.7697,-1,-1,-1
819,195,228.28,167.94,39.80,118.71,0.7895,-1,-1,-1
819,194,538.01,9.46,101.95,452.70,0.8775,-1,-1,-1
819,193,54.43,133.16,44.90,114.48,0.3452,-1,-1,-1
819,192,407.24,7.84,137.07,460.68,0.8687,-1,-1,-1
819,181,0.40,138.47,60.33,168.12,0.7192,-1,-1,-1
819,137,318.57,129.86,61.82,205.61,0.8329,-1,-1,-1
820,203,282.76,182.85,30.21,92.00,0.6399,-1,-1,-1
820,202,260.41,190.26,28.70,101.52,0.7278,-1,-1,-1
820,199,82.94,146.69,43.52,159.26,0.7489,-1,-1,-1
820,196,150.57,154.60,78.82,174.36,0.7146,-1,-1,-1
820,195,221.46,170.93,41.92,123.09,0.7660,-1,-1,-1
820,194,548.63,11.52,91.23,468.48,0.8741,-1,-1,-1
820,193,44.27,134.55,42.14,118.46,0.4474,-1,-1,-1
820,192,411.69,9.25,160.70,470.21,0.8325,-1,-1,-1
820,181,0.18,143.91,48.87,166.39,0.7162,-1,-1,-1
820,137,312.94,131.20,66.79,207.41,0.8128,-1,-1,-1
821,203,277.81,177.26,31.02,95.95,0.6409,-1,-1,-1
821,202,253.50,187.32,28.42,103.50,0.6725,-1,-1,-1
821,199,75.53,143.05,45.72,157.89,0.7891,-1,-1,-1
821,196,145.15,147.87,74.94,179.80,0.7663,-1,-1,-1
821,195,214.68,166.41,42.05,125.82,0.7412,-1,-1,-1
821,194,553.40,10.94,86.47,469.06,0.8854,-1,-1,-1
821,193,34.47,128.82,50.18,186.53,0.7400,-1,-1,-1
821,192,409.33,4.82,152.50,475.18,0.8163,-1,-1,-1
821,181,0.11,136.82,37.38,171.70,0.7427,-1,-1,-1
821,137,308.28,128.92,68.79,205.08,0.8150,-1,-1,-1
822,203,270.44,177.21,33.52,97.16,0.6782,-1,-1,-1
822,202,247.58,189.13,29.28,104.82,0.7227,-1,-1,-1
822,199,65.39,141.36,46.63,162.58,0.7520,-1,-1,-1
822,196,134.13,143.91,77.57,187.90,0.8071,-1,-1,-1
822,195,207.36,166.69,43.14,128.48,0.8001,-1,-1,-1
822,194,565.30,12.40,74.70,467.60,0.8534,-1,-1,-1
822,193,23.14,122.22,44.88,119.00,0.4547,-1,-1,-1
822,192,417.01,5.48,154.27,474.52,0.8657,-1,-1,-1
822,137,305.50,130.72,80.24,206.56,0.8355,-1,-1,-1
823,204,379.01,119.38,70.18,165.31,0.4695,-1,-1,-1
823,203,272.03,175.25,34.08,105.12,0.6377,-1,-1,-1
823,202,248.22,184.28,31.33,115.45,0.7215,-1,-1,-1
823,199,64.17,142.64,46.32,166.56,0.8121,-1,-1,-1
823,196,127.56,144.49,81.30,193.01,0.8536,-1,-1,-1
823,195,205.35,168.35,45.32,133.85,0.7770,-1,-1,-1
823,194,574.58,14.59,65.26,465.41,0.7659,-1,-1,-1
823,193,19.68,128.64,48.35,122.23,0.4761,-1,-1,-1
823,192,431.79,3.28,149.72,470.96,0.8634,-1,-1,-1
823,137,305.47,138.01,82.51,206.76,0.8053,-1,-1,-1
824,204,379.60,114.31,82.20,288.64,0.6823,-1,-1,-1
824,203,264.89,174.76,34.93,102.72,0.7265,-1,-1,-1
824,202,242.55,179.13,33.16,117.60,0.7711,-1,-1,-1
824,199,57.42,141.77,45.96,167.40,0.7652,-1,-1,-1
824,196,115.54,138.38,84.30,203.69,0.8517,-1,-1,-1
824,195,197.41,163.73,44.80,139.22,0.7686,-1,-1,-1
824,194,570.78,7.56,69.03,456.81,0.7305,-1,-1,-1
824,193,10.05,125.69,54.62,195.12,0.5993,-1,-1,-1
824,192,445.02,1.11,162.68,478.89,0.8449,-1,-1,-1
824,137,309.11,137.18,76.06,207.22,0.7840,-1,-1,-1
825,204,379.58,113.00,87.36,229.04,0.6577,-1,-1,-1
825,203,262.36,173.67,34.62,105.67,0.6913,-1,-1,-1
825,202,236.66,181.24,38.13,120.35,0.7782,-1,-1,-1
825,199,49.38,137.99,48.33,172.47,0.7610,-1,-1,-1
825,196,93.06,136.43,102.53,215.16,0.8595,-1,-1,-1
825,195,188.52,158.76,48.17,144.26,0.7698,-1,-1,-1
825,194,584.76,3.50,55.10,444.47,0.3478,-1,-1,-1
825,193,1.29,120.43,46.81,125.08,0.3731,-1,-1,-1
825,192,454.32,0.32,182.92,479.68,0.8730,-1,-1,-1
825,137,310.46,136.31,76.34,206.36,0.7866,-1,-1,-1
826,205,294.70,169.72,26.24,100.51,0.4904,-1,-1,-1
826,204,380.73,106.63,87.69,262.67,0.5906,-1,-1,-1
826,203,261.07,171.19,32.87,104.23,0.6681,-1,-1,-1
826,202,231.49,174.77,38.29,126.48,0.7522,-1,-1,-1
826,199,42.85,131.26,50.12,177.77,0.7048,-1,-1,-1
826,196,83.80,129.91,109.54,226.95,0.8859,-1,-1,-1
826,195,180.67,151.73,50.42,148.53,0.8041,-1,-1,-1
826,193,0.00,112.02,49.52,206.63,0.4645,-1,-1,-1
826,192,465.32,0.51,174.50,479.15,0.9123,-1,-1,-1
826,137,311.52,130.19,73.06,205.11,0.8165,-1,-1,-1
827,205,287.25,175.24,30.07,99.70,0.5402,-1,-1,-1
827,204,373.72,112.27,93.28,269.24,0.8237,-1,-1,-1
827,203,251.56,174.34,34.09,108.41,0.6815,-1,-1,-1
827,202,218.99,180.00,40.88,131.26,0.7610,-1,-1,-1
827,199,29.96,130.00,47.64,182.06,0.6742,-1,-1,-1
827,196,67.08,123.87,100.76,242.65,0.8609,-1,-1,-1
827,195,157.15,156.23,64.11,154.89,0.8149,-1,-1,-1
827,192,473.05,0.80,166.84,479.20,0.8849,-1,-1,-1
827,137,310.23,131.19,68.68,203.68,0.8229,-1,-1,-1
828,205,286.95,175.97,29.21,100.03,0.6322,-1,-1,-1
828,204,372.60,113.78,96.42,272.05,0.7752,-1,-1,-1
828,203,248.80,173.20,36.37,110.32,0.7181,-1,-1,-1
828,202,217.46,178.02,39.54,135.32,0.7916,-1,-1,-1
828,199,25.41,130.40,59.46,184.52,0.6807,-1,-1,-1
828,196,61.81,116.16,99.21,251.94,0.8611,-1,-1,-1
828,195,151.39,153.91,67.21,158.35,0.7977,-1,-1,-1
828,193,0.00,109.55,32.89,214.96,0.4916,-1,-1,-1
828,192,487.03,1.13,152.91,478.25,0.9011,-1,-1,-1
828,137,312.41,131.78,66.06,204.30,0.8255,-1,-1,-1
829,205,288.21,172.10,33.52,101.62,0.6966,-1,-1,-1
829,204,376.93,113.29,104.23,275.76,0.7910,-1,-1,-1
829,203,245.38,168.14,41.02,116.20,0.6902,-1,-1,-1
829,202,213.13,175.14,43.39,139.16,0.7382,-1,-1,-1
829,199,22.64,127.22,52.35,187.21,0.7467,-1,-1,-1
829,196,56.91,109.78,98.49,263.96,0.8514,-1,-1,-1
829,195,152.65,149.09,59.86,169.09,0.8736,-1,-1,-1
829,192,507.69,0.81,132.31,479.19,0.8760,-1,-1,-1
829,137,317.46,130.67,63.33,206.52,0.8097,-1,-1,-1
830,205,291.88,175.57,33.06,102.26,0.7841,-1,-1,-1
830,204,380.31,119.11,102.32,272.25,0.8319,-1,-1,-1
830,203,247.00,176.15,38.29,112.73,0.6783,-1,-1,-1
830,202,209.78,176.21,44.57,146.04,0.7120,-1,-1,-1
830,196,21.44,108.60,124.20,278.93,0.8581,-1,-1,-1
830,195,150.08,151.71,59.85,174.23,0.8622,-1,-1,-1
830,193,0.08,115.83,22.52,134.78,0.3351,-1,-1,-1
830,192,521.17,0.00,118.62,480.00,0.8587,-1,-1,-1
830,137,320.56,139.22,62.86,203.16,0.8561,-1,-1,-1
831,205,286.64,174.26,36.25,101.88,0.7748,-1,-1,-1
831,204,377.82,115.64,102.84,277.37,0.8370,-1,-1,-1
831,203,242.91,170.51,35.70,119.36,0.7147,-1,-1,-1
831,202,204.85,170.49,44.80,153.54,0.7437,-1,-1,-1
831,196,8.89,104.50,125.43,293.05,0.8527,-1,-1,-1
831,195,140.44,144.46,61.86,183.16,0.8517,-1,-1,-1
831,192,531.36,0.18,108.41,478.08,0.8641,-1,-1,-1
831,137,320.82,139.29,59.58,206.24,0.8278,-1,-1,-1
832,205,279.26,166.20,37.84,104.20,0.7869,-1,-1,-1
832,204,372.26,107.95,95.59,274.19,0.8543,-1,-1,-1
832,203,229.67,162.02,44.12,125.23,0.7617,-1,-1,-1
832,202,188.84,161.30,46.42,164.93,0.7895,-1,-1,-1
832,196,0.06,86.07,112.92,327.90,0.8792,-1,-1,-1
832,195,120.51,132.04,69.39,192.50,0.8306,-1,-1,-1
832,192,553.11,0.78,86.74,477.52,0.8525,-1,-1,-1
832,137,312.62,133.80,63.45,205.42,0.8395,-1,-1,-1
833,205,273.63,166.27,39.27,104.81,0.7798,-1,-1,-1
833,204,369.32,106.62,94.74,270.35,0.8537,-1,-1,-1
833,203,226.90,162.16,41.21,127.56,0.8047,-1,-1,-1
833,202,179.44,162.02,52.14,166.72,0.8040,-1,-1,-1
833,196,0.28,81.80,102.20,322.72,0.8579,-1,-1,-1
833,195,109.81,129.82,73.16,203.45,0.8621,-1,-1,-1
833,192,561.10,0.76,78.84,477.29,0.8371,-1,-1,-1
833,137,312.28,133.06,63.32,206.07,0.8311,-1,-1,-1
834,205,271.88,167.57,38.55,103.73,0.8090,-1,-1,-1
834,204,372.48,104.10,91.35,271.65,0.8748,-1,-1,-1
834,203,224.38,158.07,43.67,133.73,0.7561,-1,-1,-1
834,202,173.50,160.17,53.43,176.62,0.8352,-1,-1,-1
834,196,0.14,78.41,84.69,321.05,0.8876,-1,-1,-1
834,195,99.59,126.69,78.89,208.97,0.8690,-1,-1,-1
834,192,578.22,18.75,61.63,461.25,0.4667,-1,-1,-1
834,137,313.03,128.98,66.82,200.54,0.8309,-1,-1,-1
835,205,273.55,167.74,39.04,101.23,0.7934,-1,-1,-1
835,204,372.48,104.40,92.67,276.14,0.8716,-1,-1,-1
835,203,220.40,158.35,47.39,136.92,0.7636,-1,-1,-1
835,202,164.09,156.10,62.01,187.72,0.8136,-1,-1,-1
835,196,0.02,108.47,67.96,295.45,0.7032,-1,-1,-1
835,195,88.20,121.72,82.92,230.16,0.8827,-1,-1,-1
835,192,595.15,41.66,44.71,435.29,0.3296,-1,-1,-1
835,137,312.69,126.21,68.21,201.40,0.7938,-1,-1,-1
836,205,272.03,167.66,41.38,99.29,0.7785,-1,-1,-1
836,204,375.07,105.43,94.17,278.25,0.8711,-1,-1,-1
836,203,221.26,153.93,51.32,141.01,0.8356,-1,-1,-1
836,202,165.19,150.51,57.33,196.81,0.8415,-1,-1,-1
836,199,0.12,107.37,52.18,216.32,0.7723,-1,-1,-1
836,195,78.62,115.47,90.06,242.80,0.8688,-1,-1,-1
836,137,318.62,124.63,69.40,195.99,0.8521,-1,-1,-1
837,205,273.94,168.22,43.95,101.18,0.8119,-1,-1,-1
837,204,380.43,110.15,95.02,278.59,0.8625,-1,-1,-1
837,203,223.73,151.11,52.36,148.59,0.8128,-1,-1,-1
837,202,161.90,145.08,57.95,208.91,0.8648,-1,-1,-1
837,199,0.14,110.54,38.05,217.71,0.6789,-1,-1,-1
837,195,72.20,111.74,93.86,254.02,0.8548,-1,-1,-1
837,137,326.74,128.54,69.87,188.08,0.8316,-1,-1,-1
