1,1,0.60,675.49,50.95,207.61,0.7039,-1,-1,-1
1,2,1370.39,514.34,33.76,100.00,0.6451,-1,-1,-1
1,3,1609.11,558.14,56.12,115.74,0.6023,-1,-1,-1
1,4,1526.19,561.35,46.58,112.38,0.4231,-1,-1,-1
1,5,121.73,708.25,52.91,96.51,0.4101,-1,-1,-1
1,6,500.82,551.08,35.89,89.50,0.3588,-1,-1,-1
2,1,-0.79,660.79,41.43,212.99,0.6570,-1,-1,-1
2,2,1372.54,513.44,33.55,101.17,0.6428,-1,-1,-1
2,3,1615.36,550.51,60.11,123.59,0.6602,-1,-1,-1
2,4,1531.88,558.98,48.24,115.39,0.5626,-1,-1,-1
2,5,109.43,699.19,50.63,95.81,0.5518,-1,-1,-1
2,6,500.16,536.20,38.60,94.58,0.3220,-1,-1,-1
3,1,-0.93,691.95,35.65,211.59,0.6505,-1,-1,-1
3,2,1374.11,508.46,37.36,105.52,0.5886,-1,-1,-1
3,3,1620.45,547.23,63.34,121.23,0.6542,-1,-1,-1
3,4,1537.85,552.57,49.67,117.66,0.6498,-1,-1,-1
3,5,105.34,724.53,45.91,97.03,0.5261,-1,-1,-1
3,6,499.49,550.95,37.97,92.97,0.3649,-1,-1,-1
3,8,171.41,583.27,49.24,157.85,0.4273,-1,-1,-1
4,1,-0.86,702.67,24.45,170.17,0.3935,-1,-1,-1
4,2,1379.93,506.14,36.63,108.89,0.7124,-1,-1,-1
4,3,1629.80,547.70,63.11,125.44,0.7596,-1,-1,-1
4,4,1548.70,552.53,44.61,120.82,0.6531,-1,-1,-1
4,5,92.97,722.72,43.54,100.51,0.5895,-1,-1,-1
4,6,498.72,547.24,36.83,93.79,0.4333,-1,-1,-1
4,8,168.38,584.17,48.02,154.92,0.2019,-1,-1,-1
5,2,1384.63,515.00,34.39,110.74,0.7115,-1,-1,-1
5,3,1636.25,563.40,62.23,124.02,0.6369,-1,-1,-1
5,4,1551.14,561.78,49.37,122.02,0.3998,-1,-1,-1
5,5,78.04,715.48,43.82,103.24,0.5012,-1,-1,-1
5,6,496.39,540.50,34.23,96.31,0.4486,-1,-1,-1
5,8,152.06,572.10,52.48,160.48,0.2419,-1,-1,-1
5,9,1460.72,496.91,27.50,86.98,0.5467,-1,-1,-1
6,2,1391.26,526.92,31.60,108.72,0.6360,-1,-1,-1
6,3,1643.19,574.21,65.22,124.55,0.7571,-1,-1,-1
6,4,1561.05,575.68,48.82,120.10,0.2969,-1,-1,-1
6,5,67.18,731.55,42.02,105.12,0.4845,-1,-1,-1
6,6,497.63,552.10,36.83,98.50,0.4637,-1,-1,-1
6,8,142.75,582.06,55.40,163.92,0.4576,-1,-1,-1
6,9,1464.65,506.21,26.86,88.23,0.5390,-1,-1,-1
7,2,1392.83,518.62,32.12,111.35,0.5816,-1,-1,-1
7,3,1650.53,570.38,65.39,128.14,0.7405,-1,-1,-1
7,4,1564.40,568.10,53.20,125.07,0.5745,-1,-1,-1
7,5,51.93,731.61,41.75,108.49,0.3327,-1,-1,-1
7,6,494.13,541.27,36.83,102.99,0.3787,-1,-1,-1
7,8,131.88,580.12,58.52,164.13,0.3910,-1,-1,-1
7,9,1466.51,498.98,26.95,90.13,0.4665,-1,-1,-1
8,2,1394.93,530.85,33.34,109.07,0.6719,-1,-1,-1
8,3,1657.60,577.92,66.28,129.95,0.6632,-1,-1,-1
8,4,1570.13,579.97,51.93,123.97,0.5497,-1,-1,-1
8,5,35.84,741.04,43.50,109.01,0.4945,-1,-1,-1
8,6,493.03,548.02,35.94,102.49,0.3595,-1,-1,-1
8,8,115.00,590.71,63.68,161.11,0.2192,-1,-1,-1
8,9,1467.57,508.91,30.68,88.51,0.5228,-1,-1,-1
9,2,1397.36,533.69,34.52,107.66,0.6745,-1,-1,-1
9,3,1663.87,583.35,66.39,132.29,0.6921,-1,-1,-1
9,4,1576.64,587.25,51.02,124.20,0.5048,-1,-1,-1
9,5,17.37,737.95,46.39,114.87,0.6132,-1,-1,-1
9,6,490.75,549.23,35.83,99.22,0.3185,-1,-1,-1
9,9,1469.40,512.30,31.99,88.47,0.4324,-1,-1,-1
9,12,1514.77,521.84,28.89,86.71,0.3444,-1,-1,-1
9,13,219.27,613.54,42.39,136.89,0.4330,-1,-1,-1
10,2,1398.58,542.50,35.41,107.05,0.6587,-1,-1,-1
10,3,1669.07,601.53,64.79,129.40,0.7863,-1,-1,-1
10,4,1581.82,603.13,49.78,123.46,0.6846,-1,-1,-1
10,5,0.73,727.40,47.42,116.10,0.6395,-1,-1,-1
10,6,489.53,543.01,35.39,99.54,0.4582,-1,-1,-1
10,9,1471.99,523.52,30.38,87.84,0.3215,-1,-1,-1
10,13,210.29,611.01,42.02,133.56,0.5085,-1,-1,-1
11,2,1400.95,530.68,37.21,106.90,0.6747,-1,-1,-1
11,3,1678.75,579.25,66.24,133.76,0.7659,-1,-1,-1
11,4,1589.14,586.97,51.97,125.94,0.6559,-1,-1,-1
11,5,-4.35,749.31,42.54,119.30,0.4081,-1,-1,-1
11,6,486.35,549.39,38.05,101.73,0.2268,-1,-1,-1
11,9,1472.49,510.81,33.10,87.03,0.3876,-1,-1,-1
11,13,201.15,615.15,45.23,142.50,0.4306,-1,-1,-1
11,8,83.94,589.80,60.65,170.21,0.3544,-1,-1,-1
12,2,1402.98,532.93,37.62,109.71,0.6858,-1,-1,-1
12,3,1686.72,588.07,65.16,133.21,0.7713,-1,-1,-1
12,4,1595.86,592.06,53.12,128.18,0.7068,-1,-1,-1
12,6,484.50,553.39,38.65,101.14,0.2759,-1,-1,-1
12,9,1474.34,514.27,36.62,89.39,0.3870,-1,-1,-1
12,13,192.25,609.30,47.07,150.30,0.5128,-1,-1,-1
12,8,76.67,591.92,57.75,168.40,0.3981,-1,-1,-1
13,2,1407.79,529.73,35.67,106.58,0.7175,-1,-1,-1
13,3,1693.90,590.28,64.44,132.65,0.7228,-1,-1,-1
13,4,1600.42,593.98,55.49,127.50,0.6663,-1,-1,-1
13,9,1476.28,511.53,39.35,90.89,0.4246,-1,-1,-1
13,13,175.98,581.16,53.12,164.69,0.5475,-1,-1,-1
13,8,70.43,572.41,53.18,167.76,0.2824,-1,-1,-1
14,2,1408.53,528.42,36.35,103.54,0.6687,-1,-1,-1
14,3,1701.93,583.30,63.47,133.31,0.6845,-1,-1,-1
14,4,1609.67,586.77,55.89,129.27,0.6283,-1,-1,-1
14,9,1473.57,509.27,39.63,88.41,0.1726,-1,-1,-1
14,13,166.94,596.59,53.04,165.54,0.3140,-1,-1,-1
14,8,55.08,584.64,55.63,174.02,0.3535,-1,-1,-1
15,2,1412.03,531.00,36.00,105.61,0.5291,-1,-1,-1
15,3,1710.77,584.98,62.36,137.27,0.7504,-1,-1,-1
15,4,1618.98,591.20,53.53,129.87,0.7190,-1,-1,-1
15,9,1469.47,509.61,51.06,88.67,0.1858,-1,-1,-1
15,13,152.49,587.03,57.09,174.22,0.2855,-1,-1,-1
16,2,1416.37,533.29,34.74,105.00,0.5461,-1,-1,-1
16,3,1717.18,591.27,60.95,136.63,0.7423,-1,-1,-1
16,4,1626.51,594.34,55.21,130.67,0.6978,-1,-1,-1
16,9,1479.85,515.69,42.59,83.41,0.2730,-1,-1,-1
16,13,142.69,595.38,53.68,167.34,0.3297,-1,-1,-1
16,15,515.91,536.80,35.91,106.42,0.4630,-1,-1,-1
16,6,477.82,540.71,34.99,102.92,0.3853,-1,-1,-1
16,8,33.55,582.96,54.44,175.95,0.4581,-1,-1,-1
17,2,1417.98,532.64,36.89,107.41,0.6033,-1,-1,-1
17,3,1723.51,589.31,62.03,138.62,0.7092,-1,-1,-1
17,4,1634.23,589.62,54.83,133.70,0.6952,-1,-1,-1
17,13,132.22,601.47,50.49,170.94,0.4310,-1,-1,-1
17,15,513.08,540.28,38.02,107.01,0.4900,-1,-1,-1
17,6,475.77,543.77,35.81,102.90,0.5142,-1,-1,-1
17,8,20.46,588.50,54.10,180.39,0.3855,-1,-1,-1
18,2,1420.48,533.27,37.16,108.54,0.6992,-1,-1,-1
18,3,1732.64,593.13,61.26,138.10,0.7042,-1,-1,-1
18,4,1643.48,591.00,54.57,134.92,0.6253,-1,-1,-1
18,15,513.07,540.82,38.05,106.49,0.5013,-1,-1,-1
18,6,474.64,541.61,37.54,104.55,0.5546,-1,-1,-1
18,8,8.68,589.23,54.31,184.85,0.3946,-1,-1,-1
19,2,1422.60,534.03,37.84,108.06,0.7343,-1,-1,-1
19,3,1741.22,594.70,62.56,139.07,0.7487,-1,-1,-1
19,4,1651.05,592.02,54.84,135.44,0.4440,-1,-1,-1
19,15,511.46,540.31,39.37,107.60,0.5114,-1,-1,-1
19,6,473.32,540.33,37.76,105.91,0.5122,-1,-1,-1
19,8,-0.25,588.45,50.79,186.11,0.3767,-1,-1,-1
20,2,1424.16,534.56,38.52,106.72,0.7480,-1,-1,-1
20,3,1749.70,596.25,62.67,139.78,0.7429,-1,-1,-1
20,4,1659.00,593.31,52.93,135.42,0.6057,-1,-1,-1
20,15,508.06,537.89,41.03,113.72,0.4838,-1,-1,-1
20,6,471.29,543.90,37.65,106.67,0.4009,-1,-1,-1
20,8,-3.53,595.16,41.77,185.34,0.4795,-1,-1,-1
21,2,1426.28,533.65,39.80,110.61,0.6904,-1,-1,-1
21,3,1758.39,598.12,62.75,140.62,0.7464,-1,-1,-1
21,4,1666.95,596.61,54.49,137.20,0.6870,-1,-1,-1
21,15,506.61,538.82,40.10,114.04,0.5234,-1,-1,-1
21,6,468.74,548.05,35.56,102.64,0.4573,-1,-1,-1
21,8,-3.69,610.75,28.72,171.33,0.3777,-1,-1,-1
22,2,1429.46,537.15,40.11,105.10,0.6691,-1,-1,-1
22,3,1770.54,601.30,60.76,139.06,0.7484,-1,-1,-1
22,4,1674.85,597.88,54.50,140.25,0.6266,-1,-1,-1
22,15,504.50,543.34,38.10,112.47,0.5113,-1,-1,-1
22,6,465.74,550.71,36.31,103.49,0.5556,-1,-1,-1
23,2,1431.30,538.55,40.33,108.43,0.6632,-1,-1,-1
23,3,1779.13,601.20,62.45,144.04,0.7718,-1,-1,-1
23,4,1681.46,600.34,55.89,142.67,0.7256,-1,-1,-1
23,15,500.16,547.03,41.03,109.78,0.5494,-1,-1,-1
23,6,465.26,549.71,34.72,105.61,0.4274,-1,-1,-1
24,2,1435.14,532.27,39.16,113.80,0.6537,-1,-1,-1
24,3,1788.22,595.07,64.65,149.77,0.7106,-1,-1,-1
24,4,1687.18,600.48,58.27,143.22,0.7308,-1,-1,-1
24,15,496.86,552.24,39.22,106.84,0.4579,-1,-1,-1
24,6,461.38,550.45,40.06,108.00,0.4744,-1,-1,-1
25,2,1438.05,535.88,40.44,119.25,0.6623,-1,-1,-1
25,3,1797.64,603.74,66.61,148.80,0.7094,-1,-1,-1
25,4,1695.91,607.53,56.66,147.48,0.7279,-1,-1,-1
25,15,496.13,553.10,38.91,108.67,0.4669,-1,-1,-1
25,6,458.46,548.10,42.99,113.21,0.4378,-1,-1,-1
26,2,1440.40,538.28,43.04,119.34,0.7229,-1,-1,-1
26,3,1807.36,607.93,68.36,147.62,0.5891,-1,-1,-1
26,4,1704.24,611.67,58.53,149.59,0.7249,-1,-1,-1
26,15,494.95,550.31,40.17,113.04,0.5507,-1,-1,-1
26,6,457.04,549.07,42.23,113.40,0.5100,-1,-1,-1
26,17,1530.23,519.91,27.97,86.07,0.4774,-1,-1,-1
27,2,1443.36,541.56,41.96,115.68,0.7473,-1,-1,-1
27,3,1814.56,611.40,73.08,150.33,0.6519,-1,-1,-1
27,4,1711.21,615.50,59.66,149.59,0.6737,-1,-1,-1
27,15,492.95,559.84,40.03,106.95,0.6100,-1,-1,-1
27,6,453.13,555.99,42.88,110.76,0.3927,-1,-1,-1
27,17,1531.39,521.15,31.82,86.36,0.6916,-1,-1,-1
28,2,1446.79,544.89,44.66,112.26,0.7281,-1,-1,-1
28,3,1823.04,611.48,74.64,155.47,0.7715,-1,-1,-1
28,4,1718.61,617.11,60.22,151.93,0.6740,-1,-1,-1
28,15,491.47,564.49,39.74,103.88,0.5861,-1,-1,-1
28,6,450.84,558.47,42.14,109.71,0.3522,-1,-1,-1
28,17,1534.32,525.18,33.90,84.05,0.5359,-1,-1,-1
29,2,1451.22,550.90,41.08,110.80,0.7081,-1,-1,-1
29,3,1830.09,620.42,75.28,159.04,0.6928,-1,-1,-1
29,4,1725.64,623.91,60.29,158.35,0.7231,-1,-1,-1
29,15,490.89,568.04,38.33,100.02,0.5282,-1,-1,-1
29,6,449.03,561.98,41.20,106.06,0.4891,-1,-1,-1
29,17,1536.35,527.31,34.23,89.54,0.5610,-1,-1,-1
30,2,1453.85,550.69,42.07,111.54,0.6417,-1,-1,-1
30,3,1836.79,621.02,78.51,153.65,0.6349,-1,-1,-1
30,4,1736.99,624.47,59.89,159.73,0.7527,-1,-1,-1
30,15,488.61,574.84,38.79,101.54,0.5002,-1,-1,-1
30,6,444.40,566.44,42.96,109.88,0.6148,-1,-1,-1
30,17,1538.72,525.80,34.80,91.51,0.5648,-1,-1,-1
31,2,1457.27,552.67,42.53,118.43,0.6283,-1,-1,-1
31,3,1850.76,626.37,71.99,151.13,0.6393,-1,-1,-1
31,4,1749.21,628.52,59.24,156.34,0.5788,-1,-1,-1
31,15,488.02,581.65,38.57,108.36,0.4169,-1,-1,-1
31,6,442.89,579.67,41.33,109.74,0.5750,-1,-1,-1
31,17,1542.92,526.36,34.24,96.19,0.4873,-1,-1,-1
32,2,1460.34,556.43,40.06,119.26,0.6373,-1,-1,-1
32,3,1857.69,634.56,63.72,158.48,0.6873,-1,-1,-1
32,4,1756.34,632.72,59.92,155.86,0.6765,-1,-1,-1
32,15,487.25,574.98,38.59,108.34,0.5268,-1,-1,-1
32,6,441.76,573.64,41.11,108.16,0.5728,-1,-1,-1
32,17,1545.52,529.59,33.65,93.24,0.5982,-1,-1,-1
33,2,1464.41,542.66,41.89,124.00,0.7430,-1,-1,-1
33,3,1869.63,622.32,53.25,166.84,0.6662,-1,-1,-1
33,4,1767.15,620.83,60.21,153.93,0.6462,-1,-1,-1
33,15,484.50,567.12,37.63,108.03,0.4872,-1,-1,-1
33,6,439.51,563.24,39.98,108.87,0.5148,-1,-1,-1
33,17,1549.67,517.87,33.63,91.51,0.6532,-1,-1,-1
34,2,1468.46,544.56,41.85,124.78,0.7605,-1,-1,-1
34,3,1880.75,631.32,41.69,151.88,0.5551,-1,-1,-1
34,4,1775.12,620.84,63.83,156.48,0.7452,-1,-1,-1
34,15,480.98,568.49,38.83,112.31,0.5205,-1,-1,-1
34,6,436.96,572.08,39.71,105.44,0.4803,-1,-1,-1
34,17,1553.27,518.22,33.01,93.00,0.5971,-1,-1,-1
35,2,1471.32,539.51,44.39,125.99,0.7298,-1,-1,-1
35,4,1784.64,621.08,65.77,158.08,0.6380,-1,-1,-1
35,15,478.84,559.64,38.64,111.62,0.3757,-1,-1,-1
35,6,435.55,564.76,39.65,103.77,0.4294,-1,-1,-1
35,17,1559.81,515.24,31.46,92.98,0.5335,-1,-1,-1
36,2,1476.73,536.27,43.87,128.83,0.7512,-1,-1,-1
36,4,1794.21,618.01,69.21,165.39,0.7068,-1,-1,-1
36,15,475.34,553.12,39.14,116.99,0.3016,-1,-1,-1
36,6,432.22,562.36,41.15,104.92,0.3520,-1,-1,-1
36,17,1565.10,514.46,30.96,91.65,0.3404,-1,-1,-1
37,2,1480.93,537.38,42.20,127.69,0.7195,-1,-1,-1
37,4,1801.30,621.62,73.88,168.81,0.7732,-1,-1,-1
37,15,470.74,541.63,41.71,123.83,0.4698,-1,-1,-1
37,6,429.66,553.87,39.22,109.27,0.3534,-1,-1,-1
37,17,1570.31,514.53,32.07,92.10,0.4270,-1,-1,-1
38,2,1484.66,532.72,41.52,129.70,0.7101,-1,-1,-1
38,4,1809.75,616.43,77.44,175.64,0.7810,-1,-1,-1
38,15,466.61,541.04,43.91,124.92,0.5377,-1,-1,-1
38,6,426.15,551.69,39.63,113.78,0.4987,-1,-1,-1
38,17,1574.79,504.83,31.58,95.96,0.4791,-1,-1,-1
39,2,1488.96,537.85,42.18,128.60,0.7031,-1,-1,-1
39,4,1821.92,627.90,76.30,175.48,0.7510,-1,-1,-1
39,15,465.55,530.51,43.47,127.67,0.4768,-1,-1,-1
39,6,423.89,542.79,39.17,115.12,0.4516,-1,-1,-1
39,17,1581.37,507.82,32.96,96.93,0.5145,-1,-1,-1
40,2,1492.00,535.98,41.96,127.43,0.7107,-1,-1,-1
40,4,1833.45,625.98,76.07,177.81,0.7793,-1,-1,-1
40,15,464.22,536.75,43.52,124.52,0.4697,-1,-1,-1
40,6,420.26,542.14,39.37,119.60,0.3851,-1,-1,-1
40,17,1583.32,501.12,35.49,102.14,0.3287,-1,-1,-1
41,2,1496.09,545.06,43.26,122.08,0.6975,-1,-1,-1
41,4,1845.44,633.23,74.68,180.15,0.7576,-1,-1,-1
41,15,463.37,536.95,44.39,122.61,0.4691,-1,-1,-1
41,6,419.52,536.51,39.94,123.72,0.4085,-1,-1,-1
41,17,1589.69,502.98,38.01,105.30,0.4955,-1,-1,-1
42,2,1500.81,547.73,43.27,120.97,0.6868,-1,-1,-1
42,4,1857.22,637.54,66.37,180.78,0.6918,-1,-1,-1
42,15,461.85,543.25,46.04,118.87,0.4619,-1,-1,-1
42,6,418.28,536.71,42.68,126.80,0.5488,-1,-1,-1
42,17,1594.55,506.33,36.02,102.70,0.5746,-1,-1,-1
43,2,1505.43,549.85,42.74,122.20,0.6680,-1,-1,-1
43,4,1869.57,644.16,53.77,174.10,0.6625,-1,-1,-1
43,15,458.06,534.80,47.20,130.02,0.4127,-1,-1,-1
43,6,415.74,536.22,44.73,129.98,0.5425,-1,-1,-1
43,17,1597.38,510.79,34.59,99.55,0.5066,-1,-1,-1
43,20,502.22,528.36,33.98,89.48,0.3716,-1,-1,-1
44,2,1510.81,552.05,42.78,120.93,0.6222,-1,-1,-1
44,4,1881.55,649.37,41.36,169.09,0.6410,-1,-1,-1
44,15,452.67,532.80,49.23,135.64,0.4002,-1,-1,-1
44,6,415.20,535.73,44.59,132.77,0.3814,-1,-1,-1
44,17,1600.28,510.10,37.45,100.99,0.5309,-1,-1,-1
44,20,499.46,528.09,35.09,91.46,0.3000,-1,-1,-1
45,2,1515.81,556.31,43.60,127.11,0.7576,-1,-1,-1
45,4,1892.90,669.46,28.67,162.34,0.4755,-1,-1,-1
45,15,451.63,530.71,48.38,135.88,0.3255,-1,-1,-1
45,6,415.97,533.43,42.65,132.56,0.3757,-1,-1,-1
45,17,1604.66,514.22,39.52,101.90,0.5890,-1,-1,-1
45,20,498.79,526.04,36.05,91.88,0.2234,-1,-1,-1
46,2,1519.69,554.88,43.17,132.62,0.7568,-1,-1,-1
46,15,448.81,533.43,47.82,137.11,0.3437,-1,-1,-1
46,6,408.71,538.76,46.85,128.92,0.3128,-1,-1,-1
46,17,1608.38,514.77,39.98,101.18,0.5484,-1,-1,-1
46,20,494.77,520.57,36.33,98.55,0.2520,-1,-1,-1
47,2,1524.68,558.60,43.34,132.06,0.7205,-1,-1,-1
47,15,448.98,536.13,45.04,133.78,0.3280,-1,-1,-1
47,6,406.31,536.95,46.06,128.72,0.2858,-1,-1,-1
47,17,1617.04,524.35,36.11,95.24,0.5301,-1,-1,-1
47,20,492.31,515.51,36.97,103.66,0.3362,-1,-1,-1
48,2,1527.81,560.01,44.74,133.30,0.7092,-1,-1,-1
48,15,447.61,542.91,45.27,132.35,0.3630,-1,-1,-1
48,6,402.97,537.48,47.40,133.53,0.3400,-1,-1,-1
48,17,1620.83,527.33,33.38,92.67,0.6495,-1,-1,-1
48,20,489.90,526.45,35.81,96.74,0.3161,-1,-1,-1
49,2,1533.06,560.29,44.84,135.81,0.7107,-1,-1,-1
49,15,446.11,548.31,44.32,128.30,0.5424,-1,-1,-1
49,6,398.67,549.99,45.03,123.73,0.4165,-1,-1,-1
49,17,1625.75,532.52,31.95,91.26,0.7157,-1,-1,-1
49,20,488.15,534.01,36.12,88.68,0.2819,-1,-1,-1
50,2,1537.53,557.35,45.77,137.28,0.6964,-1,-1,-1
50,15,444.97,556.02,43.54,120.42,0.5610,-1,-1,-1
50,6,397.28,553.15,44.30,119.62,0.3640,-1,-1,-1
50,17,1631.10,530.37,29.07,90.31,0.4169,-1,-1,-1
50,20,485.64,535.21,35.34,83.05,0.1733,-1,-1,-1
51,2,1542.09,561.11,46.24,137.81,0.6995,-1,-1,-1
51,15,442.57,564.40,43.08,112.24,0.5520,-1,-1,-1
51,6,396.37,551.36,44.22,120.53,0.4899,-1,-1,-1
51,17,1636.86,533.91,29.38,89.69,0.6430,-1,-1,-1
51,20,481.67,535.28,35.43,82.05,0.1740,-1,-1,-1
52,2,1546.03,558.71,49.36,145.63,0.7095,-1,-1,-1
52,15,441.49,568.24,41.54,109.75,0.5689,-1,-1,-1
52,6,394.87,551.71,45.44,122.63,0.5375,-1,-1,-1
52,17,1640.11,532.82,29.98,90.60,0.5630,-1,-1,-1
52,25,335.23,562.08,37.00,112.57,0.5030,-1,-1,-1
53,2,1550.30,557.28,51.10,150.78,0.6877,-1,-1,-1
53,15,439.18,566.77,43.57,112.90,0.5361,-1,-1,-1
53,6,392.33,550.76,45.85,126.09,0.5313,-1,-1,-1
53,17,1644.17,533.75,30.06,89.64,0.5334,-1,-1,-1
53,25,329.68,558.64,40.30,118.18,0.4317,-1,-1,-1
53,26,635.88,536.76,30.95,90.38,0.4405,-1,-1,-1
54,2,1553.22,556.81,52.37,153.36,0.7248,-1,-1,-1
54,15,436.52,567.41,44.26,112.76,0.5620,-1,-1,-1
54,6,388.51,548.78,45.70,128.69,0.5156,-1,-1,-1
54,17,1648.28,534.08,30.22,89.30,0.5925,-1,-1,-1
54,25,327.18,561.18,41.51,113.48,0.5001,-1,-1,-1
54,26,635.20,535.21,31.43,90.83,0.3950,-1,-1,-1
55,2,1557.55,554.47,52.65,157.52,0.7493,-1,-1,-1
55,15,434.69,563.98,44.49,116.98,0.4613,-1,-1,-1
55,6,384.82,544.68,45.98,133.22,0.5712,-1,-1,-1
55,17,1653.06,533.55,31.82,91.19,0.6039,-1,-1,-1
55,25,325.15,559.35,43.10,113.93,0.4941,-1,-1,-1
55,26,635.50,535.54,30.48,90.64,0.3398,-1,-1,-1
56,2,1562.18,553.95,52.23,157.48,0.7372,-1,-1,-1
56,15,431.23,563.51,43.61,118.25,0.3549,-1,-1,-1
56,6,382.55,549.08,44.35,129.11,0.5224,-1,-1,-1
56,17,1656.58,527.58,34.99,98.37,0.7226,-1,-1,-1
56,25,320.62,557.91,45.60,115.70,0.5542,-1,-1,-1
56,26,632.89,535.96,27.34,92.29,0.3518,-1,-1,-1
57,2,1567.07,551.53,53.27,157.81,0.7169,-1,-1,-1
57,15,426.75,561.59,43.97,119.28,0.4537,-1,-1,-1
57,6,379.94,550.11,44.01,128.19,0.5248,-1,-1,-1
57,17,1659.14,521.38,36.64,102.69,0.7179,-1,-1,-1
57,25,315.20,556.58,46.39,117.80,0.4608,-1,-1,-1
57,26,630.86,535.93,27.60,92.70,0.3477,-1,-1,-1
58,2,1571.20,555.23,53.21,153.78,0.6335,-1,-1,-1
58,15,422.00,559.28,44.72,120.32,0.4638,-1,-1,-1
58,6,377.07,547.39,43.43,129.83,0.5753,-1,-1,-1
58,17,1661.51,515.51,37.09,106.94,0.6825,-1,-1,-1
58,25,309.77,554.30,47.63,117.23,0.4663,-1,-1,-1
58,26,630.61,535.99,27.22,91.38,0.3267,-1,-1,-1
59,2,1577.38,560.99,51.17,149.07,0.6306,-1,-1,-1
59,15,418.79,559.63,45.42,118.20,0.4143,-1,-1,-1
59,6,374.37,543.78,42.03,131.52,0.5620,-1,-1,-1
59,17,1664.18,511.13,40.06,110.81,0.6576,-1,-1,-1
59,25,306.43,550.78,47.83,120.37,0.4357,-1,-1,-1
59,26,627.72,535.36,28.28,90.56,0.3697,-1,-1,-1
60,2,1581.28,560.06,51.49,151.18,0.6268,-1,-1,-1
60,15,416.51,562.80,47.05,115.38,0.3862,-1,-1,-1
60,6,370.14,546.02,41.27,129.46,0.5511,-1,-1,-1
60,17,1665.65,510.33,41.67,111.15,0.7211,-1,-1,-1
60,25,303.20,553.85,47.94,117.49,0.3954,-1,-1,-1
60,26,624.62,535.82,29.54,90.12,0.2791,-1,-1,-1
61,2,1585.15,549.93,52.76,156.69,0.6206,-1,-1,-1
61,15,414.11,562.20,47.88,117.52,0.4220,-1,-1,-1
61,6,365.38,549.17,44.05,128.49,0.4770,-1,-1,-1
61,17,1666.65,507.14,44.31,108.70,0.7168,-1,-1,-1
61,25,298.85,558.32,49.61,115.18,0.4344,-1,-1,-1
61,26,622.00,534.02,29.03,93.66,0.2444,-1,-1,-1
62,2,1589.89,556.07,53.45,156.32,0.7005,-1,-1,-1
62,15,412.91,552.55,44.13,124.26,0.3486,-1,-1,-1
62,6,361.72,542.36,45.85,130.60,0.4605,-1,-1,-1
62,17,1671.19,517.68,44.26,105.01,0.5490,-1,-1,-1
62,25,296.34,551.64,49.24,115.43,0.4382,-1,-1,-1
62,26,622.47,530.82,27.38,94.33,0.3755,-1,-1,-1
63,2,1596.08,543.03,55.06,155.38,0.6416,-1,-1,-1
63,15,411.47,571.08,45.94,120.43,0.3700,-1,-1,-1
63,6,359.38,562.96,45.98,128.34,0.4009,-1,-1,-1
63,17,1678.46,509.99,41.26,96.51,0.5716,-1,-1,-1
63,25,293.60,571.91,49.08,115.32,0.4961,-1,-1,-1
63,26,621.20,541.05,28.16,96.33,0.2501,-1,-1,-1
64,2,1600.23,562.64,55.42,153.42,0.6262,-1,-1,-1
64,15,404.58,549.61,45.19,127.48,0.3329,-1,-1,-1
64,6,356.82,541.78,44.77,133.70,0.4850,-1,-1,-1
64,17,1687.30,529.66,35.32,95.13,0.6375,-1,-1,-1
64,25,290.96,551.63,46.00,117.63,0.4848,-1,-1,-1
64,26,621.21,531.04,25.67,96.38,0.3504,-1,-1,-1
65,2,1603.13,561.70,56.63,151.06,0.7297,-1,-1,-1
65,15,401.14,559.27,45.50,123.33,0.3861,-1,-1,-1
65,6,350.49,550.60,46.78,132.02,0.4792,-1,-1,-1
65,17,1690.60,528.61,33.98,90.58,0.6809,-1,-1,-1
65,25,287.35,560.18,44.55,116.87,0.5095,-1,-1,-1
65,26,619.11,538.94,26.12,94.07,0.2427,-1,-1,-1
66,2,1609.68,559.92,56.73,149.93,0.7225,-1,-1,-1
66,15,397.41,567.22,48.21,123.63,0.5009,-1,-1,-1
66,6,347.43,558.62,47.72,134.22,0.6007,-1,-1,-1
66,17,1696.99,520.71,33.96,91.56,0.6912,-1,-1,-1
66,25,286.48,568.44,42.49,114.94,0.5083,-1,-1,-1
66,26,618.23,543.84,26.11,92.59,0.3268,-1,-1,-1
66,28,467.19,560.21,30.43,73.11,0.4142,-1,-1,-1
67,2,1613.93,570.34,55.61,153.79,0.7349,-1,-1,-1
67,15,394.21,556.66,46.10,121.86,0.5552,-1,-1,-1
67,6,343.13,543.71,48.32,135.78,0.5518,-1,-1,-1
67,17,1699.71,537.02,34.11,90.97,0.6536,-1,-1,-1
67,25,281.71,547.72,41.70,121.14,0.3355,-1,-1,-1
67,26,615.65,533.23,26.28,96.11,0.2163,-1,-1,-1
67,28,460.11,551.44,30.60,70.93,0.3431,-1,-1,-1
68,2,1617.12,564.28,57.16,152.55,0.7323,-1,-1,-1
68,15,388.84,563.43,49.59,123.04,0.5486,-1,-1,-1
68,6,340.09,555.63,48.01,131.87,0.5777,-1,-1,-1
68,17,1701.84,528.61,33.92,89.82,0.5786,-1,-1,-1
68,25,277.56,560.68,41.87,119.32,0.4447,-1,-1,-1
68,26,612.21,536.72,26.85,96.93,0.2109,-1,-1,-1
68,28,454.59,559.09,31.12,72.55,0.4472,-1,-1,-1
69,2,1621.40,572.32,57.95,156.13,0.7567,-1,-1,-1
69,15,385.95,557.50,47.00,123.33,0.4937,-1,-1,-1
69,6,334.27,545.60,50.25,137.00,0.4402,-1,-1,-1
69,17,1704.69,538.91,34.37,90.84,0.6500,-1,-1,-1
69,25,272.65,551.44,40.46,125.03,0.4399,-1,-1,-1
69,28,450.65,554.43,28.59,73.57,0.4047,-1,-1,-1
70,2,1625.19,567.30,59.31,156.79,0.7757,-1,-1,-1
70,15,380.64,556.48,47.97,127.02,0.5879,-1,-1,-1
70,6,329.99,545.53,50.59,138.95,0.5198,-1,-1,-1
70,17,1705.74,535.15,34.99,92.22,0.5959,-1,-1,-1
70,25,266.97,550.08,42.91,129.29,0.3744,-1,-1,-1
70,28,443.71,555.44,30.15,74.61,0.4614,-1,-1,-1
71,2,1629.62,571.38,58.95,158.89,0.7564,-1,-1,-1
71,15,375.15,553.77,48.42,128.56,0.5606,-1,-1,-1
71,6,327.93,546.14,48.47,136.48,0.5150,-1,-1,-1
71,17,1707.09,537.44,34.99,93.21,0.6893,-1,-1,-1
71,25,261.58,549.92,41.51,124.68,0.2261,-1,-1,-1
71,28,436.72,553.49,32.70,75.70,0.3956,-1,-1,-1
72,2,1632.97,562.33,60.31,169.28,0.7886,-1,-1,-1
72,15,370.89,554.83,47.96,130.11,0.6105,-1,-1,-1
72,6,324.99,550.68,49.13,134.56,0.6164,-1,-1,-1
72,17,1707.37,535.99,35.99,91.77,0.6899,-1,-1,-1
72,25,256.41,553.28,40.81,125.53,0.2990,-1,-1,-1
72,28,429.43,555.60,34.52,75.67,0.4245,-1,-1,-1
72,30,502.85,534.93,36.34,107.11,0.3701,-1,-1,-1
73,2,1637.71,564.77,60.25,171.82,0.6742,-1,-1,-1
73,15,366.54,549.04,47.69,132.74,0.5834,-1,-1,-1
73,6,317.99,544.26,50.87,137.66,0.4703,-1,-1,-1
73,17,1708.87,539.47,38.07,93.90,0.5828,-1,-1,-1
73,25,252.09,551.58,39.78,127.06,0.3368,-1,-1,-1
73,28,424.37,552.12,31.97,74.88,0.4058,-1,-1,-1
73,30,500.04,534.49,35.15,105.99,0.3432,-1,-1,-1
74,2,1641.50,568.23,63.69,169.07,0.7212,-1,-1,-1
74,15,362.88,548.81,48.81,134.48,0.4972,-1,-1,-1
74,6,314.32,543.85,50.02,140.18,0.3724,-1,-1,-1
74,17,1711.07,536.60,37.77,93.46,0.5852,-1,-1,-1
74,25,247.32,545.20,44.67,137.24,0.3170,-1,-1,-1
74,28,417.76,553.46,34.25,74.51,0.4466,-1,-1,-1
74,30,494.98,533.79,35.06,108.04,0.1759,-1,-1,-1
75,2,1643.60,575.82,64.69,165.50,0.7431,-1,-1,-1
75,15,356.04,553.72,47.60,130.27,0.6081,-1,-1,-1
75,6,306.43,547.20,49.58,136.23,0.4167,-1,-1,-1
75,17,1711.97,539.23,37.85,93.55,0.5706,-1,-1,-1
75,25,241.73,544.41,44.83,138.48,0.2121,-1,-1,-1
75,28,411.63,554.12,33.46,75.85,0.3753,-1,-1,-1
75,30,487.94,533.06,36.76,106.97,0.2079,-1,-1,-1
75,26,580.70,536.27,28.66,104.06,0.3458,-1,-1,-1
76,2,1647.52,578.03,64.48,164.42,0.7341,-1,-1,-1
76,15,351.26,551.54,48.33,131.10,0.4953,-1,-1,-1
76,6,296.30,543.49,55.36,140.14,0.4751,-1,-1,-1
76,17,1712.97,539.30,38.34,91.69,0.5469,-1,-1,-1
76,25,234.37,540.03,46.42,142.34,0.2022,-1,-1,-1
76,28,401.86,552.69,35.75,74.50,0.3271,-1,-1,-1
76,30,479.95,531.79,38.92,105.01,0.2763,-1,-1,-1
76,26,576.19,535.51,30.47,103.60,0.3408,-1,-1,-1
77,2,1649.33,580.68,67.07,163.63,0.7199,-1,-1,-1
77,15,343.98,550.36,48.55,132.54,0.6131,-1,-1,-1
77,6,291.20,545.08,54.17,139.25,0.4478,-1,-1,-1
77,17,1713.58,540.73,38.43,91.03,0.5369,-1,-1,-1
77,28,395.44,553.67,34.45,77.02,0.3707,-1,-1,-1
77,30,474.90,534.16,41.76,109.34,0.3062,-1,-1,-1
77,26,572.70,534.59,30.38,104.73,0.3853,-1,-1,-1
78,2,1652.65,581.55,68.19,164.44,0.7341,-1,-1,-1
78,15,339.78,551.74,48.07,132.90,0.5299,-1,-1,-1
78,6,282.14,541.76,56.13,143.79,0.4277,-1,-1,-1
78,17,1713.79,540.33,39.01,90.40,0.5830,-1,-1,-1
78,28,389.66,553.17,34.96,77.57,0.3429,-1,-1,-1
78,30,470.03,533.11,38.73,109.91,0.2773,-1,-1,-1
78,26,570.23,535.75,28.40,101.59,0.3052,-1,-1,-1
79,2,1653.82,584.55,71.61,162.87,0.7506,-1,-1,-1
79,15,333.75,548.78,49.59,135.59,0.5560,-1,-1,-1
79,6,272.22,538.46,60.31,145.57,0.5016,-1,-1,-1
79,17,1713.36,540.37,39.10,90.33,0.5743,-1,-1,-1
79,28,382.74,552.25,33.97,77.14,0.3431,-1,-1,-1
79,30,463.68,530.33,39.22,113.43,0.3437,-1,-1,-1
79,26,568.44,530.63,28.20,106.08,0.2673,-1,-1,-1
80,2,1654.29,582.14,74.69,166.39,0.7254,-1,-1,-1
80,15,326.93,552.42,50.00,134.68,0.6081,-1,-1,-1
80,6,263.09,537.93,63.70,148.06,0.5577,-1,-1,-1
80,17,1712.62,536.75,39.72,91.48,0.6109,-1,-1,-1
80,28,373.41,554.17,35.36,76.86,0.3362,-1,-1,-1
80,30,455.43,530.24,43.35,117.68,0.4908,-1,-1,-1
80,26,565.40,528.23,28.98,109.96,0.2237,-1,-1,-1
81,2,1657.03,582.20,73.56,166.95,0.7504,-1,-1,-1
81,15,319.64,552.84,51.01,133.94,0.5708,-1,-1,-1
81,6,264.11,546.25,55.13,137.29,0.3489,-1,-1,-1
81,17,1711.80,536.30,39.48,91.34,0.5696,-1,-1,-1
81,28,367.87,554.07,34.21,75.21,0.4963,-1,-1,-1
81,30,450.98,530.55,45.22,119.84,0.3346,-1,-1,-1
81,31,148.13,556.89,45.64,132.17,0.3815,-1,-1,-1
82,2,1659.69,583.11,72.84,170.08,0.7395,-1,-1,-1
82,15,312.23,554.66,49.86,132.36,0.4980,-1,-1,-1
82,6,260.70,538.65,51.61,145.03,0.3816,-1,-1,-1
82,17,1711.93,537.12,37.27,91.14,0.6128,-1,-1,-1
82,28,359.67,554.71,34.62,76.40,0.3524,-1,-1,-1
82,30,448.28,538.05,40.65,113.71,0.2712,-1,-1,-1
82,31,139.01,556.30,49.12,135.21,0.4345,-1,-1,-1
83,2,1665.09,582.54,68.93,171.90,0.7062,-1,-1,-1
83,15,304.92,558.20,51.36,131.16,0.6694,-1,-1,-1
83,6,255.97,541.66,48.49,145.34,0.4594,-1,-1,-1
83,17,1711.99,536.78,36.11,91.02,0.5892,-1,-1,-1
83,28,354.95,558.17,32.46,74.38,0.3571,-1,-1,-1
83,30,440.83,539.05,41.64,113.88,0.3829,-1,-1,-1
83,31,130.02,559.03,51.58,133.49,0.5450,-1,-1,-1
84,2,1665.19,580.07,72.73,176.79,0.7243,-1,-1,-1
84,15,296.53,561.87,54.23,128.55,0.5319,-1,-1,-1
84,6,245.53,549.44,52.20,140.39,0.5413,-1,-1,-1
84,17,1712.57,535.38,34.76,92.21,0.5713,-1,-1,-1
84,28,346.64,558.05,32.06,74.39,0.4251,-1,-1,-1
84,30,433.28,537.88,41.98,113.90,0.3590,-1,-1,-1
84,31,121.42,561.14,52.67,134.49,0.5340,-1,-1,-1
84,32,462.41,545.21,43.08,111.15,0.3907,-1,-1,-1
85,2,1667.65,581.32,72.73,179.67,0.7675,-1,-1,-1
85,15,290.70,562.55,51.53,129.15,0.5026,-1,-1,-1
85,6,242.46,555.84,48.45,136.78,0.4787,-1,-1,-1
85,17,1711.78,536.56,34.65,92.58,0.4765,-1,-1,-1
85,28,338.61,560.95,32.59,75.69,0.2900,-1,-1,-1
85,30,427.28,539.87,40.97,115.45,0.2961,-1,-1,-1
85,31,112.31,564.58,54.04,133.37,0.5265,-1,-1,-1
85,32,454.38,548.19,44.73,110.97,0.2209,-1,-1,-1
86,2,1671.37,580.82,71.20,179.84,0.7648,-1,-1,-1
86,15,284.28,561.77,49.92,131.34,0.5834,-1,-1,-1
86,6,231.70,556.84,50.37,136.93,0.4304,-1,-1,-1
86,17,1708.65,535.61,36.25,80.44,0.3138,-1,-1,-1
86,28,332.49,561.12,31.93,81.67,0.2624,-1,-1,-1
86,30,421.85,535.92,39.24,120.97,0.3421,-1,-1,-1
86,31,103.23,562.64,55.81,140.57,0.4136,-1,-1,-1
86,32,450.01,540.70,43.24,118.66,0.3610,-1,-1,-1
87,2,1672.56,584.17,72.25,180.34,0.7971,-1,-1,-1
87,15,278.99,563.67,51.54,132.27,0.5734,-1,-1,-1
87,6,224.76,556.52,50.41,139.11,0.4926,-1,-1,-1
87,17,1707.07,537.97,36.61,71.40,0.2529,-1,-1,-1
87,28,324.26,561.13,32.21,81.45,0.2803,-1,-1,-1
87,30,414.68,537.82,40.11,120.82,0.3096,-1,-1,-1
87,31,95.51,562.24,59.02,137.72,0.5338,-1,-1,-1
87,32,442.17,545.42,42.47,117.49,0.3907,-1,-1,-1
87,34,383.02,554.42,35.56,97.47,0.5398,-1,-1,-1
88,2,1674.96,582.78,71.98,184.09,0.7979,-1,-1,-1
88,15,270.85,568.69,51.81,131.91,0.5030,-1,-1,-1
88,6,219.41,561.26,50.44,138.85,0.5735,-1,-1,-1
88,17,1704.94,538.31,37.18,61.83,0.1719,-1,-1,-1
88,28,316.24,565.92,32.93,79.28,0.2771,-1,-1,-1
88,30,408.52,544.07,40.88,115.00,0.2341,-1,-1,-1
88,31,90.01,566.86,54.46,131.87,0.5035,-1,-1,-1
88,32,433.56,547.78,46.68,119.63,0.4158,-1,-1,-1
88,34,377.46,556.45,34.78,97.72,0.3987,-1,-1,-1
89,2,1678.52,584.25,70.41,188.59,0.8039,-1,-1,-1
89,15,265.05,567.27,51.61,132.18,0.4703,-1,-1,-1
89,6,214.58,558.48,48.71,142.65,0.3125,-1,-1,-1
89,28,308.38,566.59,32.98,80.55,0.1851,-1,-1,-1
89,30,401.64,540.34,37.86,120.77,0.2859,-1,-1,-1
89,31,83.27,563.05,54.38,135.51,0.4654,-1,-1,-1
89,32,429.78,546.22,43.67,122.61,0.5844,-1,-1,-1
89,34,368.82,554.83,31.69,98.39,0.4577,-1,-1,-1
90,2,1681.94,585.58,70.31,192.30,0.7568,-1,-1,-1
90,15,259.29,571.05,53.36,134.06,0.5299,-1,-1,-1
90,6,205.28,557.48,51.67,147.34,0.3258,-1,-1,-1
90,28,299.53,567.83,32.49,85.25,0.1531,-1,-1,-1
90,30,393.16,540.55,40.69,128.74,0.3600,-1,-1,-1
90,31,74.80,565.60,57.73,138.17,0.4845,-1,-1,-1
90,32,420.89,547.70,45.94,125.70,0.3051,-1,-1,-1
90,34,360.13,567.00,34.40,91.41,0.4276,-1,-1,-1
91,2,1684.61,595.24,72.46,188.70,0.7884,-1,-1,-1
91,15,249.97,558.77,63.62,149.07,0.4397,-1,-1,-1
91,6,199.75,559.94,51.02,146.31,0.3825,-1,-1,-1
91,30,385.44,545.65,42.13,124.51,0.3133,-1,-1,-1
91,31,67.54,566.69,56.61,141.22,0.4512,-1,-1,-1
91,32,413.96,550.33,46.30,125.48,0.5730,-1,-1,-1
91,34,354.03,570.98,33.58,89.09,0.3762,-1,-1,-1
92,2,1687.96,600.76,73.46,186.96,0.7965,-1,-1,-1
92,15,245.31,556.90,62.89,154.70,0.5459,-1,-1,-1
92,6,190.26,561.66,53.85,150.04,0.3345,-1,-1,-1
92,30,379.87,555.88,38.30,120.10,0.3361,-1,-1,-1
92,31,57.81,570.76,63.96,142.28,0.3359,-1,-1,-1
92,32,407.57,553.54,44.30,126.21,0.5373,-1,-1,-1
92,34,346.02,580.68,32.54,85.94,0.2401,-1,-1,-1
93,2,1689.27,605.33,74.00,187.02,0.8092,-1,-1,-1
93,15,241.00,566.92,56.25,146.09,0.5532,-1,-1,-1
93,6,184.59,555.34,53.60,159.95,0.5644,-1,-1,-1
93,30,371.13,554.87,36.78,126.03,0.3048,-1,-1,-1
93,31,49.44,575.39,64.15,140.37,0.2706,-1,-1,-1
93,32,400.98,555.99,44.18,127.32,0.5219,-1,-1,-1
93,34,338.94,581.72,32.75,87.19,0.4051,-1,-1,-1
94,2,1690.48,607.61,74.10,187.65,0.8040,-1,-1,-1
94,15,234.85,574.01,55.70,142.71,0.5424,-1,-1,-1
94,6,180.17,562.12,52.27,155.75,0.5233,-1,-1,-1
94,30,364.46,553.97,38.61,129.32,0.4133,-1,-1,-1
94,31,41.53,580.80,64.07,140.37,0.2333,-1,-1,-1
94,32,392.21,556.56,45.28,129.23,0.6195,-1,-1,-1
94,34,332.35,582.98,31.98,90.94,0.4823,-1,-1,-1
94,17,1697.27,540.75,38.89,81.64,0.3707,-1,-1,-1
95,2,1692.19,611.32,74.91,189.36,0.7916,-1,-1,-1
95,15,227.02,578.18,57.15,140.40,0.5216,-1,-1,-1
95,6,173.67,563.37,53.94,155.44,0.6020,-1,-1,-1
95,30,358.94,561.78,37.26,122.03,0.2503,-1,-1,-1
95,32,387.14,558.33,45.01,128.99,0.5340,-1,-1,-1
95,34,323.28,585.79,32.16,90.80,0.2521,-1,-1,-1
95,17,1694.60,542.11,40.75,90.44,0.4891,-1,-1,-1
96,2,1695.65,611.55,75.02,190.74,0.7885,-1,-1,-1
96,15,221.27,582.31,54.05,141.66,0.5756,-1,-1,-1
96,6,165.45,573.49,54.57,150.15,0.4634,-1,-1,-1
96,30,352.81,560.54,35.11,127.44,0.3449,-1,-1,-1
96,32,380.25,565.49,44.43,125.61,0.4844,-1,-1,-1
96,34,316.20,586.01,32.16,89.28,0.4528,-1,-1,-1
96,17,1693.33,541.26,43.16,95.10,0.5261,-1,-1,-1
97,2,1699.29,613.13,76.20,192.58,0.7859,-1,-1,-1
97,15,212.87,579.21,55.89,143.92,0.6522,-1,-1,-1
97,6,159.28,577.45,53.04,142.93,0.5560,-1,-1,-1
97,30,344.14,553.94,38.23,132.88,0.4797,-1,-1,-1
97,32,372.46,558.78,46.64,131.85,0.5169,-1,-1,-1
97,34,308.53,579.35,33.68,96.43,0.5858,-1,-1,-1
97,17,1692.28,543.72,42.82,95.58,0.5333,-1,-1,-1
98,2,1703.99,613.35,76.80,195.64,0.7918,-1,-1,-1
98,15,203.83,581.82,55.59,145.55,0.6215,-1,-1,-1
98,6,151.18,582.24,53.41,143.68,0.5596,-1,-1,-1
98,30,336.07,560.24,39.27,130.98,0.3058,-1,-1,-1
98,32,365.85,575.46,45.98,117.20,0.6096,-1,-1,-1
98,34,299.94,588.00,34.08,91.33,0.1686,-1,-1,-1
98,17,1690.90,545.09,41.57,96.53,0.5092,-1,-1,-1
99,2,1706.57,614.84,78.15,197.45,0.7605,-1,-1,-1
99,15,197.35,578.56,54.25,147.65,0.6656,-1,-1,-1
99,6,143.09,581.17,54.09,143.06,0.4819,-1,-1,-1
99,30,329.59,557.06,37.27,132.66,0.4519,-1,-1,-1
99,32,358.81,569.53,46.30,122.94,0.5585,-1,-1,-1
99,34,291.00,588.54,34.22,88.85,0.4883,-1,-1,-1
99,17,1688.57,545.70,42.12,101.79,0.5020,-1,-1,-1
100,2,1709.21,613.73,80.25,199.78,0.7950,-1,-1,-1
100,15,189.04,585.79,55.08,143.58,0.6086,-1,-1,-1
100,6,131.87,584.20,56.16,140.97,0.5669,-1,-1,-1
100,30,320.03,560.53,38.89,132.31,0.4083,-1,-1,-1
100,32,348.74,575.01,50.14,119.77,0.5467,-1,-1,-1
100,34,281.45,588.46,35.23,94.25,0.5923,-1,-1,-1
100,17,1685.75,547.14,42.54,102.65,0.6409,-1,-1,-1
101,2,1711.14,616.14,80.90,202.26,0.7867,-1,-1,-1
101,15,180.27,582.81,57.42,145.06,0.5861,-1,-1,-1
101,6,124.11,579.84,57.68,143.70,0.6036,-1,-1,-1
101,30,310.38,571.82,37.72,119.65,0.3815,-1,-1,-1
101,32,340.66,571.92,49.75,121.60,0.5708,-1,-1,-1
101,34,273.08,588.44,34.01,92.18,0.4474,-1,-1,-1
101,17,1684.59,549.77,40.07,104.10,0.7197,-1,-1,-1
101,39,434.30,561.33,34.19,107.40,0.3734,-1,-1,-1
102,2,1713.15,619.12,82.36,200.96,0.8137,-1,-1,-1
102,15,172.05,583.62,57.58,145.24,0.5696,-1,-1,-1
102,6,115.13,581.47,57.95,145.53,0.6266,-1,-1,-1
102,30,302.28,578.33,36.14,114.84,0.3035,-1,-1,-1
102,32,332.48,574.95,49.50,120.73,0.6190,-1,-1,-1
102,34,262.87,592.61,35.56,89.33,0.5423,-1,-1,-1
102,17,1683.94,549.80,37.99,104.46,0.7412,-1,-1,-1
102,39,431.06,561.59,31.54,110.23,0.3856,-1,-1,-1
102,41,389.32,573.71,43.19,126.20,0.3720,-1,-1,-1
103,2,1714.33,619.03,85.27,204.75,0.8264,-1,-1,-1
103,15,164.57,586.94,57.58,143.27,0.5182,-1,-1,-1
103,6,106.42,579.16,57.61,148.99,0.5528,-1,-1,-1
103,30,294.17,568.48,39.49,125.97,0.2909,-1,-1,-1
103,32,326.07,574.53,51.75,120.84,0.4863,-1,-1,-1
103,34,255.71,590.17,36.24,96.60,0.4425,-1,-1,-1
103,17,1683.19,549.83,36.75,103.80,0.7191,-1,-1,-1
103,39,423.48,561.55,31.40,108.59,0.3370,-1,-1,-1
103,41,384.94,571.10,40.28,128.23,0.3382,-1,-1,-1
103,42,1546.06,519.48,25.16,79.33,0.4538,-1,-1,-1
104,2,1715.63,623.90,86.61,207.07,0.8179,-1,-1,-1
104,15,154.97,588.98,52.93,139.18,0.4256,-1,-1,-1
104,6,95.98,576.68,58.27,149.79,0.5655,-1,-1,-1
104,30,284.35,580.86,38.06,113.94,0.2649,-1,-1,-1
104,32,316.23,576.79,50.99,117.46,0.3578,-1,-1,-1
104,34,247.65,589.36,36.14,93.40,0.3086,-1,-1,-1
104,17,1682.35,551.58,35.56,103.71,0.7079,-1,-1,-1
104,39,415.49,558.23,33.46,107.62,0.4458,-1,-1,-1
104,41,374.31,574.10,40.72,125.25,0.4720,-1,-1,-1
104,42,1545.39,521.74,23.10,77.01,0.3721,-1,-1,-1
105,2,1717.71,624.04,87.21,209.62,0.8059,-1,-1,-1
105,15,146.35,587.46,57.54,142.58,0.5508,-1,-1,-1
105,6,87.92,579.31,57.95,149.38,0.6013,-1,-1,-1
105,30,276.70,568.00,43.02,129.95,0.2311,-1,-1,-1
105,32,306.27,568.69,53.02,128.61,0.5174,-1,-1,-1
105,34,238.43,591.80,37.23,92.22,0.4484,-1,-1,-1
105,17,1681.22,549.67,34.84,104.33,0.6660,-1,-1,-1
105,39,408.53,559.02,34.46,114.66,0.4023,-1,-1,-1
105,41,367.59,570.42,40.97,131.79,0.3743,-1,-1,-1
105,42,1540.54,521.82,24.76,71.79,0.2292,-1,-1,-1
105,25,23.89,580.30,54.37,144.47,0.4162,-1,-1,-1
106,2,1722.69,625.86,85.91,212.21,0.7801,-1,-1,-1
106,15,138.65,577.84,59.27,151.51,0.5312,-1,-1,-1
106,6,77.96,574.95,56.41,153.05,0.5602,-1,-1,-1
106,30,266.11,579.93,42.64,120.34,0.2787,-1,-1,-1
106,32,298.85,566.72,52.35,130.05,0.5025,-1,-1,-1
106,34,228.16,589.60,36.67,95.32,0.3593,-1,-1,-1
106,17,1680.11,549.63,33.82,105.21,0.6086,-1,-1,-1
106,39,402.37,558.20,32.61,114.08,0.2994,-1,-1,-1
106,41,360.51,567.01,39.99,135.26,0.5136,-1,-1,-1
106,42,1535.96,522.46,25.64,72.46,0.3969,-1,-1,-1
106,25,15.29,578.55,55.74,144.15,0.2684,-1,-1,-1
107,2,1726.25,623.24,85.11,216.14,0.7891,-1,-1,-1
107,15,130.59,583.31,56.92,147.11,0.4007,-1,-1,-1
107,6,68.64,573.14,58.25,155.50,0.5920,-1,-1,-1
107,30,257.67,586.81,39.17,115.91,0.3922,-1,-1,-1
107,32,288.65,560.28,53.49,137.44,0.4682,-1,-1,-1
107,34,219.15,591.10,38.60,97.26,0.5197,-1,-1,-1
107,17,1677.89,547.29,32.62,106.01,0.5535,-1,-1,-1
107,39,394.24,560.35,34.10,108.38,0.5077,-1,-1,-1
107,41,351.99,562.85,42.07,140.63,0.5360,-1,-1,-1
107,42,1533.02,520.80,27.67,75.62,0.4408,-1,-1,-1
107,25,8.45,577.03,52.81,144.64,0.3999,-1,-1,-1
108,2,1728.76,628.03,84.92,218.04,0.8029,-1,-1,-1
108,15,121.21,576.29,55.32,152.89,0.4991,-1,-1,-1
108,6,55.20,568.17,63.07,160.12,0.5355,-1,-1,-1
108,32,278.91,557.72,54.32,141.03,0.5481,-1,-1,-1
108,34,210.02,587.05,37.51,100.41,0.5884,-1,-1,-1
108,17,1676.75,549.18,31.16,106.96,0.4699,-1,-1,-1
108,39,388.77,559.45,34.27,106.12,0.4564,-1,-1,-1
108,41,342.56,561.77,44.39,141.94,0.5373,-1,-1,-1
108,42,1531.85,524.00,26.18,74.98,0.3915,-1,-1,-1
108,25,0.52,574.31,52.86,148.79,0.4787,-1,-1,-1
109,2,1730.87,628.33,86.08,221.46,0.8077,-1,-1,-1
109,15,113.40,574.78,57.87,156.62,0.4122,-1,-1,-1
109,6,44.99,569.34,63.64,160.21,0.4890,-1,-1,-1
109,32,268.18,566.90,55.38,136.83,0.4156,-1,-1,-1
109,34,200.78,588.44,37.59,104.47,0.5077,-1,-1,-1
109,17,1675.13,549.21,30.51,107.12,0.5369,-1,-1,-1
109,39,381.34,558.72,35.23,111.07,0.4560,-1,-1,-1
109,41,336.25,557.48,42.45,148.69,0.5918,-1,-1,-1
109,42,1527.50,522.94,26.77,74.61,0.3970,-1,-1,-1
109,25,-1.99,574.80,45.65,154.09,0.3685,-1,-1,-1
110,2,1732.28,629.38,86.37,224.94,0.8128,-1,-1,-1
110,15,103.75,571.96,56.43,158.54,0.5836,-1,-1,-1
110,6,32.21,567.05,68.19,162.18,0.5914,-1,-1,-1
110,32,254.82,556.38,58.95,146.92,0.5146,-1,-1,-1
110,34,190.71,587.06,38.76,105.33,0.5301,-1,-1,-1
110,17,1674.01,550.60,28.98,107.71,0.3538,-1,-1,-1
110,39,374.00,557.16,35.12,109.10,0.4486,-1,-1,-1
110,41,326.65,561.72,44.12,143.59,0.6129,-1,-1,-1
110,42,1524.01,523.96,26.46,70.63,0.2782,-1,-1,-1
110,25,-2.22,571.91,35.96,154.64,0.3812,-1,-1,-1
111,2,1733.58,629.57,87.74,227.49,0.8116,-1,-1,-1
111,15,94.07,568.22,58.87,164.71,0.5886,-1,-1,-1
111,6,20.95,563.68,71.57,166.89,0.6227,-1,-1,-1
111,32,247.28,559.47,58.10,145.12,0.4761,-1,-1,-1
111,34,180.98,589.31,38.02,107.14,0.4029,-1,-1,-1
111,17,1670.95,552.36,30.13,106.57,0.2375,-1,-1,-1
111,39,366.36,558.62,36.17,109.14,0.4494,-1,-1,-1
111,41,318.48,571.18,42.45,135.50,0.5314,-1,-1,-1
111,42,1519.91,524.15,26.75,64.92,0.2101,-1,-1,-1
112,2,1734.86,632.24,89.63,228.27,0.8082,-1,-1,-1
112,15,84.34,572.65,59.57,161.70,0.5713,-1,-1,-1
112,6,9.35,566.55,76.45,166.07,0.5342,-1,-1,-1
112,32,238.54,567.45,56.27,138.88,0.5937,-1,-1,-1
112,34,170.82,592.58,36.60,103.59,0.4827,-1,-1,-1
112,39,357.41,559.54,36.88,111.59,0.5560,-1,-1,-1
112,41,307.83,570.88,41.50,138.65,0.5578,-1,-1,-1
113,2,1735.37,634.39,90.58,229.97,0.8039,-1,-1,-1
113,15,75.42,576.68,57.41,160.36,0.5791,-1,-1,-1
113,6,1.13,560.83,74.08,173.05,0.5962,-1,-1,-1
113,32,231.13,575.23,54.24,134.32,0.6202,-1,-1,-1
113,34,161.63,595.32,37.36,103.43,0.5198,-1,-1,-1
113,39,349.58,562.05,36.66,111.62,0.4339,-1,-1,-1
113,41,298.86,572.26,39.39,139.69,0.6005,-1,-1,-1
114,2,1737.53,635.05,90.23,231.01,0.7985,-1,-1,-1
114,15,63.16,567.92,59.62,169.22,0.6496,-1,-1,-1
114,6,0.99,571.46,62.80,164.23,0.5468,-1,-1,-1
114,32,218.73,580.85,55.03,129.42,0.5796,-1,-1,-1
114,34,151.52,597.44,34.88,102.95,0.6190,-1,-1,-1
114,39,341.22,564.53,36.73,109.52,0.5098,-1,-1,-1
114,41,290.23,571.94,41.51,141.16,0.4919,-1,-1,-1
115,2,1739.24,636.48,91.12,231.84,0.7918,-1,-1,-1
115,15,52.87,565.80,60.03,173.05,0.6517,-1,-1,-1
115,6,0.92,573.58,54.53,162.36,0.4661,-1,-1,-1
115,32,202.02,571.41,61.56,139.11,0.5426,-1,-1,-1
115,34,141.66,596.89,36.57,105.24,0.6164,-1,-1,-1
115,39,333.40,564.22,37.83,111.69,0.6415,-1,-1,-1
115,41,280.01,578.88,38.52,136.15,0.5721,-1,-1,-1
116,2,1741.08,636.43,91.70,234.99,0.7989,-1,-1,-1
116,15,43.75,571.78,58.29,170.26,0.6057,-1,-1,-1
116,6,-2.16,582.08,51.25,157.98,0.6275,-1,-1,-1
116,32,195.76,575.63,58.63,140.53,0.5423,-1,-1,-1
116,34,130.57,599.47,35.33,103.81,0.5735,-1,-1,-1
116,39,323.79,567.31,39.14,110.89,0.6114,-1,-1,-1
116,41,270.96,579.89,37.73,137.69,0.4732,-1,-1,-1
117,2,1741.46,638.67,93.75,238.30,0.8083,-1,-1,-1
117,15,32.65,573.69,59.39,170.39,0.5958,-1,-1,-1
117,6,-2.42,583.88,43.60,157.42,0.6282,-1,-1,-1
117,32,186.16,570.53,58.62,145.92,0.4911,-1,-1,-1
117,34,119.26,600.02,36.99,101.59,0.5759,-1,-1,-1
117,39,314.56,566.88,40.60,112.68,0.5425,-1,-1,-1
117,41,259.40,566.10,39.06,152.67,0.6099,-1,-1,-1
118,2,1742.78,637.39,95.80,244.02,0.8037,-1,-1,-1
118,15,22.08,577.25,60.23,169.59,0.5140,-1,-1,-1
118,6,-2.25,588.97,33.31,154.86,0.4961,-1,-1,-1
118,32,179.59,580.71,54.40,139.34,0.5479,-1,-1,-1
118,34,109.75,600.73,37.64,104.91,0.5084,-1,-1,-1
118,39,308.48,561.69,38.66,118.69,0.6464,-1,-1,-1
118,41,249.39,571.17,38.46,151.64,0.6612,-1,-1,-1
119,2,1745.56,639.69,99.20,246.05,0.8216,-1,-1,-1
119,15,11.26,572.65,61.62,177.61,0.5953,-1,-1,-1
119,6,-1.49,596.11,21.99,150.13,0.2037,-1,-1,-1
119,32,169.44,579.29,54.20,144.55,0.4577,-1,-1,-1
119,34,100.10,601.72,35.10,105.58,0.4758,-1,-1,-1
119,39,299.64,563.42,39.71,118.50,0.5507,-1,-1,-1
119,41,239.64,565.41,40.23,159.66,0.6095,-1,-1,-1
119,43,1742.82,566.10,46.95,97.70,0.3530,-1,-1,-1
120,2,1747.86,643.76,103.24,245.59,0.8127,-1,-1,-1
120,15,4.91,565.39,58.02,188.11,0.5791,-1,-1,-1
120,32,158.51,582.79,53.52,143.98,0.6005,-1,-1,-1
120,34,89.54,601.65,34.12,111.10,0.4245,-1,-1,-1
120,39,290.72,561.73,40.00,123.19,0.5789,-1,-1,-1
120,41,226.79,571.39,42.35,157.34,0.6486,-1,-1,-1
120,43,1742.40,558.85,44.00,107.86,0.4104,-1,-1,-1
121,2,1751.45,645.23,104.15,248.34,0.8092,-1,-1,-1
121,15,-0.53,555.47,55.69,197.48,0.5798,-1,-1,-1
121,32,146.87,586.13,56.05,140.60,0.5883,-1,-1,-1
121,34,78.71,601.88,35.90,112.48,0.5918,-1,-1,-1
121,39,286.04,563.16,37.49,120.07,0.6310,-1,-1,-1
121,41,217.64,570.12,43.16,160.91,0.5594,-1,-1,-1
121,43,1741.31,555.32,43.69,113.84,0.4366,-1,-1,-1
122,2,1755.64,646.08,102.00,251.87,0.8083,-1,-1,-1
122,15,-3.44,555.82,48.82,200.03,0.6182,-1,-1,-1
122,32,138.86,592.79,53.57,140.88,0.5100,-1,-1,-1
122,34,67.29,605.16,36.02,110.90,0.4068,-1,-1,-1
122,39,275.47,564.20,40.18,120.63,0.6007,-1,-1,-1
122,41,205.10,573.45,46.91,159.92,0.6580,-1,-1,-1
122,43,1739.96,553.38,42.84,117.34,0.3942,-1,-1,-1
123,2,1760.07,649.70,98.73,254.50,0.8088,-1,-1,-1
123,15,-2.96,568.24,41.49,187.75,0.5680,-1,-1,-1
123,32,128.65,598.73,56.29,139.35,0.4496,-1,-1,-1
123,34,54.88,607.77,37.71,115.12,0.3154,-1,-1,-1
123,39,266.53,559.71,42.12,128.83,0.6605,-1,-1,-1
123,41,194.52,580.90,49.25,154.91,0.5963,-1,-1,-1
123,43,1739.53,554.68,42.13,119.63,0.4082,-1,-1,-1
124,2,1764.30,649.36,98.37,259.50,0.8160,-1,-1,-1
124,15,-2.98,587.87,30.41,170.59,0.4857,-1,-1,-1
124,34,42.61,608.95,37.72,116.71,0.3104,-1,-1,-1
124,39,260.24,567.45,39.37,123.06,0.5866,-1,-1,-1
124,41,184.43,587.76,48.30,150.08,0.6281,-1,-1,-1
124,43,1739.24,555.07,42.40,117.57,0.4157,-1,-1,-1
124,30,97.11,583.22,52.97,151.01,0.4445,-1,-1,-1
125,2,1768.95,648.53,102.04,262.14,0.8163,-1,-1,-1
125,34,31.57,611.34,36.20,114.38,0.4599,-1,-1,-1
125,39,251.30,570.15,39.96,121.28,0.5345,-1,-1,-1
125,41,173.77,590.33,50.98,149.21,0.6426,-1,-1,-1
125,43,1737.09,554.49,42.43,118.75,0.3315,-1,-1,-1
125,30,87.04,580.82,51.75,150.25,0.3184,-1,-1,-1
125,28,0.06,619.15,25.82,103.09,0.3787,-1,-1,-1
126,2,1773.21,650.68,103.77,263.14,0.8114,-1,-1,-1
126,34,20.43,614.44,38.13,113.39,0.4121,-1,-1,-1
126,39,243.05,567.63,39.93,126.30,0.5823,-1,-1,-1
126,41,161.33,595.74,53.57,146.76,0.5845,-1,-1,-1
126,43,1731.54,554.93,42.10,111.57,0.2659,-1,-1,-1
126,30,77.46,584.78,52.39,147.14,0.2780,-1,-1,-1
127,2,1777.39,651.48,104.91,266.20,0.8199,-1,-1,-1
127,34,5.36,621.37,38.46,106.62,0.3591,-1,-1,-1
127,39,235.92,569.97,39.06,126.22,0.5792,-1,-1,-1
127,41,152.75,600.94,51.94,145.09,0.5950,-1,-1,-1
127,43,1728.19,555.92,42.39,108.34,0.3422,-1,-1,-1
127,32,83.22,622.91,58.11,119.41,0.4729,-1,-1,-1
128,2,1780.70,653.65,106.59,267.60,0.8195,-1,-1,-1
128,34,-2.10,621.38,32.15,109.32,0.3409,-1,-1,-1
128,39,225.41,563.19,40.55,133.38,0.6123,-1,-1,-1
128,41,141.52,603.00,54.17,144.50,0.5499,-1,-1,-1
128,43,1726.97,557.21,41.39,107.38,0.4019,-1,-1,-1
128,49,546.70,527.85,32.41,68.72,0.4194,-1,-1,-1
128,32,71.48,623.45,59.15,119.43,0.4673,-1,-1,-1
129,2,1785.41,656.09,110.79,269.46,0.8236,-1,-1,-1
129,34,-3.62,623.47,23.36,109.30,0.3119,-1,-1,-1
129,39,218.26,566.23,39.83,133.32,0.5916,-1,-1,-1
129,41,130.79,600.60,52.26,150.74,0.5155,-1,-1,-1
129,43,1726.47,556.71,39.29,109.05,0.3781,-1,-1,-1
129,49,543.87,528.53,29.30,68.32,0.3433,-1,-1,-1
129,32,63.29,623.13,55.99,123.00,0.3572,-1,-1,-1
130,2,1787.91,657.98,115.09,272.03,0.8220,-1,-1,-1
130,39,209.56,565.59,40.84,135.48,0.5545,-1,-1,-1
130,41,117.25,603.53,58.36,151.10,0.3302,-1,-1,-1
130,43,1724.61,556.65,36.62,114.42,0.3988,-1,-1,-1
130,49,540.40,526.85,25.77,71.86,0.2985,-1,-1,-1
130,32,49.07,622.78,56.91,126.73,0.3901,-1,-1,-1
130,30,29.44,586.63,52.29,158.45,0.4397,-1,-1,-1
131,2,1791.15,659.36,118.08,276.75,0.8319,-1,-1,-1
131,39,200.68,572.29,41.07,129.48,0.4713,-1,-1,-1
131,41,105.39,599.82,51.38,156.61,0.4311,-1,-1,-1
131,43,1717.58,557.18,41.69,118.68,0.4681,-1,-1,-1
131,49,533.93,526.13,28.28,72.33,0.4062,-1,-1,-1
131,32,38.40,626.05,58.66,126.20,0.1905,-1,-1,-1
131,30,14.65,587.83,53.92,153.59,0.4852,-1,-1,-1
132,2,1796.01,661.02,120.31,283.70,0.8651,-1,-1,-1
132,39,191.74,569.77,41.38,133.49,0.6435,-1,-1,-1
132,41,94.45,599.28,47.66,160.56,0.4304,-1,-1,-1
132,43,1714.52,555.54,43.59,120.39,0.4539,-1,-1,-1
132,49,527.91,526.55,28.95,72.32,0.2608,-1,-1,-1
132,32,22.55,629.15,63.42,123.71,0.1640,-1,-1,-1
132,30,2.50,585.51,52.58,159.21,0.5512,-1,-1,-1
133,2,1802.29,663.00,117.55,289.40,0.8822,-1,-1,-1
133,39,182.04,566.66,43.88,136.12,0.5326,-1,-1,-1
133,41,80.30,595.15,49.31,167.74,0.5456,-1,-1,-1
133,43,1712.45,556.84,45.23,120.75,0.4476,-1,-1,-1
133,49,523.71,527.32,30.53,71.86,0.4526,-1,-1,-1
133,32,12.85,629.03,60.90,131.31,0.3585,-1,-1,-1
133,30,-2.79,587.70,45.98,162.33,0.3460,-1,-1,-1
134,2,1807.22,665.02,113.98,294.75,0.8508,-1,-1,-1
134,39,173.41,567.20,42.19,138.32,0.5590,-1,-1,-1
134,41,50.72,580.88,66.57,188.13,0.4962,-1,-1,-1
134,43,1710.15,556.04,46.46,120.80,0.4811,-1,-1,-1
134,49,520.63,529.06,27.21,72.20,0.4249,-1,-1,-1
134,32,1.24,629.32,57.28,136.72,0.4839,-1,-1,-1
135,2,1811.14,665.91,110.23,301.33,0.8149,-1,-1,-1
135,39,165.73,569.81,40.84,138.23,0.5442,-1,-1,-1
135,41,32.41,574.42,74.11,198.26,0.5423,-1,-1,-1
135,43,1705.76,554.74,49.93,120.57,0.5033,-1,-1,-1
135,49,514.96,528.24,28.74,73.58,0.5472,-1,-1,-1
135,32,-3.36,621.09,50.20,146.77,0.5677,-1,-1,-1
136,2,1817.19,669.39,104.16,305.21,0.8374,-1,-1,-1
136,39,157.23,567.58,41.17,140.75,0.3931,-1,-1,-1
136,41,22.21,573.81,75.27,200.88,0.5256,-1,-1,-1
136,43,1701.49,555.79,50.74,116.35,0.4720,-1,-1,-1
136,49,509.24,527.16,28.23,73.90,0.5371,-1,-1,-1
136,32,-4.01,622.13,39.72,146.84,0.6006,-1,-1,-1
137,2,1823.68,677.42,97.88,307.40,0.7748,-1,-1,-1
137,39,148.52,572.91,40.34,137.82,0.4033,-1,-1,-1
137,41,15.79,573.28,70.60,204.63,0.6261,-1,-1,-1
137,43,1699.52,555.67,51.06,115.16,0.5037,-1,-1,-1
137,49,503.50,527.34,29.25,75.46,0.5479,-1,-1,-1
137,32,-3.23,634.60,29.22,138.00,0.4697,-1,-1,-1
138,2,1830.11,679.41,90.99,310.79,0.7835,-1,-1,-1
138,39,140.52,572.14,40.81,139.66,0.4937,-1,-1,-1
138,41,9.44,571.89,64.61,206.11,0.6377,-1,-1,-1
138,43,1697.74,556.13,51.00,113.83,0.4900,-1,-1,-1
138,49,499.76,529.63,29.94,73.39,0.5818,-1,-1,-1
138,52,1570.65,558.09,44.52,105.98,0.5702,-1,-1,-1
139,2,1833.51,680.02,87.35,315.57,0.7700,-1,-1,-1
139,41,2.05,575.43,59.13,203.08,0.6165,-1,-1,-1
139,43,1696.85,556.72,49.73,111.18,0.5073,-1,-1,-1
139,49,495.19,528.10,27.62,72.94,0.4398,-1,-1,-1
139,52,1568.73,554.74,39.67,108.85,0.5948,-1,-1,-1
140,2,1840.06,682.46,80.88,312.81,0.7509,-1,-1,-1
140,41,-2.67,574.91,51.67,210.78,0.6256,-1,-1,-1
140,43,1697.42,553.17,48.05,114.89,0.5281,-1,-1,-1
140,49,490.41,527.10,28.55,73.57,0.4970,-1,-1,-1
140,52,1566.25,550.95,37.40,111.93,0.6627,-1,-1,-1
140,39,122.25,562.71,42.06,152.71,0.3747,-1,-1,-1
141,2,1847.09,680.01,73.79,312.35,0.6803,-1,-1,-1
141,41,-3.79,579.13,41.44,208.70,0.5908,-1,-1,-1
141,43,1698.63,551.71,45.47,116.01,0.4525,-1,-1,-1
141,49,485.48,527.76,27.71,73.89,0.5267,-1,-1,-1
141,52,1563.26,549.82,38.26,111.88,0.7279,-1,-1,-1
142,2,1854.32,693.03,66.55,300.28,0.6424,-1,-1,-1
142,43,1700.92,554.72,41.89,114.82,0.4375,-1,-1,-1
142,49,480.82,527.34,28.43,75.21,0.4994,-1,-1,-1
142,52,1560.31,551.16,40.07,108.62,0.6806,-1,-1,-1
142,53,399.59,531.10,26.09,64.45,0.3643,-1,-1,-1
143,2,1860.22,703.38,59.75,297.22,0.5930,-1,-1,-1
143,43,1699.43,560.99,40.83,110.10,0.3687,-1,-1,-1
143,49,476.57,526.84,30.75,73.96,0.5367,-1,-1,-1
143,52,1556.92,553.32,40.27,109.30,0.5900,-1,-1,-1
143,53,394.69,530.06,25.32,63.56,0.2227,-1,-1,-1
144,2,1866.62,714.98,53.40,263.84,0.4747,-1,-1,-1
144,43,1696.84,566.37,41.90,107.80,0.4583,-1,-1,-1
144,49,473.23,527.54,28.44,75.01,0.5942,-1,-1,-1
144,52,1554.32,556.13,38.09,109.44,0.7094,-1,-1,-1
144,53,385.84,529.32,27.77,66.03,0.2878,-1,-1,-1
145,2,1873.70,730.64,45.59,237.91,0.2557,-1,-1,-1
145,43,1694.27,570.12,42.43,107.13,0.6017,-1,-1,-1
145,49,467.93,527.12,28.54,74.22,0.5255,-1,-1,-1
145,52,1549.12,557.74,37.34,108.19,0.6962,-1,-1,-1
145,53,381.51,528.99,28.13,65.38,0.4089,-1,-1,-1
146,43,1693.34,573.07,42.64,102.39,0.6211,-1,-1,-1
146,49,463.67,526.13,27.99,74.66,0.5851,-1,-1,-1
146,52,1545.34,556.00,38.50,110.30,0.6494,-1,-1,-1
146,53,378.81,529.28,27.01,64.61,0.4056,-1,-1,-1
147,43,1691.38,574.56,41.59,103.29,0.5339,-1,-1,-1
147,49,457.19,526.66,29.25,75.72,0.5244,-1,-1,-1
147,52,1540.74,557.48,39.12,109.72,0.6763,-1,-1,-1
147,53,372.25,530.76,28.06,65.28,0.3205,-1,-1,-1
148,43,1684.65,569.80,45.53,106.85,0.4712,-1,-1,-1
148,49,452.73,528.86,29.98,74.25,0.5903,-1,-1,-1
148,52,1532.19,555.16,44.67,112.64,0.6901,-1,-1,-1
148,53,363.86,529.69,28.88,66.63,0.3125,-1,-1,-1
149,43,1680.98,569.93,44.12,105.96,0.6109,-1,-1,-1
149,49,447.95,529.36,29.16,74.89,0.5576,-1,-1,-1
149,52,1520.73,554.25,52.79,113.62,0.6869,-1,-1,-1
149,53,357.96,529.85,30.36,67.74,0.3719,-1,-1,-1
150,43,1679.32,567.14,43.00,107.20,0.6682,-1,-1,-1
150,49,442.75,528.58,29.82,76.42,0.5841,-1,-1,-1
150,52,1512.87,558.03,58.22,109.68,0.7188,-1,-1,-1
150,53,355.11,530.18,28.61,68.06,0.4073,-1,-1,-1
151,43,1675.66,567.01,43.09,107.60,0.5869,-1,-1,-1
151,49,435.47,527.89,30.45,77.96,0.5417,-1,-1,-1
151,52,1509.01,559.39,58.26,109.04,0.7007,-1,-1,-1
151,53,348.98,533.01,28.70,68.16,0.3412,-1,-1,-1
152,43,1672.59,566.72,43.12,105.78,0.5129,-1,-1,-1
152,49,429.13,529.78,30.98,76.99,0.5590,-1,-1,-1
152,52,1506.80,557.99,56.24,110.43,0.6995,-1,-1,-1
152,53,345.53,535.77,25.59,65.86,0.1730,-1,-1,-1
153,43,1672.97,566.39,38.59,97.04,0.4093,-1,-1,-1
153,49,424.03,530.23,28.88,75.40,0.5245,-1,-1,-1
153,52,1501.83,557.04,57.43,110.14,0.6615,-1,-1,-1
153,53,337.21,536.07,28.51,65.70,0.3114,-1,-1,-1
154,43,1672.17,570.61,34.57,89.70,0.2661,-1,-1,-1
154,49,417.06,532.12,30.09,76.84,0.5158,-1,-1,-1
154,52,1497.15,553.72,53.83,113.19,0.6692,-1,-1,-1
154,53,331.21,538.67,27.07,65.36,0.2296,-1,-1,-1
155,49,410.85,530.33,29.74,79.30,0.5751,-1,-1,-1
155,52,1491.76,552.32,50.71,113.11,0.6494,-1,-1,-1
155,53,325.16,539.22,26.81,66.19,0.2825,-1,-1,-1
156,49,403.43,532.60,30.72,78.78,0.5340,-1,-1,-1
156,52,1487.59,550.47,46.88,115.38,0.6681,-1,-1,-1
157,49,397.74,534.96,30.29,77.77,0.5838,-1,-1,-1
157,52,1481.16,551.03,45.35,113.78,0.6719,-1,-1,-1
157,55,1301.64,521.32,30.34,72.50,0.3436,-1,-1,-1
158,49,392.88,535.83,29.09,78.77,0.5314,-1,-1,-1
158,52,1474.57,548.54,45.45,116.04,0.7309,-1,-1,-1
158,55,1297.31,520.90,31.02,73.94,0.3218,-1,-1,-1
158,56,1437.07,533.73,22.30,88.69,0.4267,-1,-1,-1
159,49,387.65,537.61,28.51,78.28,0.5670,-1,-1,-1
159,52,1469.84,546.21,44.29,117.88,0.7115,-1,-1,-1
159,55,1294.26,518.54,28.80,73.90,0.2483,-1,-1,-1
159,56,1432.51,532.99,23.23,89.75,0.2419,-1,-1,-1
160,49,380.42,538.80,30.44,79.49,0.5001,-1,-1,-1
160,52,1465.87,545.71,43.14,119.02,0.6757,-1,-1,-1
160,55,1284.39,519.29,34.79,74.17,0.2903,-1,-1,-1
161,49,376.51,538.64,30.11,79.29,0.4979,-1,-1,-1
161,52,1461.41,546.39,43.37,117.94,0.6509,-1,-1,-1
161,55,1283.55,517.80,31.62,75.87,0.3030,-1,-1,-1
162,49,371.15,539.58,31.27,78.40,0.5275,-1,-1,-1
162,52,1457.33,549.14,44.02,113.58,0.6773,-1,-1,-1
163,49,364.79,540.65,31.55,79.72,0.4652,-1,-1,-1
163,52,1451.13,549.72,46.45,113.47,0.6455,-1,-1,-1
164,49,360.42,540.20,32.25,80.05,0.5373,-1,-1,-1
164,52,1446.79,548.79,47.14,114.25,0.6250,-1,-1,-1
165,49,355.20,541.57,32.14,80.49,0.5055,-1,-1,-1
165,52,1439.37,547.95,50.37,115.55,0.6665,-1,-1,-1
166,49,350.22,543.11,30.00,79.50,0.5513,-1,-1,-1
166,52,1433.91,548.20,50.45,115.57,0.6802,-1,-1,-1
167,49,345.32,543.29,30.91,78.80,0.6245,-1,-1,-1
167,52,1431.60,545.02,47.05,117.21,0.6658,-1,-1,-1
168,49,339.13,543.08,32.97,79.41,0.5757,-1,-1,-1
168,52,1428.34,543.31,44.49,117.23,0.6647,-1,-1,-1
169,49,334.43,543.74,34.03,79.05,0.5616,-1,-1,-1
169,52,1424.95,543.95,42.53,117.46,0.6760,-1,-1,-1
170,49,330.48,543.18,32.20,78.93,0.5519,-1,-1,-1
170,52,1421.00,540.60,41.72,120.24,0.6739,-1,-1,-1
171,49,325.38,543.70,32.07,77.92,0.5628,-1,-1,-1
171,52,1415.39,539.47,43.84,123.27,0.5671,-1,-1,-1
172,49,320.76,541.94,31.57,78.12,0.5774,-1,-1,-1
172,52,1410.83,535.48,43.24,125.80,0.6203,-1,-1,-1
173,49,315.28,541.24,32.90,80.84,0.5739,-1,-1,-1
173,52,1406.12,532.79,43.81,128.49,0.5631,-1,-1,-1
174,49,310.99,542.80,34.20,79.39,0.6000,-1,-1,-1
174,52,1402.42,531.17,45.40,131.05,0.6382,-1,-1,-1
175,49,306.60,541.63,34.93,79.72,0.4851,-1,-1,-1
175,52,1393.86,532.06,52.23,131.52,0.6650,-1,-1,-1
176,49,302.00,542.08,34.37,80.59,0.5856,-1,-1,-1
176,52,1388.14,534.63,55.34,129.58,0.6769,-1,-1,-1
177,49,297.20,542.03,34.92,78.49,0.6514,-1,-1,-1
177,52,1384.54,534.32,56.30,130.42,0.7055,-1,-1,-1
178,49,293.25,542.41,34.38,80.91,0.6089,-1,-1,-1
178,52,1384.82,534.71,54.00,130.62,0.6723,-1,-1,-1
179,49,289.29,540.83,34.82,82.99,0.6122,-1,-1,-1
179,52,1385.31,535.91,50.75,129.50,0.6810,-1,-1,-1
180,49,284.45,543.53,35.91,81.92,0.5638,-1,-1,-1
180,52,1383.98,535.32,49.18,130.41,0.7040,-1,-1,-1
180,58,1608.23,543.46,38.65,128.59,0.4054,-1,-1,-1
181,49,280.76,543.43,35.75,83.24,0.5570,-1,-1,-1
181,52,1383.40,536.38,44.23,128.00,0.7124,-1,-1,-1
181,58,1601.00,544.77,49.38,128.32,0.3681,-1,-1,-1
182,49,275.46,543.86,35.44,83.42,0.5940,-1,-1,-1
182,52,1379.93,537.01,43.52,127.77,0.7279,-1,-1,-1
182,58,1602.57,545.84,48.13,127.50,0.4358,-1,-1,-1
183,49,271.90,544.54,34.09,84.80,0.6422,-1,-1,-1
183,52,1375.99,536.78,43.88,128.53,0.7396,-1,-1,-1
183,58,1606.79,549.62,44.27,124.55,0.4204,-1,-1,-1
184,49,267.10,546.32,34.47,84.35,0.6220,-1,-1,-1
184,52,1373.16,536.03,43.11,129.45,0.7636,-1,-1,-1
184,58,1608.80,545.73,42.15,128.45,0.4373,-1,-1,-1
185,49,262.52,547.83,34.94,83.53,0.5507,-1,-1,-1
185,52,1370.57,534.62,43.88,131.36,0.7474,-1,-1,-1
185,58,1608.57,543.73,41.93,131.20,0.4626,-1,-1,-1
186,49,259.05,547.46,35.41,84.65,0.5222,-1,-1,-1
186,52,1369.20,534.22,42.64,132.38,0.7196,-1,-1,-1
186,58,1607.26,545.00,43.68,128.75,0.3664,-1,-1,-1
187,49,254.73,548.59,35.00,85.64,0.5684,-1,-1,-1
187,52,1366.72,533.67,42.58,133.14,0.7054,-1,-1,-1
187,58,1599.35,542.91,51.13,131.79,0.3342,-1,-1,-1
188,49,250.27,549.83,34.96,86.24,0.5664,-1,-1,-1
188,52,1364.53,534.16,43.64,134.27,0.6753,-1,-1,-1
188,58,1595.67,546.27,56.17,130.79,0.4383,-1,-1,-1
189,49,246.48,550.20,34.75,89.19,0.5176,-1,-1,-1
189,52,1359.28,532.56,48.09,137.35,0.6421,-1,-1,-1
189,58,1594.89,545.09,58.50,132.76,0.4640,-1,-1,-1
190,49,241.82,549.70,36.32,90.46,0.5532,-1,-1,-1
190,52,1356.27,533.62,50.16,136.07,0.6760,-1,-1,-1
190,58,1594.35,541.69,60.56,135.80,0.5146,-1,-1,-1
191,49,238.21,553.11,36.48,88.30,0.5019,-1,-1,-1
191,52,1353.58,534.57,51.75,135.32,0.6666,-1,-1,-1
191,58,1595.11,540.05,62.72,137.06,0.5097,-1,-1,-1
192,49,234.18,552.95,37.91,88.05,0.5349,-1,-1,-1
192,52,1351.58,539.75,51.53,129.57,0.6267,-1,-1,-1
192,58,1601.96,540.24,55.62,135.00,0.4884,-1,-1,-1
193,49,228.72,555.82,38.38,86.70,0.6063,-1,-1,-1
193,52,1349.74,540.87,51.80,130.01,0.6605,-1,-1,-1
193,58,1603.07,539.57,56.47,135.90,0.5486,-1,-1,-1
194,49,225.28,559.14,36.12,85.56,0.5890,-1,-1,-1
194,52,1347.98,541.97,50.14,128.69,0.6730,-1,-1,-1
194,58,1606.11,547.41,55.79,128.11,0.5190,-1,-1,-1
195,49,222.25,559.79,34.83,84.57,0.5118,-1,-1,-1
195,52,1345.93,541.40,49.30,129.62,0.6873,-1,-1,-1
195,58,1604.24,547.59,59.06,127.87,0.5453,-1,-1,-1
196,49,218.49,561.08,35.12,86.33,0.4653,-1,-1,-1
196,52,1345.52,542.17,47.28,130.83,0.6777,-1,-1,-1
196,58,1607.01,548.35,58.02,127.32,0.5430,-1,-1,-1
197,49,214.14,561.74,35.70,86.40,0.4672,-1,-1,-1
197,52,1345.19,541.42,45.46,131.80,0.6289,-1,-1,-1
197,58,1610.73,549.17,54.39,125.63,0.4585,-1,-1,-1
198,49,211.31,562.64,34.47,85.84,0.5393,-1,-1,-1
198,52,1345.05,542.67,43.58,128.67,0.4943,-1,-1,-1
198,58,1617.16,551.45,49.16,122.92,0.5010,-1,-1,-1
199,49,207.22,562.73,34.93,86.65,0.5180,-1,-1,-1
199,52,1344.10,543.65,43.55,126.76,0.6221,-1,-1,-1
199,58,1620.95,553.71,45.73,121.05,0.5730,-1,-1,-1
200,49,202.51,563.73,37.05,88.44,0.4719,-1,-1,-1
200,52,1342.56,544.83,44.64,126.59,0.6270,-1,-1,-1
200,58,1621.39,555.12,45.71,119.92,0.5278,-1,-1,-1
201,49,200.25,563.81,35.24,89.14,0.4730,-1,-1,-1
201,52,1341.37,547.70,44.78,124.01,0.6505,-1,-1,-1
201,58,1619.76,553.91,49.61,121.69,0.6186,-1,-1,-1
202,49,194.66,563.60,36.96,91.58,0.6055,-1,-1,-1
202,52,1339.66,548.74,45.49,124.43,0.6763,-1,-1,-1
202,58,1621.27,553.97,50.86,123.00,0.6071,-1,-1,-1
203,49,189.82,564.04,39.82,92.23,0.5573,-1,-1,-1
203,52,1337.29,551.38,47.34,120.85,0.7053,-1,-1,-1
203,58,1624.08,553.95,49.80,124.15,0.5662,-1,-1,-1
204,49,187.01,565.65,39.65,91.82,0.5615,-1,-1,-1
204,52,1336.22,551.30,47.86,121.24,0.7172,-1,-1,-1
204,58,1630.01,553.07,47.52,123.33,0.6134,-1,-1,-1
205,49,182.70,566.66,38.46,91.17,0.5740,-1,-1,-1
205,52,1335.14,547.87,47.68,124.61,0.7263,-1,-1,-1
205,58,1631.44,554.48,47.31,120.80,0.6111,-1,-1,-1
206,49,178.03,567.65,39.53,90.72,0.5750,-1,-1,-1
206,52,1335.07,547.98,47.30,125.20,0.7373,-1,-1,-1
206,58,1628.37,555.16,52.55,122.39,0.5104,-1,-1,-1
207,49,173.16,570.08,39.40,92.11,0.5720,-1,-1,-1
207,52,1334.18,549.28,47.08,126.37,0.7601,-1,-1,-1
207,58,1627.69,557.14,55.70,122.63,0.4888,-1,-1,-1
208,49,168.76,570.51,39.03,92.41,0.5599,-1,-1,-1
208,52,1332.83,547.96,48.68,128.79,0.7476,-1,-1,-1
208,58,1641.28,557.30,45.51,122.14,0.4170,-1,-1,-1
209,49,165.47,569.70,39.15,93.00,0.5242,-1,-1,-1
209,52,1331.42,545.35,49.39,132.12,0.7469,-1,-1,-1
209,58,1646.24,558.38,43.35,123.03,0.6146,-1,-1,-1
210,49,162.55,570.79,37.87,93.35,0.4562,-1,-1,-1
210,52,1330.39,543.25,49.07,134.34,0.7450,-1,-1,-1
210,58,1647.73,559.89,45.33,123.45,0.5735,-1,-1,-1
211,49,158.82,571.20,40.93,94.91,0.5728,-1,-1,-1
211,52,1330.01,545.19,47.83,133.76,0.7633,-1,-1,-1
211,58,1653.63,566.08,43.57,119.69,0.5295,-1,-1,-1
212,49,155.82,570.66,40.81,95.39,0.6041,-1,-1,-1
212,52,1329.66,545.18,47.59,133.39,0.7388,-1,-1,-1
212,58,1657.87,560.56,46.06,126.30,0.5277,-1,-1,-1
213,49,153.41,571.85,40.76,95.26,0.5521,-1,-1,-1
213,52,1329.29,547.97,48.67,132.10,0.7346,-1,-1,-1
213,58,1651.98,561.48,57.76,128.51,0.4824,-1,-1,-1
214,49,150.86,573.91,40.98,94.55,0.5940,-1,-1,-1
214,52,1330.03,547.24,49.11,133.56,0.6756,-1,-1,-1
214,58,1653.97,560.15,60.32,128.40,0.5139,-1,-1,-1
215,49,149.02,571.27,40.09,95.06,0.5917,-1,-1,-1
215,52,1330.41,547.91,49.45,134.95,0.6779,-1,-1,-1
215,58,1667.08,559.70,51.74,129.76,0.5435,-1,-1,-1
216,49,147.13,574.08,37.53,93.02,0.4255,-1,-1,-1
216,52,1331.82,550.17,48.68,134.94,0.6685,-1,-1,-1
216,58,1675.10,562.51,47.22,126.36,0.6053,-1,-1,-1
217,49,143.62,573.00,36.62,94.79,0.4760,-1,-1,-1
217,52,1332.88,550.27,48.72,135.53,0.7007,-1,-1,-1
217,58,1681.00,561.47,45.76,124.87,0.4835,-1,-1,-1
218,49,140.36,573.25,37.44,94.35,0.4899,-1,-1,-1
218,52,1335.12,549.12,47.72,135.56,0.7461,-1,-1,-1
218,58,1677.22,561.29,60.19,127.29,0.4902,-1,-1,-1
218,62,-0.64,578.17,20.13,84.23,0.4192,-1,-1,-1
219,49,139.82,572.83,38.33,94.88,0.4866,-1,-1,-1
219,52,1337.17,549.91,47.20,136.30,0.7617,-1,-1,-1
219,58,1689.67,561.37,53.16,126.30,0.5402,-1,-1,-1
219,62,-0.62,579.17,18.37,84.68,0.3336,-1,-1,-1
219,63,23.07,580.94,34.98,84.96,0.4331,-1,-1,-1
220,49,138.06,575.80,38.45,95.13,0.4595,-1,-1,-1
220,52,1338.93,548.69,48.16,138.32,0.7626,-1,-1,-1
220,58,1695.89,562.62,51.81,124.80,0.5394,-1,-1,-1
220,63,16.41,580.56,38.42,90.61,0.5608,-1,-1,-1
221,49,134.20,574.06,39.36,96.68,0.4651,-1,-1,-1
221,52,1342.04,548.00,47.68,141.10,0.7531,-1,-1,-1
221,58,1704.26,565.76,46.98,123.13,0.5217,-1,-1,-1
221,63,11.77,579.94,40.32,88.39,0.5351,-1,-1,-1
222,49,130.88,573.84,40.05,98.44,0.4806,-1,-1,-1
222,52,1345.69,545.63,45.64,140.13,0.7575,-1,-1,-1
222,58,1701.25,560.61,60.96,127.16,0.5042,-1,-1,-1
222,63,10.56,580.09,40.07,89.30,0.5544,-1,-1,-1
223,49,129.18,574.13,39.51,98.25,0.5019,-1,-1,-1
223,52,1347.41,546.70,46.52,140.04,0.7558,-1,-1,-1
223,58,1714.73,563.10,52.62,126.19,0.5346,-1,-1,-1
223,63,9.42,579.56,38.26,89.65,0.4599,-1,-1,-1
224,49,128.39,577.57,40.65,97.08,0.4721,-1,-1,-1
224,52,1348.92,544.18,47.31,141.24,0.7573,-1,-1,-1
224,58,1721.45,560.92,50.55,126.05,0.4783,-1,-1,-1
224,63,8.07,587.50,36.71,85.73,0.2197,-1,-1,-1
225,49,127.40,577.58,40.42,97.25,0.4993,-1,-1,-1
225,52,1350.97,545.57,48.03,139.24,0.7486,-1,-1,-1
225,58,1728.67,556.75,54.31,129.17,0.5432,-1,-1,-1
225,63,3.58,591.22,35.15,82.35,0.1937,-1,-1,-1
226,49,125.84,585.00,42.05,94.31,0.4233,-1,-1,-1
226,52,1352.52,546.67,48.13,137.67,0.7009,-1,-1,-1
226,58,1731.99,556.91,58.67,126.82,0.5115,-1,-1,-1
226,63,0.35,598.43,34.40,81.06,0.3555,-1,-1,-1
227,49,121.93,584.93,40.94,95.61,0.3100,-1,-1,-1
227,52,1354.42,547.27,48.90,139.29,0.7484,-1,-1,-1
227,58,1743.31,558.53,52.69,126.41,0.5243,-1,-1,-1
227,63,-0.38,596.35,32.51,83.21,0.3351,-1,-1,-1
228,49,118.75,586.46,38.75,96.06,0.3371,-1,-1,-1
228,52,1356.55,548.26,48.51,141.51,0.7460,-1,-1,-1
228,58,1750.99,554.56,53.99,128.70,0.5436,-1,-1,-1
228,63,-0.80,592.23,31.69,89.06,0.3092,-1,-1,-1
229,49,117.16,586.43,37.11,96.41,0.4068,-1,-1,-1
229,52,1358.60,548.19,48.39,141.28,0.7454,-1,-1,-1
229,58,1753.80,557.18,58.92,128.12,0.5036,-1,-1,-1
229,63,-0.64,591.61,30.08,90.20,0.2355,-1,-1,-1
230,49,116.88,587.09,34.75,97.15,0.3005,-1,-1,-1
230,52,1361.85,548.94,48.43,140.71,0.7490,-1,-1,-1
230,58,1763.85,555.39,55.57,127.39,0.5401,-1,-1,-1
230,63,-0.39,591.63,23.48,90.71,0.2033,-1,-1,-1
231,49,115.92,587.59,35.30,97.31,0.3336,-1,-1,-1
231,52,1363.95,551.90,49.37,138.82,0.7343,-1,-1,-1
231,58,1774.55,554.47,56.23,130.35,0.5592,-1,-1,-1
231,63,-0.38,592.11,21.23,88.66,0.2397,-1,-1,-1
232,49,113.20,589.93,37.47,96.39,0.2762,-1,-1,-1
232,52,1366.62,552.33,48.61,138.53,0.7348,-1,-1,-1
232,58,1778.24,553.23,62.19,131.35,0.5188,-1,-1,-1
232,63,-0.19,600.18,22.60,81.76,0.2916,-1,-1,-1
233,49,111.94,589.42,38.66,96.81,0.2290,-1,-1,-1
233,52,1368.63,551.37,48.80,140.80,0.7660,-1,-1,-1
233,58,1789.62,556.30,59.24,128.94,0.5366,-1,-1,-1
233,63,0.01,603.07,21.77,78.44,0.2333,-1,-1,-1
234,49,109.18,590.28,39.66,96.94,0.3434,-1,-1,-1
234,52,1371.01,552.80,48.57,138.74,0.7043,-1,-1,-1
234,58,1793.65,558.77,64.38,128.98,0.4541,-1,-1,-1
235,49,107.44,586.93,37.92,99.05,0.2830,-1,-1,-1
235,52,1374.59,553.69,48.67,137.00,0.6636,-1,-1,-1
235,58,1806.99,559.25,59.41,128.98,0.4603,-1,-1,-1
236,49,105.84,586.44,38.11,100.77,0.2910,-1,-1,-1
236,52,1377.88,552.83,51.24,136.81,0.7032,-1,-1,-1
236,58,1822.65,553.71,56.85,126.09,0.5278,-1,-1,-1
237,49,104.95,582.78,38.85,103.33,0.3077,-1,-1,-1
237,52,1380.26,551.86,53.72,137.23,0.7000,-1,-1,-1
237,58,1834.34,549.57,57.46,126.43,0.5034,-1,-1,-1
238,49,104.87,582.51,40.95,104.33,0.3774,-1,-1,-1
238,52,1384.56,553.01,51.48,136.76,0.7135,-1,-1,-1
238,58,1845.72,546.87,57.89,134.81,0.5075,-1,-1,-1
239,49,104.42,579.00,43.93,105.42,0.3824,-1,-1,-1
239,52,1387.32,554.43,51.72,135.18,0.6845,-1,-1,-1
239,58,1850.55,544.96,63.07,139.85,0.4663,-1,-1,-1
240,49,103.89,578.07,44.72,105.95,0.3988,-1,-1,-1
240,52,1390.66,550.89,50.54,140.59,0.7215,-1,-1,-1
240,58,1863.33,543.20,57.74,134.67,0.4519,-1,-1,-1
241,49,103.46,576.60,43.58,107.74,0.4284,-1,-1,-1
241,52,1396.19,548.72,48.92,144.41,0.7554,-1,-1,-1
241,58,1871.79,545.94,52.09,136.72,0.4771,-1,-1,-1
242,49,104.16,577.72,43.68,106.93,0.4135,-1,-1,-1
242,52,1400.94,548.28,48.75,145.88,0.6748,-1,-1,-1
242,58,1882.88,552.29,40.86,118.49,0.2194,-1,-1,-1
243,49,104.47,576.30,45.58,108.42,0.4092,-1,-1,-1
243,52,1405.31,550.30,47.98,143.47,0.6903,-1,-1,-1
243,58,1893.81,563.21,28.87,104.93,0.2042,-1,-1,-1
244,49,104.05,576.37,44.36,108.31,0.3632,-1,-1,-1
244,52,1410.52,553.88,48.05,139.96,0.7144,-1,-1,-1
245,49,105.25,577.07,43.71,109.27,0.3808,-1,-1,-1
245,52,1416.87,555.90,46.57,139.26,0.7659,-1,-1,-1
246,49,105.31,577.14,41.84,109.96,0.3632,-1,-1,-1
246,52,1422.71,554.87,46.59,140.88,0.7616,-1,-1,-1
247,49,104.69,579.27,41.68,110.07,0.4197,-1,-1,-1
247,52,1427.82,555.55,46.87,141.16,0.7416,-1,-1,-1
247,69,1318.10,582.19,45.98,133.73,0.4753,-1,-1,-1
248,49,105.09,581.42,40.59,109.04,0.3850,-1,-1,-1
248,52,1434.12,556.28,47.17,141.69,0.7566,-1,-1,-1
248,69,1327.58,583.29,47.35,132.02,0.3803,-1,-1,-1
249,49,105.57,584.04,42.42,109.27,0.4062,-1,-1,-1
249,52,1440.47,554.64,46.71,144.94,0.7950,-1,-1,-1
249,69,1334.66,582.13,48.81,132.60,0.3822,-1,-1,-1
250,49,106.08,586.27,43.51,108.44,0.4543,-1,-1,-1
250,52,1446.59,549.46,47.61,148.83,0.7217,-1,-1,-1
250,69,1340.22,581.19,48.03,131.08,0.3009,-1,-1,-1
251,49,107.19,587.31,42.63,108.45,0.3932,-1,-1,-1
251,52,1455.14,545.55,44.37,155.76,0.7526,-1,-1,-1
251,69,1353.06,582.32,46.75,130.53,0.2784,-1,-1,-1
252,49,110.19,588.75,38.23,105.10,0.3085,-1,-1,-1
252,52,1461.43,547.58,44.94,152.44,0.7404,-1,-1,-1
253,49,115.22,591.34,38.71,105.26,0.4487,-1,-1,-1
253,52,1468.83,541.83,45.09,156.73,0.7452,-1,-1,-1
254,49,118.85,591.28,38.62,105.76,0.4646,-1,-1,-1
254,52,1473.93,539.28,46.14,158.36,0.7035,-1,-1,-1
255,49,119.81,593.88,40.55,107.75,0.3862,-1,-1,-1
255,52,1481.31,536.11,45.09,157.21,0.7114,-1,-1,-1
256,49,123.32,593.96,40.99,110.79,0.4106,-1,-1,-1
256,52,1489.26,538.06,46.36,156.48,0.7261,-1,-1,-1
257,49,127.98,595.19,45.24,110.02,0.3280,-1,-1,-1
257,52,1498.00,537.43,45.16,154.16,0.7082,-1,-1,-1
258,49,131.54,596.47,45.22,109.78,0.3457,-1,-1,-1
258,52,1506.14,543.19,45.86,151.25,0.6423,-1,-1,-1
259,49,132.83,595.05,43.75,111.10,0.3765,-1,-1,-1
259,52,1512.97,549.63,49.42,145.97,0.5938,-1,-1,-1
259,70,0.57,610.39,25.85,95.14,0.4727,-1,-1,-1
260,49,133.21,598.85,42.62,109.40,0.3197,-1,-1,-1
260,52,1513.95,551.07,60.61,147.12,0.6698,-1,-1,-1
260,70,0.79,612.14,29.03,94.56,0.4131,-1,-1,-1
261,49,135.58,600.95,42.29,108.07,0.3941,-1,-1,-1
261,52,1520.97,553.35,64.49,145.47,0.5763,-1,-1,-1
261,70,0.20,612.13,31.18,96.41,0.5001,-1,-1,-1
262,49,140.17,601.15,37.80,108.02,0.4576,-1,-1,-1
262,52,1523.01,562.29,73.79,136.11,0.4395,-1,-1,-1
262,70,0.40,610.99,30.00,97.25,0.4987,-1,-1,-1
263,49,141.84,602.19,39.04,106.88,0.3136,-1,-1,-1
263,70,-0.11,612.32,32.45,95.49,0.4665,-1,-1,-1
264,49,144.64,601.38,41.11,107.59,0.2676,-1,-1,-1
264,70,0.13,612.02,33.47,96.46,0.5160,-1,-1,-1
265,49,147.00,600.57,44.23,109.35,0.3720,-1,-1,-1
265,70,-0.34,614.58,33.96,93.69,0.4632,-1,-1,-1
266,49,149.46,600.60,44.20,109.33,0.2731,-1,-1,-1
266,70,0.26,613.84,37.53,94.02,0.4619,-1,-1,-1
266,75,997.00,512.93,29.40,85.20,0.4400,-1,-1,-1
266,52,1573.75,574.71,65.29,136.52,0.4051,-1,-1,-1
267,49,151.19,600.15,44.41,111.40,0.4012,-1,-1,-1
267,70,-0.12,613.68,41.19,94.70,0.4949,-1,-1,-1
267,75,1003.82,517.40,27.16,80.65,0.3551,-1,-1,-1
268,49,154.28,600.23,44.38,111.39,0.2470,-1,-1,-1
268,70,2.28,612.57,42.43,98.34,0.4668,-1,-1,-1
268,75,1008.69,517.65,28.50,81.88,0.3296,-1,-1,-1
268,77,1050.40,510.92,36.82,99.22,0.4421,-1,-1,-1
269,49,155.04,598.88,44.05,112.97,0.3901,-1,-1,-1
269,70,3.78,610.57,44.60,99.87,0.4945,-1,-1,-1
269,75,1021.93,512.96,25.96,89.02,0.3658,-1,-1,-1
269,77,1058.66,507.72,40.62,99.94,0.4781,-1,-1,-1
270,49,157.22,594.91,43.20,114.03,0.3387,-1,-1,-1
270,70,5.93,608.45,46.39,99.23,0.4638,-1,-1,-1
270,75,1024.67,509.34,26.93,88.65,0.3830,-1,-1,-1
270,77,1065.55,504.69,38.94,96.64,0.4240,-1,-1,-1
271,49,161.47,595.17,42.39,112.50,0.4298,-1,-1,-1
271,70,10.47,609.56,44.22,97.17,0.5400,-1,-1,-1
271,75,1027.20,510.17,27.72,87.12,0.3096,-1,-1,-1
271,77,1070.02,505.57,37.90,96.69,0.4250,-1,-1,-1
271,79,1584.88,592.49,53.60,187.52,0.4660,-1,-1,-1
272,49,164.04,593.73,41.98,112.51,0.2737,-1,-1,-1
272,70,11.78,605.66,44.11,99.64,0.5138,-1,-1,-1
272,75,1032.62,514.65,27.01,81.06,0.3014,-1,-1,-1
272,77,1075.13,508.45,36.64,97.38,0.3737,-1,-1,-1
273,49,167.29,592.21,45.97,115.04,0.3810,-1,-1,-1
273,70,13.37,606.35,45.04,100.43,0.5933,-1,-1,-1
273,75,1036.23,514.48,31.04,81.95,0.2424,-1,-1,-1
273,77,1079.96,507.77,42.21,99.38,0.3638,-1,-1,-1
274,49,167.52,590.14,47.38,115.33,0.2279,-1,-1,-1
274,70,13.81,601.35,44.35,102.52,0.4448,-1,-1,-1
274,75,1051.06,508.24,25.65,88.33,0.3399,-1,-1,-1
274,77,1088.36,506.70,41.21,95.85,0.4815,-1,-1,-1
274,80,1064.71,506.42,24.07,91.68,0.3772,-1,-1,-1
275,49,172.31,591.43,45.84,115.97,0.2943,-1,-1,-1
275,70,15.27,598.89,47.07,106.30,0.6145,-1,-1,-1
275,75,1051.59,509.93,28.65,87.27,0.3620,-1,-1,-1
275,77,1094.83,507.12,37.45,96.22,0.3925,-1,-1,-1
275,80,1071.50,505.98,27.55,92.88,0.1715,-1,-1,-1
275,79,1639.20,581.36,84.47,224.58,0.4292,-1,-1,-1
276,49,174.41,590.59,45.69,116.91,0.4252,-1,-1,-1
276,70,16.84,599.95,47.79,105.36,0.6281,-1,-1,-1
276,75,1055.81,511.07,29.47,87.31,0.2830,-1,-1,-1
276,77,1100.66,506.87,35.40,96.76,0.3068,-1,-1,-1
276,80,1076.79,504.99,28.16,94.58,0.2818,-1,-1,-1
276,79,1655.31,580.74,81.93,234.48,0.6507,-1,-1,-1
277,49,177.03,589.93,44.76,117.54,0.3446,-1,-1,-1
277,70,19.12,598.43,47.84,107.03,0.6059,-1,-1,-1
277,75,1058.67,505.68,32.87,91.48,0.3839,-1,-1,-1
277,77,1103.38,503.75,38.09,98.90,0.3157,-1,-1,-1
277,80,1080.32,504.82,30.61,94.18,0.2512,-1,-1,-1
277,79,1670.07,588.31,82.03,231.79,0.5054,-1,-1,-1
278,49,177.10,591.14,46.35,118.60,0.3736,-1,-1,-1
278,70,20.82,598.65,48.13,108.85,0.5960,-1,-1,-1
278,75,1070.72,505.59,28.21,93.38,0.3916,-1,-1,-1
278,77,1109.35,505.80,40.98,96.77,0.3401,-1,-1,-1
278,80,1091.29,504.95,33.53,97.16,0.2388,-1,-1,-1
278,79,1682.55,594.23,85.13,230.76,0.4521,-1,-1,-1
278,81,1176.57,515.74,31.21,95.93,0.3974,-1,-1,-1
279,49,178.93,591.33,46.58,118.79,0.4373,-1,-1,-1
279,70,23.34,598.22,48.51,109.80,0.6059,-1,-1,-1
279,75,1072.69,508.67,30.37,91.15,0.4357,-1,-1,-1
279,77,1116.67,517.25,36.34,84.98,0.3127,-1,-1,-1
279,80,1095.98,506.61,33.75,95.72,0.1791,-1,-1,-1
279,79,1695.41,595.22,88.88,235.67,0.5989,-1,-1,-1
280,49,180.75,598.44,45.31,114.05,0.4650,-1,-1,-1
280,70,24.60,600.29,48.86,111.45,0.6292,-1,-1,-1
280,75,1075.41,508.27,31.07,89.60,0.2939,-1,-1,-1
280,77,1117.50,522.83,34.79,80.78,0.2122,-1,-1,-1
280,80,1105.18,512.49,32.39,90.66,0.1874,-1,-1,-1
280,79,1716.84,600.50,86.60,238.59,0.2910,-1,-1,-1
281,49,184.43,599.51,45.19,114.97,0.4179,-1,-1,-1
281,70,25.52,601.69,50.50,112.56,0.6283,-1,-1,-1
281,75,1081.59,510.26,31.61,80.99,0.1570,-1,-1,-1
281,77,1123.36,510.57,38.31,92.83,0.3446,-1,-1,-1
281,79,1725.32,606.22,101.56,237.22,0.5497,-1,-1,-1
282,49,187.29,598.90,47.36,116.56,0.4731,-1,-1,-1
282,70,28.36,604.15,49.74,111.19,0.6183,-1,-1,-1
282,77,1124.51,508.95,42.16,94.79,0.2784,-1,-1,-1
282,79,1734.19,609.65,114.83,238.18,0.6284,-1,-1,-1
283,49,188.87,600.03,50.68,117.71,0.4687,-1,-1,-1
283,70,30.44,608.87,48.76,109.04,0.6027,-1,-1,-1
283,77,1128.27,510.92,38.38,94.15,0.1584,-1,-1,-1
283,79,1769.55,609.11,102.74,242.29,0.6226,-1,-1,-1
284,49,192.06,601.43,49.27,117.88,0.3813,-1,-1,-1
284,70,32.85,610.25,48.33,109.65,0.6396,-1,-1,-1
284,79,1795.11,609.45,102.71,245.65,0.7482,-1,-1,-1
284,87,1755.55,549.92,57.30,183.15,0.6229,-1,-1,-1
284,88,1293.42,535.08,41.64,121.69,0.3895,-1,-1,-1
285,49,194.80,601.41,50.91,119.57,0.4401,-1,-1,-1
285,70,35.41,611.84,47.37,110.08,0.6391,-1,-1,-1
285,79,1821.13,611.62,96.73,247.30,0.8108,-1,-1,-1
285,87,1767.99,550.04,59.90,183.33,0.6450,-1,-1,-1
285,88,1301.13,536.78,47.50,118.56,0.4235,-1,-1,-1
285,81,1254.82,536.24,44.18,122.63,0.3722,-1,-1,-1
286,49,197.45,601.59,51.90,121.20,0.4211,-1,-1,-1
286,70,36.65,612.98,47.84,111.44,0.6467,-1,-1,-1
286,79,1842.31,610.83,83.49,251.79,0.7458,-1,-1,-1
286,87,1779.74,546.98,62.11,188.65,0.7143,-1,-1,-1
286,88,1312.46,535.96,44.53,118.06,0.3429,-1,-1,-1
286,81,1266.10,541.58,40.15,112.26,0.2251,-1,-1,-1
287,49,199.32,605.33,51.81,120.54,0.4340,-1,-1,-1
287,70,37.19,613.76,49.16,112.38,0.6327,-1,-1,-1
287,79,1864.41,614.47,63.09,252.59,0.7012,-1,-1,-1
287,87,1796.28,547.94,62.04,191.34,0.7024,-1,-1,-1
287,88,1327.08,534.95,38.54,121.14,0.2515,-1,-1,-1
287,81,1264.38,542.12,49.66,120.17,0.1908,-1,-1,-1
288,49,200.93,605.26,47.87,122.10,0.4924,-1,-1,-1
288,70,38.34,614.58,50.89,112.36,0.6127,-1,-1,-1
288,79,1887.82,639.89,38.37,227.85,0.5870,-1,-1,-1
288,87,1807.35,547.10,68.18,194.73,0.6721,-1,-1,-1
288,88,1334.93,532.23,36.83,122.61,0.3045,-1,-1,-1
289,49,201.59,607.29,42.91,120.83,0.3886,-1,-1,-1
289,70,38.53,615.13,51.23,113.86,0.5698,-1,-1,-1
289,87,1821.70,545.21,67.19,198.05,0.7284,-1,-1,-1
290,49,203.32,605.89,45.86,122.89,0.4323,-1,-1,-1
290,70,40.24,613.13,52.39,116.05,0.6097,-1,-1,-1
290,87,1835.88,543.57,71.92,199.90,0.7605,-1,-1,-1
291,49,208.53,608.39,49.34,121.72,0.2531,-1,-1,-1
291,70,42.45,614.20,54.25,118.43,0.6155,-1,-1,-1
291,87,1851.78,539.81,65.04,204.23,0.7579,-1,-1,-1
292,49,209.95,609.08,53.69,123.61,0.3702,-1,-1,-1
292,70,43.17,613.42,54.49,121.50,0.6637,-1,-1,-1
292,87,1865.13,540.30,60.67,206.10,0.7132,-1,-1,-1
292,80,1208.45,519.08,48.11,80.99,0.3511,-1,-1,-1
293,49,214.08,611.58,51.47,123.99,0.4314,-1,-1,-1
293,70,44.84,615.16,54.02,123.16,0.6513,-1,-1,-1
293,87,1880.59,540.71,47.47,208.70,0.6244,-1,-1,-1
293,80,1217.41,518.74,45.75,83.30,0.1717,-1,-1,-1
294,49,215.74,612.05,50.33,124.46,0.4655,-1,-1,-1
294,70,45.90,618.58,54.24,121.63,0.6008,-1,-1,-1
295,49,214.64,614.06,45.24,123.52,0.4388,-1,-1,-1
295,70,46.15,620.33,55.90,120.19,0.6156,-1,-1,-1
296,49,215.48,613.71,46.17,124.39,0.4418,-1,-1,-1
296,70,48.57,620.48,57.08,119.16,0.5637,-1,-1,-1
297,49,221.61,614.30,45.11,124.13,0.3719,-1,-1,-1
297,70,49.81,620.74,57.64,119.88,0.6097,-1,-1,-1
297,91,1382.89,555.47,40.11,109.16,0.4542,-1,-1,-1
298,49,225.30,611.82,46.34,126.20,0.4188,-1,-1,-1
298,70,50.89,620.49,57.39,119.93,0.6085,-1,-1,-1
298,91,1389.76,546.91,41.93,118.73,0.4218,-1,-1,-1
298,92,1351.84,534.53,43.16,137.60,0.4124,-1,-1,-1
299,49,227.71,614.49,45.70,124.38,0.4653,-1,-1,-1
299,70,51.26,621.94,57.18,119.19,0.6158,-1,-1,-1
299,91,1397.17,559.99,42.22,110.82,0.3233,-1,-1,-1
299,92,1354.85,533.66,49.95,146.94,0.3327,-1,-1,-1
300,49,229.29,614.63,47.95,125.32,0.4989,-1,-1,-1
300,70,50.83,620.42,57.85,122.36,0.5869,-1,-1,-1
300,91,1400.40,554.70,49.31,120.52,0.3038,-1,-1,-1
301,49,229.76,616.16,49.74,125.97,0.4832,-1,-1,-1
301,70,50.69,623.24,56.40,122.48,0.5049,-1,-1,-1
301,91,1406.00,566.48,50.11,120.19,0.2952,-1,-1,-1
302,49,229.59,614.37,50.09,128.45,0.4963,-1,-1,-1
302,70,50.25,622.54,57.34,123.65,0.4927,-1,-1,-1
302,80,1288.05,527.70,35.09,88.01,0.3691,-1,-1,-1
303,49,228.62,620.81,50.53,127.45,0.4471,-1,-1,-1
303,70,47.73,627.69,56.44,123.79,0.4664,-1,-1,-1
303,80,1291.70,525.95,35.25,93.21,0.3426,-1,-1,-1
304,49,229.11,621.73,50.09,127.06,0.5152,-1,-1,-1
304,70,47.74,627.37,55.67,123.69,0.4484,-1,-1,-1
305,49,228.44,627.59,50.88,125.63,0.4844,-1,-1,-1
305,70,49.14,634.78,57.71,119.53,0.4618,-1,-1,-1
306,49,229.71,627.46,50.17,126.25,0.4853,-1,-1,-1
306,70,48.31,635.55,57.52,117.86,0.4348,-1,-1,-1
307,49,229.40,627.12,50.15,127.84,0.4912,-1,-1,-1
307,70,46.66,635.04,59.03,120.53,0.4813,-1,-1,-1
307,95,1340.92,529.94,40.81,106.41,0.4428,-1,-1,-1
308,49,228.33,630.62,48.68,130.32,0.4623,-1,-1,-1
308,70,45.29,638.94,61.05,125.03,0.5551,-1,-1,-1
308,95,1345.17,528.25,40.45,109.32,0.3948,-1,-1,-1
309,49,227.49,627.54,47.58,132.59,0.4387,-1,-1,-1
309,70,44.91,636.37,60.96,126.40,0.6166,-1,-1,-1
309,95,1354.91,531.51,37.64,108.43,0.2693,-1,-1,-1
310,49,226.28,630.41,49.14,132.84,0.4358,-1,-1,-1
310,70,43.72,638.93,61.37,126.56,0.5960,-1,-1,-1
310,95,1363.78,533.47,34.50,106.77,0.2338,-1,-1,-1
311,49,228.21,631.67,52.39,132.90,0.3685,-1,-1,-1
311,70,41.58,641.05,62.91,126.81,0.6290,-1,-1,-1
311,95,1364.16,530.08,39.77,114.39,0.3290,-1,-1,-1
312,49,226.91,630.51,52.61,133.52,0.3833,-1,-1,-1
312,70,40.34,640.89,62.41,126.62,0.5803,-1,-1,-1
313,49,228.19,635.22,55.09,133.18,0.3630,-1,-1,-1
313,70,39.09,643.31,63.59,128.68,0.6415,-1,-1,-1
314,49,228.02,637.81,52.41,134.27,0.3737,-1,-1,-1
314,70,37.95,645.10,61.98,128.74,0.5444,-1,-1,-1
315,49,228.09,636.82,51.27,136.13,0.4020,-1,-1,-1
315,70,37.26,644.38,60.51,129.08,0.5442,-1,-1,-1
316,49,226.98,637.50,50.65,136.88,0.3843,-1,-1,-1
316,70,35.35,645.31,58.65,129.89,0.4186,-1,-1,-1
316,98,1392.80,576.84,48.29,151.30,0.4465,-1,-1,-1
317,49,226.57,638.15,50.71,137.07,0.4155,-1,-1,-1
317,70,34.84,645.80,56.43,130.77,0.4009,-1,-1,-1
317,98,1395.96,553.80,55.60,182.68,0.4396,-1,-1,-1
318,49,226.47,639.78,48.54,136.15,0.3962,-1,-1,-1
318,70,34.31,647.05,56.09,131.36,0.4664,-1,-1,-1
318,98,1398.68,554.13,60.58,186.36,0.4632,-1,-1,-1
319,49,226.67,641.09,50.77,136.05,0.3738,-1,-1,-1
319,70,33.15,648.22,55.02,131.49,0.4423,-1,-1,-1
319,98,1400.49,576.51,59.42,167.14,0.4032,-1,-1,-1
319,91,1520.07,587.89,48.54,139.21,0.3923,-1,-1,-1
320,49,225.87,641.03,52.02,138.07,0.4209,-1,-1,-1
320,70,29.90,648.00,57.46,133.50,0.4506,-1,-1,-1
320,98,1403.17,587.98,58.22,157.12,0.2550,-1,-1,-1
320,91,1525.30,590.11,48.06,134.64,0.4288,-1,-1,-1
321,49,224.92,639.97,53.15,140.15,0.4284,-1,-1,-1
321,70,27.03,648.35,59.63,135.32,0.5100,-1,-1,-1
321,98,1403.99,597.89,59.62,147.92,0.3542,-1,-1,-1
321,91,1531.24,594.38,47.56,130.06,0.4018,-1,-1,-1
322,49,223.97,638.34,53.68,142.17,0.4619,-1,-1,-1
322,70,24.52,648.37,60.20,136.23,0.4721,-1,-1,-1
322,98,1404.87,605.82,62.48,141.45,0.3370,-1,-1,-1
322,91,1534.74,589.44,54.71,136.78,0.5018,-1,-1,-1
323,49,222.88,636.21,54.53,145.07,0.3650,-1,-1,-1
323,70,21.16,647.90,61.21,137.72,0.5190,-1,-1,-1
323,98,1405.32,596.04,67.07,153.01,0.4158,-1,-1,-1
323,91,1539.81,585.86,56.73,141.26,0.5777,-1,-1,-1
324,49,215.54,634.23,49.62,145.01,0.3557,-1,-1,-1
324,70,17.24,646.12,61.40,138.30,0.5102,-1,-1,-1
324,98,1406.68,603.26,70.57,146.46,0.2120,-1,-1,-1
324,91,1543.38,589.77,56.96,137.64,0.5384,-1,-1,-1
325,49,218.65,633.82,54.01,146.72,0.3880,-1,-1,-1
325,70,14.72,646.96,62.05,137.21,0.5182,-1,-1,-1
325,98,1413.26,598.51,68.04,151.58,0.5534,-1,-1,-1
325,91,1548.48,603.76,53.65,127.02,0.4970,-1,-1,-1
326,49,219.11,635.24,54.21,146.68,0.4117,-1,-1,-1
326,70,11.15,647.63,61.50,137.29,0.5600,-1,-1,-1
326,98,1414.91,599.45,65.60,150.46,0.5392,-1,-1,-1
326,91,1551.31,595.82,51.55,136.25,0.4856,-1,-1,-1
327,49,214.68,636.19,56.52,144.62,0.4918,-1,-1,-1
327,70,8.18,645.99,61.26,137.43,0.6159,-1,-1,-1
327,98,1417.52,600.25,63.71,150.46,0.6186,-1,-1,-1
327,91,1555.38,600.88,52.39,133.01,0.4783,-1,-1,-1
327,101,1780.79,539.63,40.23,111.89,0.4458,-1,-1,-1
328,49,209.31,638.22,60.81,147.00,0.4101,-1,-1,-1
328,70,5.73,652.30,61.05,134.46,0.6033,-1,-1,-1
328,98,1418.78,596.64,65.14,154.43,0.6024,-1,-1,-1
328,91,1558.86,593.47,53.28,140.95,0.3901,-1,-1,-1
328,101,1786.46,540.32,40.24,117.54,0.5421,-1,-1,-1
329,49,203.19,631.95,52.47,149.79,0.3340,-1,-1,-1
329,70,7.79,648.28,54.28,135.40,0.4847,-1,-1,-1
329,98,1419.16,597.50,64.48,152.94,0.5816,-1,-1,-1
329,91,1562.47,587.98,53.40,149.01,0.4985,-1,-1,-1
329,101,1792.14,539.49,43.44,123.08,0.2189,-1,-1,-1
330,49,200.62,631.76,50.47,150.78,0.3513,-1,-1,-1
330,70,5.11,651.21,51.82,132.45,0.5152,-1,-1,-1
330,98,1421.85,597.10,60.90,154.27,0.5073,-1,-1,-1
330,91,1563.10,587.01,57.28,155.53,0.4767,-1,-1,-1
330,101,1797.30,540.82,44.82,123.14,0.4909,-1,-1,-1
331,49,197.08,631.29,49.73,152.68,0.3492,-1,-1,-1
331,70,3.23,651.12,50.88,132.76,0.5145,-1,-1,-1
331,98,1427.61,596.33,57.63,154.51,0.6450,-1,-1,-1
331,91,1556.27,564.73,68.30,177.74,0.3548,-1,-1,-1
331,101,1802.33,535.74,49.32,126.84,0.5364,-1,-1,-1
332,49,192.76,628.69,50.20,152.30,0.3299,-1,-1,-1
332,70,1.37,646.80,47.02,132.96,0.5164,-1,-1,-1
332,98,1430.05,599.84,56.68,151.10,0.6272,-1,-1,-1
332,91,1566.36,582.99,61.26,154.86,0.4268,-1,-1,-1
332,101,1805.42,534.09,49.13,127.70,0.3530,-1,-1,-1
333,49,188.15,627.46,60.54,153.61,0.3903,-1,-1,-1
333,70,-0.51,645.87,44.20,133.39,0.5679,-1,-1,-1
333,98,1430.07,596.87,60.74,155.10,0.5247,-1,-1,-1
333,91,1571.59,574.98,58.35,164.22,0.3448,-1,-1,-1
333,101,1812.37,528.35,48.99,129.86,0.4407,-1,-1,-1
334,49,182.04,629.89,50.10,151.73,0.3492,-1,-1,-1
334,70,-0.75,646.16,39.56,132.43,0.5767,-1,-1,-1
334,98,1424.18,594.47,67.76,157.86,0.5223,-1,-1,-1
334,91,1578.60,580.23,56.36,156.89,0.4698,-1,-1,-1
334,101,1819.26,524.03,49.54,130.40,0.5165,-1,-1,-1
335,49,175.71,630.18,46.64,150.82,0.3749,-1,-1,-1
335,70,-0.90,645.40,33.90,133.14,0.4923,-1,-1,-1
335,98,1416.84,594.06,80.84,159.43,0.3432,-1,-1,-1
335,91,1583.05,586.69,57.67,148.83,0.3761,-1,-1,-1
335,101,1825.22,519.90,49.24,134.83,0.6376,-1,-1,-1
336,49,174.78,628.68,44.90,154.15,0.3994,-1,-1,-1
336,70,-0.56,647.69,29.46,133.87,0.5371,-1,-1,-1
336,98,1418.83,589.33,84.77,163.63,0.5730,-1,-1,-1
336,91,1578.77,552.18,61.27,191.48,0.3028,-1,-1,-1
336,101,1828.38,514.32,52.66,136.67,0.5643,-1,-1,-1
337,49,174.29,628.79,49.68,158.20,0.4045,-1,-1,-1
337,70,-0.42,646.95,24.05,135.88,0.4218,-1,-1,-1
337,98,1425.07,592.57,82.36,166.96,0.6621,-1,-1,-1
337,91,1575.55,539.49,65.89,211.12,0.4375,-1,-1,-1
337,101,1836.38,517.64,50.61,137.91,0.4649,-1,-1,-1
338,49,171.90,633.46,54.14,158.97,0.4136,-1,-1,-1
338,70,-0.60,663.44,19.03,125.65,0.3365,-1,-1,-1
338,98,1428.82,592.95,85.73,167.18,0.5663,-1,-1,-1
338,91,1574.29,532.55,68.87,217.38,0.3703,-1,-1,-1
338,101,1841.75,517.57,50.88,134.26,0.6004,-1,-1,-1
339,49,168.15,637.86,57.06,158.29,0.4982,-1,-1,-1
339,98,1427.19,598.17,92.72,167.62,0.7195,-1,-1,-1
339,91,1579.83,534.94,70.18,225.41,0.5224,-1,-1,-1
339,101,1846.57,519.19,49.67,133.70,0.5671,-1,-1,-1
340,49,167.93,639.88,55.57,157.09,0.4732,-1,-1,-1
340,98,1430.33,597.27,93.02,169.55,0.7526,-1,-1,-1
340,91,1577.22,534.99,77.78,230.22,0.5749,-1,-1,-1
340,101,1850.36,518.18,50.26,132.68,0.5762,-1,-1,-1
341,49,158.68,640.83,49.54,160.82,0.3654,-1,-1,-1
341,98,1433.76,601.81,90.20,171.61,0.7354,-1,-1,-1
341,91,1591.12,545.16,63.02,226.46,0.3673,-1,-1,-1
341,101,1853.25,521.42,50.96,132.34,0.2685,-1,-1,-1
342,49,156.86,643.12,47.07,161.29,0.4897,-1,-1,-1
342,98,1426.70,603.26,93.01,175.44,0.6934,-1,-1,-1
342,91,1587.82,552.67,69.21,221.70,0.3161,-1,-1,-1
342,101,1861.48,522.59,46.83,133.67,0.2667,-1,-1,-1
343,49,148.27,649.18,49.30,162.25,0.5288,-1,-1,-1
343,98,1437.76,612.67,78.19,172.08,0.6045,-1,-1,-1
343,91,1576.64,549.58,82.05,229.61,0.4136,-1,-1,-1
343,101,1867.05,531.32,50.00,129.02,0.2880,-1,-1,-1
344,49,140.42,653.35,55.15,163.28,0.4865,-1,-1,-1
344,98,1441.41,617.80,73.29,171.69,0.6759,-1,-1,-1
344,91,1573.34,560.99,90.01,224.31,0.3291,-1,-1,-1
344,101,1875.25,534.99,45.24,130.84,0.4551,-1,-1,-1
345,49,136.49,659.65,54.25,164.23,0.3698,-1,-1,-1
345,98,1443.99,620.62,70.60,179.03,0.6138,-1,-1,-1
345,91,1572.23,585.03,67.02,191.84,0.3968,-1,-1,-1
345,101,1878.13,537.87,43.29,132.64,0.4712,-1,-1,-1
346,49,129.50,663.65,55.33,168.44,0.3677,-1,-1,-1
346,98,1441.82,623.53,69.03,181.80,0.5918,-1,-1,-1
346,91,1572.97,592.46,57.43,187.34,0.4138,-1,-1,-1
346,101,1880.35,536.53,41.16,138.98,0.4742,-1,-1,-1
347,49,119.89,669.31,56.41,170.09,0.4570,-1,-1,-1
347,98,1435.55,627.19,75.00,185.14,0.5998,-1,-1,-1
347,91,1573.43,595.58,57.61,191.94,0.5170,-1,-1,-1
347,101,1884.76,540.48,36.40,138.01,0.3255,-1,-1,-1
347,107,1362.08,580.70,62.27,194.94,0.3553,-1,-1,-1
348,49,117.36,671.00,56.05,170.51,0.5843,-1,-1,-1
348,98,1443.87,630.38,65.83,187.01,0.6563,-1,-1,-1
348,91,1574.95,599.13,61.66,190.04,0.5154,-1,-1,-1
348,107,1355.62,591.44,66.86,186.47,0.2944,-1,-1,-1
349,49,107.76,673.77,61.51,170.32,0.4652,-1,-1,-1
349,98,1444.71,634.17,67.85,190.65,0.6874,-1,-1,-1
349,91,1577.28,609.61,63.15,185.16,0.4366,-1,-1,-1
349,107,1355.27,598.82,63.77,182.08,0.4167,-1,-1,-1
349,108,1395.31,595.52,65.23,190.36,0.5118,-1,-1,-1
350,49,102.62,671.94,60.58,173.11,0.4884,-1,-1,-1
350,98,1443.74,638.37,75.14,191.14,0.6509,-1,-1,-1
350,91,1579.61,614.50,69.91,183.86,0.5743,-1,-1,-1
350,107,1356.37,604.91,65.27,179.94,0.4031,-1,-1,-1
350,108,1395.75,597.88,60.94,190.26,0.4072,-1,-1,-1
351,49,95.90,672.68,60.29,175.48,0.5597,-1,-1,-1
351,98,1441.32,643.86,81.53,189.33,0.7044,-1,-1,-1
351,91,1581.15,611.15,70.17,187.25,0.4105,-1,-1,-1
351,107,1354.91,607.95,70.06,178.10,0.4139,-1,-1,-1
351,108,1393.75,600.40,63.08,190.91,0.3518,-1,-1,-1
351,109,144.60,667.86,50.72,157.20,0.3902,-1,-1,-1
352,49,87.72,674.01,62.26,176.53,0.5696,-1,-1,-1
352,98,1432.30,649.18,92.02,190.26,0.6596,-1,-1,-1
352,91,1583.24,609.42,77.34,200.23,0.5265,-1,-1,-1
352,107,1357.18,607.30,66.12,182.20,0.4528,-1,-1,-1
352,108,1398.87,599.73,49.83,192.13,0.1847,-1,-1,-1
352,109,140.77,669.86,50.98,160.41,0.2838,-1,-1,-1
353,49,80.62,678.10,65.36,173.33,0.4351,-1,-1,-1
353,98,1435.06,651.75,93.02,191.68,0.6677,-1,-1,-1
353,91,1583.64,610.65,75.22,202.74,0.5762,-1,-1,-1
353,107,1357.01,605.15,64.94,186.36,0.4909,-1,-1,-1
353,108,1398.97,599.95,48.66,192.73,0.4513,-1,-1,-1
353,109,136.20,670.97,51.56,162.10,0.3601,-1,-1,-1
354,49,77.97,681.80,66.24,172.74,0.5203,-1,-1,-1
354,98,1442.90,655.63,86.54,195.74,0.6894,-1,-1,-1
354,91,1583.06,617.56,73.58,200.88,0.5594,-1,-1,-1
354,107,1349.76,605.75,69.21,188.40,0.4871,-1,-1,-1
354,108,1395.82,601.69,59.17,193.30,0.3476,-1,-1,-1
354,109,129.89,671.45,53.49,164.39,0.3781,-1,-1,-1
355,49,81.84,679.48,55.41,177.46,0.4125,-1,-1,-1
355,98,1444.87,657.44,85.07,196.65,0.6566,-1,-1,-1
355,91,1582.83,625.57,73.64,195.87,0.5795,-1,-1,-1
355,107,1349.27,607.45,64.71,190.14,0.4314,-1,-1,-1
355,108,1392.56,604.20,60.60,196.70,0.4293,-1,-1,-1
355,109,122.95,668.26,49.87,166.74,0.4646,-1,-1,-1
356,49,64.46,681.40,63.68,177.96,0.4239,-1,-1,-1
356,98,1441.63,659.01,91.92,198.71,0.6955,-1,-1,-1
356,91,1581.49,631.24,77.04,196.46,0.5773,-1,-1,-1
356,107,1347.63,604.93,63.85,195.11,0.3908,-1,-1,-1
356,108,1391.29,608.80,60.86,199.13,0.3672,-1,-1,-1
356,109,115.98,666.12,53.64,171.41,0.3936,-1,-1,-1
357,49,69.43,680.15,54.06,177.49,0.3895,-1,-1,-1
357,98,1445.88,665.31,88.55,198.21,0.7580,-1,-1,-1
357,91,1578.24,641.48,82.64,193.80,0.6412,-1,-1,-1
357,107,1347.72,590.88,58.60,209.98,0.3659,-1,-1,-1
357,108,1386.65,611.97,65.22,200.37,0.3779,-1,-1,-1
357,109,110.40,670.25,51.10,172.94,0.2818,-1,-1,-1
358,49,61.73,682.75,57.27,180.36,0.5444,-1,-1,-1
358,98,1448.74,670.38,84.33,195.00,0.7845,-1,-1,-1
358,91,1575.90,646.92,89.34,191.67,0.6260,-1,-1,-1
358,107,1349.65,595.69,52.70,204.56,0.4397,-1,-1,-1
358,108,1386.10,614.14,68.54,199.85,0.5233,-1,-1,-1
358,109,104.01,673.48,49.89,174.56,0.2299,-1,-1,-1
359,49,50.50,690.30,57.62,177.34,0.3694,-1,-1,-1
359,98,1450.17,679.32,80.63,193.71,0.6678,-1,-1,-1
359,91,1577.43,650.62,92.56,194.14,0.6689,-1,-1,-1
359,107,1346.32,594.40,53.38,191.54,0.4116,-1,-1,-1
359,108,1385.69,615.35,71.04,202.10,0.4642,-1,-1,-1
359,109,97.09,674.34,47.96,173.78,0.4349,-1,-1,-1
360,49,41.51,691.57,58.41,178.27,0.4092,-1,-1,-1
360,98,1452.88,684.47,76.43,193.76,0.7217,-1,-1,-1
360,91,1579.33,656.56,92.81,196.46,0.6192,-1,-1,-1
360,107,1342.54,594.42,56.31,208.65,0.5526,-1,-1,-1
360,108,1380.48,620.74,76.90,200.03,0.4146,-1,-1,-1
360,109,92.68,674.44,48.54,171.55,0.3978,-1,-1,-1
361,49,34.19,690.53,59.93,181.90,0.4913,-1,-1,-1
361,98,1454.20,686.38,72.59,197.82,0.7347,-1,-1,-1
361,91,1579.73,661.06,93.81,195.79,0.6788,-1,-1,-1
361,107,1341.55,593.35,55.03,209.20,0.4567,-1,-1,-1
361,108,1376.74,621.20,78.47,201.50,0.4515,-1,-1,-1
361,109,84.50,679.81,52.35,171.41,0.4343,-1,-1,-1
362,49,25.16,691.89,65.44,184.22,0.4414,-1,-1,-1
362,98,1453.85,685.70,75.35,203.76,0.7321,-1,-1,-1
362,91,1581.87,663.50,91.37,200.50,0.6448,-1,-1,-1
362,107,1341.31,597.97,54.59,218.22,0.5300,-1,-1,-1
362,108,1374.74,623.58,84.13,205.87,0.4953,-1,-1,-1
362,109,77.58,682.31,49.77,172.48,0.4970,-1,-1,-1
363,49,17.43,694.25,66.96,189.00,0.3861,-1,-1,-1
363,98,1454.53,682.16,75.37,214.98,0.7409,-1,-1,-1
363,91,1583.05,662.80,87.55,204.10,0.5629,-1,-1,-1
363,107,1339.60,599.31,55.37,221.27,0.5449,-1,-1,-1
363,108,1375.93,620.08,84.19,212.24,0.4932,-1,-1,-1
363,109,69.22,684.10,51.30,176.48,0.4353,-1,-1,-1
364,49,10.13,695.61,66.35,188.70,0.4328,-1,-1,-1
364,98,1452.45,688.09,80.43,220.42,0.7586,-1,-1,-1
364,91,1582.02,664.65,82.80,212.08,0.6298,-1,-1,-1
364,107,1337.94,608.03,55.45,207.27,0.3114,-1,-1,-1
364,108,1374.35,627.89,68.99,211.40,0.4706,-1,-1,-1
364,109,63.33,684.71,51.32,178.38,0.3712,-1,-1,-1
365,49,4.01,700.77,64.65,192.07,0.4497,-1,-1,-1
365,98,1449.54,692.08,88.49,221.28,0.6991,-1,-1,-1
365,91,1582.64,666.43,78.46,214.39,0.5980,-1,-1,-1
365,107,1337.99,623.31,51.28,176.58,0.3354,-1,-1,-1
365,108,1372.64,630.23,70.57,215.56,0.5360,-1,-1,-1
365,109,54.24,691.62,54.94,178.82,0.3844,-1,-1,-1
366,49,4.46,704.36,57.13,190.54,0.5093,-1,-1,-1
366,98,1448.45,697.01,94.20,223.60,0.7258,-1,-1,-1
366,91,1580.35,665.91,76.75,217.96,0.6745,-1,-1,-1
366,107,1338.68,631.92,51.03,201.31,0.3636,-1,-1,-1
366,108,1372.07,632.67,69.75,217.73,0.6045,-1,-1,-1
366,109,48.50,693.78,53.92,176.11,0.5613,-1,-1,-1
367,49,1.31,713.09,53.93,187.87,0.5163,-1,-1,-1
367,98,1451.96,704.36,93.29,222.76,0.7110,-1,-1,-1
367,91,1578.42,663.85,80.59,229.20,0.6500,-1,-1,-1
367,107,1335.45,639.09,50.37,175.62,0.4943,-1,-1,-1
367,108,1372.87,637.55,68.82,215.96,0.5761,-1,-1,-1
367,109,43.08,701.77,51.62,173.88,0.5369,-1,-1,-1
368,49,-1.33,715.75,48.36,190.31,0.4648,-1,-1,-1
368,98,1455.11,710.67,92.13,223.84,0.7129,-1,-1,-1
368,91,1576.43,664.87,85.03,235.08,0.6312,-1,-1,-1
368,107,1333.85,644.55,49.81,169.87,0.4750,-1,-1,-1
368,108,1372.32,639.73,64.75,217.52,0.5896,-1,-1,-1
368,109,35.31,706.58,53.00,174.58,0.3834,-1,-1,-1
369,49,-1.70,716.75,43.86,195.39,0.4833,-1,-1,-1
369,98,1459.51,711.21,90.74,227.89,0.5718,-1,-1,-1
369,91,1576.59,664.09,86.16,238.47,0.6318,-1,-1,-1
369,107,1329.82,645.65,54.88,195.62,0.5576,-1,-1,-1
369,108,1373.02,641.61,63.07,217.88,0.5804,-1,-1,-1
369,109,26.14,709.14,55.41,178.69,0.6028,-1,-1,-1
370,49,-1.92,719.63,33.76,195.58,0.3769,-1,-1,-1
370,98,1460.25,715.28,92.44,230.29,0.6387,-1,-1,-1
370,91,1568.13,663.68,96.98,241.07,0.6572,-1,-1,-1
370,107,1326.89,645.61,58.00,211.73,0.3464,-1,-1,-1
370,108,1369.16,643.83,64.69,220.44,0.5172,-1,-1,-1
370,109,14.63,711.87,56.80,181.04,0.4458,-1,-1,-1
370,112,1505.24,576.55,42.58,67.50,0.3456,-1,-1,-1
371,49,-0.98,723.65,28.84,189.47,0.3567,-1,-1,-1
371,98,1461.36,718.60,92.47,230.44,0.7189,-1,-1,-1
371,91,1560.73,666.12,107.78,239.19,0.6951,-1,-1,-1
371,107,1325.16,650.33,58.62,215.76,0.2765,-1,-1,-1
371,108,1366.53,645.06,66.94,222.45,0.4885,-1,-1,-1
371,109,9.16,714.36,55.91,185.28,0.5518,-1,-1,-1
371,112,1505.09,576.97,44.46,67.60,0.3104,-1,-1,-1
372,98,1460.94,720.06,94.06,232.48,0.7245,-1,-1,-1
372,91,1556.10,668.05,113.98,241.31,0.6675,-1,-1,-1
372,107,1321.54,650.16,55.16,180.64,0.2565,-1,-1,-1
372,108,1362.89,646.22,69.77,224.14,0.5204,-1,-1,-1
372,109,1.66,717.13,57.56,184.22,0.6470,-1,-1,-1
372,112,1505.36,578.91,45.31,65.56,0.2173,-1,-1,-1
373,98,1460.06,720.54,96.02,235.08,0.7241,-1,-1,-1
373,91,1559.26,670.56,113.09,244.24,0.6855,-1,-1,-1
373,107,1317.94,650.30,56.07,171.94,0.3111,-1,-1,-1
373,108,1360.05,648.60,72.03,224.59,0.4946,-1,-1,-1
373,109,-2.09,725.38,53.84,181.15,0.5499,-1,-1,-1
373,112,1506.45,578.10,42.59,65.80,0.2513,-1,-1,-1
374,98,1456.52,722.21,96.63,237.34,0.7137,-1,-1,-1
374,91,1558.79,675.65,113.33,244.47,0.6557,-1,-1,-1
374,107,1313.40,646.27,56.07,169.19,0.3205,-1,-1,-1
374,108,1358.31,652.24,73.83,223.61,0.5887,-1,-1,-1
374,109,-2.82,729.52,45.68,177.96,0.6574,-1,-1,-1
374,112,1506.25,580.32,42.16,63.63,0.1780,-1,-1,-1
375,98,1455.45,723.82,90.26,239.43,0.7043,-1,-1,-1
375,91,1560.17,674.60,109.29,245.85,0.6343,-1,-1,-1
375,107,1312.93,645.81,54.88,171.13,0.2543,-1,-1,-1
375,108,1357.12,655.55,76.74,222.87,0.5839,-1,-1,-1
375,109,-2.54,733.05,37.82,179.28,0.5738,-1,-1,-1
376,98,1455.76,725.46,84.45,241.62,0.7024,-1,-1,-1
376,91,1558.89,677.38,106.04,244.52,0.6113,-1,-1,-1
376,108,1352.35,654.19,78.69,222.92,0.5076,-1,-1,-1
376,109,-2.15,734.93,26.87,174.88,0.5308,-1,-1,-1
376,113,1704.57,609.34,48.64,139.62,0.3570,-1,-1,-1
377,98,1455.54,725.58,82.76,246.40,0.6783,-1,-1,-1
377,91,1555.68,681.25,102.01,239.12,0.5980,-1,-1,-1
377,108,1347.13,650.68,85.26,226.71,0.5845,-1,-1,-1
377,113,1706.09,608.21,41.95,141.12,0.2314,-1,-1,-1
378,98,1456.41,726.28,81.03,252.61,0.6450,-1,-1,-1
378,91,1551.03,683.05,101.56,242.73,0.6505,-1,-1,-1
378,108,1341.54,648.18,87.01,231.15,0.4310,-1,-1,-1
378,113,1708.32,609.28,39.33,137.03,0.1791,-1,-1,-1
379,98,1456.14,726.33,79.82,259.96,0.6690,-1,-1,-1
379,91,1547.64,679.81,95.45,247.60,0.7071,-1,-1,-1
379,108,1336.77,648.34,72.04,199.59,0.3052,-1,-1,-1
379,113,1710.35,608.42,39.34,134.25,0.2191,-1,-1,-1
379,114,1718.67,600.76,61.85,144.37,0.3532,-1,-1,-1
380,98,1454.31,725.75,79.83,266.23,0.6932,-1,-1,-1
380,91,1541.56,679.77,95.82,251.30,0.6645,-1,-1,-1
380,108,1331.40,648.09,64.12,184.08,0.4131,-1,-1,-1
380,113,1710.63,607.08,38.39,136.79,0.2834,-1,-1,-1
380,114,1726.51,600.73,50.43,144.72,0.3181,-1,-1,-1
381,98,1452.69,726.82,87.67,268.73,0.7051,-1,-1,-1
381,91,1532.64,679.50,90.35,257.51,0.6153,-1,-1,-1
381,108,1327.34,647.47,60.34,182.38,0.4180,-1,-1,-1
381,113,1711.61,602.66,50.84,141.65,0.3309,-1,-1,-1
381,114,1734.14,596.32,46.82,144.97,0.2555,-1,-1,-1
382,98,1449.94,730.97,89.80,269.70,0.6868,-1,-1,-1
382,91,1532.15,678.82,82.04,260.09,0.5858,-1,-1,-1
382,108,1323.06,648.31,58.78,181.67,0.6208,-1,-1,-1
382,113,1713.45,593.81,58.80,150.39,0.4634,-1,-1,-1
382,114,1719.03,591.45,58.64,151.89,0.4634,-1,-1,-1
382,115,1444.82,559.64,44.55,82.94,0.3740,-1,-1,-1
383,98,1446.87,736.04,94.24,269.25,0.7165,-1,-1,-1
383,91,1528.33,684.61,82.27,254.20,0.5608,-1,-1,-1
383,108,1320.05,648.85,55.18,184.71,0.6670,-1,-1,-1
383,113,1711.99,594.03,56.42,148.44,0.3537,-1,-1,-1
383,114,1712.66,593.49,55.58,148.67,0.3537,-1,-1,-1
383,115,1442.01,562.37,44.41,79.83,0.2832,-1,-1,-1
384,98,1443.60,739.88,99.15,271.21,0.7351,-1,-1,-1
384,91,1520.76,684.75,87.67,258.01,0.5857,-1,-1,-1
384,108,1316.70,647.95,53.01,186.75,0.6731,-1,-1,-1
384,113,1711.33,595.30,55.92,147.95,0.3837,-1,-1,-1
384,114,1710.30,595.44,54.97,147.76,0.3837,-1,-1,-1
384,115,1439.30,562.17,46.21,80.10,0.3167,-1,-1,-1
385,98,1440.15,742.26,99.74,272.17,0.7483,-1,-1,-1
385,91,1517.52,687.97,90.59,254.01,0.6055,-1,-1,-1
385,108,1308.34,645.91,56.47,190.49,0.1842,-1,-1,-1
385,113,1714.93,592.79,65.66,153.52,0.4335,-1,-1,-1
385,114,1713.77,593.01,65.36,153.41,0.4335,-1,-1,-1
385,115,1436.21,565.79,48.10,76.40,0.3916,-1,-1,-1
386,98,1434.45,745.72,97.18,274.49,0.7493,-1,-1,-1
386,91,1512.28,693.41,94.64,253.51,0.5702,-1,-1,-1
386,113,1717.32,593.84,67.53,156.57,0.3016,-1,-1,-1
386,115,1433.04,561.87,47.11,81.17,0.3878,-1,-1,-1
386,112,1493.08,558.48,49.60,75.11,0.3480,-1,-1,-1
386,107,1243.69,642.96,59.79,219.08,0.3640,-1,-1,-1
387,98,1431.69,745.98,93.68,275.66,0.7031,-1,-1,-1
387,91,1506.37,693.28,96.92,256.13,0.6559,-1,-1,-1
387,113,1724.05,588.95,66.96,156.10,0.3181,-1,-1,-1
387,115,1431.23,561.50,40.58,76.29,0.2979,-1,-1,-1
387,112,1492.14,554.81,51.77,76.45,0.4322,-1,-1,-1
387,107,1238.53,642.64,64.02,219.95,0.4956,-1,-1,-1
388,98,1428.48,747.40,91.94,280.90,0.6612,-1,-1,-1
388,91,1496.48,685.81,102.32,269.18,0.5982,-1,-1,-1
388,113,1724.90,588.61,71.84,161.09,0.2884,-1,-1,-1
388,115,1429.54,565.54,39.74,71.38,0.2370,-1,-1,-1
388,112,1488.85,557.84,54.58,75.61,0.3929,-1,-1,-1
388,107,1233.64,646.84,59.51,217.11,0.4930,-1,-1,-1
389,98,1425.87,747.99,93.05,287.98,0.5931,-1,-1,-1
389,91,1487.32,684.80,109.48,273.92,0.6411,-1,-1,-1
389,113,1730.51,589.57,66.79,162.52,0.3029,-1,-1,-1
389,112,1487.41,562.33,53.94,72.73,0.2662,-1,-1,-1
389,107,1219.85,646.19,65.85,219.72,0.4835,-1,-1,-1
390,98,1417.30,748.99,99.26,291.44,0.6099,-1,-1,-1
390,91,1484.59,689.01,108.77,269.49,0.5617,-1,-1,-1
390,113,1734.52,589.08,62.34,161.44,0.2933,-1,-1,-1
390,112,1483.27,559.14,48.21,74.77,0.3219,-1,-1,-1
390,107,1220.61,646.95,61.37,224.32,0.4838,-1,-1,-1
390,108,1274.45,644.03,58.79,223.42,0.4332,-1,-1,-1
391,98,1408.32,752.83,108.21,297.08,0.5779,-1,-1,-1
391,91,1480.64,707.13,108.43,250.50,0.5672,-1,-1,-1
391,113,1735.33,604.36,57.32,156.63,0.2578,-1,-1,-1
391,112,1481.59,559.67,50.77,80.57,0.4339,-1,-1,-1
391,107,1214.50,650.00,59.23,223.85,0.3413,-1,-1,-1
391,118,1530.94,564.01,45.22,83.36,0.3901,-1,-1,-1
391,115,1413.95,555.90,44.53,87.79,0.5166,-1,-1,-1
392,98,1399.29,755.31,109.33,297.40,0.6740,-1,-1,-1
392,91,1471.00,707.91,112.14,251.57,0.5206,-1,-1,-1
392,113,1734.23,592.97,57.75,169.24,0.3317,-1,-1,-1
392,112,1474.12,561.24,48.36,75.43,0.2620,-1,-1,-1
392,107,1198.60,647.80,66.95,228.26,0.4911,-1,-1,-1
392,118,1525.32,560.36,43.80,90.51,0.3363,-1,-1,-1
392,119,1339.12,553.06,52.34,112.52,0.3811,-1,-1,-1
392,115,1406.98,552.12,46.58,91.31,0.3666,-1,-1,-1
392,108,1251.44,646.82,66.05,233.24,0.4929,-1,-1,-1
393,98,1393.61,761.05,111.27,297.90,0.6525,-1,-1,-1
393,91,1459.33,707.85,90.17,199.02,0.3622,-1,-1,-1
393,113,1731.89,602.64,59.24,162.68,0.4084,-1,-1,-1
393,112,1469.31,563.06,49.15,78.38,0.5500,-1,-1,-1
393,107,1189.94,647.22,67.89,231.58,0.4807,-1,-1,-1
393,118,1519.54,562.82,43.86,91.21,0.4264,-1,-1,-1
393,119,1334.68,553.83,52.41,116.29,0.4279,-1,-1,-1
393,115,1393.26,546.86,56.43,97.13,0.2986,-1,-1,-1
393,108,1237.85,649.87,69.78,242.24,0.2973,-1,-1,-1
394,98,1387.45,764.02,107.98,299.76,0.5839,-1,-1,-1
394,91,1446.50,700.89,101.02,252.28,0.2494,-1,-1,-1
394,113,1730.05,603.50,57.21,159.92,0.4592,-1,-1,-1
394,112,1462.75,562.06,52.92,77.78,0.3509,-1,-1,-1
394,107,1181.99,649.79,66.91,230.09,0.5020,-1,-1,-1
394,118,1516.41,563.43,43.55,91.93,0.3001,-1,-1,-1
394,119,1329.12,554.03,50.48,116.40,0.4491,-1,-1,-1
394,115,1384.45,547.32,58.20,98.29,0.4481,-1,-1,-1
395,98,1379.89,767.37,102.78,302.05,0.6800,-1,-1,-1
395,91,1440.84,707.09,89.90,255.97,0.5119,-1,-1,-1
395,113,1727.96,600.35,56.79,165.34,0.4621,-1,-1,-1
395,112,1458.39,560.61,47.50,80.18,0.3552,-1,-1,-1
395,107,1170.51,649.23,69.50,236.61,0.6526,-1,-1,-1
395,118,1509.26,563.42,43.53,88.19,0.3359,-1,-1,-1
395,119,1321.75,556.05,51.40,121.14,0.5620,-1,-1,-1
395,115,1384.48,547.71,52.53,97.62,0.5516,-1,-1,-1
396,98,1372.22,770.85,104.78,302.95,0.7464,-1,-1,-1
396,91,1431.86,704.95,87.89,254.21,0.4951,-1,-1,-1
396,113,1726.20,598.07,57.30,169.94,0.4983,-1,-1,-1
396,112,1447.55,558.54,48.76,82.08,0.3519,-1,-1,-1
396,107,1161.27,648.68,70.45,227.43,0.5778,-1,-1,-1
396,118,1502.41,561.53,43.00,87.51,0.2980,-1,-1,-1
396,119,1315.31,557.77,51.79,122.83,0.4677,-1,-1,-1
396,115,1381.43,547.42,47.72,99.23,0.4159,-1,-1,-1
397,98,1365.03,772.73,103.22,305.52,0.6447,-1,-1,-1
397,91,1419.39,713.43,87.70,260.17,0.4173,-1,-1,-1
397,113,1723.49,600.64,56.55,168.97,0.5073,-1,-1,-1
397,112,1443.93,561.00,50.63,83.07,0.5598,-1,-1,-1
397,107,1149.42,648.70,72.47,230.85,0.6027,-1,-1,-1
397,118,1495.81,562.46,44.87,89.59,0.4562,-1,-1,-1
397,119,1311.60,561.41,49.86,122.45,0.4727,-1,-1,-1
397,115,1372.77,549.19,46.17,98.60,0.4720,-1,-1,-1
398,98,1356.44,771.34,109.94,306.51,0.5341,-1,-1,-1
398,91,1403.82,715.41,83.21,195.70,0.3364,-1,-1,-1
398,113,1717.18,604.28,56.36,165.71,0.4393,-1,-1,-1
398,112,1436.60,559.26,51.51,86.37,0.3240,-1,-1,-1
398,107,1140.36,648.56,73.82,237.64,0.5450,-1,-1,-1
398,118,1489.22,562.97,40.51,85.69,0.2809,-1,-1,-1
398,119,1302.22,558.92,48.15,125.32,0.6489,-1,-1,-1
398,115,1366.09,550.37,47.30,96.66,0.4552,-1,-1,-1
399,98,1348.01,769.67,111.56,310.85,0.3345,-1,-1,-1
399,91,1400.69,705.70,75.52,172.89,0.2417,-1,-1,-1
399,113,1713.11,604.81,58.81,163.69,0.4790,-1,-1,-1
399,112,1429.65,559.97,47.79,80.03,0.2171,-1,-1,-1
399,107,1129.07,651.91,69.96,229.70,0.6109,-1,-1,-1
399,118,1479.85,558.94,43.24,91.56,0.3639,-1,-1,-1
399,119,1293.54,554.48,49.78,128.20,0.5962,-1,-1,-1
399,115,1360.39,553.95,41.62,93.70,0.3332,-1,-1,-1
400,98,1339.40,770.92,111.73,310.88,0.3852,-1,-1,-1
400,91,1383.03,714.60,75.49,157.21,0.4164,-1,-1,-1
400,113,1710.97,608.81,65.50,162.69,0.3393,-1,-1,-1
400,112,1420.78,561.63,50.13,82.08,0.5253,-1,-1,-1
400,107,1112.67,652.68,87.26,256.31,0.5467,-1,-1,-1
400,118,1471.80,559.26,44.28,93.16,0.4436,-1,-1,-1
400,119,1288.44,556.63,43.40,126.90,0.6080,-1,-1,-1
400,115,1350.03,550.48,42.94,97.86,0.5125,-1,-1,-1
401,98,1324.97,772.15,114.26,309.10,0.5664,-1,-1,-1
401,91,1374.49,722.83,68.81,148.96,0.3487,-1,-1,-1
401,113,1706.99,610.04,60.60,161.60,0.3396,-1,-1,-1
401,112,1411.23,560.24,51.70,83.76,0.3436,-1,-1,-1
401,107,1095.43,655.91,85.77,252.10,0.7008,-1,-1,-1
401,118,1464.44,558.72,44.30,91.99,0.3095,-1,-1,-1
401,119,1278.18,554.04,45.84,130.28,0.6615,-1,-1,-1
401,115,1340.57,546.66,44.39,100.72,0.4683,-1,-1,-1
402,98,1314.50,775.59,115.40,305.28,0.6447,-1,-1,-1
402,91,1363.44,721.26,63.74,147.65,0.2073,-1,-1,-1
402,113,1702.71,610.10,68.98,166.15,0.1897,-1,-1,-1
402,112,1400.17,557.63,55.52,89.66,0.2991,-1,-1,-1
402,107,1076.19,655.93,97.11,252.86,0.6532,-1,-1,-1
402,118,1454.89,556.50,45.31,96.46,0.3015,-1,-1,-1
402,119,1268.16,552.28,46.95,130.02,0.4940,-1,-1,-1
402,115,1325.73,541.42,49.26,107.40,0.4394,-1,-1,-1
403,98,1303.14,766.91,122.30,312.98,0.6410,-1,-1,-1
403,91,1341.34,726.80,71.28,143.36,0.2043,-1,-1,-1
403,113,1697.60,611.69,66.94,170.12,0.2020,-1,-1,-1
403,112,1393.62,558.50,55.11,88.19,0.4318,-1,-1,-1
403,107,1059.03,656.17,107.73,273.60,0.6651,-1,-1,-1
403,118,1445.97,556.86,49.35,98.80,0.3683,-1,-1,-1
403,119,1261.18,552.97,42.29,129.23,0.4629,-1,-1,-1
403,115,1315.09,541.73,50.93,106.58,0.5200,-1,-1,-1
404,98,1287.06,767.58,127.41,312.22,0.7312,-1,-1,-1
404,91,1330.38,722.23,66.02,140.05,0.1938,-1,-1,-1
404,113,1691.90,611.58,56.81,172.79,0.2078,-1,-1,-1
404,112,1384.45,557.20,54.93,89.53,0.4259,-1,-1,-1
404,107,1058.66,659.07,99.53,280.85,0.6719,-1,-1,-1
404,118,1435.54,559.76,48.11,92.99,0.4462,-1,-1,-1
404,119,1251.16,549.14,43.56,130.86,0.4945,-1,-1,-1
404,115,1308.58,542.27,47.97,106.60,0.5544,-1,-1,-1
405,98,1264.22,778.32,137.83,302.35,0.6217,-1,-1,-1
405,91,1316.32,725.21,60.73,133.75,0.2198,-1,-1,-1
405,113,1687.85,610.80,69.69,179.28,0.1863,-1,-1,-1
405,112,1374.46,558.55,52.62,88.44,0.3302,-1,-1,-1
405,107,1041.18,660.03,103.98,282.48,0.6306,-1,-1,-1
405,118,1425.12,559.71,47.02,94.70,0.4481,-1,-1,-1
405,119,1241.58,547.03,40.04,133.99,0.4915,-1,-1,-1
405,115,1296.73,541.41,49.25,108.71,0.4407,-1,-1,-1
406,98,1220.37,781.89,166.97,297.88,0.5786,-1,-1,-1
406,91,1296.76,725.36,63.18,130.57,0.3590,-1,-1,-1
406,112,1363.62,555.49,56.05,91.61,0.2653,-1,-1,-1
406,107,1016.34,661.23,113.87,284.40,0.7470,-1,-1,-1
406,118,1415.13,556.84,47.05,95.69,0.3946,-1,-1,-1
406,119,1229.68,547.33,42.33,130.66,0.6192,-1,-1,-1
406,115,1289.50,541.46,45.88,106.68,0.6224,-1,-1,-1
407,98,1191.68,781.84,180.98,298.10,0.6121,-1,-1,-1
407,112,1352.23,557.31,49.69,91.77,0.3668,-1,-1,-1
407,107,996.66,663.86,119.45,286.79,0.5521,-1,-1,-1
407,118,1404.26,553.95,47.09,102.08,0.4208,-1,-1,-1
407,119,1218.17,544.05,43.41,137.41,0.5256,-1,-1,-1
407,115,1278.91,546.76,44.33,103.25,0.5672,-1,-1,-1
407,113,1673.38,603.29,72.87,187.19,0.3399,-1,-1,-1
408,98,1188.42,790.56,169.92,288.64,0.5676,-1,-1,-1
408,112,1340.83,558.74,47.63,89.53,0.3601,-1,-1,-1
408,107,988.60,666.53,111.34,288.57,0.6294,-1,-1,-1
408,118,1394.33,555.87,45.09,97.78,0.4104,-1,-1,-1
408,119,1205.15,545.43,45.33,134.39,0.5756,-1,-1,-1
408,115,1267.20,543.82,43.59,105.06,0.6268,-1,-1,-1
408,113,1667.34,603.43,72.37,193.67,0.2404,-1,-1,-1
409,98,1185.58,792.27,154.14,287.73,0.7035,-1,-1,-1
409,112,1328.43,558.26,46.39,91.57,0.3680,-1,-1,-1
409,107,966.52,665.88,118.06,292.32,0.6846,-1,-1,-1
409,118,1381.95,553.20,45.47,102.96,0.4233,-1,-1,-1
409,119,1193.39,543.54,45.87,137.65,0.5568,-1,-1,-1
409,115,1252.32,546.13,47.39,104.80,0.4833,-1,-1,-1
409,113,1658.11,588.59,69.39,212.06,0.3449,-1,-1,-1
410,98,1182.18,804.87,137.32,275.45,0.5450,-1,-1,-1
410,112,1323.13,559.06,48.80,90.93,0.3962,-1,-1,-1
410,107,944.74,667.96,117.99,294.49,0.7125,-1,-1,-1
410,118,1371.55,550.51,43.94,107.10,0.3418,-1,-1,-1
410,119,1180.26,542.94,46.66,136.86,0.5673,-1,-1,-1
410,115,1239.55,542.76,48.08,107.03,0.5804,-1,-1,-1
410,113,1649.80,589.96,67.63,215.54,0.3482,-1,-1,-1
411,98,1164.50,813.52,136.94,265.94,0.7392,-1,-1,-1
411,112,1307.02,558.21,48.64,92.79,0.4074,-1,-1,-1
411,107,930.53,669.36,115.47,294.30,0.5431,-1,-1,-1
411,118,1357.45,550.32,46.62,107.40,0.4493,-1,-1,-1
411,119,1167.75,541.04,46.02,140.21,0.3982,-1,-1,-1
411,115,1227.44,544.27,47.47,107.64,0.5127,-1,-1,-1
411,113,1637.76,600.91,64.20,201.98,0.2853,-1,-1,-1
412,98,1149.07,822.94,133.17,255.07,0.6996,-1,-1,-1
412,112,1293.51,556.71,44.71,93.08,0.3483,-1,-1,-1
412,107,903.90,667.50,130.61,300.50,0.6780,-1,-1,-1
412,118,1345.37,552.37,44.25,103.27,0.5033,-1,-1,-1
412,119,1152.38,540.48,47.99,137.56,0.5158,-1,-1,-1
412,115,1215.04,540.46,44.99,110.62,0.5604,-1,-1,-1
412,113,1631.54,603.04,59.73,198.61,0.4101,-1,-1,-1
413,98,1120.63,818.17,141.64,261.17,0.5991,-1,-1,-1
413,112,1279.76,555.74,42.16,94.17,0.4547,-1,-1,-1
413,107,889.97,669.27,129.80,300.40,0.6618,-1,-1,-1
413,118,1331.19,550.30,43.95,107.53,0.4291,-1,-1,-1
413,119,1138.38,541.29,45.65,138.31,0.4517,-1,-1,-1
413,115,1198.61,538.00,46.67,115.65,0.5650,-1,-1,-1
413,113,1617.90,601.53,59.60,201.14,0.2245,-1,-1,-1
414,98,1111.07,824.77,130.71,254.77,0.6702,-1,-1,-1
414,112,1265.79,553.23,43.89,97.67,0.4606,-1,-1,-1
414,107,866.60,671.30,120.19,302.24,0.7011,-1,-1,-1
414,118,1318.02,551.67,45.54,105.11,0.4727,-1,-1,-1
414,119,1124.79,548.54,47.98,122.87,0.2781,-1,-1,-1
414,115,1182.63,538.18,48.94,115.67,0.6606,-1,-1,-1
415,98,1080.03,822.81,138.33,256.48,0.5641,-1,-1,-1
415,112,1252.11,556.09,49.19,94.25,0.4581,-1,-1,-1
415,107,840.12,671.72,120.35,304.91,0.7166,-1,-1,-1
415,118,1304.53,550.29,44.16,108.27,0.5072,-1,-1,-1
415,119,1110.09,545.61,47.25,130.22,0.4883,-1,-1,-1
415,115,1165.71,536.12,51.15,117.83,0.6296,-1,-1,-1
416,98,1065.59,827.18,131.08,250.01,0.6425,-1,-1,-1
416,112,1237.71,554.01,43.99,94.88,0.4522,-1,-1,-1
416,107,814.20,672.25,114.28,307.73,0.7554,-1,-1,-1
416,118,1287.87,551.37,46.88,106.18,0.4720,-1,-1,-1
416,119,1095.02,539.22,48.79,138.55,0.5357,-1,-1,-1
416,115,1148.46,535.15,51.63,118.29,0.5830,-1,-1,-1
417,98,1029.17,830.68,142.17,246.54,0.5399,-1,-1,-1
417,112,1222.29,554.69,46.56,93.57,0.4347,-1,-1,-1
417,107,785.46,674.79,113.08,308.78,0.7304,-1,-1,-1
417,118,1274.22,551.39,44.55,107.24,0.3936,-1,-1,-1
417,119,1081.46,539.03,48.76,132.31,0.4162,-1,-1,-1
417,115,1134.10,533.32,53.10,118.76,0.5395,-1,-1,-1
418,98,1015.94,833.79,130.54,245.05,0.6615,-1,-1,-1
418,112,1207.09,556.58,43.02,91.78,0.5137,-1,-1,-1
418,107,755.37,675.67,113.15,311.32,0.7947,-1,-1,-1
418,118,1256.98,551.70,44.51,106.65,0.4052,-1,-1,-1
418,119,1062.48,539.04,49.99,136.44,0.4723,-1,-1,-1
418,115,1117.02,531.48,55.79,118.86,0.7109,-1,-1,-1
418,123,1796.73,583.36,84.72,199.06,0.4699,-1,-1,-1
418,124,1621.32,604.63,72.28,173.47,0.4245,-1,-1,-1
419,98,1004.32,836.46,116.50,242.84,0.6642,-1,-1,-1
419,112,1192.18,551.91,41.53,95.24,0.5646,-1,-1,-1
419,107,719.59,676.63,121.30,315.94,0.7997,-1,-1,-1
419,118,1240.71,549.82,46.29,106.14,0.3749,-1,-1,-1
419,119,1047.02,538.79,50.52,134.09,0.4724,-1,-1,-1
419,115,1101.62,530.81,52.94,118.59,0.5707,-1,-1,-1
419,123,1779.80,575.92,95.54,209.58,0.4989,-1,-1,-1
419,124,1608.18,610.92,75.70,168.89,0.5802,-1,-1,-1
420,98,976.17,837.54,116.86,242.21,0.7121,-1,-1,-1
420,112,1176.84,552.48,45.26,94.12,0.5383,-1,-1,-1
420,107,688.35,679.24,126.02,316.22,0.7664,-1,-1,-1
420,118,1225.23,551.77,45.85,105.89,0.3607,-1,-1,-1
420,119,1032.11,533.05,51.03,135.74,0.4456,-1,-1,-1
420,115,1088.55,530.87,51.93,116.77,0.6098,-1,-1,-1
420,123,1767.25,575.05,78.04,202.24,0.6188,-1,-1,-1
420,124,1590.74,613.17,78.22,166.26,0.4460,-1,-1,-1
420,125,904.55,782.81,110.02,296.99,0.5557,-1,-1,-1
421,98,946.97,835.79,118.26,244.36,0.6578,-1,-1,-1
421,112,1160.08,553.34,45.93,94.80,0.5056,-1,-1,-1
421,107,657.76,680.52,129.08,318.03,0.7828,-1,-1,-1
421,118,1206.87,550.43,46.52,107.32,0.4578,-1,-1,-1
421,119,1011.67,535.46,52.24,138.38,0.5137,-1,-1,-1
421,115,1071.04,531.56,54.16,117.19,0.6507,-1,-1,-1
421,123,1752.33,577.64,70.07,202.69,0.6457,-1,-1,-1
421,124,1580.01,611.68,77.70,168.08,0.4711,-1,-1,-1
421,125,872.19,773.08,118.15,307.18,0.3359,-1,-1,-1
422,98,915.56,843.05,120.65,236.79,0.7687,-1,-1,-1
422,112,1142.83,551.63,44.26,95.13,0.4908,-1,-1,-1
422,107,625.34,679.22,138.43,325.72,0.8120,-1,-1,-1
422,118,1189.15,547.67,49.24,109.70,0.3938,-1,-1,-1
422,119,990.07,529.14,57.36,142.90,0.5410,-1,-1,-1
422,115,1052.44,529.52,53.08,117.14,0.5811,-1,-1,-1
422,123,1732.84,579.32,73.98,203.06,0.2703,-1,-1,-1
422,124,1558.63,609.54,83.29,171.18,0.5051,-1,-1,-1
422,125,851.79,786.60,107.43,292.56,0.5140,-1,-1,-1
423,98,882.27,848.48,123.18,231.43,0.7498,-1,-1,-1
423,112,1123.98,552.20,48.38,94.94,0.3637,-1,-1,-1
423,107,597.60,682.33,136.85,325.34,0.7455,-1,-1,-1
423,118,1170.59,548.55,47.83,107.53,0.1543,-1,-1,-1
423,119,970.03,528.01,56.04,141.23,0.5013,-1,-1,-1
423,115,1032.14,528.17,56.79,119.05,0.5552,-1,-1,-1
423,123,1717.55,578.46,68.60,203.57,0.5408,-1,-1,-1
423,124,1549.79,608.17,72.34,171.31,0.6357,-1,-1,-1
423,125,816.75,799.53,108.70,278.77,0.5456,-1,-1,-1
424,98,855.30,855.91,118.72,224.13,0.7107,-1,-1,-1
424,112,1105.18,551.71,45.52,94.71,0.4103,-1,-1,-1
424,107,562.75,686.92,143.94,325.12,0.7656,-1,-1,-1
424,118,1154.28,546.62,47.58,110.99,0.1724,-1,-1,-1
424,119,953.21,526.99,53.69,140.29,0.5569,-1,-1,-1
424,115,1012.52,528.50,58.88,117.60,0.5800,-1,-1,-1
424,123,1694.70,573.75,69.40,206.43,0.5581,-1,-1,-1
424,124,1536.80,609.80,67.81,170.23,0.6044,-1,-1,-1
424,125,786.96,813.35,108.57,266.20,0.4705,-1,-1,-1
425,98,821.76,861.93,119.29,218.13,0.7474,-1,-1,-1
425,112,1085.30,552.39,46.01,95.63,0.2152,-1,-1,-1
425,107,522.72,687.22,149.24,329.63,0.7408,-1,-1,-1
425,119,933.19,526.05,54.42,142.04,0.4811,-1,-1,-1
425,115,993.70,527.84,57.17,120.75,0.5314,-1,-1,-1
425,123,1672.95,572.43,71.58,207.98,0.6589,-1,-1,-1
425,124,1520.39,609.37,66.16,169.72,0.6160,-1,-1,-1
425,125,752.95,806.61,108.43,272.31,0.5023,-1,-1,-1
426,98,790.08,867.40,118.46,212.60,0.7125,-1,-1,-1
426,112,1067.79,549.97,45.46,97.24,0.3573,-1,-1,-1
426,107,484.15,691.50,137.24,329.83,0.6073,-1,-1,-1
426,119,914.99,522.98,54.98,145.29,0.5141,-1,-1,-1
426,115,975.48,527.22,56.94,121.56,0.5633,-1,-1,-1
426,123,1654.15,575.93,71.08,203.18,0.6674,-1,-1,-1
426,124,1506.53,609.80,62.25,167.48,0.5677,-1,-1,-1
426,125,720.86,815.58,101.08,264.07,0.3786,-1,-1,-1
426,118,1111.67,545.16,45.67,111.99,0.3402,-1,-1,-1
427,98,755.69,873.56,119.14,206.90,0.4983,-1,-1,-1
427,112,1045.92,551.58,47.01,98.71,0.2496,-1,-1,-1
427,107,440.82,696.51,167.99,333.68,0.6917,-1,-1,-1
427,119,895.11,526.22,55.24,140.88,0.4804,-1,-1,-1
427,115,956.65,529.91,54.96,121.29,0.5069,-1,-1,-1
427,123,1632.18,579.42,73.81,203.71,0.5686,-1,-1,-1
427,124,1488.65,608.92,64.99,170.41,0.5378,-1,-1,-1
427,125,686.34,897.65,100.72,182.71,0.2286,-1,-1,-1
427,118,1089.96,546.42,47.79,112.94,0.3191,-1,-1,-1
428,98,720.22,884.83,118.49,195.91,0.5380,-1,-1,-1
428,112,1024.63,551.51,47.86,102.94,0.2219,-1,-1,-1
428,107,406.33,700.54,176.38,340.07,0.5709,-1,-1,-1
428,119,868.94,528.61,60.28,142.25,0.5732,-1,-1,-1
428,115,936.91,530.83,55.97,123.83,0.5218,-1,-1,-1
428,123,1610.81,583.00,75.95,204.62,0.5802,-1,-1,-1
428,124,1470.74,609.18,65.35,172.57,0.4355,-1,-1,-1
428,125,645.45,947.39,106.93,131.51,0.3136,-1,-1,-1
428,118,1064.47,549.57,63.59,117.10,0.2100,-1,-1,-1
429,98,684.83,893.37,116.47,186.83,0.6583,-1,-1,-1
429,112,1012.04,554.35,42.22,104.34,0.2721,-1,-1,-1
429,107,382.75,703.76,145.26,323.39,0.4237,-1,-1,-1
429,119,852.06,530.94,54.86,137.83,0.4168,-1,-1,-1
429,115,917.52,531.01,54.44,125.46,0.4321,-1,-1,-1
429,123,1585.47,586.74,81.57,203.88,0.4163,-1,-1,-1
429,124,1453.11,610.40,69.14,178.45,0.4664,-1,-1,-1
429,118,1049.79,551.96,56.79,119.56,0.3355,-1,-1,-1
429,127,654.99,780.04,81.44,148.23,0.4407,-1,-1,-1
430,98,638.06,904.21,125.49,176.39,0.6656,-1,-1,-1
430,112,997.40,558.30,36.45,105.07,0.2605,-1,-1,-1
430,107,329.09,708.68,163.81,331.75,0.7223,-1,-1,-1
430,119,826.83,531.81,63.89,136.81,0.3035,-1,-1,-1
430,115,893.83,531.67,57.25,126.71,0.3251,-1,-1,-1
430,123,1561.22,588.25,81.00,202.38,0.6546,-1,-1,-1
430,124,1437.19,612.34,70.36,184.28,0.6189,-1,-1,-1
430,118,1028.21,555.38,53.14,121.04,0.4402,-1,-1,-1
430,127,616.86,789.08,82.18,161.93,0.4113,-1,-1,-1
430,129,540.51,858.24,122.50,211.33,0.5338,-1,-1,-1
430,113,1367.09,635.55,83.50,199.07,0.3567,-1,-1,-1
431,98,609.66,915.15,111.49,165.04,0.5342,-1,-1,-1
431,112,977.65,560.88,37.13,107.47,0.4599,-1,-1,-1
431,107,298.62,713.10,147.94,329.94,0.5726,-1,-1,-1
431,119,801.76,540.29,64.40,134.85,0.4180,-1,-1,-1
431,115,870.30,534.61,60.24,129.29,0.2375,-1,-1,-1
431,123,1540.21,592.83,83.30,205.30,0.4347,-1,-1,-1
431,124,1415.01,616.67,73.41,183.64,0.4857,-1,-1,-1
431,118,1011.32,560.44,48.81,121.66,0.4647,-1,-1,-1
431,127,565.22,798.25,89.88,175.05,0.3689,-1,-1,-1
431,113,1347.65,632.50,81.80,208.15,0.2749,-1,-1,-1
432,98,572.54,925.52,105.32,154.45,0.6393,-1,-1,-1
432,112,959.66,563.43,35.81,106.20,0.4739,-1,-1,-1
432,107,249.15,716.27,161.72,345.08,0.3329,-1,-1,-1
432,119,780.58,538.61,65.94,134.99,0.2821,-1,-1,-1
432,123,1516.20,592.82,84.38,206.03,0.6080,-1,-1,-1
432,124,1399.50,618.74,76.77,181.16,0.4424,-1,-1,-1
432,118,988.67,559.08,51.69,127.44,0.5241,-1,-1,-1
432,127,520.74,806.14,93.46,172.42,0.4852,-1,-1,-1
432,113,1328.59,634.07,82.52,215.01,0.3304,-1,-1,-1
432,129,444.18,870.22,144.38,209.37,0.5059,-1,-1,-1
433,98,528.93,937.19,107.16,143.38,0.6464,-1,-1,-1
433,112,938.96,566.31,34.61,105.30,0.4257,-1,-1,-1
433,107,210.69,724.73,156.90,332.03,0.5652,-1,-1,-1
433,119,758.27,539.97,62.40,137.19,0.4254,-1,-1,-1
433,123,1495.67,595.87,90.67,210.37,0.5108,-1,-1,-1
433,124,1380.80,625.18,79.98,180.34,0.3771,-1,-1,-1
433,118,964.52,561.71,54.92,130.62,0.4857,-1,-1,-1
433,127,480.70,814.51,87.99,162.95,0.5409,-1,-1,-1
433,113,1310.96,649.33,78.05,205.45,0.3054,-1,-1,-1
433,129,350.15,871.54,193.08,209.68,0.6789,-1,-1,-1
434,98,484.61,947.92,106.41,130.42,0.6241,-1,-1,-1
434,112,918.14,567.48,33.28,106.91,0.2725,-1,-1,-1
434,107,164.38,728.87,118.13,338.47,0.6662,-1,-1,-1
434,119,737.29,539.17,60.68,135.64,0.3658,-1,-1,-1
434,123,1474.47,595.35,82.38,210.82,0.5558,-1,-1,-1
434,124,1360.17,626.15,86.05,182.74,0.5636,-1,-1,-1
434,118,938.84,562.32,58.68,131.12,0.5064,-1,-1,-1
434,127,434.73,818.79,92.39,171.63,0.5501,-1,-1,-1
434,113,1285.25,635.39,90.39,223.49,0.4442,-1,-1,-1
434,129,294.49,878.69,201.82,202.47,0.7396,-1,-1,-1
435,98,434.57,960.20,109.76,118.85,0.6154,-1,-1,-1
435,112,887.06,566.39,41.87,109.79,0.3150,-1,-1,-1
435,107,115.52,734.35,103.98,341.83,0.6877,-1,-1,-1
435,119,716.06,541.90,62.42,133.34,0.3427,-1,-1,-1
435,123,1453.76,598.90,77.32,209.64,0.5304,-1,-1,-1
435,124,1342.03,629.25,84.38,181.61,0.5613,-1,-1,-1
435,118,920.77,564.41,57.47,132.66,0.2995,-1,-1,-1
435,127,389.38,826.59,99.72,170.09,0.5311,-1,-1,-1
435,113,1265.27,638.81,87.88,225.78,0.4029,-1,-1,-1
435,129,255.25,887.27,192.94,193.68,0.7128,-1,-1,-1
436,98,383.98,968.32,111.61,111.24,0.5865,-1,-1,-1
436,112,869.56,567.37,37.47,112.79,0.3409,-1,-1,-1
436,107,61.41,736.18,105.68,343.46,0.7335,-1,-1,-1
436,119,693.35,542.15,58.77,134.05,0.4107,-1,-1,-1
436,123,1430.76,600.44,75.13,209.09,0.6335,-1,-1,-1
436,124,1322.87,631.09,86.97,181.79,0.6085,-1,-1,-1
436,118,897.49,565.35,58.25,131.46,0.4336,-1,-1,-1
436,127,340.90,832.17,99.90,176.49,0.5251,-1,-1,-1
436,113,1241.47,639.07,85.43,230.43,0.5593,-1,-1,-1
436,129,224.35,893.21,172.67,187.33,0.7748,-1,-1,-1
437,98,332.89,977.88,103.05,101.22,0.5182,-1,-1,-1
437,112,845.73,568.37,39.12,117.73,0.3730,-1,-1,-1
437,107,7.79,739.78,124.19,342.39,0.7431,-1,-1,-1
437,119,672.09,547.69,60.41,132.35,0.3875,-1,-1,-1
437,123,1409.19,601.06,69.20,209.09,0.5368,-1,-1,-1
437,124,1301.60,633.34,89.06,182.72,0.6758,-1,-1,-1
437,118,877.96,567.82,55.73,131.01,0.4131,-1,-1,-1
437,127,292.42,843.21,98.21,174.74,0.5844,-1,-1,-1
437,113,1223.05,644.26,78.36,232.70,0.5715,-1,-1,-1
437,129,178.57,902.94,167.29,177.90,0.7788,-1,-1,-1
437,131,921.56,558.85,44.44,129.60,0.5287,-1,-1,-1
438,98,275.34,991.84,94.23,86.75,0.4965,-1,-1,-1
438,112,824.97,567.40,36.39,117.93,0.2862,-1,-1,-1
438,107,-14.25,739.25,87.27,303.21,0.4100,-1,-1,-1
438,119,649.14,547.25,62.08,133.27,0.5402,-1,-1,-1
438,123,1385.44,597.82,67.37,208.69,0.6427,-1,-1,-1
438,124,1282.25,631.70,85.52,184.58,0.5935,-1,-1,-1
438,118,856.95,567.26,56.45,132.97,0.4906,-1,-1,-1
438,127,242.97,841.23,98.76,188.96,0.4773,-1,-1,-1
438,113,1204.30,644.44,75.29,237.07,0.5703,-1,-1,-1
438,129,125.71,911.73,162.77,168.37,0.7477,-1,-1,-1
438,131,901.55,560.86,41.68,117.58,0.2829,-1,-1,-1
439,98,214.51,1001.98,96.37,76.80,0.5592,-1,-1,-1
439,112,794.79,566.23,45.47,118.89,0.2837,-1,-1,-1
439,119,626.78,548.03,61.73,134.58,0.4497,-1,-1,-1
439,123,1361.33,599.02,66.04,210.12,0.6038,-1,-1,-1
439,124,1263.43,632.43,79.58,183.69,0.5904,-1,-1,-1
439,118,834.48,567.56,54.86,134.42,0.4640,-1,-1,-1
439,127,193.15,849.13,97.46,186.91,0.2435,-1,-1,-1
439,113,1180.35,646.18,83.62,240.31,0.6070,-1,-1,-1
439,129,68.66,920.30,159.00,159.56,0.7724,-1,-1,-1
439,131,881.19,561.26,40.82,120.08,0.3217,-1,-1,-1
440,98,153.14,1014.62,100.50,65.36,0.3628,-1,-1,-1
440,112,766.02,567.27,45.94,119.02,0.2424,-1,-1,-1
440,119,601.90,551.85,53.55,130.15,0.6285,-1,-1,-1
440,123,1336.10,600.22,67.77,209.62,0.6068,-1,-1,-1
440,124,1242.81,633.77,79.85,189.94,0.5400,-1,-1,-1
440,118,812.07,568.77,53.08,136.59,0.4420,-1,-1,-1
440,127,136.37,861.00,96.39,184.56,0.4747,-1,-1,-1
440,113,1153.98,652.98,90.55,240.38,0.6823,-1,-1,-1
440,129,4.38,930.92,161.96,149.55,0.7366,-1,-1,-1
440,131,860.10,562.53,42.66,126.66,0.2596,-1,-1,-1
440,115,670.95,544.88,53.67,134.03,0.3847,-1,-1,-1
441,112,752.38,566.93,41.08,125.55,0.3925,-1,-1,-1
441,119,578.63,549.08,53.18,132.81,0.5489,-1,-1,-1
441,123,1308.61,598.98,71.20,217.49,0.5844,-1,-1,-1
441,124,1223.63,633.75,75.37,195.03,0.5357,-1,-1,-1
441,118,791.20,568.62,50.65,137.46,0.3850,-1,-1,-1
441,127,77.31,869.93,107.01,201.27,0.4320,-1,-1,-1
441,113,1129.13,656.51,95.81,240.83,0.7634,-1,-1,-1
441,129,-18.26,941.49,117.65,138.82,0.5773,-1,-1,-1
441,131,836.61,561.97,44.18,131.31,0.4580,-1,-1,-1
441,115,645.62,540.20,55.67,137.79,0.3381,-1,-1,-1
442,112,734.58,569.19,37.14,129.71,0.4348,-1,-1,-1
442,119,554.85,549.99,51.43,130.86,0.5144,-1,-1,-1
442,123,1284.94,600.53,69.66,216.08,0.6018,-1,-1,-1
442,124,1206.44,636.50,71.92,194.77,0.5194,-1,-1,-1
442,118,769.02,568.38,49.55,139.06,0.4443,-1,-1,-1
442,127,11.52,879.32,117.50,200.71,0.6593,-1,-1,-1
442,113,1103.26,666.79,99.64,233.51,0.7685,-1,-1,-1
442,131,813.58,564.65,45.92,129.86,0.3320,-1,-1,-1
442,115,621.14,537.50,58.65,142.76,0.3752,-1,-1,-1
443,112,712.59,570.63,36.57,132.65,0.4566,-1,-1,-1
443,119,531.09,563.59,47.17,119.01,0.5181,-1,-1,-1
443,123,1256.84,602.13,71.55,219.86,0.5907,-1,-1,-1
443,124,1185.38,636.86,72.23,197.39,0.6805,-1,-1,-1
443,118,746.88,569.85,47.98,138.03,0.3597,-1,-1,-1
443,113,1079.08,673.28,105.97,228.52,0.7827,-1,-1,-1
443,131,790.39,567.28,48.06,129.28,0.2768,-1,-1,-1
443,115,595.47,528.95,62.66,149.60,0.3992,-1,-1,-1
444,112,689.92,572.39,36.09,132.23,0.3754,-1,-1,-1
444,119,505.00,566.37,45.84,117.08,0.5783,-1,-1,-1
444,123,1230.09,603.70,73.75,217.51,0.6597,-1,-1,-1
444,124,1163.00,638.21,73.06,197.23,0.7129,-1,-1,-1
444,118,722.13,568.37,48.77,140.54,0.3346,-1,-1,-1
444,113,1052.27,676.40,106.98,230.60,0.7161,-1,-1,-1
444,131,770.13,567.05,46.44,129.98,0.3313,-1,-1,-1
444,115,572.56,531.77,57.44,145.69,0.1782,-1,-1,-1
445,112,665.48,573.19,36.73,135.87,0.4709,-1,-1,-1
445,119,480.62,570.06,44.81,118.33,0.5715,-1,-1,-1
445,123,1203.76,602.33,69.96,222.11,0.6147,-1,-1,-1
445,124,1139.84,637.42,75.41,202.49,0.6517,-1,-1,-1
445,118,699.53,569.29,47.32,139.94,0.3692,-1,-1,-1
445,113,1027.33,677.65,102.24,233.66,0.7716,-1,-1,-1
445,131,744.36,567.21,46.84,132.59,0.3649,-1,-1,-1
445,115,550.30,519.70,59.67,156.98,0.3545,-1,-1,-1
446,112,640.50,573.32,37.69,136.44,0.3513,-1,-1,-1
446,119,454.14,570.86,46.46,118.45,0.5703,-1,-1,-1
446,123,1178.47,602.85,72.99,221.79,0.6728,-1,-1,-1
446,124,1116.53,639.71,75.04,200.89,0.6802,-1,-1,-1
446,118,674.35,567.96,47.75,143.05,0.4169,-1,-1,-1
446,113,999.54,676.66,99.47,239.80,0.7732,-1,-1,-1
446,115,524.52,515.91,60.43,160.72,0.4145,-1,-1,-1
447,112,616.53,573.02,40.14,138.00,0.3542,-1,-1,-1
447,119,427.52,572.80,47.05,117.56,0.5542,-1,-1,-1
447,123,1153.00,601.25,72.61,223.38,0.6955,-1,-1,-1
447,124,1090.26,642.90,76.15,202.47,0.6839,-1,-1,-1
447,118,652.46,569.91,43.04,141.74,0.1648,-1,-1,-1
447,113,974.19,673.23,95.45,249.02,0.6444,-1,-1,-1
447,115,498.98,515.15,61.41,160.64,0.3605,-1,-1,-1
448,112,576.94,570.60,51.35,142.59,0.2858,-1,-1,-1
448,119,399.79,574.28,48.33,116.01,0.4291,-1,-1,-1
448,123,1125.15,602.83,68.59,220.82,0.6610,-1,-1,-1
448,124,1066.94,640.39,74.51,203.98,0.6313,-1,-1,-1
448,113,943.41,671.13,94.79,253.47,0.6795,-1,-1,-1
448,115,477.36,515.68,58.07,161.28,0.3587,-1,-1,-1
448,132,1000.15,615.63,64.30,166.01,0.3893,-1,-1,-1
449,112,542.78,566.63,51.99,148.49,0.4478,-1,-1,-1
449,119,370.66,570.58,52.84,119.58,0.6234,-1,-1,-1
449,123,1097.77,604.50,64.58,219.91,0.5671,-1,-1,-1
449,124,1041.07,639.03,78.38,207.75,0.6348,-1,-1,-1
449,113,913.06,670.18,104.97,264.54,0.6899,-1,-1,-1
449,115,449.90,507.10,64.43,170.52,0.3379,-1,-1,-1
449,132,974.85,615.55,61.49,143.88,0.2262,-1,-1,-1
449,131,651.97,562.09,45.85,135.75,0.3427,-1,-1,-1
450,119,340.90,568.45,54.15,121.05,0.5485,-1,-1,-1
450,123,1070.41,605.33,61.11,219.93,0.4629,-1,-1,-1
450,124,1019.27,641.12,72.82,203.28,0.5215,-1,-1,-1
450,113,882.44,674.04,99.43,259.90,0.6481,-1,-1,-1
450,115,424.89,503.84,67.65,178.44,0.2409,-1,-1,-1
450,132,943.50,614.54,69.35,201.23,0.4258,-1,-1,-1
450,133,1833.61,775.78,79.46,303.17,0.7835,-1,-1,-1
450,131,626.97,559.36,46.48,138.18,0.2811,-1,-1,-1
451,119,313.49,566.63,52.79,122.59,0.3534,-1,-1,-1
451,123,1039.51,606.30,60.94,227.62,0.3174,-1,-1,-1
451,124,990.26,636.47,83.05,213.01,0.5233,-1,-1,-1
451,113,850.98,680.50,93.55,266.88,0.7650,-1,-1,-1
451,132,916.28,616.19,70.31,218.04,0.4353,-1,-1,-1
451,133,1804.18,774.38,104.72,304.34,0.8401,-1,-1,-1
451,131,604.38,559.01,45.64,139.13,0.2988,-1,-1,-1
452,119,284.73,567.43,48.51,123.15,0.4940,-1,-1,-1
452,124,964.32,620.73,86.79,232.38,0.4459,-1,-1,-1
452,113,818.59,685.81,100.54,270.28,0.8027,-1,-1,-1
452,132,893.32,619.40,66.18,222.54,0.3659,-1,-1,-1
452,133,1772.05,774.19,134.92,303.49,0.8553,-1,-1,-1
452,131,580.52,559.76,44.96,138.73,0.1805,-1,-1,-1
452,112,481.67,566.95,42.40,148.85,0.3984,-1,-1,-1
453,119,252.67,569.63,50.67,123.77,0.3510,-1,-1,-1
453,124,939.19,618.18,89.43,236.82,0.5623,-1,-1,-1
453,113,786.42,691.60,104.16,269.06,0.7358,-1,-1,-1
453,133,1739.72,773.45,167.29,304.60,0.8488,-1,-1,-1
453,131,555.66,559.94,47.77,140.87,0.2742,-1,-1,-1
453,112,457.65,567.29,41.27,152.60,0.3801,-1,-1,-1
454,119,224.15,570.95,50.99,124.04,0.3431,-1,-1,-1
454,124,914.45,614.35,84.14,244.93,0.6744,-1,-1,-1
454,113,751.51,695.36,104.15,271.71,0.7774,-1,-1,-1
454,133,1710.32,772.72,184.37,307.79,0.8562,-1,-1,-1
454,131,527.01,560.94,51.07,141.06,0.3218,-1,-1,-1
454,112,429.55,569.52,42.41,155.22,0.4399,-1,-1,-1
454,132,840.87,620.42,64.53,221.04,0.4273,-1,-1,-1
455,124,887.11,616.77,82.08,248.23,0.7291,-1,-1,-1
455,113,716.13,699.54,101.44,274.45,0.7855,-1,-1,-1
455,133,1680.21,773.36,192.71,308.37,0.8525,-1,-1,-1
455,131,499.33,563.71,48.16,143.33,0.3972,-1,-1,-1
455,112,400.89,571.68,43.42,157.98,0.4811,-1,-1,-1
455,132,813.40,630.58,62.26,218.97,0.6830,-1,-1,-1
456,124,860.01,614.33,78.99,251.38,0.6911,-1,-1,-1
456,113,679.88,697.42,94.33,288.90,0.7835,-1,-1,-1
456,133,1646.75,768.93,197.81,311.87,0.8585,-1,-1,-1
456,131,474.03,561.59,46.96,146.12,0.4927,-1,-1,-1
456,112,372.45,572.13,42.13,161.00,0.3419,-1,-1,-1
456,132,782.99,632.16,65.23,222.76,0.5989,-1,-1,-1
457,124,826.65,619.89,85.11,251.65,0.5787,-1,-1,-1
457,113,643.84,697.00,90.75,303.60,0.7724,-1,-1,-1
457,133,1612.40,763.17,198.95,316.83,0.8523,-1,-1,-1
457,131,444.32,562.37,51.13,146.04,0.4458,-1,-1,-1
457,112,342.91,570.53,42.02,158.51,0.3941,-1,-1,-1
457,132,755.03,633.10,70.58,225.70,0.6256,-1,-1,-1
458,124,795.51,621.61,88.32,256.15,0.7012,-1,-1,-1
458,113,607.07,700.50,99.06,314.17,0.7407,-1,-1,-1
458,133,1577.91,760.98,200.40,318.57,0.8505,-1,-1,-1
458,131,412.62,561.31,55.84,148.29,0.4303,-1,-1,-1
458,112,311.95,572.60,44.08,162.84,0.4711,-1,-1,-1
458,132,721.97,638.50,70.83,224.72,0.6317,-1,-1,-1
458,119,87.44,551.81,62.95,149.87,0.5284,-1,-1,-1
459,124,766.31,658.35,88.25,224.04,0.4767,-1,-1,-1
459,113,566.05,704.37,102.20,322.80,0.7354,-1,-1,-1
459,133,1543.44,756.68,200.78,323.91,0.8503,-1,-1,-1
459,131,385.40,562.29,48.81,153.15,0.2457,-1,-1,-1
459,112,279.51,575.43,46.76,164.29,0.4414,-1,-1,-1
459,132,691.09,647.31,70.78,217.23,0.5333,-1,-1,-1
459,119,53.58,555.05,60.38,150.61,0.4967,-1,-1,-1
460,124,729.70,668.43,94.76,219.20,0.6044,-1,-1,-1
460,113,521.50,707.20,104.43,333.66,0.7363,-1,-1,-1
460,133,1507.96,757.65,199.60,323.57,0.8536,-1,-1,-1
460,131,357.23,565.81,55.43,151.57,0.4219,-1,-1,-1
460,112,247.65,578.11,46.96,162.39,0.3295,-1,-1,-1
460,132,658.68,650.90,71.66,220.64,0.6611,-1,-1,-1
460,119,18.72,551.81,60.00,154.81,0.1796,-1,-1,-1
461,124,702.46,650.65,88.74,242.35,0.6985,-1,-1,-1
461,113,474.71,720.93,108.05,332.57,0.7104,-1,-1,-1
461,133,1473.30,759.67,196.16,321.13,0.8649,-1,-1,-1
461,131,328.18,565.03,51.56,154.85,0.3652,-1,-1,-1
461,112,217.80,580.62,45.96,161.56,0.3331,-1,-1,-1
461,132,624.04,654.08,72.88,225.36,0.6037,-1,-1,-1
461,119,-5.30,554.25,43.54,156.52,0.3967,-1,-1,-1
462,124,669.88,639.95,91.21,258.01,0.5896,-1,-1,-1
462,113,427.51,731.15,118.09,328.96,0.7563,-1,-1,-1
462,133,1439.39,769.87,193.96,310.67,0.8505,-1,-1,-1
462,131,298.29,566.97,53.08,153.77,0.3396,-1,-1,-1
462,112,183.69,580.54,48.60,167.30,0.4210,-1,-1,-1
462,132,591.33,654.52,73.54,229.29,0.5055,-1,-1,-1
462,136,133.26,582.37,64.22,165.04,0.3652,-1,-1,-1
463,124,634.36,646.07,102.13,259.47,0.7215,-1,-1,-1
463,113,382.40,739.38,124.74,330.10,0.7758,-1,-1,-1
463,133,1404.60,784.60,191.12,296.27,0.8487,-1,-1,-1
463,131,267.86,575.70,55.35,148.72,0.2638,-1,-1,-1
463,112,144.43,586.67,57.02,164.43,0.3593,-1,-1,-1
463,132,555.29,655.56,76.59,233.55,0.5834,-1,-1,-1
463,136,95.23,613.97,60.74,135.19,0.3779,-1,-1,-1
464,124,598.86,645.42,107.17,265.50,0.6788,-1,-1,-1
464,113,333.98,748.59,136.60,329.55,0.6683,-1,-1,-1
464,133,1369.99,799.26,190.23,281.96,0.8723,-1,-1,-1
464,131,232.94,578.43,60.46,150.58,0.2676,-1,-1,-1
464,112,106.73,589.02,59.71,167.44,0.3384,-1,-1,-1
464,132,519.34,659.56,84.67,235.43,0.5359,-1,-1,-1
464,136,60.06,610.03,58.86,144.56,0.2416,-1,-1,-1
465,124,559.62,647.34,112.55,268.51,0.7094,-1,-1,-1
465,113,282.89,750.96,152.57,331.80,0.7207,-1,-1,-1
465,133,1334.33,814.36,189.66,266.20,0.8568,-1,-1,-1
465,112,68.62,587.51,62.12,170.94,0.2973,-1,-1,-1
465,132,484.06,658.82,87.09,239.40,0.6625,-1,-1,-1
465,136,22.73,618.22,57.79,138.52,0.2174,-1,-1,-1
465,118,122.21,575.72,58.81,167.68,0.3648,-1,-1,-1
466,124,526.59,672.98,109.51,252.15,0.6716,-1,-1,-1
466,113,227.51,757.86,166.89,326.44,0.8047,-1,-1,-1
466,133,1299.33,827.20,188.64,253.60,0.8278,-1,-1,-1
466,112,28.37,592.03,67.35,170.09,0.3248,-1,-1,-1
466,132,445.46,654.80,93.81,249.27,0.6199,-1,-1,-1
466,118,88.49,577.40,58.13,169.35,0.1867,-1,-1,-1
467,124,488.79,681.47,113.09,251.54,0.6665,-1,-1,-1
467,113,172.96,763.46,174.96,320.89,0.8408,-1,-1,-1
467,133,1266.28,838.47,185.47,241.73,0.7982,-1,-1,-1
467,112,-3.50,586.41,56.61,173.92,0.2728,-1,-1,-1
467,132,405.52,662.38,101.89,249.47,0.5698,-1,-1,-1
467,118,52.01,576.67,58.98,169.95,0.1563,-1,-1,-1
467,131,132.58,564.47,73.55,174.87,0.3777,-1,-1,-1
468,124,453.04,694.44,109.20,244.26,0.6069,-1,-1,-1
468,113,115.81,765.88,182.95,317.16,0.8537,-1,-1,-1
468,133,1233.50,848.60,182.77,231.29,0.8420,-1,-1,-1
468,132,369.84,665.12,91.21,252.20,0.3714,-1,-1,-1
468,118,19.35,578.67,55.50,169.94,0.2130,-1,-1,-1
468,131,106.51,574.41,65.86,171.04,0.3258,-1,-1,-1
469,124,413.11,697.28,112.34,245.92,0.5601,-1,-1,-1
469,113,56.26,772.59,189.53,308.91,0.8412,-1,-1,-1
469,133,1202.27,855.78,176.43,223.85,0.8574,-1,-1,-1
469,132,331.78,667.68,79.20,243.58,0.5329,-1,-1,-1
470,124,373.66,699.35,112.87,250.44,0.6654,-1,-1,-1
470,113,2.68,775.40,186.90,306.23,0.8445,-1,-1,-1
470,133,1168.45,856.31,174.38,222.94,0.8429,-1,-1,-1
470,132,290.05,662.69,98.48,262.57,0.5178,-1,-1,-1
471,124,337.78,699.52,110.90,254.68,0.6809,-1,-1,-1
471,113,-16.56,782.39,151.11,296.58,0.7710,-1,-1,-1
471,133,1131.32,854.38,174.40,224.26,0.8500,-1,-1,-1
471,132,250.38,660.79,98.22,273.95,0.5287,-1,-1,-1
472,124,298.57,698.60,109.84,257.16,0.6609,-1,-1,-1
472,133,1092.72,852.45,175.35,226.30,0.8266,-1,-1,-1
472,132,212.36,654.51,107.38,281.97,0.5769,-1,-1,-1
473,124,258.64,699.61,106.93,261.82,0.6881,-1,-1,-1
473,133,1052.61,852.52,178.63,227.58,0.8490,-1,-1,-1
473,132,166.36,658.76,111.29,287.93,0.5632,-1,-1,-1
474,124,218.60,703.36,101.63,261.82,0.6901,-1,-1,-1
474,133,1011.89,851.89,182.78,228.41,0.8508,-1,-1,-1
474,132,122.47,657.56,113.91,293.10,0.6527,-1,-1,-1
475,124,175.04,702.71,100.69,269.45,0.7060,-1,-1,-1
475,133,970.27,851.80,181.00,228.21,0.8340,-1,-1,-1
475,132,74.66,663.20,104.70,292.15,0.5926,-1,-1,-1
476,124,126.42,705.32,107.89,273.17,0.7539,-1,-1,-1
476,133,928.56,858.51,175.12,222.47,0.7552,-1,-1,-1
476,132,25.70,679.04,104.25,279.84,0.6382,-1,-1,-1
477,124,79.25,704.90,111.55,280.36,0.7145,-1,-1,-1
477,133,886.19,863.30,187.79,217.06,0.6608,-1,-1,-1
477,132,-6.81,704.84,87.34,251.66,0.3802,-1,-1,-1
478,124,26.73,713.79,98.40,255.95,0.3680,-1,-1,-1
478,133,842.52,869.32,193.67,211.33,0.7552,-1,-1,-1
479,133,798.15,880.79,193.68,199.87,0.6744,-1,-1,-1
480,133,750.08,890.66,192.95,190.41,0.6641,-1,-1,-1
481,133,703.14,885.67,189.46,195.98,0.7856,-1,-1,-1
482,133,681.59,881.23,164.02,199.41,0.7740,-1,-1,-1
483,133,621.73,878.92,171.36,200.51,0.8148,-1,-1,-1
483,139,1791.41,657.60,96.82,235.72,0.7168,-1,-1,-1
483,140,1722.12,649.14,81.65,139.86,0.4874,-1,-1,-1
484,133,566.03,877.44,175.03,201.63,0.8336,-1,-1,-1
484,139,1751.87,656.60,96.26,239.53,0.6560,-1,-1,-1
484,140,1682.22,646.87,81.23,251.94,0.4627,-1,-1,-1
485,133,512.78,878.26,173.98,200.95,0.8324,-1,-1,-1
485,139,1710.74,659.07,91.25,237.05,0.6323,-1,-1,-1
485,140,1646.44,647.17,74.56,219.97,0.5510,-1,-1,-1
486,133,461.86,878.98,173.02,198.26,0.8498,-1,-1,-1
486,139,1671.37,657.90,83.80,212.36,0.6014,-1,-1,-1
486,140,1599.86,644.67,82.71,210.18,0.4141,-1,-1,-1
487,133,407.28,886.90,172.86,190.41,0.8557,-1,-1,-1
487,139,1629.38,659.26,82.26,204.07,0.3948,-1,-1,-1
487,140,1555.00,645.56,82.82,279.52,0.3277,-1,-1,-1
488,133,353.50,898.08,172.56,179.86,0.8582,-1,-1,-1
488,139,1588.75,660.43,79.23,164.16,0.3913,-1,-1,-1
488,140,1512.38,647.07,87.07,270.61,0.3617,-1,-1,-1
489,133,302.94,913.51,167.91,165.10,0.8444,-1,-1,-1
489,139,1548.70,660.83,72.66,144.36,0.3813,-1,-1,-1
489,140,1457.55,649.74,98.58,263.51,0.6566,-1,-1,-1
490,133,253.86,927.01,159.12,151.96,0.8215,-1,-1,-1
490,139,1505.74,666.56,73.01,137.54,0.4478,-1,-1,-1
490,140,1408.50,657.95,104.72,255.49,0.6962,-1,-1,-1
491,133,204.16,943.14,153.04,136.98,0.8064,-1,-1,-1
491,139,1455.63,671.80,81.35,135.70,0.3426,-1,-1,-1
491,140,1363.78,663.33,103.14,252.34,0.7025,-1,-1,-1
492,133,154.66,951.19,149.42,128.48,0.8025,-1,-1,-1
492,139,1411.27,677.05,85.94,136.94,0.3358,-1,-1,-1
492,140,1325.49,667.54,98.95,251.23,0.6261,-1,-1,-1
493,133,99.30,960.58,149.96,120.57,0.8063,-1,-1,-1
493,139,1369.75,679.12,83.00,134.44,0.3802,-1,-1,-1
493,140,1286.64,669.02,93.40,256.30,0.6427,-1,-1,-1
494,133,42.37,965.80,147.75,114.18,0.7974,-1,-1,-1
494,139,1326.51,682.67,81.13,137.64,0.4806,-1,-1,-1
494,140,1250.03,672.21,83.53,262.20,0.6541,-1,-1,-1
495,133,-4.32,968.16,134.59,111.98,0.8046,-1,-1,-1
495,139,1283.32,687.88,78.66,139.99,0.4732,-1,-1,-1
495,140,1213.38,677.23,70.74,264.00,0.5882,-1,-1,-1
496,133,-18.42,968.77,80.15,111.24,0.5921,-1,-1,-1
496,139,1238.46,694.70,76.65,141.31,0.2925,-1,-1,-1
496,140,1172.17,682.00,68.11,270.63,0.6295,-1,-1,-1
497,140,1128.88,681.02,64.95,271.76,0.5995,-1,-1,-1
498,140,1080.95,680.47,69.75,275.07,0.6582,-1,-1,-1
498,139,1135.50,691.05,90.20,229.45,0.4749,-1,-1,-1
499,140,1032.25,680.66,72.67,275.22,0.6614,-1,-1,-1
499,139,1096.12,687.71,89.30,253.35,0.5537,-1,-1,-1
500,140,981.81,678.80,79.20,275.81,0.7315,-1,-1,-1
500,139,1051.92,685.90,86.60,261.65,0.6237,-1,-1,-1
501,140,934.26,679.91,87.47,276.73,0.7282,-1,-1,-1
501,139,1008.88,685.83,85.93,273.06,0.6590,-1,-1,-1
502,140,883.28,680.17,92.44,275.41,0.6861,-1,-1,-1
502,139,962.05,684.26,83.24,279.39,0.5902,-1,-1,-1
503,140,833.55,682.47,97.02,272.59,0.6913,-1,-1,-1
503,139,914.09,683.49,81.49,279.26,0.5853,-1,-1,-1
504,140,786.08,682.25,99.30,275.54,0.7614,-1,-1,-1
504,139,871.55,684.80,80.78,283.43,0.5895,-1,-1,-1
504,142,1831.74,652.10,77.06,165.78,0.7217,-1,-1,-1
505,140,735.93,682.93,100.97,286.87,0.7850,-1,-1,-1
505,139,825.21,689.12,82.12,298.83,0.5898,-1,-1,-1
505,142,1798.65,647.21,80.13,174.46,0.6052,-1,-1,-1
506,140,688.13,686.94,95.65,292.80,0.7065,-1,-1,-1
506,139,774.00,693.73,87.80,302.88,0.5740,-1,-1,-1
506,142,1764.22,654.05,77.71,169.12,0.6671,-1,-1,-1
506,143,1844.70,660.15,57.46,177.38,0.6147,-1,-1,-1
507,140,638.39,692.28,92.11,293.97,0.7608,-1,-1,-1
507,139,700.29,699.06,110.00,314.34,0.7067,-1,-1,-1
507,142,1736.96,654.98,71.16,166.53,0.6426,-1,-1,-1
507,143,1813.06,654.00,74.02,181.65,0.7321,-1,-1,-1
508,140,591.26,699.09,86.38,296.78,0.7603,-1,-1,-1
508,139,642.53,708.87,118.10,326.00,0.7300,-1,-1,-1
508,142,1702.14,658.14,74.53,167.56,0.5627,-1,-1,-1
508,143,1780.62,661.44,78.08,179.84,0.6055,-1,-1,-1
509,140,541.66,707.42,82.46,303.89,0.6887,-1,-1,-1
509,139,591.57,716.19,116.54,326.90,0.7483,-1,-1,-1
509,142,1668.36,664.11,76.38,169.08,0.6943,-1,-1,-1
509,143,1746.16,660.83,78.62,180.89,0.7213,-1,-1,-1
510,140,488.41,713.09,85.33,306.31,0.6368,-1,-1,-1
510,139,544.87,723.97,111.10,332.52,0.6777,-1,-1,-1
510,142,1636.88,670.40,72.07,168.14,0.6842,-1,-1,-1
510,143,1710.81,666.94,77.78,181.49,0.6914,-1,-1,-1
511,140,433.79,720.57,87.50,301.06,0.6171,-1,-1,-1
511,139,493.96,733.30,109.41,333.05,0.7491,-1,-1,-1
511,142,1599.74,673.19,72.02,169.39,0.7166,-1,-1,-1
511,143,1676.82,668.59,73.41,182.70,0.7270,-1,-1,-1
512,140,380.38,727.09,87.48,311.12,0.5392,-1,-1,-1
512,139,425.44,742.34,127.69,326.77,0.7185,-1,-1,-1
512,142,1561.01,672.95,76.99,176.50,0.7051,-1,-1,-1
512,143,1641.08,672.80,75.55,184.41,0.6748,-1,-1,-1
513,140,293.93,732.81,117.93,315.64,0.6432,-1,-1,-1
513,139,372.97,747.87,127.66,332.62,0.7005,-1,-1,-1
513,142,1525.03,672.25,80.72,178.84,0.7515,-1,-1,-1
513,143,1607.57,672.81,71.23,188.56,0.6604,-1,-1,-1
513,145,1619.79,567.87,35.38,106.51,0.3498,-1,-1,-1
514,140,218.90,739.48,136.69,322.55,0.5436,-1,-1,-1
514,139,312.56,753.43,131.71,330.40,0.7654,-1,-1,-1
514,142,1492.49,675.77,77.06,179.38,0.6381,-1,-1,-1
514,143,1569.81,673.33,77.34,195.25,0.6808,-1,-1,-1
514,145,1590.53,570.82,36.16,110.23,0.5217,-1,-1,-1
515,140,156.93,746.95,148.84,326.61,0.3863,-1,-1,-1
515,139,261.76,758.03,128.50,324.96,0.6424,-1,-1,-1
515,142,1462.15,674.75,74.39,179.96,0.7034,-1,-1,-1
515,143,1536.85,673.50,73.01,198.33,0.6556,-1,-1,-1
515,145,1561.93,570.87,38.94,111.62,0.6311,-1,-1,-1
516,140,97.80,752.09,139.29,328.57,0.3564,-1,-1,-1
516,139,203.77,762.71,122.75,318.90,0.6314,-1,-1,-1
516,142,1430.26,674.14,72.51,180.07,0.7505,-1,-1,-1
516,143,1504.62,676.98,72.78,199.28,0.6135,-1,-1,-1
516,145,1535.29,571.06,39.38,113.05,0.6467,-1,-1,-1
517,140,70.35,755.23,102.95,282.12,0.3547,-1,-1,-1
517,139,124.60,766.84,146.99,313.35,0.7483,-1,-1,-1
517,142,1396.44,672.85,74.83,183.72,0.6919,-1,-1,-1
517,143,1472.53,674.01,74.01,200.92,0.6684,-1,-1,-1
517,145,1508.03,571.49,39.12,109.58,0.6152,-1,-1,-1
517,146,1849.74,738.05,63.91,268.50,0.6684,-1,-1,-1
518,140,8.30,758.75,101.01,302.54,0.4866,-1,-1,-1
518,139,65.05,774.51,143.10,307.14,0.6761,-1,-1,-1
518,142,1359.96,675.05,80.76,184.71,0.5478,-1,-1,-1
518,143,1442.55,679.63,60.36,194.90,0.6107,-1,-1,-1
518,145,1479.95,571.91,40.34,107.30,0.5769,-1,-1,-1
518,146,1822.58,734.64,83.01,272.61,0.6594,-1,-1,-1
519,139,1.85,782.52,148.33,299.76,0.8031,-1,-1,-1
519,142,1322.93,675.23,85.19,186.66,0.6926,-1,-1,-1
519,143,1411.14,677.81,60.44,195.37,0.6638,-1,-1,-1
519,145,1452.10,569.10,43.21,107.05,0.5472,-1,-1,-1
519,146,1785.15,733.04,100.75,272.45,0.7419,-1,-1,-1
520,139,-21.47,789.39,108.43,292.11,0.3810,-1,-1,-1
520,142,1288.22,675.42,87.05,188.56,0.7502,-1,-1,-1
520,143,1376.24,677.19,71.67,196.96,0.7173,-1,-1,-1
520,145,1426.64,569.95,43.03,103.50,0.5410,-1,-1,-1
520,146,1752.27,733.23,105.54,274.33,0.5999,-1,-1,-1
521,142,1253.94,679.80,88.28,185.47,0.7223,-1,-1,-1
521,143,1346.94,678.35,70.42,202.02,0.7116,-1,-1,-1
521,145,1400.87,570.39,43.51,102.01,0.5579,-1,-1,-1
521,146,1714.67,732.32,110.99,276.21,0.5830,-1,-1,-1
522,142,1224.21,679.97,83.97,185.69,0.7215,-1,-1,-1
522,143,1315.12,677.54,68.31,202.98,0.6763,-1,-1,-1
522,145,1375.00,569.61,46.53,101.33,0.5403,-1,-1,-1
522,146,1669.44,731.96,121.43,277.79,0.3825,-1,-1,-1
523,142,1193.83,683.24,79.39,182.33,0.7335,-1,-1,-1
523,143,1281.34,678.50,72.64,205.54,0.7024,-1,-1,-1
523,145,1350.02,569.14,50.29,101.46,0.5403,-1,-1,-1
523,146,1640.60,729.95,119.98,271.59,0.6686,-1,-1,-1
524,142,1164.92,685.76,76.46,184.34,0.7115,-1,-1,-1
524,143,1250.28,680.56,73.22,206.48,0.7244,-1,-1,-1
524,145,1323.97,570.03,53.13,100.57,0.5657,-1,-1,-1
524,146,1610.20,726.91,117.09,274.77,0.6906,-1,-1,-1
525,142,1133.40,682.50,72.52,191.86,0.6781,-1,-1,-1
525,143,1215.86,678.56,73.90,212.45,0.6379,-1,-1,-1
525,145,1299.23,570.02,53.92,101.22,0.5809,-1,-1,-1
525,146,1578.30,727.61,117.89,274.94,0.7929,-1,-1,-1
526,142,1101.04,684.49,71.23,194.39,0.7440,-1,-1,-1
526,143,1179.32,678.01,79.48,217.98,0.7261,-1,-1,-1
526,145,1275.52,572.08,50.96,99.45,0.5841,-1,-1,-1
526,146,1545.01,724.24,118.16,276.19,0.7744,-1,-1,-1
527,142,1071.55,684.29,69.51,195.47,0.6852,-1,-1,-1
527,143,1144.70,680.77,80.78,219.52,0.6789,-1,-1,-1
527,145,1253.06,572.91,48.39,99.08,0.5489,-1,-1,-1
527,146,1513.77,723.08,115.75,274.17,0.5388,-1,-1,-1
528,142,1038.04,685.78,70.35,200.68,0.6997,-1,-1,-1
528,143,1110.02,684.17,84.35,222.66,0.7578,-1,-1,-1
528,145,1229.41,573.16,49.40,99.71,0.6030,-1,-1,-1
528,146,1479.05,725.40,117.67,270.74,0.7015,-1,-1,-1
529,142,1004.42,687.37,72.76,206.89,0.7332,-1,-1,-1
529,143,1068.35,687.49,94.50,226.80,0.7584,-1,-1,-1
529,145,1206.61,572.78,48.77,100.54,0.5898,-1,-1,-1
529,146,1442.62,726.25,122.66,274.95,0.6300,-1,-1,-1
530,142,969.86,694.49,74.62,209.21,0.6681,-1,-1,-1
530,143,1031.89,690.46,99.09,229.87,0.6777,-1,-1,-1
530,145,1183.51,572.85,46.93,100.60,0.6143,-1,-1,-1
530,146,1409.83,728.26,126.48,283.76,0.7405,-1,-1,-1
531,142,936.91,698.72,75.87,207.26,0.6237,-1,-1,-1
531,143,996.83,695.73,104.78,231.24,0.7047,-1,-1,-1
531,145,1161.90,571.28,45.65,102.21,0.6199,-1,-1,-1
531,146,1379.37,727.00,130.42,290.22,0.8185,-1,-1,-1
532,142,899.28,702.33,82.50,211.46,0.6622,-1,-1,-1
532,143,962.49,701.50,106.98,237.23,0.6899,-1,-1,-1
532,145,1141.64,571.25,44.79,104.79,0.6678,-1,-1,-1
532,146,1351.33,731.96,135.06,291.19,0.7074,-1,-1,-1
533,142,862.43,706.69,85.26,210.05,0.6871,-1,-1,-1
533,143,935.40,702.53,102.97,241.67,0.7116,-1,-1,-1
533,145,1118.93,569.96,45.90,106.87,0.6539,-1,-1,-1
533,146,1325.70,734.46,122.46,293.01,0.7370,-1,-1,-1
534,142,832.64,706.15,84.43,212.48,0.6528,-1,-1,-1
534,143,910.20,705.81,97.72,236.95,0.7626,-1,-1,-1
534,145,1097.74,570.66,44.90,108.62,0.6532,-1,-1,-1
534,146,1299.11,737.08,116.08,294.14,0.7137,-1,-1,-1
535,142,801.98,706.12,83.47,220.91,0.6752,-1,-1,-1
535,143,880.89,707.70,93.04,242.84,0.7503,-1,-1,-1
535,145,1076.11,569.98,43.23,110.19,0.6550,-1,-1,-1
535,146,1273.90,738.86,112.97,294.92,0.7399,-1,-1,-1
536,142,770.79,706.57,78.90,226.73,0.6749,-1,-1,-1
536,143,846.87,707.71,94.18,249.62,0.8327,-1,-1,-1
536,145,1057.19,573.52,43.17,108.75,0.5826,-1,-1,-1
536,146,1249.51,738.58,110.23,294.41,0.7716,-1,-1,-1
537,142,738.97,705.14,69.34,235.16,0.6368,-1,-1,-1
537,143,818.06,709.69,89.02,252.13,0.7016,-1,-1,-1
537,145,1036.28,574.80,43.85,107.38,0.6602,-1,-1,-1
537,146,1223.71,734.20,106.95,297.11,0.6901,-1,-1,-1
538,142,703.49,708.89,66.36,234.67,0.5704,-1,-1,-1
538,143,779.87,711.04,88.93,259.26,0.6954,-1,-1,-1
538,145,1016.53,578.79,43.86,109.02,0.6527,-1,-1,-1
538,146,1196.58,737.22,104.58,295.80,0.7854,-1,-1,-1
539,142,666.99,713.14,70.85,233.07,0.7134,-1,-1,-1
539,143,744.80,713.75,91.13,267.16,0.7924,-1,-1,-1
539,145,995.73,577.81,43.47,110.20,0.6728,-1,-1,-1
539,146,1170.72,735.53,106.09,297.19,0.7506,-1,-1,-1
540,142,623.66,717.27,85.15,238.98,0.6407,-1,-1,-1
540,143,714.82,717.42,83.07,269.17,0.6598,-1,-1,-1
540,145,977.12,578.84,43.72,111.76,0.6850,-1,-1,-1
540,146,1141.91,737.85,105.59,302.14,0.7524,-1,-1,-1
541,142,577.38,722.64,99.83,246.73,0.7054,-1,-1,-1
541,143,673.59,723.70,95.83,274.62,0.6794,-1,-1,-1
541,145,956.70,580.17,43.78,112.73,0.6276,-1,-1,-1
541,146,1113.46,740.66,104.19,302.66,0.7247,-1,-1,-1
542,142,529.00,725.18,114.26,250.07,0.6915,-1,-1,-1
542,143,633.99,729.81,101.42,275.30,0.7090,-1,-1,-1
542,145,936.82,583.17,46.29,112.20,0.7012,-1,-1,-1
542,146,1073.70,749.00,114.86,310.51,0.6385,-1,-1,-1
543,142,489.70,731.26,125.55,255.13,0.7035,-1,-1,-1
543,143,598.87,735.62,102.64,280.55,0.7806,-1,-1,-1
543,145,917.26,584.51,47.76,111.25,0.6850,-1,-1,-1
543,146,1049.49,751.90,113.30,307.96,0.7279,-1,-1,-1
544,142,450.82,744.44,133.35,259.40,0.7275,-1,-1,-1
544,143,560.48,746.35,106.70,295.02,0.7096,-1,-1,-1
544,145,896.14,586.27,47.78,111.81,0.7090,-1,-1,-1
544,146,1024.17,758.43,112.33,309.21,0.7079,-1,-1,-1
545,142,420.06,745.92,135.29,252.25,0.7181,-1,-1,-1
545,143,527.74,746.63,107.50,295.97,0.7580,-1,-1,-1
545,145,877.94,583.82,49.60,112.11,0.7023,-1,-1,-1
545,146,993.51,755.89,114.90,314.13,0.7439,-1,-1,-1
546,142,385.82,745.40,128.40,258.62,0.7425,-1,-1,-1
546,143,488.74,748.74,111.18,303.00,0.7638,-1,-1,-1
546,145,857.60,583.64,48.83,112.17,0.7116,-1,-1,-1
546,146,969.31,756.45,113.74,311.93,0.6965,-1,-1,-1
547,142,357.47,747.55,112.54,263.06,0.7224,-1,-1,-1
547,143,456.91,752.88,105.56,300.65,0.8201,-1,-1,-1
547,145,838.64,584.15,50.45,112.28,0.7227,-1,-1,-1
547,146,937.84,755.28,120.86,313.32,0.7432,-1,-1,-1
548,142,319.15,750.92,105.51,271.74,0.7352,-1,-1,-1
548,143,417.75,753.67,101.63,305.77,0.7996,-1,-1,-1
548,145,819.00,584.71,51.87,112.33,0.7540,-1,-1,-1
548,146,913.00,760.02,118.22,306.84,0.7663,-1,-1,-1
549,142,282.81,758.76,104.54,271.69,0.7634,-1,-1,-1
549,143,377.93,758.26,107.75,310.87,0.7927,-1,-1,-1
549,145,798.71,582.79,53.77,113.34,0.7150,-1,-1,-1
549,146,885.50,754.91,121.82,310.17,0.7789,-1,-1,-1
550,142,243.67,759.42,100.92,281.34,0.7297,-1,-1,-1
550,143,336.73,759.95,114.83,313.89,0.7555,-1,-1,-1
550,145,779.81,583.02,53.56,115.30,0.7178,-1,-1,-1
550,146,860.52,757.10,119.21,310.07,0.7358,-1,-1,-1
551,142,200.47,762.53,100.17,294.47,0.7374,-1,-1,-1
551,143,293.99,764.76,111.43,310.34,0.7218,-1,-1,-1
551,145,761.77,584.70,52.08,116.00,0.6975,-1,-1,-1
551,146,842.94,769.18,112.26,299.29,0.6303,-1,-1,-1
552,142,157.72,767.48,100.70,304.89,0.6999,-1,-1,-1
552,143,247.17,768.24,113.98,311.63,0.7922,-1,-1,-1
552,145,743.05,584.60,54.55,115.26,0.7550,-1,-1,-1
552,146,807.73,731.87,122.68,342.88,0.7285,-1,-1,-1
553,142,111.10,773.39,101.94,307.47,0.6908,-1,-1,-1
553,143,198.07,775.75,117.91,306.45,0.7406,-1,-1,-1
553,145,724.58,583.14,55.82,117.41,0.7021,-1,-1,-1
553,146,788.94,739.35,119.26,339.18,0.7113,-1,-1,-1
554,142,66.08,780.82,104.13,302.02,0.7078,-1,-1,-1
554,143,147.53,782.19,124.60,300.72,0.7761,-1,-1,-1
554,145,704.87,582.48,56.69,118.96,0.7024,-1,-1,-1
554,146,765.45,751.75,118.98,328.07,0.7559,-1,-1,-1
555,142,19.79,789.80,107.18,293.34,0.7459,-1,-1,-1
555,143,101.25,794.03,133.36,288.90,0.7607,-1,-1,-1
555,145,688.23,583.96,53.79,118.68,0.7200,-1,-1,-1
555,146,726.31,757.33,134.55,317.89,0.7080,-1,-1,-1
555,151,765.95,546.70,38.50,78.96,0.4224,-1,-1,-1
556,142,-6.68,796.22,84.59,286.61,0.6619,-1,-1,-1
556,143,54.58,802.88,129.69,278.46,0.7985,-1,-1,-1
556,145,669.80,581.08,54.37,120.36,0.7647,-1,-1,-1
556,146,699.75,760.81,132.96,304.43,0.7484,-1,-1,-1
556,151,747.20,541.41,38.18,83.12,0.2394,-1,-1,-1
557,143,5.35,814.18,128.40,266.90,0.8290,-1,-1,-1
557,145,651.98,579.45,53.17,121.06,0.7396,-1,-1,-1
557,146,680.47,764.39,126.75,310.41,0.7035,-1,-1,-1
557,151,734.65,544.64,38.03,79.51,0.4040,-1,-1,-1
558,143,-12.02,817.75,86.75,259.05,0.7045,-1,-1,-1
558,145,633.21,576.70,54.91,124.24,0.7541,-1,-1,-1
558,146,653.38,763.86,126.42,310.79,0.7618,-1,-1,-1
558,151,721.54,548.30,33.38,73.98,0.2335,-1,-1,-1
559,145,616.15,575.95,53.99,125.83,0.7402,-1,-1,-1
559,146,627.51,764.79,127.63,310.98,0.8014,-1,-1,-1
559,151,702.46,541.76,35.70,80.24,0.3740,-1,-1,-1
560,145,598.24,579.48,53.44,125.90,0.7689,-1,-1,-1
560,146,606.88,761.68,124.62,317.25,0.7896,-1,-1,-1
560,151,688.04,538.43,38.52,82.90,0.3464,-1,-1,-1
561,145,580.19,576.05,57.14,129.98,0.7433,-1,-1,-1
561,146,579.71,758.59,125.56,320.98,0.8303,-1,-1,-1
561,151,675.68,543.90,31.30,75.32,0.2699,-1,-1,-1
562,145,562.42,579.59,58.30,129.90,0.7126,-1,-1,-1
562,146,552.62,758.32,127.35,322.10,0.7908,-1,-1,-1
562,151,665.95,544.77,27.55,77.05,0.3065,-1,-1,-1
563,145,545.31,582.58,60.37,130.47,0.7623,-1,-1,-1
563,146,529.48,757.19,123.04,323.04,0.8607,-1,-1,-1
564,145,530.10,584.73,61.35,129.72,0.6848,-1,-1,-1
564,146,503.46,758.64,124.45,321.84,0.8214,-1,-1,-1
565,145,513.65,584.08,61.25,131.79,0.7128,-1,-1,-1
565,146,474.79,760.51,129.57,319.51,0.7226,-1,-1,-1
566,145,496.27,585.42,64.39,131.11,0.7683,-1,-1,-1
566,146,440.56,765.17,141.22,315.08,0.7201,-1,-1,-1
567,145,481.38,587.80,63.54,132.31,0.7734,-1,-1,-1
567,146,416.50,775.47,141.84,305.01,0.8361,-1,-1,-1
568,145,463.43,588.25,64.61,134.07,0.7332,-1,-1,-1
568,146,382.54,783.45,150.82,296.06,0.7893,-1,-1,-1
569,145,443.77,588.58,69.85,136.07,0.6929,-1,-1,-1
569,146,356.73,789.08,154.75,290.82,0.7921,-1,-1,-1
570,145,428.86,588.50,69.02,138.50,0.7269,-1,-1,-1
570,146,330.16,790.77,156.60,288.50,0.7940,-1,-1,-1
571,145,413.55,591.13,68.77,138.89,0.7143,-1,-1,-1
571,146,304.41,795.64,158.19,284.53,0.8200,-1,-1,-1
572,145,397.12,594.33,69.52,138.09,0.6670,-1,-1,-1
572,146,282.03,798.18,153.97,279.58,0.5801,-1,-1,-1
572,152,1855.18,588.76,62.91,163.37,0.4300,-1,-1,-1
573,145,381.15,594.39,68.79,141.38,0.7177,-1,-1,-1
573,146,261.68,798.75,149.14,245.19,0.5700,-1,-1,-1
573,152,1860.96,590.30,56.69,161.65,0.4568,-1,-1,-1
574,145,365.89,597.21,70.56,141.47,0.7033,-1,-1,-1
574,146,226.90,800.18,156.39,267.84,0.5447,-1,-1,-1
574,152,1857.79,588.86,52.10,161.15,0.4108,-1,-1,-1
575,145,346.49,598.33,72.96,141.09,0.7110,-1,-1,-1
575,146,203.44,800.71,151.61,242.98,0.6260,-1,-1,-1
575,152,1839.27,588.10,65.19,173.31,0.2073,-1,-1,-1
576,145,329.62,599.57,73.89,144.17,0.7442,-1,-1,-1
576,146,169.62,806.21,157.93,261.14,0.6872,-1,-1,-1
576,152,1832.78,587.03,65.88,175.01,0.3975,-1,-1,-1
577,145,312.74,599.16,75.53,144.56,0.6866,-1,-1,-1
577,146,144.44,807.97,155.66,231.27,0.5243,-1,-1,-1
577,152,1827.52,583.52,64.30,180.51,0.4354,-1,-1,-1
578,145,295.59,598.04,76.30,148.84,0.7532,-1,-1,-1
578,146,111.18,811.18,161.96,254.90,0.4203,-1,-1,-1
578,152,1821.14,581.18,61.26,183.64,0.2787,-1,-1,-1
579,145,279.18,598.17,73.78,151.70,0.7547,-1,-1,-1
579,146,83.84,817.36,161.95,225.72,0.5877,-1,-1,-1
579,152,1815.35,585.00,58.95,182.12,0.5376,-1,-1,-1
580,145,263.90,600.34,74.09,151.16,0.6793,-1,-1,-1
580,146,54.20,822.96,162.62,238.31,0.4700,-1,-1,-1
580,152,1809.38,589.46,58.89,180.04,0.6319,-1,-1,-1
581,145,247.23,597.52,74.66,157.01,0.7601,-1,-1,-1
581,146,13.34,828.18,172.89,245.32,0.7613,-1,-1,-1
581,152,1803.52,590.16,60.19,181.75,0.4662,-1,-1,-1
582,145,231.13,598.92,72.93,158.15,0.7676,-1,-1,-1
582,146,-4.87,833.91,163.61,245.10,0.8054,-1,-1,-1
582,152,1796.28,589.20,63.07,184.29,0.5940,-1,-1,-1
583,145,212.66,599.71,77.73,159.98,0.7500,-1,-1,-1
583,146,-10.08,836.85,142.42,237.28,0.6362,-1,-1,-1
583,152,1789.88,600.14,64.67,174.21,0.5121,-1,-1,-1
584,145,196.75,598.93,79.42,165.81,0.7858,-1,-1,-1
584,146,-9.51,837.09,112.35,238.01,0.7329,-1,-1,-1
584,152,1784.12,611.18,64.42,163.89,0.4757,-1,-1,-1
585,145,184.71,600.98,77.09,170.81,0.8120,-1,-1,-1
585,146,-7.67,844.02,80.42,234.61,0.7109,-1,-1,-1
585,152,1778.90,608.39,65.17,165.43,0.3025,-1,-1,-1
586,145,168.81,604.36,79.10,170.58,0.7215,-1,-1,-1
586,152,1775.13,593.07,64.83,178.58,0.3879,-1,-1,-1
587,145,155.24,607.37,81.77,170.83,0.7767,-1,-1,-1
587,152,1773.94,590.99,57.82,168.63,0.3611,-1,-1,-1
588,145,141.77,609.51,82.41,173.46,0.7847,-1,-1,-1
588,152,1772.50,587.03,56.94,165.25,0.4650,-1,-1,-1
589,145,126.83,612.84,85.04,174.18,0.7698,-1,-1,-1
589,152,1768.37,583.81,55.97,163.54,0.5746,-1,-1,-1
590,145,114.46,614.01,85.65,177.22,0.7599,-1,-1,-1
590,152,1766.34,582.10,57.77,168.76,0.6647,-1,-1,-1
591,145,100.00,614.92,84.22,179.57,0.7863,-1,-1,-1
591,152,1765.41,581.96,60.23,169.70,0.7536,-1,-1,-1
591,157,1225.09,525.69,30.56,77.97,0.4284,-1,-1,-1
592,145,85.89,618.73,86.25,177.63,0.7911,-1,-1,-1
592,152,1764.32,578.58,62.12,168.42,0.7303,-1,-1,-1
592,157,1225.85,527.95,28.63,75.22,0.3651,-1,-1,-1
593,145,72.41,618.46,86.34,181.91,0.7665,-1,-1,-1
593,152,1764.42,581.81,62.56,168.59,0.7711,-1,-1,-1
593,157,1224.84,528.93,28.00,75.07,0.4404,-1,-1,-1
593,158,332.95,534.59,41.42,99.18,0.5745,-1,-1,-1
594,145,57.42,621.16,91.09,184.45,0.7571,-1,-1,-1
594,152,1762.16,579.97,66.12,171.72,0.7166,-1,-1,-1
594,157,1223.73,528.85,28.99,74.13,0.4168,-1,-1,-1
594,158,330.14,536.67,39.27,97.67,0.4652,-1,-1,-1
595,145,44.72,621.33,89.17,188.12,0.7900,-1,-1,-1
595,152,1753.79,581.81,76.98,175.99,0.7265,-1,-1,-1
595,157,1223.46,528.54,29.20,76.09,0.4111,-1,-1,-1
595,158,325.83,536.77,40.51,95.98,0.5054,-1,-1,-1
596,145,30.42,626.15,90.83,189.60,0.7927,-1,-1,-1
596,152,1751.01,579.61,82.48,177.63,0.7311,-1,-1,-1
596,157,1224.88,526.98,29.28,76.31,0.4209,-1,-1,-1
596,158,319.86,536.89,43.20,97.15,0.5003,-1,-1,-1
597,145,16.70,627.66,91.71,192.27,0.7593,-1,-1,-1
597,152,1755.36,584.76,80.37,173.34,0.7491,-1,-1,-1
597,157,1227.13,527.69,28.08,76.39,0.3627,-1,-1,-1
597,158,315.38,533.37,42.52,102.99,0.6775,-1,-1,-1
598,145,2.47,637.21,96.51,192.64,0.7891,-1,-1,-1
598,152,1758.79,584.22,81.79,171.51,0.7623,-1,-1,-1
598,157,1228.41,527.74,27.49,76.23,0.3448,-1,-1,-1
598,158,310.35,536.70,42.54,104.69,0.5364,-1,-1,-1
599,145,-2.89,640.62,88.65,193.16,0.7888,-1,-1,-1
599,152,1763.90,582.79,82.52,172.93,0.7712,-1,-1,-1
599,157,1230.52,525.85,27.94,78.72,0.4838,-1,-1,-1
599,158,307.99,541.42,42.04,100.62,0.4995,-1,-1,-1
600,145,-4.82,647.54,78.54,192.30,0.7804,-1,-1,-1
600,152,1766.58,582.20,82.84,176.33,0.7865,-1,-1,-1
600,157,1232.07,522.16,29.12,83.27,0.5875,-1,-1,-1
600,158,303.69,544.57,43.78,99.01,0.4888,-1,-1,-1
601,145,-4.81,651.42,65.76,192.72,0.7085,-1,-1,-1
601,152,1774.93,580.57,76.77,178.52,0.7812,-1,-1,-1
601,157,1233.73,522.77,29.12,82.99,0.4022,-1,-1,-1
601,158,298.42,541.51,47.02,103.24,0.4745,-1,-1,-1
602,145,-3.88,661.23,53.01,185.39,0.5064,-1,-1,-1
602,152,1783.88,577.70,70.06,181.60,0.7095,-1,-1,-1
602,157,1235.14,521.63,28.90,83.99,0.3447,-1,-1,-1
602,158,294.01,538.60,49.23,108.31,0.4388,-1,-1,-1
603,145,-2.73,671.65,37.71,178.70,0.4414,-1,-1,-1
603,152,1789.73,578.79,64.96,182.43,0.6269,-1,-1,-1
603,157,1236.03,519.81,30.52,87.26,0.4003,-1,-1,-1
603,158,290.32,527.55,49.37,120.64,0.5471,-1,-1,-1
604,152,1800.75,575.81,54.97,186.20,0.4707,-1,-1,-1
604,157,1237.75,519.91,30.45,88.40,0.5443,-1,-1,-1
604,158,287.91,540.62,48.62,109.64,0.6028,-1,-1,-1
605,152,1811.36,579.91,48.36,183.80,0.5076,-1,-1,-1
605,157,1240.10,518.67,30.12,88.71,0.6181,-1,-1,-1
605,158,284.67,523.77,51.37,125.66,0.4650,-1,-1,-1
606,152,1814.57,581.44,48.89,187.90,0.1592,-1,-1,-1
606,157,1243.36,515.82,28.77,90.83,0.6172,-1,-1,-1
606,158,281.74,528.87,51.26,121.15,0.5506,-1,-1,-1
607,157,1245.16,515.31,29.18,91.61,0.6146,-1,-1,-1
607,158,279.32,538.13,51.19,112.78,0.5707,-1,-1,-1
608,157,1247.90,516.42,29.57,91.23,0.3063,-1,-1,-1
608,158,277.01,540.36,49.90,108.59,0.6196,-1,-1,-1
609,157,1250.88,517.56,31.09,90.60,0.5395,-1,-1,-1
609,158,275.52,545.59,49.10,101.42,0.4791,-1,-1,-1
610,157,1252.66,517.62,32.52,91.82,0.4886,-1,-1,-1
610,158,273.80,529.00,49.63,114.70,0.5591,-1,-1,-1
611,157,1255.74,516.79,30.77,95.80,0.4304,-1,-1,-1
611,158,270.66,516.26,51.05,127.79,0.5753,-1,-1,-1
612,157,1259.40,519.37,29.99,94.60,0.4562,-1,-1,-1
612,158,267.44,507.14,50.73,137.14,0.6362,-1,-1,-1
612,159,1826.21,591.15,45.05,181.00,0.4178,-1,-1,-1
613,157,1263.10,521.92,29.71,93.14,0.5647,-1,-1,-1
613,158,263.27,499.54,53.47,144.07,0.6915,-1,-1,-1
613,159,1830.80,595.47,49.66,180.29,0.5437,-1,-1,-1
614,157,1266.15,524.15,29.57,91.64,0.6230,-1,-1,-1
614,158,259.74,497.53,54.44,146.75,0.7442,-1,-1,-1
614,159,1835.90,597.41,60.06,187.20,0.5612,-1,-1,-1
615,157,1267.90,525.02,30.04,91.29,0.6175,-1,-1,-1
615,158,257.42,496.26,53.13,148.44,0.7415,-1,-1,-1
615,159,1840.55,601.29,63.97,194.70,0.5267,-1,-1,-1
616,157,1269.64,527.53,30.70,93.65,0.6311,-1,-1,-1
616,158,254.83,498.02,50.47,147.29,0.6218,-1,-1,-1
616,159,1847.48,604.92,61.79,194.27,0.5745,-1,-1,-1
617,157,1271.79,528.02,30.62,95.78,0.5773,-1,-1,-1
617,158,253.66,497.88,50.30,144.99,0.6403,-1,-1,-1
617,159,1851.01,610.87,56.93,192.04,0.5703,-1,-1,-1
618,157,1274.64,530.72,31.92,96.37,0.5518,-1,-1,-1
618,158,250.30,500.78,49.68,143.57,0.6317,-1,-1,-1
618,159,1855.03,611.66,63.14,197.08,0.6581,-1,-1,-1
619,157,1276.14,531.88,33.64,96.25,0.6064,-1,-1,-1
619,158,248.07,503.81,49.60,142.76,0.6438,-1,-1,-1
619,159,1860.93,609.95,60.68,202.93,0.6306,-1,-1,-1
620,157,1276.33,532.50,36.11,98.42,0.6345,-1,-1,-1
620,158,246.13,504.40,49.78,142.91,0.5913,-1,-1,-1
620,159,1867.46,610.35,53.98,207.06,0.6594,-1,-1,-1
621,157,1281.17,530.34,35.09,101.95,0.6008,-1,-1,-1
621,158,244.56,501.37,49.66,147.10,0.6212,-1,-1,-1
621,159,1875.47,609.64,45.62,207.48,0.5312,-1,-1,-1
622,157,1286.51,530.64,31.98,105.16,0.5722,-1,-1,-1
622,158,241.84,500.65,49.13,148.27,0.6679,-1,-1,-1
622,159,1880.93,611.39,39.78,202.38,0.6151,-1,-1,-1
623,157,1291.39,528.54,34.10,104.81,0.6337,-1,-1,-1
623,158,239.09,499.62,49.05,153.68,0.6354,-1,-1,-1
623,159,1887.53,604.89,33.26,197.72,0.3999,-1,-1,-1
624,157,1295.43,530.03,35.43,105.66,0.6206,-1,-1,-1
624,158,237.93,498.03,48.15,153.83,0.6684,-1,-1,-1
624,159,1893.61,631.50,26.50,168.31,0.2399,-1,-1,-1
625,157,1300.26,534.69,35.88,103.66,0.6304,-1,-1,-1
625,158,236.51,508.99,48.40,148.76,0.6586,-1,-1,-1
626,157,1305.02,530.68,40.84,107.76,0.5578,-1,-1,-1
626,158,235.44,516.55,48.95,138.39,0.6761,-1,-1,-1
627,157,1311.23,529.39,39.63,109.33,0.6460,-1,-1,-1
627,158,235.04,533.05,48.29,128.58,0.6345,-1,-1,-1
628,157,1318.10,531.71,39.13,108.71,0.6341,-1,-1,-1
628,158,234.99,537.66,48.47,124.35,0.6436,-1,-1,-1
629,157,1324.13,529.60,39.83,107.07,0.7122,-1,-1,-1
629,158,234.60,551.05,47.95,117.57,0.7027,-1,-1,-1
630,157,1330.75,529.68,42.27,107.58,0.6760,-1,-1,-1
630,158,235.55,551.12,47.95,118.39,0.6724,-1,-1,-1
630,161,311.99,491.87,18.94,37.04,0.3588,-1,-1,-1
631,157,1339.87,528.90,39.81,109.34,0.6769,-1,-1,-1
631,158,236.41,552.02,50.60,117.36,0.6440,-1,-1,-1
632,157,1346.55,530.75,40.66,108.97,0.7132,-1,-1,-1
632,158,237.27,554.29,51.90,118.43,0.6210,-1,-1,-1
633,157,1354.15,534.64,42.72,108.94,0.6613,-1,-1,-1
633,158,238.51,551.87,53.86,122.20,0.6106,-1,-1,-1
634,157,1362.87,536.67,41.32,108.00,0.6405,-1,-1,-1
634,158,239.21,553.72,51.69,124.30,0.6027,-1,-1,-1
635,157,1370.08,533.78,43.64,115.94,0.7258,-1,-1,-1
635,158,241.90,549.26,52.43,127.39,0.5529,-1,-1,-1
636,157,1377.97,538.70,43.11,114.38,0.6073,-1,-1,-1
636,158,243.06,551.53,51.82,129.08,0.5861,-1,-1,-1
637,157,1389.00,539.48,41.26,115.58,0.4785,-1,-1,-1
637,158,245.25,542.90,53.42,138.19,0.5291,-1,-1,-1
638,157,1397.26,539.08,43.02,120.26,0.6067,-1,-1,-1
638,158,246.07,537.24,54.12,146.96,0.6138,-1,-1,-1
639,157,1411.09,548.90,38.61,114.59,0.4551,-1,-1,-1
639,158,248.70,536.19,54.29,149.06,0.6490,-1,-1,-1
640,157,1419.40,553.21,39.82,109.47,0.3652,-1,-1,-1
640,158,250.88,535.79,52.99,152.30,0.6530,-1,-1,-1
641,157,1430.62,554.40,38.32,106.39,0.5205,-1,-1,-1
641,158,254.30,537.43,52.39,152.35,0.6609,-1,-1,-1
642,157,1442.25,558.57,38.68,105.90,0.5638,-1,-1,-1
642,158,257.34,534.88,52.15,155.18,0.5650,-1,-1,-1
643,157,1454.92,562.32,36.81,98.79,0.3613,-1,-1,-1
643,158,260.06,530.93,51.17,160.86,0.5510,-1,-1,-1
644,157,1465.45,561.22,39.18,111.54,0.2457,-1,-1,-1
644,158,263.07,529.56,48.84,163.11,0.4252,-1,-1,-1
645,157,1479.45,564.45,36.10,85.92,0.4164,-1,-1,-1
645,158,266.64,556.94,47.77,137.45,0.3866,-1,-1,-1
646,157,1489.93,564.08,39.65,74.35,0.4665,-1,-1,-1
646,158,271.47,568.73,47.08,128.15,0.4153,-1,-1,-1
647,157,1503.03,568.66,37.85,69.12,0.2953,-1,-1,-1
647,158,275.54,546.01,44.56,150.62,0.4647,-1,-1,-1
648,157,1514.56,570.24,40.43,70.08,0.1555,-1,-1,-1
648,158,279.67,558.99,46.16,138.63,0.5232,-1,-1,-1
649,158,284.08,541.03,45.41,149.62,0.4946,-1,-1,-1
650,158,285.94,535.37,48.09,158.64,0.5941,-1,-1,-1
651,158,290.87,532.87,49.99,164.61,0.4297,-1,-1,-1
652,158,300.25,543.11,46.85,141.04,0.5730,-1,-1,-1
653,158,306.93,553.33,44.22,132.10,0.3337,-1,-1,-1
654,158,312.72,557.11,42.68,133.72,0.5728,-1,-1,-1
655,158,319.94,530.67,42.27,156.55,0.4950,-1,-1,-1
655,157,1618.11,563.47,48.62,57.98,0.3539,-1,-1,-1
656,158,327.42,534.21,44.71,163.59,0.5393,-1,-1,-1
656,157,1634.72,563.05,49.47,55.17,0.3289,-1,-1,-1
657,158,334.98,532.69,45.21,170.06,0.5522,-1,-1,-1
657,157,1656.07,566.08,47.65,59.51,0.3430,-1,-1,-1
658,158,345.86,561.23,44.54,145.20,0.3953,-1,-1,-1
658,157,1675.31,570.65,45.68,61.04,0.3260,-1,-1,-1
659,158,349.52,585.69,49.39,136.48,0.3635,-1,-1,-1
659,157,1694.23,584.94,49.77,60.67,0.2060,-1,-1,-1
660,158,356.75,588.04,47.28,131.93,0.4934,-1,-1,-1
660,157,1710.94,592.16,51.18,64.66,0.2560,-1,-1,-1
661,158,360.24,591.48,49.99,131.76,0.5642,-1,-1,-1
661,157,1724.43,598.05,57.27,64.91,0.3983,-1,-1,-1
662,158,366.22,595.72,52.61,127.15,0.5373,-1,-1,-1
662,157,1746.19,606.50,56.54,61.74,0.3076,-1,-1,-1
663,158,377.62,598.53,49.13,121.73,0.5334,-1,-1,-1
663,157,1765.53,613.19,54.66,65.44,0.2162,-1,-1,-1
664,158,382.67,593.03,53.19,124.11,0.6045,-1,-1,-1
664,157,1784.43,624.58,57.63,67.41,0.1672,-1,-1,-1
665,158,389.12,596.84,55.88,119.40,0.4861,-1,-1,-1
665,157,1802.24,621.80,61.16,74.69,0.1933,-1,-1,-1
666,158,394.70,593.70,62.08,119.44,0.6456,-1,-1,-1
666,157,1820.18,631.18,64.96,75.36,0.2604,-1,-1,-1
667,158,398.23,588.69,71.42,124.72,0.5626,-1,-1,-1
668,158,400.05,584.31,83.21,133.17,0.6015,-1,-1,-1
669,158,406.48,576.79,93.25,138.87,0.4372,-1,-1,-1
669,166,394.84,518.41,25.63,77.16,0.3681,-1,-1,-1
670,158,414.86,571.99,98.38,142.06,0.6280,-1,-1,-1
670,166,400.71,513.68,28.33,80.01,0.6403,-1,-1,-1
671,158,426.17,568.37,98.21,144.28,0.5773,-1,-1,-1
671,166,405.34,511.59,28.06,78.10,0.4920,-1,-1,-1
672,158,437.98,567.37,96.12,143.43,0.2278,-1,-1,-1
672,166,411.29,509.12,28.00,76.38,0.4463,-1,-1,-1
673,158,475.52,567.16,71.15,143.29,0.2426,-1,-1,-1
673,166,415.87,509.70,29.98,77.61,0.1853,-1,-1,-1
674,158,498.69,559.00,61.27,141.01,0.3767,-1,-1,-1
675,158,486.06,557.51,88.31,144.08,0.3070,-1,-1,-1
675,166,427.85,493.26,32.05,82.69,0.3888,-1,-1,-1
676,166,431.34,498.36,31.36,82.07,0.5482,-1,-1,-1
677,166,437.43,493.47,33.61,84.82,0.4566,-1,-1,-1
678,166,442.20,495.69,35.60,86.55,0.3787,-1,-1,-1
679,166,447.98,510.07,36.47,83.92,0.3651,-1,-1,-1
679,158,533.57,573.61,99.71,145.23,0.5500,-1,-1,-1
680,158,564.62,568.44,82.20,141.61,0.3373,-1,-1,-1
681,158,582.62,595.55,80.49,140.80,0.4265,-1,-1,-1
682,158,602.73,618.55,76.45,137.95,0.3639,-1,-1,-1
683,158,617.96,593.27,62.57,137.55,0.3242,-1,-1,-1
683,166,463.23,521.47,32.52,88.84,0.3558,-1,-1,-1
684,166,465.78,516.17,34.68,83.79,0.2993,-1,-1,-1
685,166,469.52,518.39,33.74,81.62,0.4309,-1,-1,-1
686,166,475.06,509.52,31.53,82.09,0.4776,-1,-1,-1
686,158,661.77,572.89,50.99,128.44,0.4329,-1,-1,-1
687,166,481.91,507.47,32.01,80.54,0.4380,-1,-1,-1
687,158,667.46,573.86,62.17,135.94,0.2952,-1,-1,-1
688,166,486.78,506.02,29.97,80.70,0.3710,-1,-1,-1
688,158,664.74,573.25,93.87,140.88,0.3354,-1,-1,-1
689,158,668.30,569.13,106.74,147.45,0.4301,-1,-1,-1
690,158,679.78,565.14,110.67,151.02,0.4684,-1,-1,-1
690,166,495.79,502.44,27.65,82.17,0.4598,-1,-1,-1
691,158,694.85,565.35,111.74,152.54,0.5903,-1,-1,-1
691,170,652.69,475.25,20.05,49.80,0.3813,-1,-1,-1
691,166,500.68,504.13,26.52,80.50,0.3196,-1,-1,-1
692,158,714.19,569.00,105.94,149.47,0.4504,-1,-1,-1
692,170,658.69,475.69,17.74,48.18,0.3412,-1,-1,-1
692,166,507.77,501.51,26.94,81.80,0.5556,-1,-1,-1
693,158,754.49,572.38,80.90,147.00,0.5255,-1,-1,-1
693,170,666.44,475.75,19.95,47.52,0.3272,-1,-1,-1
693,166,511.07,497.73,32.00,86.80,0.3801,-1,-1,-1
694,158,772.26,580.06,82.10,143.33,0.4818,-1,-1,-1
694,170,672.16,476.75,19.74,51.03,0.3577,-1,-1,-1
694,166,512.83,499.32,35.07,88.07,0.4955,-1,-1,-1
695,158,789.61,584.69,81.16,146.42,0.3590,-1,-1,-1
695,170,677.37,476.95,20.02,53.01,0.4114,-1,-1,-1
695,166,517.02,500.64,33.82,87.92,0.5217,-1,-1,-1
696,158,803.76,582.34,86.28,150.73,0.1962,-1,-1,-1
696,170,680.81,473.55,21.28,55.44,0.2932,-1,-1,-1
696,166,526.39,500.89,32.14,83.82,0.4353,-1,-1,-1
697,166,529.29,503.68,32.34,82.81,0.4876,-1,-1,-1
698,166,533.22,501.33,32.16,87.31,0.4729,-1,-1,-1
698,170,693.91,476.75,19.79,53.29,0.3746,-1,-1,-1
699,166,535.42,500.47,33.91,89.59,0.3014,-1,-1,-1
699,170,699.51,476.90,20.42,53.46,0.4802,-1,-1,-1
699,158,842.84,583.64,95.37,157.88,0.5798,-1,-1,-1
700,166,537.42,502.17,35.35,92.07,0.5289,-1,-1,-1
700,170,702.97,479.56,20.16,52.77,0.4620,-1,-1,-1
700,158,854.82,584.58,102.08,159.32,0.5883,-1,-1,-1
701,166,543.28,504.24,33.57,91.08,0.4018,-1,-1,-1
701,170,707.81,478.59,19.81,54.00,0.1803,-1,-1,-1
701,158,878.95,589.48,95.00,158.35,0.4995,-1,-1,-1
702,166,549.66,506.08,33.25,88.13,0.3615,-1,-1,-1
702,170,717.15,478.21,19.07,54.26,0.4287,-1,-1,-1
702,158,918.05,596.47,74.75,155.51,0.5879,-1,-1,-1
703,166,554.23,504.65,32.43,89.85,0.5535,-1,-1,-1
703,170,721.93,474.48,21.01,58.57,0.4189,-1,-1,-1
703,158,947.65,602.71,62.98,154.86,0.5379,-1,-1,-1
704,166,555.61,509.09,34.01,91.13,0.5844,-1,-1,-1
704,170,725.57,477.06,21.03,60.11,0.3660,-1,-1,-1
704,158,958.33,610.87,69.98,154.96,0.6478,-1,-1,-1
705,166,555.05,508.57,38.81,93.68,0.5357,-1,-1,-1
705,170,727.95,476.42,21.12,60.05,0.4060,-1,-1,-1
705,158,976.73,612.61,68.24,155.68,0.6478,-1,-1,-1
706,166,560.91,510.27,35.55,93.57,0.6111,-1,-1,-1
706,170,736.42,482.79,22.54,55.53,0.3614,-1,-1,-1
706,158,987.58,616.68,76.24,158.42,0.7585,-1,-1,-1
707,166,563.59,513.22,34.45,95.07,0.6614,-1,-1,-1
707,170,739.62,487.78,22.21,52.92,0.3381,-1,-1,-1
707,158,997.37,615.18,86.33,165.74,0.7425,-1,-1,-1
708,166,566.59,517.83,33.48,95.77,0.6890,-1,-1,-1
708,170,742.92,490.80,21.86,52.70,0.3709,-1,-1,-1
708,158,1000.05,617.03,102.39,171.17,0.6751,-1,-1,-1
709,166,568.52,520.88,34.42,97.77,0.6435,-1,-1,-1
709,170,745.64,492.72,22.39,53.45,0.3611,-1,-1,-1
709,158,1005.80,611.82,118.63,177.13,0.7640,-1,-1,-1
710,166,573.58,528.85,33.88,92.95,0.6403,-1,-1,-1
710,170,749.32,500.75,20.71,53.04,0.3881,-1,-1,-1
710,158,1017.07,621.86,124.53,180.02,0.7752,-1,-1,-1
711,166,575.76,533.44,34.73,89.85,0.5299,-1,-1,-1
711,170,750.80,503.05,20.20,52.13,0.4162,-1,-1,-1
711,158,1041.69,619.79,121.77,177.74,0.7115,-1,-1,-1
712,166,575.94,536.68,36.31,92.38,0.7181,-1,-1,-1
712,170,755.09,506.44,26.96,52.53,0.3843,-1,-1,-1
712,158,1066.56,630.71,113.83,178.06,0.4790,-1,-1,-1
713,166,577.06,534.65,37.22,94.12,0.7376,-1,-1,-1
713,170,760.39,504.99,25.27,50.86,0.3476,-1,-1,-1
713,158,1111.95,629.94,87.86,172.16,0.5796,-1,-1,-1
714,166,578.58,544.26,37.93,97.59,0.6549,-1,-1,-1
714,170,761.84,511.62,22.68,52.44,0.4313,-1,-1,-1
714,158,1128.98,635.19,97.06,170.47,0.7379,-1,-1,-1
715,166,579.93,540.20,38.26,101.54,0.5900,-1,-1,-1
715,170,764.65,505.80,20.92,58.58,0.4273,-1,-1,-1
715,158,1142.10,635.78,99.05,173.30,0.7454,-1,-1,-1
716,166,580.85,543.46,38.38,101.54,0.5080,-1,-1,-1
716,170,767.89,504.12,23.10,60.40,0.4146,-1,-1,-1
716,158,1156.54,632.24,102.96,177.86,0.7687,-1,-1,-1
717,166,580.58,544.70,39.53,102.06,0.5563,-1,-1,-1
717,170,771.36,508.34,22.31,55.79,0.3214,-1,-1,-1
717,158,1173.05,631.03,104.16,183.20,0.7815,-1,-1,-1
718,166,583.68,551.53,37.03,98.79,0.4837,-1,-1,-1
718,170,773.04,509.64,23.05,55.60,0.3731,-1,-1,-1
718,158,1189.72,626.70,109.04,192.34,0.7913,-1,-1,-1
719,166,585.41,547.28,37.56,100.17,0.5351,-1,-1,-1
719,170,776.40,506.22,22.76,59.07,0.2539,-1,-1,-1
719,158,1209.39,632.31,109.83,194.49,0.6616,-1,-1,-1
720,166,585.32,552.18,39.37,101.62,0.5674,-1,-1,-1
720,170,780.33,509.06,26.80,59.08,0.2566,-1,-1,-1
720,158,1228.80,631.70,114.48,197.58,0.6720,-1,-1,-1
721,166,587.97,551.92,40.81,102.92,0.4911,-1,-1,-1
721,170,783.60,511.87,26.13,56.90,0.3462,-1,-1,-1
721,158,1257.15,635.44,103.35,181.13,0.4774,-1,-1,-1
722,166,591.30,553.54,38.91,102.94,0.5359,-1,-1,-1
722,170,785.88,515.62,24.24,53.28,0.3631,-1,-1,-1
722,158,1290.49,644.95,91.10,193.21,0.4730,-1,-1,-1
723,166,594.16,551.32,39.17,105.05,0.3707,-1,-1,-1
723,170,790.64,514.32,25.45,54.66,0.3727,-1,-1,-1
723,158,1311.60,653.61,98.91,194.37,0.4495,-1,-1,-1
724,166,594.73,562.75,38.25,103.86,0.4859,-1,-1,-1
724,170,793.08,524.30,24.28,53.72,0.3644,-1,-1,-1
724,158,1343.31,663.53,93.83,196.44,0.5503,-1,-1,-1
725,166,595.31,565.81,37.80,104.04,0.5707,-1,-1,-1
725,170,796.76,525.31,23.32,53.19,0.4732,-1,-1,-1
725,158,1370.48,664.00,92.66,203.12,0.7110,-1,-1,-1
726,166,597.60,565.24,37.26,103.70,0.5737,-1,-1,-1
726,170,800.40,522.25,21.58,55.97,0.3624,-1,-1,-1
726,158,1386.48,672.93,101.73,208.06,0.6204,-1,-1,-1
727,166,597.71,571.48,41.05,105.98,0.7154,-1,-1,-1
727,170,801.85,527.28,21.41,55.54,0.2898,-1,-1,-1
727,158,1424.60,672.89,85.36,184.18,0.4058,-1,-1,-1
728,166,598.44,568.89,42.13,106.40,0.6731,-1,-1,-1
728,170,811.13,525.69,21.67,57.28,0.3862,-1,-1,-1
728,158,1419.38,681.87,117.34,209.22,0.5807,-1,-1,-1
729,166,598.78,566.80,43.67,109.27,0.6384,-1,-1,-1
729,170,814.46,524.41,20.81,57.16,0.3835,-1,-1,-1
729,158,1434.15,680.87,131.92,218.75,0.7227,-1,-1,-1
730,166,599.00,570.39,45.39,111.20,0.5672,-1,-1,-1
730,170,817.07,525.52,21.06,59.11,0.3506,-1,-1,-1
730,158,1496.29,688.17,100.37,225.03,0.4567,-1,-1,-1
731,166,600.42,564.97,46.88,114.98,0.6686,-1,-1,-1
731,170,819.04,524.09,22.34,59.34,0.4062,-1,-1,-1
731,158,1496.44,696.41,126.88,231.48,0.1732,-1,-1,-1
732,166,601.15,565.15,47.10,116.67,0.6759,-1,-1,-1
732,170,820.09,525.29,22.80,58.15,0.4906,-1,-1,-1
732,158,1546.27,701.32,100.81,231.51,0.5063,-1,-1,-1
733,166,602.29,567.10,46.88,116.07,0.6497,-1,-1,-1
733,170,821.38,522.94,23.87,60.04,0.5292,-1,-1,-1
733,158,1584.98,704.61,92.78,230.17,0.7023,-1,-1,-1
734,166,602.68,560.30,47.02,120.47,0.6868,-1,-1,-1
734,170,824.51,524.33,21.52,54.81,0.4007,-1,-1,-1
734,158,1597.78,708.43,108.37,231.99,0.6284,-1,-1,-1
735,166,602.24,562.43,47.67,121.79,0.6949,-1,-1,-1
735,170,824.76,526.36,23.01,52.31,0.2856,-1,-1,-1
735,158,1614.63,704.35,120.35,234.22,0.7441,-1,-1,-1
735,172,837.60,527.90,23.93,51.76,0.3761,-1,-1,-1
736,166,606.01,559.02,45.85,122.22,0.6751,-1,-1,-1
736,170,831.76,523.97,22.97,52.00,0.3817,-1,-1,-1
736,158,1631.77,704.98,132.00,245.36,0.7153,-1,-1,-1
736,172,835.68,524.64,23.25,52.11,0.3817,-1,-1,-1
737,166,606.89,560.57,46.17,122.34,0.6582,-1,-1,-1
737,170,834.41,523.28,24.12,52.63,0.3773,-1,-1,-1
737,158,1657.34,696.84,134.73,258.67,0.7945,-1,-1,-1
737,172,834.88,523.51,24.30,53.02,0.3773,-1,-1,-1
738,166,606.56,562.98,47.69,123.01,0.6589,-1,-1,-1
738,170,836.43,525.66,23.03,52.77,0.3533,-1,-1,-1
738,158,1684.85,705.31,139.09,263.76,0.7552,-1,-1,-1
738,172,835.93,525.66,22.95,53.16,0.3533,-1,-1,-1
739,166,606.82,564.30,49.24,123.81,0.6565,-1,-1,-1
739,170,839.20,524.80,22.65,54.40,0.3568,-1,-1,-1
739,158,1712.74,716.74,150.30,262.47,0.7538,-1,-1,-1
739,172,838.65,524.70,22.53,54.86,0.3568,-1,-1,-1
740,166,607.06,566.54,49.54,123.79,0.6846,-1,-1,-1
740,170,840.36,524.39,22.32,56.07,0.4211,-1,-1,-1
740,158,1741.95,732.28,148.90,254.85,0.7469,-1,-1,-1
740,172,839.83,524.26,22.19,56.56,0.4211,-1,-1,-1
741,166,607.97,568.65,49.38,124.25,0.6776,-1,-1,-1
741,170,842.34,526.82,22.61,55.60,0.4777,-1,-1,-1
741,158,1778.37,732.78,141.19,263.66,0.5824,-1,-1,-1
741,172,841.83,526.73,22.53,55.99,0.4777,-1,-1,-1
742,166,608.79,570.36,48.18,123.81,0.6456,-1,-1,-1
742,170,843.09,528.16,22.48,56.10,0.5099,-1,-1,-1
742,158,1822.44,749.09,106.54,258.77,0.4334,-1,-1,-1
742,172,842.62,528.08,22.40,56.43,0.5099,-1,-1,-1
743,166,607.37,571.42,50.87,125.22,0.6305,-1,-1,-1
743,170,844.19,528.91,22.24,55.44,0.4484,-1,-1,-1
743,172,843.78,528.86,22.17,55.71,0.4484,-1,-1,-1
744,166,605.82,571.65,51.06,126.96,0.6296,-1,-1,-1
744,170,844.60,528.68,21.99,55.82,0.4812,-1,-1,-1
744,172,844.26,528.62,21.93,56.05,0.4812,-1,-1,-1
745,166,604.28,573.22,52.39,128.55,0.6667,-1,-1,-1
745,170,844.47,526.37,22.24,59.60,0.4977,-1,-1,-1
745,172,844.18,526.31,22.19,59.85,0.4977,-1,-1,-1
746,166,603.11,573.84,51.38,130.39,0.6265,-1,-1,-1
746,170,844.27,525.41,22.95,62.47,0.5161,-1,-1,-1
746,172,844.01,525.34,22.92,62.71,0.5161,-1,-1,-1
747,166,603.06,574.96,51.30,132.33,0.6540,-1,-1,-1
747,170,844.48,524.94,23.83,63.88,0.5042,-1,-1,-1
747,172,844.25,524.87,23.81,64.11,0.5042,-1,-1,-1
748,166,602.86,575.18,51.39,133.35,0.6733,-1,-1,-1
748,170,846.25,527.08,23.40,61.67,0.2885,-1,-1,-1
749,166,602.77,576.77,51.36,132.29,0.6753,-1,-1,-1
749,170,846.90,527.59,22.66,61.13,0.3381,-1,-1,-1
750,166,602.29,578.73,51.49,130.79,0.6234,-1,-1,-1
750,170,848.30,528.28,22.51,58.36,0.3366,-1,-1,-1
